FoamFile{version 2.0; format ascii; class labelList; location "constant/polyMesh"; object neighbour;}
67340
(
1
130
33670
2
131
33671
3
132
33672
4
133
33673
5
134
33674
6
135
33675
7
136
33676
8
137
33677
9
138
33678
10
139
33679
11
140
33680
12
141
33681
13
142
33682
14
143
33683
15
144
33684
16
145
33685
17
146
33686
18
147
33687
19
148
33688
20
149
33689
21
150
33690
22
151
33691
23
152
33692
24
153
33693
25
154
33694
26
155
33695
27
156
33696
28
157
33697
29
158
33698
30
159
33699
31
160
33700
32
161
33701
33
162
33702
34
163
33703
35
164
33704
36
165
33705
37
166
33706
38
167
33707
39
168
33708
40
169
33709
41
170
33710
42
171
33711
43
172
33712
44
173
33713
45
174
33714
46
175
33715
47
176
33716
48
177
33717
49
178
33718
50
179
33719
51
180
33720
52
181
33721
53
182
33722
54
183
33723
55
184
33724
56
185
33725
57
186
33726
58
187
33727
59
188
33728
60
189
33729
61
190
33730
62
191
33731
63
192
33732
64
193
33733
65
194
33734
66
195
33735
67
196
33736
68
197
33737
69
198
33738
70
199
33739
71
200
33740
72
201
33741
73
202
33742
74
203
33743
75
204
33744
76
205
33745
77
206
33746
78
207
33747
79
208
33748
80
209
33749
81
210
33750
82
211
33751
83
212
33752
84
213
33753
85
214
33754
86
215
33755
87
216
33756
88
217
33757
89
218
33758
90
219
33759
91
220
33760
92
221
33761
93
222
33762
94
223
33763
95
224
33764
96
225
33765
97
226
33766
98
227
33767
99
228
33768
100
229
33769
101
230
33770
102
231
33771
103
232
33772
104
233
33773
105
234
33774
106
235
33775
107
236
33776
108
237
33777
109
238
33778
110
239
33779
111
240
33780
112
241
33781
113
242
33782
114
243
33783
115
244
33784
116
245
33785
117
246
33786
118
247
33787
119
248
33788
120
249
33789
121
250
33790
122
251
33791
123
252
33792
124
253
33793
125
254
33794
126
255
33795
127
256
33796
128
257
33797
129
258
33798
259
33799
131
260
132
261
133
262
134
263
135
264
136
265
137
266
138
267
139
268
140
269
141
270
142
271
143
272
144
273
145
274
146
275
147
276
148
277
149
278
150
279
151
280
152
281
153
282
154
283
155
284
156
285
157
286
158
287
159
288
160
289
161
290
162
291
163
292
164
293
165
294
166
295
167
296
168
297
169
298
170
299
171
300
172
301
173
302
174
303
175
304
176
305
177
306
178
307
179
308
180
309
181
310
182
311
183
312
184
313
185
314
186
315
187
316
188
317
189
318
190
319
191
320
192
321
193
322
194
323
195
324
196
325
197
326
198
327
199
328
200
329
201
330
202
331
203
332
204
333
205
334
206
335
207
336
208
337
209
338
210
339
211
340
212
341
213
342
214
343
215
344
216
345
217
346
218
347
219
348
220
349
221
350
222
351
223
352
224
353
225
354
226
355
227
356
228
357
229
358
230
359
231
360
232
361
233
362
234
363
235
364
236
365
237
366
238
367
239
368
240
369
241
370
242
371
243
372
244
373
245
374
246
375
247
376
248
377
249
378
250
379
251
380
252
381
253
382
254
383
255
384
256
385
257
386
258
387
259
388
389
261
390
262
391
263
392
264
393
265
394
266
395
267
396
268
397
269
398
270
399
271
400
272
401
273
402
274
403
275
404
276
405
277
406
278
407
279
408
280
409
281
410
282
411
283
412
284
413
285
414
286
415
287
416
288
417
289
418
290
419
291
420
292
421
293
422
294
423
295
424
296
425
297
426
298
427
299
428
300
429
301
430
302
431
303
432
304
433
305
434
306
435
307
436
308
437
309
438
310
439
311
440
312
441
313
442
314
443
315
444
316
445
317
446
318
447
319
448
320
449
321
450
322
451
323
452
324
453
325
454
326
455
327
456
328
457
329
458
330
459
331
460
332
461
333
462
334
463
335
464
336
465
337
466
338
467
339
468
340
469
341
470
342
471
343
472
344
473
345
474
346
475
347
476
348
477
349
478
350
479
351
480
352
481
353
482
354
483
355
484
356
485
357
486
358
487
359
488
360
489
361
490
362
491
363
492
364
493
365
494
366
495
367
496
368
497
369
498
370
499
371
500
372
501
373
502
374
503
375
504
376
505
377
506
378
507
379
508
380
509
381
510
382
511
383
512
384
513
385
514
386
515
387
516
388
517
389
518
519
391
520
392
521
393
522
394
523
395
524
396
525
397
526
398
527
399
528
400
529
401
530
402
531
403
532
404
533
405
534
406
535
407
536
408
537
409
538
410
539
411
540
412
541
413
542
414
543
415
544
416
545
417
546
418
547
419
548
420
549
421
550
422
551
423
552
424
553
425
554
426
555
427
556
428
557
429
558
430
559
431
560
432
561
433
562
434
563
435
564
436
565
437
566
438
567
439
568
440
569
441
570
442
571
443
572
444
573
445
574
446
575
447
576
448
577
449
578
450
579
451
580
452
581
453
582
454
583
455
584
456
585
457
586
458
587
459
588
460
589
461
590
462
591
463
592
464
593
465
594
466
595
467
596
468
597
469
598
470
599
471
600
472
601
473
602
474
603
475
604
476
605
477
606
478
607
479
608
480
609
481
610
482
611
483
612
484
613
485
614
486
615
487
616
488
617
489
618
490
619
491
620
492
621
493
622
494
623
495
624
496
625
497
626
498
627
499
628
500
629
501
630
502
631
503
632
504
633
505
634
506
635
507
636
508
637
509
638
510
639
511
640
512
641
513
642
514
643
515
644
516
645
517
646
518
647
519
648
649
521
650
522
651
523
652
524
653
525
654
526
655
527
656
528
657
529
658
530
659
531
660
532
661
533
662
534
663
535
664
536
665
537
666
538
667
539
668
540
669
541
670
542
671
543
672
544
673
545
674
546
675
547
676
548
677
549
678
550
679
551
680
552
681
553
682
554
683
555
684
556
685
557
686
558
687
559
688
560
689
561
690
562
691
563
692
564
693
565
694
566
695
567
696
568
697
569
698
570
699
571
700
572
701
573
702
574
703
575
704
576
705
577
706
578
707
579
708
580
709
581
710
582
711
583
712
584
713
585
714
586
715
587
716
588
717
589
718
590
719
591
720
592
721
593
722
594
723
595
724
596
725
597
726
598
727
599
728
600
729
601
730
602
731
603
732
604
733
605
734
606
735
607
736
608
737
609
738
610
739
611
740
612
741
613
742
614
743
615
744
616
745
617
746
618
747
619
748
620
749
621
750
622
751
623
752
624
753
625
754
626
755
627
756
628
757
629
758
630
759
631
760
632
761
633
762
634
763
635
764
636
765
637
766
638
767
639
768
640
769
641
770
642
771
643
772
644
773
645
774
646
775
647
776
648
777
649
778
779
651
780
652
781
653
782
654
783
655
784
656
785
657
786
658
787
659
788
660
789
661
790
662
791
663
792
664
793
665
794
666
795
667
796
668
797
669
798
670
799
671
800
672
801
673
802
674
803
675
804
676
805
677
806
678
807
679
808
680
809
681
810
682
811
683
812
684
813
685
814
686
815
687
816
688
817
689
818
690
819
691
820
692
821
693
822
694
823
695
824
696
825
697
826
698
827
699
828
700
829
701
830
702
831
703
832
704
833
705
834
706
835
707
836
708
837
709
838
710
839
711
840
712
841
713
842
714
843
715
844
716
845
717
846
718
847
719
848
720
849
721
850
722
851
723
852
724
853
725
854
726
855
727
856
728
857
729
858
730
859
731
860
732
861
733
862
734
863
735
864
736
865
737
866
738
867
739
868
740
869
741
870
742
871
743
872
744
873
745
874
746
875
747
876
748
877
749
878
750
879
751
880
752
881
753
882
754
883
755
884
756
885
757
886
758
887
759
888
760
889
761
890
762
891
763
892
764
893
765
894
766
895
767
896
768
897
769
898
770
899
771
900
772
901
773
902
774
903
775
904
776
905
777
906
778
907
779
908
909
781
910
782
911
783
912
784
913
785
914
786
915
787
916
788
917
789
918
790
919
791
920
792
921
793
922
794
923
795
924
796
925
797
926
798
927
799
928
800
929
801
930
802
931
803
932
804
933
805
934
806
935
807
936
808
937
809
938
810
939
811
940
812
941
813
942
814
943
815
944
816
945
817
946
818
947
819
948
820
949
821
950
822
951
823
952
824
953
825
954
826
955
827
956
828
957
829
958
830
959
831
960
832
961
833
962
834
963
835
964
836
965
837
966
838
967
839
968
840
969
841
970
842
971
843
972
844
973
845
974
846
975
847
976
848
977
849
978
850
979
851
980
852
981
853
982
854
983
855
984
856
985
857
986
858
987
859
988
860
989
861
990
862
991
863
992
864
993
865
994
866
995
867
996
868
997
869
998
870
999
871
1000
872
1001
873
1002
874
1003
875
1004
876
1005
877
1006
878
1007
879
1008
880
1009
881
1010
882
1011
883
1012
884
1013
885
1014
886
1015
887
1016
888
1017
889
1018
890
1019
891
1020
892
1021
893
1022
894
1023
895
1024
896
1025
897
1026
898
1027
899
1028
900
1029
901
1030
902
1031
903
1032
904
1033
905
1034
906
1035
907
1036
908
1037
909
1038
1039
911
1040
912
1041
913
1042
914
1043
915
1044
916
1045
917
1046
918
1047
919
1048
920
1049
921
1050
922
1051
923
1052
924
1053
925
1054
926
1055
927
1056
928
1057
929
1058
930
1059
931
1060
932
1061
933
1062
934
1063
935
1064
936
1065
937
1066
938
1067
939
1068
940
1069
941
1070
942
1071
943
1072
944
1073
945
1074
946
1075
947
1076
948
1077
949
1078
950
1079
951
1080
952
1081
953
1082
954
1083
955
1084
956
1085
957
1086
958
1087
959
1088
960
1089
961
1090
962
1091
963
1092
964
1093
965
1094
966
1095
967
1096
968
1097
969
1098
970
1099
971
1100
972
1101
973
1102
974
1103
975
1104
976
1105
977
1106
978
1107
979
1108
980
1109
981
1110
982
1111
983
1112
984
1113
985
1114
986
1115
987
1116
988
1117
989
1118
990
1119
991
1120
992
1121
993
1122
994
1123
995
1124
996
1125
997
1126
998
1127
999
1128
1000
1129
1001
1130
1002
1131
1003
1132
1004
1133
1005
1134
1006
1135
1007
1136
1008
1137
1009
1138
1010
1139
1011
1140
1012
1141
1013
1142
1014
1143
1015
1144
1016
1145
1017
1146
1018
1147
1019
1148
1020
1149
1021
1150
1022
1151
1023
1152
1024
1153
1025
1154
1026
1155
1027
1156
1028
1157
1029
1158
1030
1159
1031
1160
1032
1161
1033
1162
1034
1163
1035
1164
1036
1165
1037
1166
1038
1167
1039
1168
1169
1041
1170
1042
1171
1043
1172
1044
1173
1045
1174
1046
1175
1047
1176
1048
1177
1049
1178
1050
1179
1051
1180
1052
1181
1053
1182
1054
1183
1055
1184
1056
1185
1057
1186
1058
1187
1059
1188
1060
1189
1061
1190
1062
1191
1063
1192
1064
1193
1065
1194
1066
1195
1067
1196
1068
1197
1069
1198
1070
1199
1071
1200
1072
1201
1073
1202
1074
1203
1075
1204
1076
1205
1077
1206
1078
1207
1079
1208
1080
1209
1081
1210
1082
1211
1083
1212
1084
1213
1085
1214
1086
1215
1087
1216
1088
1217
1089
1218
1090
1219
1091
1220
1092
1221
1093
1222
1094
1223
1095
1224
1096
1225
1097
1226
1098
1227
1099
1228
1100
1229
1101
1230
1102
1231
1103
1232
1104
1233
1105
1234
1106
1235
1107
1236
1108
1237
1109
1238
1110
1239
1111
1240
1112
1241
1113
1242
1114
1243
1115
1244
1116
1245
1117
1246
1118
1247
1119
1248
1120
1249
1121
1250
1122
1251
1123
1252
1124
1253
1125
1254
1126
1255
1127
1256
1128
1257
1129
1258
1130
1259
1131
1260
1132
1261
1133
1262
1134
1263
1135
1264
1136
1265
1137
1266
1138
1267
1139
1268
1140
1269
1141
1270
1142
1271
1143
1272
1144
1273
1145
1274
1146
1275
1147
1276
1148
1277
1149
1278
1150
1279
1151
1280
1152
1281
1153
1282
1154
1283
1155
1284
1156
1285
1157
1286
1158
1287
1159
1288
1160
1289
1161
1290
1162
1291
1163
1292
1164
1293
1165
1294
1166
1295
1167
1296
1168
1297
1169
1298
1299
1171
1300
1172
1301
1173
1302
1174
1303
1175
1304
1176
1305
1177
1306
1178
1307
1179
1308
1180
1309
1181
1310
1182
1311
1183
1312
1184
1313
1185
1314
1186
1315
1187
1316
1188
1317
1189
1318
1190
1319
1191
1320
1192
1321
1193
1322
1194
1323
1195
1324
1196
1325
1197
1326
1198
1327
1199
1328
1200
1329
1201
1330
1202
1331
1203
1332
1204
1333
1205
1334
1206
1335
1207
1336
1208
1337
1209
1338
1210
1339
1211
1340
1212
1341
1213
1342
1214
1343
1215
1344
1216
1345
1217
1346
1218
1347
1219
1348
1220
1349
1221
1350
1222
1351
1223
1352
1224
1353
1225
1354
1226
1355
1227
1356
1228
1357
1229
1358
1230
1359
1231
1360
1232
1361
1233
1362
1234
1363
1235
1364
1236
1365
1237
1366
1238
1367
1239
1368
1240
1369
1241
1370
1242
1371
1243
1372
1244
1373
1245
1374
1246
1375
1247
1376
1248
1377
1249
1378
1250
1379
1251
1380
1252
1381
1253
1382
1254
1383
1255
1384
1256
1385
1257
1386
1258
1387
1259
1388
1260
1389
1261
1390
1262
1391
1263
1392
1264
1393
1265
1394
1266
1395
1267
1396
1268
1397
1269
1398
1270
1399
1271
1400
1272
1401
1273
1402
1274
1403
1275
1404
1276
1405
1277
1406
1278
1407
1279
1408
1280
1409
1281
1410
1282
1411
1283
1412
1284
1413
1285
1414
1286
1415
1287
1416
1288
1417
1289
1418
1290
1419
1291
1420
1292
1421
1293
1422
1294
1423
1295
1424
1296
1425
1297
1426
1298
1427
1299
1428
1429
1301
1430
1302
1431
1303
1432
1304
1433
1305
1434
1306
1435
1307
1436
1308
1437
1309
1438
1310
1439
1311
1440
1312
1441
1313
1442
1314
1443
1315
1444
1316
1445
1317
1446
1318
1447
1319
1448
1320
1449
1321
1450
1322
1451
1323
1452
1324
1453
1325
1454
1326
1455
1327
1456
1328
1457
1329
1458
1330
1459
1331
1460
1332
1461
1333
1462
1334
1463
1335
1464
1336
1465
1337
1466
1338
1467
1339
1468
1340
1469
1341
1470
1342
1471
1343
1472
1344
1473
1345
1474
1346
1475
1347
1476
1348
1477
1349
1478
1350
1479
1351
1480
1352
1481
1353
1482
1354
1483
1355
1484
1356
1485
1357
1486
1358
1487
1359
1488
1360
1489
1361
1490
1362
1491
1363
1492
1364
1493
1365
1494
1366
1495
1367
1496
1368
1497
1369
1498
1370
1499
1371
1500
1372
1501
1373
1502
1374
1503
1375
1504
1376
1505
1377
1506
1378
1507
1379
1508
1380
1509
1381
1510
1382
1511
1383
1512
1384
1513
1385
1514
1386
1515
1387
1516
1388
1517
1389
1518
1390
1519
1391
1520
1392
1521
1393
1522
1394
1523
1395
1524
1396
1525
1397
1526
1398
1527
1399
1528
1400
1529
1401
1530
1402
1531
1403
1532
1404
1533
1405
1534
1406
1535
1407
1536
1408
1537
1409
1538
1410
1539
1411
1540
1412
1541
1413
1542
1414
1543
1415
1544
1416
1545
1417
1546
1418
1547
1419
1548
1420
1549
1421
1550
1422
1551
1423
1552
1424
1553
1425
1554
1426
1555
1427
1556
1428
1557
1429
1558
1559
1431
1560
1432
1561
1433
1562
1434
1563
1435
1564
1436
1565
1437
1566
1438
1567
1439
1568
1440
1569
1441
1570
1442
1571
1443
1572
1444
1573
1445
1574
1446
1575
1447
1576
1448
1577
1449
1578
1450
1579
1451
1580
1452
1581
1453
1582
1454
1583
1455
1584
1456
1585
1457
1586
1458
1587
1459
1588
1460
1589
1461
1590
1462
1591
1463
1592
1464
1593
1465
1594
1466
1595
1467
1596
1468
1597
1469
1598
1470
1599
1471
1600
1472
1601
1473
1602
1474
1603
1475
1604
1476
1605
1477
1606
1478
1607
1479
1608
1480
1609
1481
1610
1482
1611
1483
1612
1484
1613
1485
1614
1486
1615
1487
1616
1488
1617
1489
1618
1490
1619
1491
1620
1492
1621
1493
1622
1494
1623
1495
1624
1496
1625
1497
1626
1498
1627
1499
1628
1500
1629
1501
1630
1502
1631
1503
1632
1504
1633
1505
1634
1506
1635
1507
1636
1508
1637
1509
1638
1510
1639
1511
1640
1512
1641
1513
1642
1514
1643
1515
1644
1516
1645
1517
1646
1518
1647
1519
1648
1520
1649
1521
1650
1522
1651
1523
1652
1524
1653
1525
1654
1526
1655
1527
1656
1528
1657
1529
1658
1530
1659
1531
1660
1532
1661
1533
1662
1534
1663
1535
1664
1536
1665
1537
1666
1538
1667
1539
1668
1540
1669
1541
1670
1542
1671
1543
1672
1544
1673
1545
1674
1546
1675
1547
1676
1548
1677
1549
1678
1550
1679
1551
1680
1552
1681
1553
1682
1554
1683
1555
1684
1556
1685
1557
1686
1558
1687
1559
1688
1689
1561
1690
1562
1691
1563
1692
1564
1693
1565
1694
1566
1695
1567
1696
1568
1697
1569
1698
1570
1699
1571
1700
1572
1701
1573
1702
1574
1703
1575
1704
1576
1705
1577
1706
1578
1707
1579
1708
1580
1709
1581
1710
1582
1711
1583
1712
1584
1713
1585
1714
1586
1715
1587
1716
1588
1717
1589
1718
1590
1719
1591
1720
1592
1721
1593
1722
1594
1723
1595
1724
1596
1725
1597
1726
1598
1727
1599
1728
1600
1729
1601
1730
1602
1731
1603
1732
1604
1733
1605
1734
1606
1735
1607
1736
1608
1737
1609
1738
1610
1739
1611
1740
1612
1741
1613
1742
1614
1743
1615
1744
1616
1745
1617
1746
1618
1747
1619
1748
1620
1749
1621
1750
1622
1751
1623
1752
1624
1753
1625
1754
1626
1755
1627
1756
1628
1757
1629
1758
1630
1759
1631
1760
1632
1761
1633
1762
1634
1763
1635
1764
1636
1765
1637
1766
1638
1767
1639
1768
1640
1769
1641
1770
1642
1771
1643
1772
1644
1773
1645
1774
1646
1775
1647
1776
1648
1777
1649
1778
1650
1779
1651
1780
1652
1781
1653
1782
1654
1783
1655
1784
1656
1785
1657
1786
1658
1787
1659
1788
1660
1789
1661
1790
1662
1791
1663
1792
1664
1793
1665
1794
1666
1795
1667
1796
1668
1797
1669
1798
1670
1799
1671
1800
1672
1801
1673
1802
1674
1803
1675
1804
1676
1805
1677
1806
1678
1807
1679
1808
1680
1809
1681
1810
1682
1811
1683
1812
1684
1813
1685
1814
1686
1815
1687
1816
1688
1817
1689
1818
1819
1691
1820
1692
1821
1693
1822
1694
1823
1695
1824
1696
1825
1697
1826
1698
1827
1699
1828
1700
1829
1701
1830
1702
1831
1703
1832
1704
1833
1705
1834
1706
1835
1707
1836
1708
1837
1709
1838
1710
1839
1711
1840
1712
1841
1713
1842
1714
1843
1715
1844
1716
1845
1717
1846
1718
1847
1719
1848
1720
1849
1721
1850
1722
1851
1723
1852
1724
1853
1725
1854
1726
1855
1727
1856
1728
1857
1729
1858
1730
1859
1731
1860
1732
1861
1733
1862
1734
1863
1735
1864
1736
1865
1737
1866
1738
1867
1739
1868
1740
1869
1741
1870
1742
1871
1743
1872
1744
1873
1745
1874
1746
1875
1747
1876
1748
1877
1749
1878
1750
1879
1751
1880
1752
1881
1753
1882
1754
1883
1755
1884
1756
1885
1757
1886
1758
1887
1759
1888
1760
1889
1761
1890
1762
1891
1763
1892
1764
1893
1765
1894
1766
1895
1767
1896
1768
1897
1769
1898
1770
1899
1771
1900
1772
1901
1773
1902
1774
1903
1775
1904
1776
1905
1777
1906
1778
1907
1779
1908
1780
1909
1781
1910
1782
1911
1783
1912
1784
1913
1785
1914
1786
1915
1787
1916
1788
1917
1789
1918
1790
1919
1791
1920
1792
1921
1793
1922
1794
1923
1795
1924
1796
1925
1797
1926
1798
1927
1799
1928
1800
1929
1801
1930
1802
1931
1803
1932
1804
1933
1805
1934
1806
1935
1807
1936
1808
1937
1809
1938
1810
1939
1811
1940
1812
1941
1813
1942
1814
1943
1815
1944
1816
1945
1817
1946
1818
1947
1819
1948
1949
1821
1950
1822
1951
1823
1952
1824
1953
1825
1954
1826
1955
1827
1956
1828
1957
1829
1958
1830
1959
1831
1960
1832
1961
1833
1962
1834
1963
1835
1964
1836
1965
1837
1966
1838
1967
1839
1968
1840
1969
1841
1970
1842
1971
1843
1972
1844
1973
1845
1974
1846
1975
1847
1976
1848
1977
1849
1978
1850
1979
1851
1980
1852
1981
1853
1982
1854
1983
1855
1984
1856
1985
1857
1986
1858
1987
1859
1988
1860
1989
1861
1990
1862
1991
1863
1992
1864
1993
1865
1994
1866
1995
1867
1996
1868
1997
1869
1998
1870
1999
1871
2000
1872
2001
1873
2002
1874
2003
1875
2004
1876
2005
1877
2006
1878
2007
1879
2008
1880
2009
1881
2010
1882
2011
1883
2012
1884
2013
1885
2014
1886
2015
1887
2016
1888
2017
1889
2018
1890
2019
1891
2020
1892
2021
1893
2022
1894
2023
1895
2024
1896
2025
1897
2026
1898
2027
1899
2028
1900
2029
1901
2030
1902
2031
1903
2032
1904
2033
1905
2034
1906
2035
1907
2036
1908
2037
1909
2038
1910
2039
1911
2040
1912
2041
1913
2042
1914
2043
1915
2044
1916
2045
1917
2046
1918
2047
1919
2048
1920
2049
1921
2050
1922
2051
1923
2052
1924
2053
1925
2054
1926
2055
1927
2056
1928
2057
1929
2058
1930
2059
1931
2060
1932
2061
1933
2062
1934
2063
1935
2064
1936
2065
1937
2066
1938
2067
1939
2068
1940
2069
1941
2070
1942
2071
1943
2072
1944
2073
1945
2074
1946
2075
1947
2076
1948
2077
1949
2078
2079
1951
2080
1952
2081
1953
2082
1954
2083
1955
2084
1956
2085
1957
2086
1958
2087
1959
2088
1960
2089
1961
2090
1962
2091
1963
2092
1964
2093
1965
2094
1966
2095
1967
2096
1968
2097
1969
2098
1970
2099
1971
2100
1972
2101
1973
2102
1974
2103
1975
2104
1976
2105
1977
2106
1978
2107
1979
2108
1980
2109
1981
2110
1982
2111
1983
2112
1984
2113
1985
2114
1986
2115
1987
2116
1988
2117
1989
2118
1990
2119
1991
2120
1992
2121
1993
2122
1994
2123
1995
2124
1996
2125
1997
2126
1998
2127
1999
2128
2000
2129
2001
2130
2002
2131
2003
2132
2004
2133
2005
2134
2006
2135
2007
2136
2008
2137
2009
2138
2010
2139
2011
2140
2012
2141
2013
2142
2014
2143
2015
2144
2016
2145
2017
2146
2018
2147
2019
2148
2020
2149
2021
2150
2022
2151
2023
2152
2024
2153
2025
2154
2026
2155
2027
2156
2028
2157
2029
2158
2030
2159
2031
2160
2032
2161
2033
2162
2034
2163
2035
2164
2036
2165
2037
2166
2038
2167
2039
2168
2040
2169
2041
2170
2042
2171
2043
2172
2044
2173
2045
2174
2046
2175
2047
2176
2048
2177
2049
2178
2050
2179
2051
2180
2052
2181
2053
2182
2054
2183
2055
2184
2056
2185
2057
2186
2058
2187
2059
2188
2060
2189
2061
2190
2062
2191
2063
2192
2064
2193
2065
2194
2066
2195
2067
2196
2068
2197
2069
2198
2070
2199
2071
2200
2072
2201
2073
2202
2074
2203
2075
2204
2076
2205
2077
2206
2078
2207
2079
2208
2209
2081
2210
2082
2211
2083
2212
2084
2213
2085
2214
2086
2215
2087
2216
2088
2217
2089
2218
2090
2219
2091
2220
2092
2221
2093
2222
2094
2223
2095
2224
2096
2225
2097
2226
2098
2227
2099
2228
2100
2229
2101
2230
2102
2231
2103
2232
2104
2233
2105
2234
2106
2235
2107
2236
2108
2237
2109
2238
2110
2239
2111
2240
2112
2241
2113
2242
2114
2243
2115
2244
2116
2245
2117
2246
2118
2247
2119
2248
2120
2249
2121
2250
2122
2251
2123
2252
2124
2253
2125
2254
2126
2255
2127
2256
2128
2257
2129
2258
2130
2259
2131
2260
2132
2261
2133
2262
2134
2263
2135
2264
2136
2265
2137
2266
2138
2267
2139
2268
2140
2269
2141
2270
2142
2271
2143
2272
2144
2273
2145
2274
2146
2275
2147
2276
2148
2277
2149
2278
2150
2279
2151
2280
2152
2281
2153
2282
2154
2283
2155
2284
2156
2285
2157
2286
2158
2287
2159
2288
2160
2289
2161
2290
2162
2291
2163
2292
2164
2293
2165
2294
2166
2295
2167
2296
2168
2297
2169
2298
2170
2299
2171
2300
2172
2301
2173
2302
2174
2303
2175
2304
2176
2305
2177
2306
2178
2307
2179
2308
2180
2309
2181
2310
2182
2311
2183
2312
2184
2313
2185
2314
2186
2315
2187
2316
2188
2317
2189
2318
2190
2319
2191
2320
2192
2321
2193
2322
2194
2323
2195
2324
2196
2325
2197
2326
2198
2327
2199
2328
2200
2329
2201
2330
2202
2331
2203
2332
2204
2333
2205
2334
2206
2335
2207
2336
2208
2337
2209
2338
2339
2211
2340
2212
2341
2213
2342
2214
2343
2215
2344
2216
2345
2217
2346
2218
2347
2219
2348
2220
2349
2221
2350
2222
2351
2223
2352
2224
2353
2225
2354
2226
2355
2227
2356
2228
2357
2229
2358
2230
2359
2231
2360
2232
2361
2233
2362
2234
2363
2235
2364
2236
2365
2237
2366
2238
2367
2239
2368
2240
2369
2241
2370
2242
2371
2243
2372
2244
2373
2245
2374
2246
2375
2247
2376
2248
2377
2249
2378
2250
2379
2251
2380
2252
2381
2253
2382
2254
2383
2255
2384
2256
2385
2257
2386
2258
2387
2259
2388
2260
2389
2261
2390
2262
2391
2263
2392
2264
2393
2265
2394
2266
2395
2267
2396
2268
2397
2269
2398
2270
2399
2271
2400
2272
2401
2273
2402
2274
2403
2275
2404
2276
2405
2277
2406
2278
2407
2279
2408
2280
2409
2281
2410
2282
2411
2283
2412
2284
2413
2285
2414
2286
2415
2287
2416
2288
2417
2289
2418
2290
2419
2291
2420
2292
2421
2293
2422
2294
2423
2295
2424
2296
2425
2297
2426
2298
2427
2299
2428
2300
2429
2301
2430
2302
2431
2303
2432
2304
2433
2305
2434
2306
2435
2307
2436
2308
2437
2309
2438
2310
2439
2311
2440
2312
2441
2313
2442
2314
2443
2315
2444
2316
2445
2317
2446
2318
2447
2319
2448
2320
2449
2321
2450
2322
2451
2323
2452
2324
2453
2325
2454
2326
2455
2327
2456
2328
2457
2329
2458
2330
2459
2331
2460
2332
2461
2333
2462
2334
2463
2335
2464
2336
2465
2337
2466
2338
2467
2339
2468
2469
2341
2470
2342
2471
2343
2472
2344
2473
2345
2474
2346
2475
2347
2476
2348
2477
2349
2478
2350
2479
2351
2480
2352
2481
2353
2482
2354
2483
2355
2484
2356
2485
2357
2486
2358
2487
2359
2488
2360
2489
2361
2490
2362
2491
2363
2492
2364
2493
2365
2494
2366
2495
2367
2496
2368
2497
2369
2498
2370
2499
2371
2500
2372
2501
2373
2502
2374
2503
2375
2504
2376
2505
2377
2506
2378
2507
2379
2508
2380
2509
2381
2510
2382
2511
2383
2512
2384
2513
2385
2514
2386
2515
2387
2516
2388
2517
2389
2518
2390
2519
2391
2520
2392
2521
2393
2522
2394
2523
2395
2524
2396
2525
2397
2526
2398
2527
2399
2528
2400
2529
2401
2530
2402
2531
2403
2532
2404
2533
2405
2534
2406
2535
2407
2536
2408
2537
2409
2538
2410
2539
2411
2540
2412
2541
2413
2542
2414
2543
2415
2544
2416
2545
2417
2546
2418
2547
2419
2548
2420
2549
2421
2550
2422
2551
2423
2552
2424
2553
2425
2554
2426
2555
2427
2556
2428
2557
2429
2558
2430
2559
2431
2560
2432
2561
2433
2562
2434
2563
2435
2564
2436
2565
2437
2566
2438
2567
2439
2568
2440
2569
2441
2570
2442
2571
2443
2572
2444
2573
2445
2574
2446
2575
2447
2576
2448
2577
2449
2578
2450
2579
2451
2580
2452
2581
2453
2582
2454
2583
2455
2584
2456
2585
2457
2586
2458
2587
2459
2588
2460
2589
2461
2590
2462
2591
2463
2592
2464
2593
2465
2594
2466
2595
2467
2596
2468
2597
2469
2598
2599
2471
2600
2472
2601
2473
2602
2474
2603
2475
2604
2476
2605
2477
2606
2478
2607
2479
2608
2480
2609
2481
2610
2482
2611
2483
2612
2484
2613
2485
2614
2486
2615
2487
2616
2488
2617
2489
2618
2490
2619
2491
2620
2492
2621
2493
2622
2494
2623
2495
2624
2496
2625
2497
2626
2498
2627
2499
2628
2500
2629
2501
2630
2502
2631
2503
2632
2504
2633
2505
2634
2506
2635
2507
2636
2508
2637
2509
2638
2510
2639
2511
2640
2512
2641
2513
2642
2514
2643
2515
2644
2516
2645
2517
2646
2518
2647
2519
2648
2520
2649
2521
2650
2522
2651
2523
2652
2524
2653
2525
2654
2526
2655
2527
2656
2528
2657
2529
2658
2530
2659
2531
2660
2532
2661
2533
2662
2534
2663
2535
2664
2536
2665
2537
2666
2538
2667
2539
2668
2540
2669
2541
2670
2542
2671
2543
2672
2544
2673
2545
2674
2546
2675
2547
2676
2548
2677
2549
2678
2550
2679
2551
2680
2552
2681
2553
2682
2554
2683
2555
2684
2556
2685
2557
2686
2558
2687
2559
2688
2560
2689
2561
2690
2562
2691
2563
2692
2564
2693
2565
2694
2566
2695
2567
2696
2568
2697
2569
2698
2570
2699
2571
2700
2572
2701
2573
2702
2574
2703
2575
2704
2576
2705
2577
2706
2578
2707
2579
2708
2580
2709
2581
2710
2582
2711
2583
2712
2584
2713
2585
2714
2586
2715
2587
2716
2588
2717
2589
2718
2590
2719
2591
2720
2592
2721
2593
2722
2594
2723
2595
2724
2596
2725
2597
2726
2598
2727
2599
2728
2729
2601
2730
2602
2731
2603
2732
2604
2733
2605
2734
2606
2735
2607
2736
2608
2737
2609
2738
2610
2739
2611
2740
2612
2741
2613
2742
2614
2743
2615
2744
2616
2745
2617
2746
2618
2747
2619
2748
2620
2749
2621
2750
2622
2751
2623
2752
2624
2753
2625
2754
2626
2755
2627
2756
2628
2757
2629
2758
2630
2759
2631
2760
2632
2761
2633
2762
2634
2763
2635
2764
2636
2765
2637
2766
2638
2767
2639
2768
2640
2769
2641
2770
2642
2771
2643
2772
2644
2773
2645
2774
2646
2775
2647
2776
2648
2777
2649
2778
2650
2779
2651
2780
2652
2781
2653
2782
2654
2783
2655
2784
2656
2785
2657
2786
2658
2787
2659
2788
2660
2789
2661
2790
2662
2791
2663
2792
2664
2793
2665
2794
2666
2795
2667
2796
2668
2797
2669
2798
2670
2799
2671
2800
2672
2801
2673
2802
2674
2803
2675
2804
2676
2805
2677
2806
2678
2807
2679
2808
2680
2809
2681
2810
2682
2811
2683
2812
2684
2813
2685
2814
2686
2815
2687
2816
2688
2817
2689
2818
2690
2819
2691
2820
2692
2821
2693
2822
2694
2823
2695
2824
2696
2825
2697
2826
2698
2827
2699
2828
2700
2829
2701
2830
2702
2831
2703
2832
2704
2833
2705
2834
2706
2835
2707
2836
2708
2837
2709
2838
2710
2839
2711
2840
2712
2841
2713
2842
2714
2843
2715
2844
2716
2845
2717
2846
2718
2847
2719
2848
2720
2849
2721
2850
2722
2851
2723
2852
2724
2853
2725
2854
2726
2855
2727
2856
2728
2857
2729
2858
2859
2731
2860
2732
2861
2733
2862
2734
2863
2735
2864
2736
2865
2737
2866
2738
2867
2739
2868
2740
2869
2741
2870
2742
2871
2743
2872
2744
2873
2745
2874
2746
2875
2747
2876
2748
2877
2749
2878
2750
2879
2751
2880
2752
2881
2753
2882
2754
2883
2755
2884
2756
2885
2757
2886
2758
2887
2759
2888
2760
2889
2761
2890
2762
2891
2763
2892
2764
2893
2765
2894
2766
2895
2767
2896
2768
2897
2769
2898
2770
2899
2771
2900
2772
2901
2773
2902
2774
2903
2775
2904
2776
2905
2777
2906
2778
2907
2779
2908
2780
2909
2781
2910
2782
2911
2783
2912
2784
2913
2785
2914
2786
2915
2787
2916
2788
2917
2789
2918
2790
2919
2791
2920
2792
2921
2793
2922
2794
2923
2795
2924
2796
2925
2797
2926
2798
2927
2799
2928
2800
2929
2801
2930
2802
2931
2803
2932
2804
2933
2805
2934
2806
2935
2807
2936
2808
2937
2809
2938
2810
2939
2811
2940
2812
2941
2813
2942
2814
2943
2815
2944
2816
2945
2817
2946
2818
2947
2819
2948
2820
2949
2821
2950
2822
2951
2823
2952
2824
2953
2825
2954
2826
2955
2827
2956
2828
2957
2829
2958
2830
2959
2831
2960
2832
2961
2833
2962
2834
2963
2835
2964
2836
2965
2837
2966
2838
2967
2839
2968
2840
2969
2841
2970
2842
2971
2843
2972
2844
2973
2845
2974
2846
2975
2847
2976
2848
2977
2849
2978
2850
2979
2851
2980
2852
2981
2853
2982
2854
2983
2855
2984
2856
2985
2857
2986
2858
2987
2859
2988
2989
2861
2990
2862
2991
2863
2992
2864
2993
2865
2994
2866
2995
2867
2996
2868
2997
2869
2998
2870
2999
2871
3000
2872
3001
2873
3002
2874
3003
2875
3004
2876
3005
2877
3006
2878
3007
2879
3008
2880
3009
2881
3010
2882
3011
2883
3012
2884
3013
2885
3014
2886
3015
2887
3016
2888
3017
2889
3018
2890
3019
2891
3020
2892
3021
2893
3022
2894
3023
2895
3024
2896
3025
2897
3026
2898
3027
2899
3028
2900
3029
2901
3030
2902
3031
2903
3032
2904
3033
2905
3034
2906
3035
2907
3036
2908
3037
2909
3038
2910
3039
2911
3040
2912
3041
2913
3042
2914
3043
2915
3044
2916
3045
2917
3046
2918
3047
2919
3048
2920
3049
2921
3050
2922
3051
2923
3052
2924
3053
2925
3054
2926
3055
2927
3056
2928
3057
2929
3058
2930
3059
2931
3060
2932
3061
2933
3062
2934
3063
2935
3064
2936
3065
2937
3066
2938
3067
2939
3068
2940
3069
2941
3070
2942
3071
2943
3072
2944
3073
2945
3074
2946
3075
2947
3076
2948
3077
2949
3078
2950
3079
2951
3080
2952
3081
2953
3082
2954
3083
2955
3084
2956
3085
2957
3086
2958
3087
2959
3088
2960
3089
2961
3090
2962
3091
2963
3092
2964
3093
2965
3094
2966
3095
2967
3096
2968
3097
2969
3098
2970
3099
2971
3100
2972
3101
2973
3102
2974
3103
2975
3104
2976
3105
2977
3106
2978
3107
2979
3108
2980
3109
2981
3110
2982
3111
2983
3112
2984
3113
2985
3114
2986
3115
2987
3116
2988
3117
2989
3118
3119
2991
3120
2992
3121
2993
3122
2994
3123
2995
3124
2996
3125
2997
3126
2998
3127
2999
3128
3000
3129
3001
3130
3002
3131
3003
3132
3004
3133
3005
3134
3006
3135
3007
3136
3008
3137
3009
3138
3010
3139
3011
3140
3012
3141
3013
3142
3014
3143
3015
3144
3016
3145
3017
3146
3018
3147
3019
3148
3020
3149
3021
3150
3022
3151
3023
3152
3024
3153
3025
3154
3026
3155
3027
3156
3028
3157
3029
3158
3030
3159
3031
3160
3032
3161
3033
3162
3034
3163
3035
3164
3036
3165
3037
3166
3038
3167
3039
3168
3040
3169
3041
3170
3042
3171
3043
3172
3044
3173
3045
3174
3046
3175
3047
3176
3048
3177
3049
3178
3050
3179
3051
3180
3052
3181
3053
3182
3054
3183
3055
3184
3056
3185
3057
3186
3058
3187
3059
3188
3060
3189
3061
3190
3062
3191
3063
3192
3064
3193
3065
3194
3066
3195
3067
3196
3068
3197
3069
3198
3070
3199
3071
3200
3072
3201
3073
3202
3074
3203
3075
3204
3076
3205
3077
3206
3078
3207
3079
3208
3080
3209
3081
3210
3082
3211
3083
3212
3084
3213
3085
3214
3086
3215
3087
3216
3088
3217
3089
3218
3090
3219
3091
3220
3092
3221
3093
3222
3094
3223
3095
3224
3096
3225
3097
3226
3098
3227
3099
3228
3100
3229
3101
3230
3102
3231
3103
3232
3104
3233
3105
3234
3106
3235
3107
3236
3108
3237
3109
3238
3110
3239
3111
3240
3112
3241
3113
3242
3114
3243
3115
3244
3116
3245
3117
3246
3118
3247
3119
3248
3249
3121
3250
3122
3251
3123
3252
3124
3253
3125
3254
3126
3255
3127
3256
3128
3257
3129
3258
3130
3259
3131
3260
3132
3261
3133
3262
3134
3263
3135
3264
3136
3265
3137
3266
3138
3267
3139
3268
3140
3269
3141
3270
3142
3271
3143
3272
3144
3273
3145
3274
3146
3275
3147
3276
3148
3277
3149
3278
3150
3279
3151
3280
3152
3281
3153
3282
3154
3283
3155
3284
3156
3285
3157
3286
3158
3287
3159
3288
3160
3289
3161
3290
3162
3291
3163
3292
3164
3293
3165
3294
3166
3295
3167
3296
3168
3297
3169
3298
3170
3299
3171
3300
3172
3301
3173
3302
3174
3303
3175
3304
3176
3305
3177
3306
3178
3307
3179
3308
3180
3309
3181
3310
3182
3311
3183
3312
3184
3313
3185
3314
3186
3315
3187
3316
3188
3317
3189
3318
3190
3319
3191
3320
3192
3321
3193
3322
3194
3323
3195
3324
3196
3325
3197
3326
3198
3327
3199
3328
3200
3329
3201
3330
3202
3331
3203
3332
3204
3333
3205
3334
3206
3335
3207
3336
3208
3337
3209
3338
3210
3339
3211
3340
3212
3341
3213
3342
3214
3343
3215
3344
3216
3345
3217
3346
3218
3347
3219
3348
3220
3349
3221
3350
3222
3351
3223
3352
3224
3353
3225
3354
3226
3355
3227
3356
3228
3357
3229
3358
3230
3359
3231
3360
3232
3361
3233
3362
3234
3363
3235
3364
3236
3365
3237
3366
3238
3367
3239
3368
3240
3369
3241
3370
3242
3371
3243
3372
3244
3373
3245
3374
3246
3375
3247
3376
3248
3377
3249
3378
3379
3251
3380
3252
3381
3253
3382
3254
3383
3255
3384
3256
3385
3257
3386
3258
3387
3259
3388
3260
3389
3261
3390
3262
3391
3263
3392
3264
3393
3265
3394
3266
3395
3267
3396
3268
3397
3269
3398
3270
3399
3271
3400
3272
3401
3273
3402
3274
3403
3275
3404
3276
3405
3277
3406
3278
3407
3279
3408
3280
3409
3281
3410
3282
3411
3283
3412
3284
3413
3285
3414
3286
3415
3287
3416
3288
3417
3289
3418
3290
3419
3291
3420
3292
3421
3293
3422
3294
3423
3295
3424
3296
3425
3297
3426
3298
3427
3299
3428
3300
3429
3301
3430
3302
3431
3303
3432
3304
3433
3305
3434
3306
3435
3307
3436
3308
3437
3309
3438
3310
3439
3311
3440
3312
3441
3313
3442
3314
3443
3315
3444
3316
3445
3317
3446
3318
3447
3319
3448
3320
3449
3321
3450
3322
3451
3323
3452
3324
3453
3325
3454
3326
3455
3327
3456
3328
3457
3329
3458
3330
3459
3331
3460
3332
3461
3333
3462
3334
3463
3335
3464
3336
3465
3337
3466
3338
3467
3339
3468
3340
3469
3341
3470
3342
3471
3343
3472
3344
3473
3345
3474
3346
3475
3347
3476
3348
3477
3349
3478
3350
3479
3351
3480
3352
3481
3353
3482
3354
3483
3355
3484
3356
3485
3357
3486
3358
3487
3359
3488
3360
3489
3361
3490
3362
3491
3363
3492
3364
3493
3365
3494
3366
3495
3367
3496
3368
3497
3369
3498
3370
3499
3371
3500
3372
3501
3373
3502
3374
3503
3375
3504
3376
3505
3377
3506
3378
3507
3379
3508
3509
3381
3510
3382
3511
3383
3512
3384
3513
3385
3514
3386
3515
3387
3516
3388
3517
3389
3518
3390
3519
3391
3520
3392
3521
3393
3522
3394
3523
3395
3524
3396
3525
3397
3526
3398
3527
3399
3528
3400
3529
3401
3530
3402
3531
3403
3532
3404
3533
3405
3534
3406
3535
3407
3536
3408
3537
3409
3538
3410
3539
3411
3540
3412
3541
3413
3542
3414
3543
3415
3544
3416
3545
3417
3546
3418
3547
3419
3548
3420
3549
3421
3550
3422
3551
3423
3552
3424
3553
3425
3554
3426
3555
3427
3556
3428
3557
3429
3558
3430
3559
3431
3560
3432
3561
3433
3562
3434
3563
3435
3564
3436
3565
3437
3566
3438
3567
3439
3568
3440
3569
3441
3570
3442
3571
3443
3572
3444
3573
3445
3574
3446
3575
3447
3576
3448
3577
3449
3578
3450
3579
3451
3580
3452
3581
3453
3582
3454
3583
3455
3584
3456
3585
3457
3586
3458
3587
3459
3588
3460
3589
3461
3590
3462
3591
3463
3592
3464
3593
3465
3594
3466
3595
3467
3596
3468
3597
3469
3598
3470
3599
3471
3600
3472
3601
3473
3602
3474
3603
3475
3604
3476
3605
3477
3606
3478
3607
3479
3608
3480
3609
3481
3610
3482
3611
3483
3612
3484
3613
3485
3614
3486
3615
3487
3616
3488
3617
3489
3618
3490
3619
3491
3620
3492
3621
3493
3622
3494
3623
3495
3624
3496
3625
3497
3626
3498
3627
3499
3628
3500
3629
3501
3630
3502
3631
3503
3632
3504
3633
3505
3634
3506
3635
3507
3636
3508
3637
3509
3638
3639
3511
3640
3512
3641
3513
3642
3514
3643
3515
3644
3516
3645
3517
3646
3518
3647
3519
3648
3520
3649
3521
3650
3522
3651
3523
3652
3524
3653
3525
3654
3526
3655
3527
3656
3528
3657
3529
3658
3530
3659
3531
3660
3532
3661
3533
3662
3534
3663
3535
3664
3536
3665
3537
3666
3538
3667
3539
3668
3540
3669
3541
3670
3542
3671
3543
3672
3544
3673
3545
3674
3546
3675
3547
3676
3548
3677
3549
3678
3550
3679
3551
3680
3552
3681
3553
3682
3554
3683
3555
3684
3556
3685
3557
3686
3558
3687
3559
3688
3560
3689
3561
3690
3562
3691
3563
3692
3564
3693
3565
3694
3566
3695
3567
3696
3568
3697
3569
3698
3570
3699
3571
3700
3572
3701
3573
3702
3574
3703
3575
3704
3576
3705
3577
3706
3578
3707
3579
3708
3580
3709
3581
3710
3582
3711
3583
3712
3584
3713
3585
3714
3586
3715
3587
3716
3588
3717
3589
3718
3590
3719
3591
3720
3592
3721
3593
3722
3594
3723
3595
3724
3596
3725
3597
3726
3598
3727
3599
3728
3600
3729
3601
3730
3602
3731
3603
3732
3604
3733
3605
3734
3606
3735
3607
3736
3608
3737
3609
3738
3610
3739
3611
3740
3612
3741
3613
3742
3614
3743
3615
3744
3616
3745
3617
3746
3618
3747
3619
3748
3620
3749
3621
3750
3622
3751
3623
3752
3624
3753
3625
3754
3626
3755
3627
3756
3628
3757
3629
3758
3630
3759
3631
3760
3632
3761
3633
3762
3634
3763
3635
3764
3636
3765
3637
3766
3638
3767
3639
3768
3769
3641
3770
3642
3771
3643
3772
3644
3773
3645
3774
3646
3775
3647
3776
3648
3777
3649
3778
3650
3779
3651
3780
3652
3781
3653
3782
3654
3783
3655
3784
3656
3785
3657
3786
3658
3787
3659
3788
3660
3789
3661
3790
3662
3791
3663
3792
3664
3793
3665
3794
3666
3795
3667
3796
3668
3797
3669
3798
3670
3799
3671
3800
3672
3801
3673
3802
3674
3803
3675
3804
3676
3805
3677
3806
3678
3807
3679
3808
3680
3809
3681
3810
3682
3811
3683
3812
3684
3813
3685
3814
3686
3815
3687
3816
3688
3817
3689
3818
3690
3819
3691
3820
3692
3821
3693
3822
3694
3823
3695
3824
3696
3825
3697
3826
3698
3827
3699
3828
3700
3829
3701
3830
3702
3831
3703
3832
3704
3833
3705
3834
3706
3835
3707
3836
3708
3837
3709
3838
3710
3839
3711
3840
3712
3841
3713
3842
3714
3843
3715
3844
3716
3845
3717
3846
3718
3847
3719
3848
3720
3849
3721
3850
3722
3851
3723
3852
3724
3853
3725
3854
3726
3855
3727
3856
3728
3857
3729
3858
3730
3859
3731
3860
3732
3861
3733
3862
3734
3863
3735
3864
3736
3865
3737
3866
3738
3867
3739
3868
3740
3869
3741
3870
3742
3871
3743
3872
3744
3873
3745
3874
3746
3875
3747
3876
3748
3877
3749
3878
3750
3879
3751
3880
3752
3881
3753
3882
3754
3883
3755
3884
3756
3885
3757
3886
3758
3887
3759
3888
3760
3889
3761
3890
3762
3891
3763
3892
3764
3893
3765
3894
3766
3895
3767
3896
3768
3897
3769
3898
3899
3771
3900
3772
3901
3773
3902
3774
3903
3775
3904
3776
3905
3777
3906
3778
3907
3779
3908
3780
3909
3781
3910
3782
3911
3783
3912
3784
3913
3785
3914
3786
3915
3787
3916
3788
3917
3789
3918
3790
3919
3791
3920
3792
3921
3793
3922
3794
3923
3795
3924
3796
3925
3797
3926
3798
3927
3799
3928
3800
3929
3801
3930
3802
3931
3803
3932
3804
3933
3805
3934
3806
3935
3807
3936
3808
3937
3809
3938
3810
3939
3811
3940
3812
3941
3813
3942
3814
3943
3815
3944
3816
3945
3817
3946
3818
3947
3819
3948
3820
3949
3821
3950
3822
3951
3823
3952
3824
3953
3825
3954
3826
3955
3827
3956
3828
3957
3829
3958
3830
3959
3831
3960
3832
3961
3833
3962
3834
3963
3835
3964
3836
3965
3837
3966
3838
3967
3839
3968
3840
3969
3841
3970
3842
3971
3843
3972
3844
3973
3845
3974
3846
3975
3847
3976
3848
3977
3849
3978
3850
3979
3851
3980
3852
3981
3853
3982
3854
3983
3855
3984
3856
3985
3857
3986
3858
3987
3859
3988
3860
3989
3861
3990
3862
3991
3863
3992
3864
3993
3865
3994
3866
3995
3867
3996
3868
3997
3869
3998
3870
3999
3871
4000
3872
4001
3873
4002
3874
4003
3875
4004
3876
4005
3877
4006
3878
4007
3879
4008
3880
4009
3881
4010
3882
4011
3883
4012
3884
4013
3885
4014
3886
4015
3887
4016
3888
4017
3889
4018
3890
4019
3891
4020
3892
4021
3893
4022
3894
4023
3895
4024
3896
4025
3897
4026
3898
4027
3899
4028
4029
3901
4030
3902
4031
3903
4032
3904
4033
3905
4034
3906
4035
3907
4036
3908
4037
3909
4038
3910
4039
3911
4040
3912
4041
3913
4042
3914
4043
3915
4044
3916
4045
3917
4046
3918
4047
3919
4048
3920
4049
3921
4050
3922
4051
3923
4052
3924
4053
3925
4054
3926
4055
3927
4056
3928
4057
3929
4058
3930
4059
3931
4060
3932
4061
3933
4062
3934
4063
3935
4064
3936
4065
3937
4066
3938
4067
3939
4068
3940
4069
3941
4070
3942
4071
3943
4072
3944
4073
3945
4074
3946
4075
3947
4076
3948
4077
3949
4078
3950
4079
3951
4080
3952
4081
3953
4082
3954
4083
3955
4084
3956
4085
3957
4086
3958
4087
3959
4088
3960
4089
3961
4090
3962
4091
3963
4092
3964
4093
3965
4094
3966
4095
3967
4096
3968
4097
3969
4098
3970
4099
3971
4100
3972
4101
3973
4102
3974
4103
3975
4104
3976
4105
3977
4106
3978
4107
3979
4108
3980
4109
3981
4110
3982
4111
3983
4112
3984
4113
3985
4114
3986
4115
3987
4116
3988
4117
3989
4118
3990
4119
3991
4120
3992
4121
3993
4122
3994
4123
3995
4124
3996
4125
3997
4126
3998
4127
3999
4128
4000
4129
4001
4130
4002
4131
4003
4132
4004
4133
4005
4134
4006
4135
4007
4136
4008
4137
4009
4138
4010
4139
4011
4140
4012
4141
4013
4142
4014
4143
4015
4144
4016
4145
4017
4146
4018
4147
4019
4148
4020
4149
4021
4150
4022
4151
4023
4152
4024
4153
4025
4154
4026
4155
4027
4156
4028
4157
4029
4158
4159
4031
4160
4032
4161
4033
4162
4034
4163
4035
4164
4036
4165
4037
4166
4038
4167
4039
4168
4040
4169
4041
4170
4042
4171
4043
4172
4044
4173
4045
4174
4046
4175
4047
4176
4048
4177
4049
4178
4050
4179
4051
4180
4052
4181
4053
4182
4054
4183
4055
4184
4056
4185
4057
4186
4058
4187
4059
4188
4060
4189
4061
4190
4062
4191
4063
4192
4064
4193
4065
4194
4066
4195
4067
4196
4068
4197
4069
4198
4070
4199
4071
4200
4072
4201
4073
4202
4074
4203
4075
4204
4076
4205
4077
4206
4078
4207
4079
4208
4080
4209
4081
4210
4082
4211
4083
4212
4084
4213
4085
4214
4086
4215
4087
4216
4088
4217
4089
4218
4090
4219
4091
4220
4092
4221
4093
4222
4094
4223
4095
4224
4096
4225
4097
4226
4098
4227
4099
4228
4100
4229
4101
4230
4102
4231
4103
4232
4104
4233
4105
4234
4106
4235
4107
4236
4108
4237
4109
4238
4110
4239
4111
4240
4112
4241
4113
4242
4114
4243
4115
4244
4116
4245
4117
4246
4118
4247
4119
4248
4120
4249
4121
4250
4122
4251
4123
4252
4124
4253
4125
4254
4126
4255
4127
4256
4128
4257
4129
4258
4130
4259
4131
4260
4132
4261
4133
4262
4134
4263
4135
4264
4136
4265
4137
4266
4138
4267
4139
4268
4140
4269
4141
4270
4142
4271
4143
4272
4144
4273
4145
4274
4146
4275
4147
4276
4148
4277
4149
4278
4150
4279
4151
4280
4152
4281
4153
4282
4154
4283
4155
4284
4156
4285
4157
4286
4158
4287
4159
4288
4289
4161
4290
4162
4291
4163
4292
4164
4293
4165
4294
4166
4295
4167
4296
4168
4297
4169
4298
4170
4299
4171
4300
4172
4301
4173
4302
4174
4303
4175
4304
4176
4305
4177
4306
4178
4307
4179
4308
4180
4309
4181
4310
4182
4311
4183
4312
4184
4313
4185
4314
4186
4315
4187
4316
4188
4317
4189
4318
4190
4319
4191
4320
4192
4321
4193
4322
4194
4323
4195
4324
4196
4325
4197
4326
4198
4327
4199
4328
4200
4329
4201
4330
4202
4331
4203
4332
4204
4333
4205
4334
4206
4335
4207
4336
4208
4337
4209
4338
4210
4339
4211
4340
4212
4341
4213
4342
4214
4343
4215
4344
4216
4345
4217
4346
4218
4347
4219
4348
4220
4349
4221
4350
4222
4351
4223
4352
4224
4353
4225
4354
4226
4355
4227
4356
4228
4357
4229
4358
4230
4359
4231
4360
4232
4361
4233
4362
4234
4363
4235
4364
4236
4365
4237
4366
4238
4367
4239
4368
4240
4369
4241
4370
4242
4371
4243
4372
4244
4373
4245
4374
4246
4375
4247
4376
4248
4377
4249
4378
4250
4379
4251
4380
4252
4381
4253
4382
4254
4383
4255
4384
4256
4385
4257
4386
4258
4387
4259
4388
4260
4389
4261
4390
4262
4391
4263
4392
4264
4393
4265
4394
4266
4395
4267
4396
4268
4397
4269
4398
4270
4399
4271
4400
4272
4401
4273
4402
4274
4403
4275
4404
4276
4405
4277
4406
4278
4407
4279
4408
4280
4409
4281
4410
4282
4411
4283
4412
4284
4413
4285
4414
4286
4415
4287
4416
4288
4417
4289
4418
4419
4291
4420
4292
4421
4293
4422
4294
4423
4295
4424
4296
4425
4297
4426
4298
4427
4299
4428
4300
4429
4301
4430
4302
4431
4303
4432
4304
4433
4305
4434
4306
4435
4307
4436
4308
4437
4309
4438
4310
4439
4311
4440
4312
4441
4313
4442
4314
4443
4315
4444
4316
4445
4317
4446
4318
4447
4319
4448
4320
4449
4321
4450
4322
4451
4323
4452
4324
4453
4325
4454
4326
4455
4327
4456
4328
4457
4329
4458
4330
4459
4331
4460
4332
4461
4333
4462
4334
4463
4335
4464
4336
4465
4337
4466
4338
4467
4339
4468
4340
4469
4341
4470
4342
4471
4343
4472
4344
4473
4345
4474
4346
4475
4347
4476
4348
4477
4349
4478
4350
4479
4351
4480
4352
4481
4353
4482
4354
4483
4355
4484
4356
4485
4357
4486
4358
4487
4359
4488
4360
4489
4361
4490
4362
4491
4363
4492
4364
4493
4365
4494
4366
4495
4367
4496
4368
4497
4369
4498
4370
4499
4371
4500
4372
4501
4373
4502
4374
4503
4375
4504
4376
4505
4377
4506
4378
4507
4379
4508
4380
4509
4381
4510
4382
4511
4383
4512
4384
4513
4385
4514
4386
4515
4387
4516
4388
4517
4389
4518
4390
4519
4391
4520
4392
4521
4393
4522
4394
4523
4395
4524
4396
4525
4397
4526
4398
4527
4399
4528
4400
4529
4401
4530
4402
4531
4403
4532
4404
4533
4405
4534
4406
4535
4407
4536
4408
4537
4409
4538
4410
4539
4411
4540
4412
4541
4413
4542
4414
4543
4415
4544
4416
4545
4417
4546
4418
4547
4419
4548
4549
4421
4550
4422
4551
4423
4552
4424
4553
4425
4554
4426
4555
4427
4556
4428
4557
4429
4558
4430
4559
4431
4560
4432
4561
4433
4562
4434
4563
4435
4564
4436
4565
4437
4566
4438
4567
4439
4568
4440
4569
4441
4570
4442
4571
4443
4572
4444
4573
4445
4574
4446
4575
4447
4576
4448
4577
4449
4578
4450
4579
4451
4580
4452
4581
4453
4582
4454
4583
4455
4584
4456
4585
4457
4586
4458
4587
4459
4588
4460
4589
4461
4590
4462
4591
4463
4592
4464
4593
4465
4594
4466
4595
4467
4596
4468
4597
4469
4598
4470
4599
4471
4600
4472
4601
4473
4602
4474
4603
4475
4604
4476
4605
4477
4606
4478
4607
4479
4608
4480
4609
4481
4610
4482
4611
4483
4612
4484
4613
4485
4614
4486
4615
4487
4616
4488
4617
4489
4618
4490
4619
4491
4620
4492
4621
4493
4622
4494
4623
4495
4624
4496
4625
4497
4626
4498
4627
4499
4628
4500
4629
4501
4630
4502
4631
4503
4632
4504
4633
4505
4634
4506
4635
4507
4636
4508
4637
4509
4638
4510
4639
4511
4640
4512
4641
4513
4642
4514
4643
4515
4644
4516
4645
4517
4646
4518
4647
4519
4648
4520
4649
4521
4650
4522
4651
4523
4652
4524
4653
4525
4654
4526
4655
4527
4656
4528
4657
4529
4658
4530
4659
4531
4660
4532
4661
4533
4662
4534
4663
4535
4664
4536
4665
4537
4666
4538
4667
4539
4668
4540
4669
4541
4670
4542
4671
4543
4672
4544
4673
4545
4674
4546
4675
4547
4676
4548
4677
4549
4678
4679
4551
4680
4552
4681
4553
4682
4554
4683
4555
4684
4556
4685
4557
4686
4558
4687
4559
4688
4560
4689
4561
4690
4562
4691
4563
4692
4564
4693
4565
4694
4566
4695
4567
4696
4568
4697
4569
4698
4570
4699
4571
4700
4572
4701
4573
4702
4574
4703
4575
4704
4576
4705
4577
4706
4578
4707
4579
4708
4580
4709
4581
4710
4582
4711
4583
4712
4584
4713
4585
4714
4586
4715
4587
4716
4588
4717
4589
4718
4590
4719
4591
4720
4592
4721
4593
4722
4594
4723
4595
4724
4596
4725
4597
4726
4598
4727
4599
4728
4600
4729
4601
4730
4602
4731
4603
4732
4604
4733
4605
4734
4606
4735
4607
4736
4608
4737
4609
4738
4610
4739
4611
4740
4612
4741
4613
4742
4614
4743
4615
4744
4616
4745
4617
4746
4618
4747
4619
4748
4620
4749
4621
4750
4622
4751
4623
4752
4624
4753
4625
4754
4626
4755
4627
4756
4628
4757
4629
4758
4630
4759
4631
4760
4632
4761
4633
4762
4634
4763
4635
4764
4636
4765
4637
4766
4638
4767
4639
4768
4640
4769
4641
4770
4642
4771
4643
4772
4644
4773
4645
4774
4646
4775
4647
4776
4648
4777
4649
4778
4650
4779
4651
4780
4652
4781
4653
4782
4654
4783
4655
4784
4656
4785
4657
4786
4658
4787
4659
4788
4660
4789
4661
4790
4662
4791
4663
4792
4664
4793
4665
4794
4666
4795
4667
4796
4668
4797
4669
4798
4670
4799
4671
4800
4672
4801
4673
4802
4674
4803
4675
4804
4676
4805
4677
4806
4678
4807
4679
4808
4809
4681
4810
4682
4811
4683
4812
4684
4813
4685
4814
4686
4815
4687
4816
4688
4817
4689
4818
4690
4819
4691
4820
4692
4821
4693
4822
4694
4823
4695
4824
4696
4825
4697
4826
4698
4827
4699
4828
4700
4829
4701
4830
4702
4831
4703
4832
4704
4833
4705
4834
4706
4835
4707
4836
4708
4837
4709
4838
4710
4839
4711
4840
4712
4841
4713
4842
4714
4843
4715
4844
4716
4845
4717
4846
4718
4847
4719
4848
4720
4849
4721
4850
4722
4851
4723
4852
4724
4853
4725
4854
4726
4855
4727
4856
4728
4857
4729
4858
4730
4859
4731
4860
4732
4861
4733
4862
4734
4863
4735
4864
4736
4865
4737
4866
4738
4867
4739
4868
4740
4869
4741
4870
4742
4871
4743
4872
4744
4873
4745
4874
4746
4875
4747
4876
4748
4877
4749
4878
4750
4879
4751
4880
4752
4881
4753
4882
4754
4883
4755
4884
4756
4885
4757
4886
4758
4887
4759
4888
4760
4889
4761
4890
4762
4891
4763
4892
4764
4893
4765
4894
4766
4895
4767
4896
4768
4897
4769
4898
4770
4899
4771
4900
4772
4901
4773
4902
4774
4903
4775
4904
4776
4905
4777
4906
4778
4907
4779
4908
4780
4909
4781
4910
4782
4911
4783
4912
4784
4913
4785
4914
4786
4915
4787
4916
4788
4917
4789
4918
4790
4919
4791
4920
4792
4921
4793
4922
4794
4923
4795
4924
4796
4925
4797
4926
4798
4927
4799
4928
4800
4929
4801
4930
4802
4931
4803
4932
4804
4933
4805
4934
4806
4935
4807
4936
4808
4937
4809
4938
4939
4811
4940
4812
4941
4813
4942
4814
4943
4815
4944
4816
4945
4817
4946
4818
4947
4819
4948
4820
4949
4821
4950
4822
4951
4823
4952
4824
4953
4825
4954
4826
4955
4827
4956
4828
4957
4829
4958
4830
4959
4831
4960
4832
4961
4833
4962
4834
4963
4835
4964
4836
4965
4837
4966
4838
4967
4839
4968
4840
4969
4841
4970
4842
4971
4843
4972
4844
4973
4845
4974
4846
4975
4847
4976
4848
4977
4849
4978
4850
4979
4851
4980
4852
4981
4853
4982
4854
4983
4855
4984
4856
4985
4857
4986
4858
4987
4859
4988
4860
4989
4861
4990
4862
4991
4863
4992
4864
4993
4865
4994
4866
4995
4867
4996
4868
4997
4869
4998
4870
4999
4871
5000
4872
5001
4873
5002
4874
5003
4875
5004
4876
5005
4877
5006
4878
5007
4879
5008
4880
5009
4881
5010
4882
5011
4883
5012
4884
5013
4885
5014
4886
5015
4887
5016
4888
5017
4889
5018
4890
5019
4891
5020
4892
5021
4893
5022
4894
5023
4895
5024
4896
5025
4897
5026
4898
5027
4899
5028
4900
5029
4901
5030
4902
5031
4903
5032
4904
5033
4905
5034
4906
5035
4907
5036
4908
5037
4909
5038
4910
5039
4911
5040
4912
5041
4913
5042
4914
5043
4915
5044
4916
5045
4917
5046
4918
5047
4919
5048
4920
5049
4921
5050
4922
5051
4923
5052
4924
5053
4925
5054
4926
5055
4927
5056
4928
5057
4929
5058
4930
5059
4931
5060
4932
5061
4933
5062
4934
5063
4935
5064
4936
5065
4937
5066
4938
5067
4939
5068
5069
4941
5070
4942
5071
4943
5072
4944
5073
4945
5074
4946
5075
4947
5076
4948
5077
4949
5078
4950
5079
4951
5080
4952
5081
4953
5082
4954
5083
4955
5084
4956
5085
4957
5086
4958
5087
4959
5088
4960
5089
4961
5090
4962
5091
4963
5092
4964
5093
4965
5094
4966
5095
4967
5096
4968
5097
4969
5098
4970
5099
4971
5100
4972
5101
4973
5102
4974
5103
4975
5104
4976
5105
4977
5106
4978
5107
4979
5108
4980
5109
4981
5110
4982
5111
4983
5112
4984
5113
4985
5114
4986
5115
4987
5116
4988
5117
4989
5118
4990
5119
4991
5120
4992
5121
4993
5122
4994
5123
4995
5124
4996
5125
4997
5126
4998
5127
4999
5128
5000
5129
5001
5130
5002
5131
5003
5132
5004
5133
5005
5134
5006
5135
5007
5136
5008
5137
5009
5138
5010
5139
5011
5140
5012
5141
5013
5142
5014
5143
5015
5144
5016
5145
5017
5146
5018
5147
5019
5148
5020
5149
5021
5150
5022
5151
5023
5152
5024
5153
5025
5154
5026
5155
5027
5156
5028
5157
5029
5158
5030
5159
5031
5160
5032
5161
5033
5162
5034
5163
5035
5164
5036
5165
5037
5166
5038
5167
5039
5168
5040
5169
5041
5170
5042
5171
5043
5172
5044
5173
5045
5174
5046
5175
5047
5176
5048
5177
5049
5178
5050
5179
5051
5180
5052
5181
5053
5182
5054
5183
5055
5184
5056
5185
5057
5186
5058
5187
5059
5188
5060
5189
5061
5190
5062
5191
5063
5192
5064
5193
5065
5194
5066
5195
5067
5196
5068
5197
5069
5198
5199
5071
5200
5072
5201
5073
5202
5074
5203
5075
5204
5076
5205
5077
5206
5078
5207
5079
5208
5080
5209
5081
5210
5082
5211
5083
5212
5084
5213
5085
5214
5086
5215
5087
5216
5088
5217
5089
5218
5090
5219
5091
5220
5092
5221
5093
5222
5094
5223
5095
5224
5096
5225
5097
5226
5098
5227
5099
5228
5100
5229
5101
5230
5102
5231
5103
5232
5104
5233
5105
5234
5106
5235
5107
5236
5108
5237
5109
5238
5110
5239
5111
5240
5112
5241
5113
5242
5114
5243
5115
5244
5116
5245
5117
5246
5118
5247
5119
5248
5120
5249
5121
5250
5122
5251
5123
5252
5124
5253
5125
5254
5126
5255
5127
5256
5128
5257
5129
5258
5130
5259
5131
5260
5132
5261
5133
5262
5134
5263
5135
5264
5136
5265
5137
5266
5138
5267
5139
5268
5140
5269
5141
5270
5142
5271
5143
5272
5144
5273
5145
5274
5146
5275
5147
5276
5148
5277
5149
5278
5150
5279
5151
5280
5152
5281
5153
5282
5154
5283
5155
5284
5156
5285
5157
5286
5158
5287
5159
5288
5160
5289
5161
5290
5162
5291
5163
5292
5164
5293
5165
5294
5166
5295
5167
5296
5168
5297
5169
5298
5170
5299
5171
5300
5172
5301
5173
5302
5174
5303
5175
5304
5176
5305
5177
5306
5178
5307
5179
5308
5180
5309
5181
5310
5182
5311
5183
5312
5184
5313
5185
5314
5186
5315
5187
5316
5188
5317
5189
5318
5190
5319
5191
5320
5192
5321
5193
5322
5194
5323
5195
5324
5196
5325
5197
5326
5198
5327
5199
5328
5329
5201
5330
5202
5331
5203
5332
5204
5333
5205
5334
5206
5335
5207
5336
5208
5337
5209
5338
5210
5339
5211
5340
5212
5341
5213
5342
5214
5343
5215
5344
5216
5345
5217
5346
5218
5347
5219
5348
5220
5349
5221
5350
5222
5351
5223
5352
5224
5353
5225
5354
5226
5355
5227
5356
5228
5357
5229
5358
5230
5359
5231
5360
5232
5361
5233
5362
5234
5363
5235
5364
5236
5365
5237
5366
5238
5367
5239
5368
5240
5369
5241
5370
5242
5371
5243
5372
5244
5373
5245
5374
5246
5375
5247
5376
5248
5377
5249
5378
5250
5379
5251
5380
5252
5381
5253
5382
5254
5383
5255
5384
5256
5385
5257
5386
5258
5387
5259
5388
5260
5389
5261
5390
5262
5391
5263
5392
5264
5393
5265
5394
5266
5395
5267
5396
5268
5397
5269
5398
5270
5399
5271
5400
5272
5401
5273
5402
5274
5403
5275
5404
5276
5405
5277
5406
5278
5407
5279
5408
5280
5409
5281
5410
5282
5411
5283
5412
5284
5413
5285
5414
5286
5415
5287
5416
5288
5417
5289
5418
5290
5419
5291
5420
5292
5421
5293
5422
5294
5423
5295
5424
5296
5425
5297
5426
5298
5427
5299
5428
5300
5429
5301
5430
5302
5431
5303
5432
5304
5433
5305
5434
5306
5435
5307
5436
5308
5437
5309
5438
5310
5439
5311
5440
5312
5441
5313
5442
5314
5443
5315
5444
5316
5445
5317
5446
5318
5447
5319
5448
5320
5449
5321
5450
5322
5451
5323
5452
5324
5453
5325
5454
5326
5455
5327
5456
5328
5457
5329
5458
5459
5331
5460
5332
5461
5333
5462
5334
5463
5335
5464
5336
5465
5337
5466
5338
5467
5339
5468
5340
5469
5341
5470
5342
5471
5343
5472
5344
5473
5345
5474
5346
5475
5347
5476
5348
5477
5349
5478
5350
5479
5351
5480
5352
5481
5353
5482
5354
5483
5355
5484
5356
5485
5357
5486
5358
5487
5359
5488
5360
5489
5361
5490
5362
5491
5363
5492
5364
5493
5365
5494
5366
5495
5367
5496
5368
5497
5369
5498
5370
5499
5371
5500
5372
5501
5373
5502
5374
5503
5375
5504
5376
5505
5377
5506
5378
5507
5379
5508
5380
5509
5381
5510
5382
5511
5383
5512
5384
5513
5385
5514
5386
5515
5387
5516
5388
5517
5389
5518
5390
5519
5391
5520
5392
5521
5393
5522
5394
5523
5395
5524
5396
5525
5397
5526
5398
5527
5399
5528
5400
5529
5401
5530
5402
5531
5403
5532
5404
5533
5405
5534
5406
5535
5407
5536
5408
5537
5409
5538
5410
5539
5411
5540
5412
5541
5413
5542
5414
5543
5415
5544
5416
5545
5417
5546
5418
5547
5419
5548
5420
5549
5421
5550
5422
5551
5423
5552
5424
5553
5425
5554
5426
5555
5427
5556
5428
5557
5429
5558
5430
5559
5431
5560
5432
5561
5433
5562
5434
5563
5435
5564
5436
5565
5437
5566
5438
5567
5439
5568
5440
5569
5441
5570
5442
5571
5443
5572
5444
5573
5445
5574
5446
5575
5447
5576
5448
5577
5449
5578
5450
5579
5451
5580
5452
5581
5453
5582
5454
5583
5455
5584
5456
5585
5457
5586
5458
5587
5459
5588
5589
5461
5590
5462
5591
5463
5592
5464
5593
5465
5594
5466
5595
5467
5596
5468
5597
5469
5598
5470
5599
5471
5600
5472
5601
5473
5602
5474
5603
5475
5604
5476
5605
5477
5606
5478
5607
5479
5608
5480
5609
5481
5610
5482
5611
5483
5612
5484
5613
5485
5614
5486
5615
5487
5616
5488
5617
5489
5618
5490
5619
5491
5620
5492
5621
5493
5622
5494
5623
5495
5624
5496
5625
5497
5626
5498
5627
5499
5628
5500
5629
5501
5630
5502
5631
5503
5632
5504
5633
5505
5634
5506
5635
5507
5636
5508
5637
5509
5638
5510
5639
5511
5640
5512
5641
5513
5642
5514
5643
5515
5644
5516
5645
5517
5646
5518
5647
5519
5648
5520
5649
5521
5650
5522
5651
5523
5652
5524
5653
5525
5654
5526
5655
5527
5656
5528
5657
5529
5658
5530
5659
5531
5660
5532
5661
5533
5662
5534
5663
5535
5664
5536
5665
5537
5666
5538
5667
5539
5668
5540
5669
5541
5670
5542
5671
5543
5672
5544
5673
5545
5674
5546
5675
5547
5676
5548
5677
5549
5678
5550
5679
5551
5680
5552
5681
5553
5682
5554
5683
5555
5684
5556
5685
5557
5686
5558
5687
5559
5688
5560
5689
5561
5690
5562
5691
5563
5692
5564
5693
5565
5694
5566
5695
5567
5696
5568
5697
5569
5698
5570
5699
5571
5700
5572
5701
5573
5702
5574
5703
5575
5704
5576
5705
5577
5706
5578
5707
5579
5708
5580
5709
5581
5710
5582
5711
5583
5712
5584
5713
5585
5714
5586
5715
5587
5716
5588
5717
5589
5718
5719
5591
5720
5592
5721
5593
5722
5594
5723
5595
5724
5596
5725
5597
5726
5598
5727
5599
5728
5600
5729
5601
5730
5602
5731
5603
5732
5604
5733
5605
5734
5606
5735
5607
5736
5608
5737
5609
5738
5610
5739
5611
5740
5612
5741
5613
5742
5614
5743
5615
5744
5616
5745
5617
5746
5618
5747
5619
5748
5620
5749
5621
5750
5622
5751
5623
5752
5624
5753
5625
5754
5626
5755
5627
5756
5628
5757
5629
5758
5630
5759
5631
5760
5632
5761
5633
5762
5634
5763
5635
5764
5636
5765
5637
5766
5638
5767
5639
5768
5640
5769
5641
5770
5642
5771
5643
5772
5644
5773
5645
5774
5646
5775
5647
5776
5648
5777
5649
5778
5650
5779
5651
5780
5652
5781
5653
5782
5654
5783
5655
5784
5656
5785
5657
5786
5658
5787
5659
5788
5660
5789
5661
5790
5662
5791
5663
5792
5664
5793
5665
5794
5666
5795
5667
5796
5668
5797
5669
5798
5670
5799
5671
5800
5672
5801
5673
5802
5674
5803
5675
5804
5676
5805
5677
5806
5678
5807
5679
5808
5680
5809
5681
5810
5682
5811
5683
5812
5684
5813
5685
5814
5686
5815
5687
5816
5688
5817
5689
5818
5690
5819
5691
5820
5692
5821
5693
5822
5694
5823
5695
5824
5696
5825
5697
5826
5698
5827
5699
5828
5700
5829
5701
5830
5702
5831
5703
5832
5704
5833
5705
5834
5706
5835
5707
5836
5708
5837
5709
5838
5710
5839
5711
5840
5712
5841
5713
5842
5714
5843
5715
5844
5716
5845
5717
5846
5718
5847
5719
5848
5849
5721
5850
5722
5851
5723
5852
5724
5853
5725
5854
5726
5855
5727
5856
5728
5857
5729
5858
5730
5859
5731
5860
5732
5861
5733
5862
5734
5863
5735
5864
5736
5865
5737
5866
5738
5867
5739
5868
5740
5869
5741
5870
5742
5871
5743
5872
5744
5873
5745
5874
5746
5875
5747
5876
5748
5877
5749
5878
5750
5879
5751
5880
5752
5881
5753
5882
5754
5883
5755
5884
5756
5885
5757
5886
5758
5887
5759
5888
5760
5889
5761
5890
5762
5891
5763
5892
5764
5893
5765
5894
5766
5895
5767
5896
5768
5897
5769
5898
5770
5899
5771
5900
5772
5901
5773
5902
5774
5903
5775
5904
5776
5905
5777
5906
5778
5907
5779
5908
5780
5909
5781
5910
5782
5911
5783
5912
5784
5913
5785
5914
5786
5915
5787
5916
5788
5917
5789
5918
5790
5919
5791
5920
5792
5921
5793
5922
5794
5923
5795
5924
5796
5925
5797
5926
5798
5927
5799
5928
5800
5929
5801
5930
5802
5931
5803
5932
5804
5933
5805
5934
5806
5935
5807
5936
5808
5937
5809
5938
5810
5939
5811
5940
5812
5941
5813
5942
5814
5943
5815
5944
5816
5945
5817
5946
5818
5947
5819
5948
5820
5949
5821
5950
5822
5951
5823
5952
5824
5953
5825
5954
5826
5955
5827
5956
5828
5957
5829
5958
5830
5959
5831
5960
5832
5961
5833
5962
5834
5963
5835
5964
5836
5965
5837
5966
5838
5967
5839
5968
5840
5969
5841
5970
5842
5971
5843
5972
5844
5973
5845
5974
5846
5975
5847
5976
5848
5977
5849
5978
5979
5851
5980
5852
5981
5853
5982
5854
5983
5855
5984
5856
5985
5857
5986
5858
5987
5859
5988
5860
5989
5861
5990
5862
5991
5863
5992
5864
5993
5865
5994
5866
5995
5867
5996
5868
5997
5869
5998
5870
5999
5871
6000
5872
6001
5873
6002
5874
6003
5875
6004
5876
6005
5877
6006
5878
6007
5879
6008
5880
6009
5881
6010
5882
6011
5883
6012
5884
6013
5885
6014
5886
6015
5887
6016
5888
6017
5889
6018
5890
6019
5891
6020
5892
6021
5893
6022
5894
6023
5895
6024
5896
6025
5897
6026
5898
6027
5899
6028
5900
6029
5901
6030
5902
6031
5903
6032
5904
6033
5905
6034
5906
6035
5907
6036
5908
6037
5909
6038
5910
6039
5911
6040
5912
6041
5913
6042
5914
6043
5915
6044
5916
6045
5917
6046
5918
6047
5919
6048
5920
6049
5921
6050
5922
6051
5923
6052
5924
6053
5925
6054
5926
6055
5927
6056
5928
6057
5929
6058
5930
6059
5931
6060
5932
6061
5933
6062
5934
6063
5935
6064
5936
6065
5937
6066
5938
6067
5939
6068
5940
6069
5941
6070
5942
6071
5943
6072
5944
6073
5945
6074
5946
6075
5947
6076
5948
6077
5949
6078
5950
6079
5951
6080
5952
6081
5953
6082
5954
6083
5955
6084
5956
6085
5957
6086
5958
6087
5959
6088
5960
6089
5961
6090
5962
6091
5963
6092
5964
6093
5965
6094
5966
6095
5967
6096
5968
6097
5969
6098
5970
6099
5971
6100
5972
6101
5973
6102
5974
6103
5975
6104
5976
6105
5977
6106
5978
6107
5979
6108
6109
5981
6110
5982
6111
5983
6112
5984
6113
5985
6114
5986
6115
5987
6116
5988
6117
5989
6118
5990
6119
5991
6120
5992
6121
5993
6122
5994
6123
5995
6124
5996
6125
5997
6126
5998
6127
5999
6128
6000
6129
6001
6130
6002
6131
6003
6132
6004
6133
6005
6134
6006
6135
6007
6136
6008
6137
6009
6138
6010
6139
6011
6140
6012
6141
6013
6142
6014
6143
6015
6144
6016
6145
6017
6146
6018
6147
6019
6148
6020
6149
6021
6150
6022
6151
6023
6152
6024
6153
6025
6154
6026
6155
6027
6156
6028
6157
6029
6158
6030
6159
6031
6160
6032
6161
6033
6162
6034
6163
6035
6164
6036
6165
6037
6166
6038
6167
6039
6168
6040
6169
6041
6170
6042
6171
6043
6172
6044
6173
6045
6174
6046
6175
6047
6176
6048
6177
6049
6178
6050
6179
6051
6180
6052
6181
6053
6182
6054
6183
6055
6184
6056
6185
6057
6186
6058
6187
6059
6188
6060
6189
6061
6190
6062
6191
6063
6192
6064
6193
6065
6194
6066
6195
6067
6196
6068
6197
6069
6198
6070
6199
6071
6200
6072
6201
6073
6202
6074
6203
6075
6204
6076
6205
6077
6206
6078
6207
6079
6208
6080
6209
6081
6210
6082
6211
6083
6212
6084
6213
6085
6214
6086
6215
6087
6216
6088
6217
6089
6218
6090
6219
6091
6220
6092
6221
6093
6222
6094
6223
6095
6224
6096
6225
6097
6226
6098
6227
6099
6228
6100
6229
6101
6230
6102
6231
6103
6232
6104
6233
6105
6234
6106
6235
6107
6236
6108
6237
6109
6238
6239
6111
6240
6112
6241
6113
6242
6114
6243
6115
6244
6116
6245
6117
6246
6118
6247
6119
6248
6120
6249
6121
6250
6122
6251
6123
6252
6124
6253
6125
6254
6126
6255
6127
6256
6128
6257
6129
6258
6130
6259
6131
6260
6132
6261
6133
6262
6134
6263
6135
6264
6136
6265
6137
6266
6138
6267
6139
6268
6140
6269
6141
6270
6142
6271
6143
6272
6144
6273
6145
6274
6146
6275
6147
6276
6148
6277
6149
6278
6150
6279
6151
6280
6152
6281
6153
6282
6154
6283
6155
6284
6156
6285
6157
6286
6158
6287
6159
6288
6160
6289
6161
6290
6162
6291
6163
6292
6164
6293
6165
6294
6166
6295
6167
6296
6168
6297
6169
6298
6170
6299
6171
6300
6172
6301
6173
6302
6174
6303
6175
6304
6176
6305
6177
6306
6178
6307
6179
6308
6180
6309
6181
6310
6182
6311
6183
6312
6184
6313
6185
6314
6186
6315
6187
6316
6188
6317
6189
6318
6190
6319
6191
6320
6192
6321
6193
6322
6194
6323
6195
6324
6196
6325
6197
6326
6198
6327
6199
6328
6200
6329
6201
6330
6202
6331
6203
6332
6204
6333
6205
6334
6206
6335
6207
6336
6208
6337
6209
6338
6210
6339
6211
6340
6212
6341
6213
6342
6214
6343
6215
6344
6216
6345
6217
6346
6218
6347
6219
6348
6220
6349
6221
6350
6222
6351
6223
6352
6224
6353
6225
6354
6226
6355
6227
6356
6228
6357
6229
6358
6230
6359
6231
6360
6232
6361
6233
6362
6234
6363
6235
6364
6236
6365
6237
6366
6238
6367
6239
6368
6369
6241
6370
6242
6371
6243
6372
6244
6373
6245
6374
6246
6375
6247
6376
6248
6377
6249
6378
6250
6379
6251
6380
6252
6381
6253
6382
6254
6383
6255
6384
6256
6385
6257
6386
6258
6387
6259
6388
6260
6389
6261
6390
6262
6391
6263
6392
6264
6393
6265
6394
6266
6395
6267
6396
6268
6397
6269
6398
6270
6399
6271
6400
6272
6401
6273
6402
6274
6403
6275
6404
6276
6405
6277
6406
6278
6407
6279
6408
6280
6409
6281
6410
6282
6411
6283
6412
6284
6413
6285
6414
6286
6415
6287
6416
6288
6417
6289
6418
6290
6419
6291
6420
6292
6421
6293
6422
6294
6423
6295
6424
6296
6425
6297
6426
6298
6427
6299
6428
6300
6429
6301
6430
6302
6431
6303
6432
6304
6433
6305
6434
6306
6435
6307
6436
6308
6437
6309
6438
6310
6439
6311
6440
6312
6441
6313
6442
6314
6443
6315
6444
6316
6445
6317
6446
6318
6447
6319
6448
6320
6449
6321
6450
6322
6451
6323
6452
6324
6453
6325
6454
6326
6455
6327
6456
6328
6457
6329
6458
6330
6459
6331
6460
6332
6461
6333
6462
6334
6463
6335
6464
6336
6465
6337
6466
6338
6467
6339
6468
6340
6469
6341
6470
6342
6471
6343
6472
6344
6473
6345
6474
6346
6475
6347
6476
6348
6477
6349
6478
6350
6479
6351
6480
6352
6481
6353
6482
6354
6483
6355
6484
6356
6485
6357
6486
6358
6487
6359
6488
6360
6489
6361
6490
6362
6491
6363
6492
6364
6493
6365
6494
6366
6495
6367
6496
6368
6497
6369
6498
6499
6371
6500
6372
6501
6373
6502
6374
6503
6375
6504
6376
6505
6377
6506
6378
6507
6379
6508
6380
6509
6381
6510
6382
6511
6383
6512
6384
6513
6385
6514
6386
6515
6387
6516
6388
6517
6389
6518
6390
6519
6391
6520
6392
6521
6393
6522
6394
6523
6395
6524
6396
6525
6397
6526
6398
6527
6399
6528
6400
6529
6401
6530
6402
6531
6403
6532
6404
6533
6405
6534
6406
6535
6407
6536
6408
6537
6409
6538
6410
6539
6411
6540
6412
6541
6413
6542
6414
6543
6415
6544
6416
6545
6417
6546
6418
6547
6419
6548
6420
6549
6421
6550
6422
6551
6423
6552
6424
6553
6425
6554
6426
6555
6427
6556
6428
6557
6429
6558
6430
6559
6431
6560
6432
6561
6433
6562
6434
6563
6435
6564
6436
6565
6437
6566
6438
6567
6439
6568
6440
6569
6441
6570
6442
6571
6443
6572
6444
6573
6445
6574
6446
6575
6447
6576
6448
6577
6449
6578
6450
6579
6451
6580
6452
6581
6453
6582
6454
6583
6455
6584
6456
6585
6457
6586
6458
6587
6459
6588
6460
6589
6461
6590
6462
6591
6463
6592
6464
6593
6465
6594
6466
6595
6467
6596
6468
6597
6469
6598
6470
6599
6471
6600
6472
6601
6473
6602
6474
6603
6475
6604
6476
6605
6477
6606
6478
6607
6479
6608
6480
6609
6481
6610
6482
6611
6483
6612
6484
6613
6485
6614
6486
6615
6487
6616
6488
6617
6489
6618
6490
6619
6491
6620
6492
6621
6493
6622
6494
6623
6495
6624
6496
6625
6497
6626
6498
6627
6499
6628
6629
6501
6630
6502
6631
6503
6632
6504
6633
6505
6634
6506
6635
6507
6636
6508
6637
6509
6638
6510
6639
6511
6640
6512
6641
6513
6642
6514
6643
6515
6644
6516
6645
6517
6646
6518
6647
6519
6648
6520
6649
6521
6650
6522
6651
6523
6652
6524
6653
6525
6654
6526
6655
6527
6656
6528
6657
6529
6658
6530
6659
6531
6660
6532
6661
6533
6662
6534
6663
6535
6664
6536
6665
6537
6666
6538
6667
6539
6668
6540
6669
6541
6670
6542
6671
6543
6672
6544
6673
6545
6674
6546
6675
6547
6676
6548
6677
6549
6678
6550
6679
6551
6680
6552
6681
6553
6682
6554
6683
6555
6684
6556
6685
6557
6686
6558
6687
6559
6688
6560
6689
6561
6690
6562
6691
6563
6692
6564
6693
6565
6694
6566
6695
6567
6696
6568
6697
6569
6698
6570
6699
6571
6700
6572
6701
6573
6702
6574
6703
6575
6704
6576
6705
6577
6706
6578
6707
6579
6708
6580
6709
6581
6710
6582
6711
6583
6712
6584
6713
6585
6714
6586
6715
6587
6716
6588
6717
6589
6718
6590
6719
6591
6720
6592
6721
6593
6722
6594
6723
6595
6724
6596
6725
6597
6726
6598
6727
6599
6728
6600
6729
6601
6730
6602
6731
6603
6732
6604
6733
6605
6734
6606
6735
6607
6736
6608
6737
6609
6738
6610
6739
6611
6740
6612
6741
6613
6742
6614
6743
6615
6744
6616
6745
6617
6746
6618
6747
6619
6748
6620
6749
6621
6750
6622
6751
6623
6752
6624
6753
6625
6754
6626
6755
6627
6756
6628
6757
6629
6758
6759
6631
6760
6632
6761
6633
6762
6634
6763
6635
6764
6636
6765
6637
6766
6638
6767
6639
6768
6640
6769
6641
6770
6642
6771
6643
6772
6644
6773
6645
6774
6646
6775
6647
6776
6648
6777
6649
6778
6650
6779
6651
6780
6652
6781
6653
6782
6654
6783
6655
6784
6656
6785
6657
6786
6658
6787
6659
6788
6660
6789
6661
6790
6662
6791
6663
6792
6664
6793
6665
6794
6666
6795
6667
6796
6668
6797
6669
6798
6670
6799
6671
6800
6672
6801
6673
6802
6674
6803
6675
6804
6676
6805
6677
6806
6678
6807
6679
6808
6680
6809
6681
6810
6682
6811
6683
6812
6684
6813
6685
6814
6686
6815
6687
6816
6688
6817
6689
6818
6690
6819
6691
6820
6692
6821
6693
6822
6694
6823
6695
6824
6696
6825
6697
6826
6698
6827
6699
6828
6700
6829
6701
6830
6702
6831
6703
6832
6704
6833
6705
6834
6706
6835
6707
6836
6708
6837
6709
6838
6710
6839
6711
6840
6712
6841
6713
6842
6714
6843
6715
6844
6716
6845
6717
6846
6718
6847
6719
6848
6720
6849
6721
6850
6722
6851
6723
6852
6724
6853
6725
6854
6726
6855
6727
6856
6728
6857
6729
6858
6730
6859
6731
6860
6732
6861
6733
6862
6734
6863
6735
6864
6736
6865
6737
6866
6738
6867
6739
6868
6740
6869
6741
6870
6742
6871
6743
6872
6744
6873
6745
6874
6746
6875
6747
6876
6748
6877
6749
6878
6750
6879
6751
6880
6752
6881
6753
6882
6754
6883
6755
6884
6756
6885
6757
6886
6758
6887
6759
6888
6889
6761
6890
6762
6891
6763
6892
6764
6893
6765
6894
6766
6895
6767
6896
6768
6897
6769
6898
6770
6899
6771
6900
6772
6901
6773
6902
6774
6903
6775
6904
6776
6905
6777
6906
6778
6907
6779
6908
6780
6909
6781
6910
6782
6911
6783
6912
6784
6913
6785
6914
6786
6915
6787
6916
6788
6917
6789
6918
6790
6919
6791
6920
6792
6921
6793
6922
6794
6923
6795
6924
6796
6925
6797
6926
6798
6927
6799
6928
6800
6929
6801
6930
6802
6931
6803
6932
6804
6933
6805
6934
6806
6935
6807
6936
6808
6937
6809
6938
6810
6939
6811
6940
6812
6941
6813
6942
6814
6943
6815
6944
6816
6945
6817
6946
6818
6947
6819
6948
6820
6949
6821
6950
6822
6951
6823
6952
6824
6953
6825
6954
6826
6955
6827
6956
6828
6957
6829
6958
6830
6959
6831
6960
6832
6961
6833
6962
6834
6963
6835
6964
6836
6965
6837
6966
6838
6967
6839
6968
6840
6969
6841
6970
6842
6971
6843
6972
6844
6973
6845
6974
6846
6975
6847
6976
6848
6977
6849
6978
6850
6979
6851
6980
6852
6981
6853
6982
6854
6983
6855
6984
6856
6985
6857
6986
6858
6987
6859
6988
6860
6989
6861
6990
6862
6991
6863
6992
6864
6993
6865
6994
6866
6995
6867
6996
6868
6997
6869
6998
6870
6999
6871
7000
6872
7001
6873
7002
6874
7003
6875
7004
6876
7005
6877
7006
6878
7007
6879
7008
6880
7009
6881
7010
6882
7011
6883
7012
6884
7013
6885
7014
6886
7015
6887
7016
6888
7017
6889
7018
7019
6891
7020
6892
7021
6893
7022
6894
7023
6895
7024
6896
7025
6897
7026
6898
7027
6899
7028
6900
7029
6901
7030
6902
7031
6903
7032
6904
7033
6905
7034
6906
7035
6907
7036
6908
7037
6909
7038
6910
7039
6911
7040
6912
7041
6913
7042
6914
7043
6915
7044
6916
7045
6917
7046
6918
7047
6919
7048
6920
7049
6921
7050
6922
7051
6923
7052
6924
7053
6925
7054
6926
7055
6927
7056
6928
7057
6929
7058
6930
7059
6931
7060
6932
7061
6933
7062
6934
7063
6935
7064
6936
7065
6937
7066
6938
7067
6939
7068
6940
7069
6941
7070
6942
7071
6943
7072
6944
7073
6945
7074
6946
7075
6947
7076
6948
7077
6949
7078
6950
7079
6951
7080
6952
7081
6953
7082
6954
7083
6955
7084
6956
7085
6957
7086
6958
7087
6959
7088
6960
7089
6961
7090
6962
7091
6963
7092
6964
7093
6965
7094
6966
7095
6967
7096
6968
7097
6969
7098
6970
7099
6971
7100
6972
7101
6973
7102
6974
7103
6975
7104
6976
7105
6977
7106
6978
7107
6979
7108
6980
7109
6981
7110
6982
7111
6983
7112
6984
7113
6985
7114
6986
7115
6987
7116
6988
7117
6989
7118
6990
7119
6991
7120
6992
7121
6993
7122
6994
7123
6995
7124
6996
7125
6997
7126
6998
7127
6999
7128
7000
7129
7001
7130
7002
7131
7003
7132
7004
7133
7005
7134
7006
7135
7007
7136
7008
7137
7009
7138
7010
7139
7011
7140
7012
7141
7013
7142
7014
7143
7015
7144
7016
7145
7017
7146
7018
7147
7019
7148
7149
7021
7150
7022
7151
7023
7152
7024
7153
7025
7154
7026
7155
7027
7156
7028
7157
7029
7158
7030
7159
7031
7160
7032
7161
7033
7162
7034
7163
7035
7164
7036
7165
7037
7166
7038
7167
7039
7168
7040
7169
7041
7170
7042
7171
7043
7172
7044
7173
7045
7174
7046
7175
7047
7176
7048
7177
7049
7178
7050
7179
7051
7180
7052
7181
7053
7182
7054
7183
7055
7184
7056
7185
7057
7186
7058
7187
7059
7188
7060
7189
7061
7190
7062
7191
7063
7192
7064
7193
7065
7194
7066
7195
7067
7196
7068
7197
7069
7198
7070
7199
7071
7200
7072
7201
7073
7202
7074
7203
7075
7204
7076
7205
7077
7206
7078
7207
7079
7208
7080
7209
7081
7210
7082
7211
7083
7212
7084
7213
7085
7214
7086
7215
7087
7216
7088
7217
7089
7218
7090
7219
7091
7220
7092
7221
7093
7222
7094
7223
7095
7224
7096
7225
7097
7226
7098
7227
7099
7228
7100
7229
7101
7230
7102
7231
7103
7232
7104
7233
7105
7234
7106
7235
7107
7236
7108
7237
7109
7238
7110
7239
7111
7240
7112
7241
7113
7242
7114
7243
7115
7244
7116
7245
7117
7246
7118
7247
7119
7248
7120
7249
7121
7250
7122
7251
7123
7252
7124
7253
7125
7254
7126
7255
7127
7256
7128
7257
7129
7258
7130
7259
7131
7260
7132
7261
7133
7262
7134
7263
7135
7264
7136
7265
7137
7266
7138
7267
7139
7268
7140
7269
7141
7270
7142
7271
7143
7272
7144
7273
7145
7274
7146
7275
7147
7276
7148
7277
7149
7278
7279
7151
7280
7152
7281
7153
7282
7154
7283
7155
7284
7156
7285
7157
7286
7158
7287
7159
7288
7160
7289
7161
7290
7162
7291
7163
7292
7164
7293
7165
7294
7166
7295
7167
7296
7168
7297
7169
7298
7170
7299
7171
7300
7172
7301
7173
7302
7174
7303
7175
7304
7176
7305
7177
7306
7178
7307
7179
7308
7180
7309
7181
7310
7182
7311
7183
7312
7184
7313
7185
7314
7186
7315
7187
7316
7188
7317
7189
7318
7190
7319
7191
7320
7192
7321
7193
7322
7194
7323
7195
7324
7196
7325
7197
7326
7198
7327
7199
7328
7200
7329
7201
7330
7202
7331
7203
7332
7204
7333
7205
7334
7206
7335
7207
7336
7208
7337
7209
7338
7210
7339
7211
7340
7212
7341
7213
7342
7214
7343
7215
7344
7216
7345
7217
7346
7218
7347
7219
7348
7220
7349
7221
7350
7222
7351
7223
7352
7224
7353
7225
7354
7226
7355
7227
7356
7228
7357
7229
7358
7230
7359
7231
7360
7232
7361
7233
7362
7234
7363
7235
7364
7236
7365
7237
7366
7238
7367
7239
7368
7240
7369
7241
7370
7242
7371
7243
7372
7244
7373
7245
7374
7246
7375
7247
7376
7248
7377
7249
7378
7250
7379
7251
7380
7252
7381
7253
7382
7254
7383
7255
7384
7256
7385
7257
7386
7258
7387
7259
7388
7260
7389
7261
7390
7262
7391
7263
7392
7264
7393
7265
7394
7266
7395
7267
7396
7268
7397
7269
7398
7270
7399
7271
7400
7272
7401
7273
7402
7274
7403
7275
7404
7276
7405
7277
7406
7278
7407
7279
7408
7409
7281
7410
7282
7411
7283
7412
7284
7413
7285
7414
7286
7415
7287
7416
7288
7417
7289
7418
7290
7419
7291
7420
7292
7421
7293
7422
7294
7423
7295
7424
7296
7425
7297
7426
7298
7427
7299
7428
7300
7429
7301
7430
7302
7431
7303
7432
7304
7433
7305
7434
7306
7435
7307
7436
7308
7437
7309
7438
7310
7439
7311
7440
7312
7441
7313
7442
7314
7443
7315
7444
7316
7445
7317
7446
7318
7447
7319
7448
7320
7449
7321
7450
7322
7451
7323
7452
7324
7453
7325
7454
7326
7455
7327
7456
7328
7457
7329
7458
7330
7459
7331
7460
7332
7461
7333
7462
7334
7463
7335
7464
7336
7465
7337
7466
7338
7467
7339
7468
7340
7469
7341
7470
7342
7471
7343
7472
7344
7473
7345
7474
7346
7475
7347
7476
7348
7477
7349
7478
7350
7479
7351
7480
7352
7481
7353
7482
7354
7483
7355
7484
7356
7485
7357
7486
7358
7487
7359
7488
7360
7489
7361
7490
7362
7491
7363
7492
7364
7493
7365
7494
7366
7495
7367
7496
7368
7497
7369
7498
7370
7499
7371
7500
7372
7501
7373
7502
7374
7503
7375
7504
7376
7505
7377
7506
7378
7507
7379
7508
7380
7509
7381
7510
7382
7511
7383
7512
7384
7513
7385
7514
7386
7515
7387
7516
7388
7517
7389
7518
7390
7519
7391
7520
7392
7521
7393
7522
7394
7523
7395
7524
7396
7525
7397
7526
7398
7527
7399
7528
7400
7529
7401
7530
7402
7531
7403
7532
7404
7533
7405
7534
7406
7535
7407
7536
7408
7537
7409
7538
7539
7411
7540
7412
7541
7413
7542
7414
7543
7415
7544
7416
7545
7417
7546
7418
7547
7419
7548
7420
7549
7421
7550
7422
7551
7423
7552
7424
7553
7425
7554
7426
7555
7427
7556
7428
7557
7429
7558
7430
7559
7431
7560
7432
7561
7433
7562
7434
7563
7435
7564
7436
7565
7437
7566
7438
7567
7439
7568
7440
7569
7441
7570
7442
7571
7443
7572
7444
7573
7445
7574
7446
7575
7447
7576
7448
7577
7449
7578
7450
7579
7451
7580
7452
7581
7453
7582
7454
7583
7455
7584
7456
7585
7457
7586
7458
7587
7459
7588
7460
7589
7461
7590
7462
7591
7463
7592
7464
7593
7465
7594
7466
7595
7467
7596
7468
7597
7469
7598
7470
7599
7471
7600
7472
7601
7473
7602
7474
7603
7475
7604
7476
7605
7477
7606
7478
7607
7479
7608
7480
7609
7481
7610
7482
7611
7483
7612
7484
7613
7485
7614
7486
7615
7487
7616
7488
7617
7489
7618
7490
7619
7491
7620
7492
7621
7493
7622
7494
7623
7495
7624
7496
7625
7497
7626
7498
7627
7499
7628
7500
7629
7501
7630
7502
7631
7503
7632
7504
7633
7505
7634
7506
7635
7507
7636
7508
7637
7509
7638
7510
7639
7511
7640
7512
7641
7513
7642
7514
7643
7515
7644
7516
7645
7517
7646
7518
7647
7519
7648
7520
7649
7521
7650
7522
7651
7523
7652
7524
7653
7525
7654
7526
7655
7527
7656
7528
7657
7529
7658
7530
7659
7531
7660
7532
7661
7533
7662
7534
7663
7535
7664
7536
7665
7537
7666
7538
7667
7539
7668
7669
7541
7670
7542
7671
7543
7672
7544
7673
7545
7674
7546
7675
7547
7676
7548
7677
7549
7678
7550
7679
7551
7680
7552
7681
7553
7682
7554
7683
7555
7684
7556
7685
7557
7686
7558
7687
7559
7688
7560
7689
7561
7690
7562
7691
7563
7692
7564
7693
7565
7694
7566
7695
7567
7696
7568
7697
7569
7698
7570
7699
7571
7700
7572
7701
7573
7702
7574
7703
7575
7704
7576
7705
7577
7706
7578
7707
7579
7708
7580
7709
7581
7710
7582
7711
7583
7712
7584
7713
7585
7714
7586
7715
7587
7716
7588
7717
7589
7718
7590
7719
7591
7720
7592
7721
7593
7722
7594
7723
7595
7724
7596
7725
7597
7726
7598
7727
7599
7728
7600
7729
7601
7730
7602
7731
7603
7732
7604
7733
7605
7734
7606
7735
7607
7736
7608
7737
7609
7738
7610
7739
7611
7740
7612
7741
7613
7742
7614
7743
7615
7744
7616
7745
7617
7746
7618
7747
7619
7748
7620
7749
7621
7750
7622
7751
7623
7752
7624
7753
7625
7754
7626
7755
7627
7756
7628
7757
7629
7758
7630
7759
7631
7760
7632
7761
7633
7762
7634
7763
7635
7764
7636
7765
7637
7766
7638
7767
7639
7768
7640
7769
7641
7770
7642
7771
7643
7772
7644
7773
7645
7774
7646
7775
7647
7776
7648
7777
7649
7778
7650
7779
7651
7780
7652
7781
7653
7782
7654
7783
7655
7784
7656
7785
7657
7786
7658
7787
7659
7788
7660
7789
7661
7790
7662
7791
7663
7792
7664
7793
7665
7794
7666
7795
7667
7796
7668
7797
7669
7798
7799
7671
7800
7672
7801
7673
7802
7674
7803
7675
7804
7676
7805
7677
7806
7678
7807
7679
7808
7680
7809
7681
7810
7682
7811
7683
7812
7684
7813
7685
7814
7686
7815
7687
7816
7688
7817
7689
7818
7690
7819
7691
7820
7692
7821
7693
7822
7694
7823
7695
7824
7696
7825
7697
7826
7698
7827
7699
7828
7700
7829
7701
7830
7702
7831
7703
7832
7704
7833
7705
7834
7706
7835
7707
7836
7708
7837
7709
7838
7710
7839
7711
7840
7712
7841
7713
7842
7714
7843
7715
7844
7716
7845
7717
7846
7718
7847
7719
7848
7720
7849
7721
7850
7722
7851
7723
7852
7724
7853
7725
7854
7726
7855
7727
7856
7728
7857
7729
7858
7730
7859
7731
7860
7732
7861
7733
7862
7734
7863
7735
7864
7736
7865
7737
7866
7738
7867
7739
7868
7740
7869
7741
7870
7742
7871
7743
7872
7744
7873
7745
7874
7746
7875
7747
7876
7748
7877
7749
7878
7750
7879
7751
7880
7752
7881
7753
7882
7754
7883
7755
7884
7756
7885
7757
7886
7758
7887
7759
7888
7760
7889
7761
7890
7762
7891
7763
7892
7764
7893
7765
7894
7766
7895
7767
7896
7768
7897
7769
7898
7770
7899
7771
7900
7772
7901
7773
7902
7774
7903
7775
7904
7776
7905
7777
7906
7778
7907
7779
7908
7780
7909
7781
7910
7782
7911
7783
7912
7784
7913
7785
7914
7786
7915
7787
7916
7788
7917
7789
7918
7790
7919
7791
7920
7792
7921
7793
7922
7794
7923
7795
7924
7796
7925
7797
7926
7798
7927
7799
7928
7929
7801
7930
7802
7931
7803
7932
7804
7933
7805
7934
7806
7935
7807
7936
7808
7937
7809
7938
7810
7939
7811
7940
7812
7941
7813
7942
7814
7943
7815
7944
7816
7945
7817
7946
7818
7947
7819
7948
7820
7949
7821
7950
7822
7951
7823
7952
7824
7953
7825
7954
7826
7955
7827
7956
7828
7957
7829
7958
7830
7959
7831
7960
7832
7961
7833
7962
7834
7963
7835
7964
7836
7965
7837
7966
7838
7967
7839
7968
7840
7969
7841
7970
7842
7971
7843
7972
7844
7973
7845
7974
7846
7975
7847
7976
7848
7977
7849
7978
7850
7979
7851
7980
7852
7981
7853
7982
7854
7983
7855
7984
7856
7985
7857
7986
7858
7987
7859
7988
7860
7989
7861
7990
7862
7991
7863
7992
7864
7993
7865
7994
7866
7995
7867
7996
7868
7997
7869
7998
7870
7999
7871
8000
7872
8001
7873
8002
7874
8003
7875
8004
7876
8005
7877
8006
7878
8007
7879
8008
7880
8009
7881
8010
7882
8011
7883
8012
7884
8013
7885
8014
7886
8015
7887
8016
7888
8017
7889
8018
7890
8019
7891
8020
7892
8021
7893
8022
7894
8023
7895
8024
7896
8025
7897
8026
7898
8027
7899
8028
7900
8029
7901
8030
7902
8031
7903
8032
7904
8033
7905
8034
7906
8035
7907
8036
7908
8037
7909
8038
7910
8039
7911
8040
7912
8041
7913
8042
7914
8043
7915
8044
7916
8045
7917
8046
7918
8047
7919
8048
7920
8049
7921
8050
7922
8051
7923
8052
7924
8053
7925
8054
7926
8055
7927
8056
7928
8057
7929
8058
8059
7931
8060
7932
8061
7933
8062
7934
8063
7935
8064
7936
8065
7937
8066
7938
8067
7939
8068
7940
8069
7941
8070
7942
8071
7943
8072
7944
8073
7945
8074
7946
8075
7947
8076
7948
8077
7949
8078
7950
8079
7951
8080
7952
8081
7953
8082
7954
8083
7955
8084
7956
8085
7957
8086
7958
8087
7959
8088
7960
8089
7961
8090
7962
8091
7963
8092
7964
8093
7965
8094
7966
8095
7967
8096
7968
8097
7969
8098
7970
8099
7971
8100
7972
8101
7973
8102
7974
8103
7975
8104
7976
8105
7977
8106
7978
8107
7979
8108
7980
8109
7981
8110
7982
8111
7983
8112
7984
8113
7985
8114
7986
8115
7987
8116
7988
8117
7989
8118
7990
8119
7991
8120
7992
8121
7993
8122
7994
8123
7995
8124
7996
8125
7997
8126
7998
8127
7999
8128
8000
8129
8001
8130
8002
8131
8003
8132
8004
8133
8005
8134
8006
8135
8007
8136
8008
8137
8009
8138
8010
8139
8011
8140
8012
8141
8013
8142
8014
8143
8015
8144
8016
8145
8017
8146
8018
8147
8019
8148
8020
8149
8021
8150
8022
8151
8023
8152
8024
8153
8025
8154
8026
8155
8027
8156
8028
8157
8029
8158
8030
8159
8031
8160
8032
8161
8033
8162
8034
8163
8035
8164
8036
8165
8037
8166
8038
8167
8039
8168
8040
8169
8041
8170
8042
8171
8043
8172
8044
8173
8045
8174
8046
8175
8047
8176
8048
8177
8049
8178
8050
8179
8051
8180
8052
8181
8053
8182
8054
8183
8055
8184
8056
8185
8057
8186
8058
8187
8059
8188
8189
8061
8190
8062
8191
8063
8192
8064
8193
8065
8194
8066
8195
8067
8196
8068
8197
8069
8198
8070
8199
8071
8200
8072
8201
8073
8202
8074
8203
8075
8204
8076
8205
8077
8206
8078
8207
8079
8208
8080
8209
8081
8210
8082
8211
8083
8212
8084
8213
8085
8214
8086
8215
8087
8216
8088
8217
8089
8218
8090
8219
8091
8220
8092
8221
8093
8222
8094
8223
8095
8224
8096
8225
8097
8226
8098
8227
8099
8228
8100
8229
8101
8230
8102
8231
8103
8232
8104
8233
8105
8234
8106
8235
8107
8236
8108
8237
8109
8238
8110
8239
8111
8240
8112
8241
8113
8242
8114
8243
8115
8244
8116
8245
8117
8246
8118
8247
8119
8248
8120
8249
8121
8250
8122
8251
8123
8252
8124
8253
8125
8254
8126
8255
8127
8256
8128
8257
8129
8258
8130
8259
8131
8260
8132
8261
8133
8262
8134
8263
8135
8264
8136
8265
8137
8266
8138
8267
8139
8268
8140
8269
8141
8270
8142
8271
8143
8272
8144
8273
8145
8274
8146
8275
8147
8276
8148
8277
8149
8278
8150
8279
8151
8280
8152
8281
8153
8282
8154
8283
8155
8284
8156
8285
8157
8286
8158
8287
8159
8288
8160
8289
8161
8290
8162
8291
8163
8292
8164
8293
8165
8294
8166
8295
8167
8296
8168
8297
8169
8298
8170
8299
8171
8300
8172
8301
8173
8302
8174
8303
8175
8304
8176
8305
8177
8306
8178
8307
8179
8308
8180
8309
8181
8310
8182
8311
8183
8312
8184
8313
8185
8314
8186
8315
8187
8316
8188
8317
8189
8318
8319
8191
8320
8192
8321
8193
8322
8194
8323
8195
8324
8196
8325
8197
8326
8198
8327
8199
8328
8200
8329
8201
8330
8202
8331
8203
8332
8204
8333
8205
8334
8206
8335
8207
8336
8208
8337
8209
8338
8210
8339
8211
8340
8212
8341
8213
8342
8214
8343
8215
8344
8216
8345
8217
8346
8218
8347
8219
8348
8220
8349
8221
8350
8222
8351
8223
8352
8224
8353
8225
8354
8226
8355
8227
8356
8228
8357
8229
8358
8230
8359
8231
8360
8232
8361
8233
8362
8234
8363
8235
8364
8236
8365
8237
8366
8238
8367
8239
8368
8240
8369
8241
8370
8242
8371
8243
8372
8244
8373
8245
8374
8246
8375
8247
8376
8248
8377
8249
8378
8250
8379
8251
8380
8252
8381
8253
8382
8254
8383
8255
8384
8256
8385
8257
8386
8258
8387
8259
8388
8260
8389
8261
8390
8262
8391
8263
8392
8264
8393
8265
8394
8266
8395
8267
8396
8268
8397
8269
8398
8270
8399
8271
8400
8272
8401
8273
8402
8274
8403
8275
8404
8276
8405
8277
8406
8278
8407
8279
8408
8280
8409
8281
8410
8282
8411
8283
8412
8284
8413
8285
8414
8286
8415
8287
8416
8288
8417
8289
8418
8290
8419
8291
8420
8292
8421
8293
8422
8294
8423
8295
8424
8296
8425
8297
8426
8298
8427
8299
8428
8300
8429
8301
8430
8302
8431
8303
8432
8304
8433
8305
8434
8306
8435
8307
8436
8308
8437
8309
8438
8310
8439
8311
8440
8312
8441
8313
8442
8314
8443
8315
8444
8316
8445
8317
8446
8318
8447
8319
8448
8449
8321
8450
8322
8451
8323
8452
8324
8453
8325
8454
8326
8455
8327
8456
8328
8457
8329
8458
8330
8459
8331
8460
8332
8461
8333
8462
8334
8463
8335
8464
8336
8465
8337
8466
8338
8467
8339
8468
8340
8469
8341
8470
8342
8471
8343
8472
8344
8473
8345
8474
8346
8475
8347
8476
8348
8477
8349
8478
8350
8479
8351
8480
8352
8481
8353
8482
8354
8483
8355
8484
8356
8485
8357
8486
8358
8487
8359
8488
8360
8489
8361
8490
8362
8491
8363
8492
8364
8493
8365
8494
8366
8495
8367
8496
8368
8497
8369
8498
8370
8499
8371
8500
8372
8501
8373
8502
8374
8503
8375
8504
8376
8505
8377
8506
8378
8507
8379
8508
8380
8509
8381
8510
8382
8511
8383
8512
8384
8513
8385
8514
8386
8515
8387
8516
8388
8517
8389
8518
8390
8519
8391
8520
8392
8521
8393
8522
8394
8523
8395
8524
8396
8525
8397
8526
8398
8527
8399
8528
8400
8529
8401
8530
8402
8531
8403
8532
8404
8533
8405
8534
8406
8535
8407
8536
8408
8537
8409
8538
8410
8539
8411
8540
8412
8541
8413
8542
8414
8543
8415
8544
8416
8545
8417
8546
8418
8547
8419
8548
8420
8549
8421
8550
8422
8551
8423
8552
8424
8553
8425
8554
8426
8555
8427
8556
8428
8557
8429
8558
8430
8559
8431
8560
8432
8561
8433
8562
8434
8563
8435
8564
8436
8565
8437
8566
8438
8567
8439
8568
8440
8569
8441
8570
8442
8571
8443
8572
8444
8573
8445
8574
8446
8575
8447
8576
8448
8577
8449
8578
8579
8451
8580
8452
8581
8453
8582
8454
8583
8455
8584
8456
8585
8457
8586
8458
8587
8459
8588
8460
8589
8461
8590
8462
8591
8463
8592
8464
8593
8465
8594
8466
8595
8467
8596
8468
8597
8469
8598
8470
8599
8471
8600
8472
8601
8473
8602
8474
8603
8475
8604
8476
8605
8477
8606
8478
8607
8479
8608
8480
8609
8481
8610
8482
8611
8483
8612
8484
8613
8485
8614
8486
8615
8487
8616
8488
8617
8489
8618
8490
8619
8491
8620
8492
8621
8493
8622
8494
8623
8495
8624
8496
8625
8497
8626
8498
8627
8499
8628
8500
8629
8501
8630
8502
8631
8503
8632
8504
8633
8505
8634
8506
8635
8507
8636
8508
8637
8509
8638
8510
8639
8511
8640
8512
8641
8513
8642
8514
8643
8515
8644
8516
8645
8517
8646
8518
8647
8519
8648
8520
8649
8521
8650
8522
8651
8523
8652
8524
8653
8525
8654
8526
8655
8527
8656
8528
8657
8529
8658
8530
8659
8531
8660
8532
8661
8533
8662
8534
8663
8535
8664
8536
8665
8537
8666
8538
8667
8539
8668
8540
8669
8541
8670
8542
8671
8543
8672
8544
8673
8545
8674
8546
8675
8547
8676
8548
8677
8549
8678
8550
8679
8551
8680
8552
8681
8553
8682
8554
8683
8555
8684
8556
8685
8557
8686
8558
8687
8559
8688
8560
8689
8561
8690
8562
8691
8563
8692
8564
8693
8565
8694
8566
8695
8567
8696
8568
8697
8569
8698
8570
8699
8571
8700
8572
8701
8573
8702
8574
8703
8575
8704
8576
8705
8577
8706
8578
8707
8579
8708
8709
8581
8710
8582
8711
8583
8712
8584
8713
8585
8714
8586
8715
8587
8716
8588
8717
8589
8718
8590
8719
8591
8720
8592
8721
8593
8722
8594
8723
8595
8724
8596
8725
8597
8726
8598
8727
8599
8728
8600
8729
8601
8730
8602
8731
8603
8732
8604
8733
8605
8734
8606
8735
8607
8736
8608
8737
8609
8738
8610
8739
8611
8740
8612
8741
8613
8742
8614
8743
8615
8744
8616
8745
8617
8746
8618
8747
8619
8748
8620
8749
8621
8750
8622
8751
8623
8752
8624
8753
8625
8754
8626
8755
8627
8756
8628
8757
8629
8758
8630
8759
8631
8760
8632
8761
8633
8762
8634
8763
8635
8764
8636
8765
8637
8766
8638
8767
8639
8768
8640
8769
8641
8770
8642
8771
8643
8772
8644
8773
8645
8774
8646
8775
8647
8776
8648
8777
8649
8778
8650
8779
8651
8780
8652
8781
8653
8782
8654
8783
8655
8784
8656
8785
8657
8786
8658
8787
8659
8788
8660
8789
8661
8790
8662
8791
8663
8792
8664
8793
8665
8794
8666
8795
8667
8796
8668
8797
8669
8798
8670
8799
8671
8800
8672
8801
8673
8802
8674
8803
8675
8804
8676
8805
8677
8806
8678
8807
8679
8808
8680
8809
8681
8810
8682
8811
8683
8812
8684
8813
8685
8814
8686
8815
8687
8816
8688
8817
8689
8818
8690
8819
8691
8820
8692
8821
8693
8822
8694
8823
8695
8824
8696
8825
8697
8826
8698
8827
8699
8828
8700
8829
8701
8830
8702
8831
8703
8832
8704
8833
8705
8834
8706
8835
8707
8836
8708
8837
8709
8838
8839
8711
8840
8712
8841
8713
8842
8714
8843
8715
8844
8716
8845
8717
8846
8718
8847
8719
8848
8720
8849
8721
8850
8722
8851
8723
8852
8724
8853
8725
8854
8726
8855
8727
8856
8728
8857
8729
8858
8730
8859
8731
8860
8732
8861
8733
8862
8734
8863
8735
8864
8736
8865
8737
8866
8738
8867
8739
8868
8740
8869
8741
8870
8742
8871
8743
8872
8744
8873
8745
8874
8746
8875
8747
8876
8748
8877
8749
8878
8750
8879
8751
8880
8752
8881
8753
8882
8754
8883
8755
8884
8756
8885
8757
8886
8758
8887
8759
8888
8760
8889
8761
8890
8762
8891
8763
8892
8764
8893
8765
8894
8766
8895
8767
8896
8768
8897
8769
8898
8770
8899
8771
8900
8772
8901
8773
8902
8774
8903
8775
8904
8776
8905
8777
8906
8778
8907
8779
8908
8780
8909
8781
8910
8782
8911
8783
8912
8784
8913
8785
8914
8786
8915
8787
8916
8788
8917
8789
8918
8790
8919
8791
8920
8792
8921
8793
8922
8794
8923
8795
8924
8796
8925
8797
8926
8798
8927
8799
8928
8800
8929
8801
8930
8802
8931
8803
8932
8804
8933
8805
8934
8806
8935
8807
8936
8808
8937
8809
8938
8810
8939
8811
8940
8812
8941
8813
8942
8814
8943
8815
8944
8816
8945
8817
8946
8818
8947
8819
8948
8820
8949
8821
8950
8822
8951
8823
8952
8824
8953
8825
8954
8826
8955
8827
8956
8828
8957
8829
8958
8830
8959
8831
8960
8832
8961
8833
8962
8834
8963
8835
8964
8836
8965
8837
8966
8838
8967
8839
8968
8969
8841
8970
8842
8971
8843
8972
8844
8973
8845
8974
8846
8975
8847
8976
8848
8977
8849
8978
8850
8979
8851
8980
8852
8981
8853
8982
8854
8983
8855
8984
8856
8985
8857
8986
8858
8987
8859
8988
8860
8989
8861
8990
8862
8991
8863
8992
8864
8993
8865
8994
8866
8995
8867
8996
8868
8997
8869
8998
8870
8999
8871
9000
8872
9001
8873
9002
8874
9003
8875
9004
8876
9005
8877
9006
8878
9007
8879
9008
8880
9009
8881
9010
8882
9011
8883
9012
8884
9013
8885
9014
8886
9015
8887
9016
8888
9017
8889
9018
8890
9019
8891
9020
8892
9021
8893
9022
8894
9023
8895
9024
8896
9025
8897
9026
8898
9027
8899
9028
8900
9029
8901
9030
8902
9031
8903
9032
8904
9033
8905
9034
8906
9035
8907
9036
8908
9037
8909
9038
8910
9039
8911
9040
8912
9041
8913
9042
8914
9043
8915
9044
8916
9045
8917
9046
8918
9047
8919
9048
8920
9049
8921
9050
8922
9051
8923
9052
8924
9053
8925
9054
8926
9055
8927
9056
8928
9057
8929
9058
8930
9059
8931
9060
8932
9061
8933
9062
8934
9063
8935
9064
8936
9065
8937
9066
8938
9067
8939
9068
8940
9069
8941
9070
8942
9071
8943
9072
8944
9073
8945
9074
8946
9075
8947
9076
8948
9077
8949
9078
8950
9079
8951
9080
8952
9081
8953
9082
8954
9083
8955
9084
8956
9085
8957
9086
8958
9087
8959
9088
8960
9089
8961
9090
8962
9091
8963
9092
8964
9093
8965
9094
8966
9095
8967
9096
8968
9097
8969
9098
9099
8971
9100
8972
9101
8973
9102
8974
9103
8975
9104
8976
9105
8977
9106
8978
9107
8979
9108
8980
9109
8981
9110
8982
9111
8983
9112
8984
9113
8985
9114
8986
9115
8987
9116
8988
9117
8989
9118
8990
9119
8991
9120
8992
9121
8993
9122
8994
9123
8995
9124
8996
9125
8997
9126
8998
9127
8999
9128
9000
9129
9001
9130
9002
9131
9003
9132
9004
9133
9005
9134
9006
9135
9007
9136
9008
9137
9009
9138
9010
9139
9011
9140
9012
9141
9013
9142
9014
9143
9015
9144
9016
9145
9017
9146
9018
9147
9019
9148
9020
9149
9021
9150
9022
9151
9023
9152
9024
9153
9025
9154
9026
9155
9027
9156
9028
9157
9029
9158
9030
9159
9031
9160
9032
9161
9033
9162
9034
9163
9035
9164
9036
9165
9037
9166
9038
9167
9039
9168
9040
9169
9041
9170
9042
9171
9043
9172
9044
9173
9045
9174
9046
9175
9047
9176
9048
9177
9049
9178
9050
9179
9051
9180
9052
9181
9053
9182
9054
9183
9055
9184
9056
9185
9057
9186
9058
9187
9059
9188
9060
9189
9061
9190
9062
9191
9063
9192
9064
9193
9065
9194
9066
9195
9067
9196
9068
9197
9069
9198
9070
9199
9071
9200
9072
9201
9073
9202
9074
9203
9075
9204
9076
9205
9077
9206
9078
9207
9079
9208
9080
9209
9081
9210
9082
9211
9083
9212
9084
9213
9085
9214
9086
9215
9087
9216
9088
9217
9089
9218
9090
9219
9091
9220
9092
9221
9093
9222
9094
9223
9095
9224
9096
9225
9097
9226
9098
9227
9099
9228
9229
9101
9230
9102
9231
9103
9232
9104
9233
9105
9234
9106
9235
9107
9236
9108
9237
9109
9238
9110
9239
9111
9240
9112
9241
9113
9242
9114
9243
9115
9244
9116
9245
9117
9246
9118
9247
9119
9248
9120
9249
9121
9250
9122
9251
9123
9252
9124
9253
9125
9254
9126
9255
9127
9256
9128
9257
9129
9258
9130
9259
9131
9260
9132
9261
9133
9262
9134
9263
9135
9264
9136
9265
9137
9266
9138
9267
9139
9268
9140
9269
9141
9270
9142
9271
9143
9272
9144
9273
9145
9274
9146
9275
9147
9276
9148
9277
9149
9278
9150
9279
9151
9280
9152
9281
9153
9282
9154
9283
9155
9284
9156
9285
9157
9286
9158
9287
9159
9288
9160
9289
9161
9290
9162
9291
9163
9292
9164
9293
9165
9294
9166
9295
9167
9296
9168
9297
9169
9298
9170
9299
9171
9300
9172
9301
9173
9302
9174
9303
9175
9304
9176
9305
9177
9306
9178
9307
9179
9308
9180
9309
9181
9310
9182
9311
9183
9312
9184
9313
9185
9314
9186
9315
9187
9316
9188
9317
9189
9318
9190
9319
9191
9320
9192
9321
9193
9322
9194
9323
9195
9324
9196
9325
9197
9326
9198
9327
9199
9328
9200
9329
9201
9330
9202
9331
9203
9332
9204
9333
9205
9334
9206
9335
9207
9336
9208
9337
9209
9338
9210
9339
9211
9340
9212
9341
9213
9342
9214
9343
9215
9344
9216
9345
9217
9346
9218
9347
9219
9348
9220
9349
9221
9350
9222
9351
9223
9352
9224
9353
9225
9354
9226
9355
9227
9356
9228
9357
9229
9358
9359
9231
9360
9232
9361
9233
9362
9234
9363
9235
9364
9236
9365
9237
9366
9238
9367
9239
9368
9240
9369
9241
9370
9242
9371
9243
9372
9244
9373
9245
9374
9246
9375
9247
9376
9248
9377
9249
9378
9250
9379
9251
9380
9252
9381
9253
9382
9254
9383
9255
9384
9256
9385
9257
9386
9258
9387
9259
9388
9260
9389
9261
9390
9262
9391
9263
9392
9264
9393
9265
9394
9266
9395
9267
9396
9268
9397
9269
9398
9270
9399
9271
9400
9272
9401
9273
9402
9274
9403
9275
9404
9276
9405
9277
9406
9278
9407
9279
9408
9280
9409
9281
9410
9282
9411
9283
9412
9284
9413
9285
9414
9286
9415
9287
9416
9288
9417
9289
9418
9290
9419
9291
9420
9292
9421
9293
9422
9294
9423
9295
9424
9296
9425
9297
9426
9298
9427
9299
9428
9300
9429
9301
9430
9302
9431
9303
9432
9304
9433
9305
9434
9306
9435
9307
9436
9308
9437
9309
9438
9310
9439
9311
9440
9312
9441
9313
9442
9314
9443
9315
9444
9316
9445
9317
9446
9318
9447
9319
9448
9320
9449
9321
9450
9322
9451
9323
9452
9324
9453
9325
9454
9326
9455
9327
9456
9328
9457
9329
9458
9330
9459
9331
9460
9332
9461
9333
9462
9334
9463
9335
9464
9336
9465
9337
9466
9338
9467
9339
9468
9340
9469
9341
9470
9342
9471
9343
9472
9344
9473
9345
9474
9346
9475
9347
9476
9348
9477
9349
9478
9350
9479
9351
9480
9352
9481
9353
9482
9354
9483
9355
9484
9356
9485
9357
9486
9358
9487
9359
9488
9489
9361
9490
9362
9491
9363
9492
9364
9493
9365
9494
9366
9495
9367
9496
9368
9497
9369
9498
9370
9499
9371
9500
9372
9501
9373
9502
9374
9503
9375
9504
9376
9505
9377
9506
9378
9507
9379
9508
9380
9509
9381
9510
9382
9511
9383
9512
9384
9513
9385
9514
9386
9515
9387
9516
9388
9517
9389
9518
9390
9519
9391
9520
9392
9521
9393
9522
9394
9523
9395
9524
9396
9525
9397
9526
9398
9527
9399
9528
9400
9529
9401
9530
9402
9531
9403
9532
9404
9533
9405
9534
9406
9535
9407
9536
9408
9537
9409
9538
9410
9539
9411
9540
9412
9541
9413
9542
9414
9543
9415
9544
9416
9545
9417
9546
9418
9547
9419
9548
9420
9549
9421
9550
9422
9551
9423
9552
9424
9553
9425
9554
9426
9555
9427
9556
9428
9557
9429
9558
9430
9559
9431
9560
9432
9561
9433
9562
9434
9563
9435
9564
9436
9565
9437
9566
9438
9567
9439
9568
9440
9569
9441
9570
9442
9571
9443
9572
9444
9573
9445
9574
9446
9575
9447
9576
9448
9577
9449
9578
9450
9579
9451
9580
9452
9581
9453
9582
9454
9583
9455
9584
9456
9585
9457
9586
9458
9587
9459
9588
9460
9589
9461
9590
9462
9591
9463
9592
9464
9593
9465
9594
9466
9595
9467
9596
9468
9597
9469
9598
9470
9599
9471
9600
9472
9601
9473
9602
9474
9603
9475
9604
9476
9605
9477
9606
9478
9607
9479
9608
9480
9609
9481
9610
9482
9611
9483
9612
9484
9613
9485
9614
9486
9615
9487
9616
9488
9617
9489
9618
9619
9491
9620
9492
9621
9493
9622
9494
9623
9495
9624
9496
9625
9497
9626
9498
9627
9499
9628
9500
9629
9501
9630
9502
9631
9503
9632
9504
9633
9505
9634
9506
9635
9507
9636
9508
9637
9509
9638
9510
9639
9511
9640
9512
9641
9513
9642
9514
9643
9515
9644
9516
9645
9517
9646
9518
9647
9519
9648
9520
9649
9521
9650
9522
9651
9523
9652
9524
9653
9525
9654
9526
9655
9527
9656
9528
9657
9529
9658
9530
9659
9531
9660
9532
9661
9533
9662
9534
9663
9535
9664
9536
9665
9537
9666
9538
9667
9539
9668
9540
9669
9541
9670
9542
9671
9543
9672
9544
9673
9545
9674
9546
9675
9547
9676
9548
9677
9549
9678
9550
9679
9551
9680
9552
9681
9553
9682
9554
9683
9555
9684
9556
9685
9557
9686
9558
9687
9559
9688
9560
9689
9561
9690
9562
9691
9563
9692
9564
9693
9565
9694
9566
9695
9567
9696
9568
9697
9569
9698
9570
9699
9571
9700
9572
9701
9573
9702
9574
9703
9575
9704
9576
9705
9577
9706
9578
9707
9579
9708
9580
9709
9581
9710
9582
9711
9583
9712
9584
9713
9585
9714
9586
9715
9587
9716
9588
9717
9589
9718
9590
9719
9591
9720
9592
9721
9593
9722
9594
9723
9595
9724
9596
9725
9597
9726
9598
9727
9599
9728
9600
9729
9601
9730
9602
9731
9603
9732
9604
9733
9605
9734
9606
9735
9607
9736
9608
9737
9609
9738
9610
9739
9611
9740
9612
9741
9613
9742
9614
9743
9615
9744
9616
9745
9617
9746
9618
9747
9619
9748
9749
9621
9750
9622
9751
9623
9752
9624
9753
9625
9754
9626
9755
9627
9756
9628
9757
9629
9758
9630
9759
9631
9760
9632
9761
9633
9762
9634
9763
9635
9764
9636
9765
9637
9766
9638
9767
9639
9768
9640
9769
9641
9770
9642
9771
9643
9772
9644
9773
9645
9774
9646
9775
9647
9776
9648
9777
9649
9778
9650
9779
9651
9780
9652
9781
9653
9782
9654
9783
9655
9784
9656
9785
9657
9786
9658
9787
9659
9788
9660
9789
9661
9790
9662
9791
9663
9792
9664
9793
9665
9794
9666
9795
9667
9796
9668
9797
9669
9798
9670
9799
9671
9800
9672
9801
9673
9802
9674
9803
9675
9804
9676
9805
9677
9806
9678
9807
9679
9808
9680
9809
9681
9810
9682
9811
9683
9812
9684
9813
9685
9814
9686
9815
9687
9816
9688
9817
9689
9818
9690
9819
9691
9820
9692
9821
9693
9822
9694
9823
9695
9824
9696
9825
9697
9826
9698
9827
9699
9828
9700
9829
9701
9830
9702
9831
9703
9832
9704
9833
9705
9834
9706
9835
9707
9836
9708
9837
9709
9838
9710
9839
9711
9840
9712
9841
9713
9842
9714
9843
9715
9844
9716
9845
9717
9846
9718
9847
9719
9848
9720
9849
9721
9850
9722
9851
9723
9852
9724
9853
9725
9854
9726
9855
9727
9856
9728
9857
9729
9858
9730
9859
9731
9860
9732
9861
9733
9862
9734
9863
9735
9864
9736
9865
9737
9866
9738
9867
9739
9868
9740
9869
9741
9870
9742
9871
9743
9872
9744
9873
9745
9874
9746
9875
9747
9876
9748
9877
9749
9878
9879
9751
9880
9752
9881
9753
9882
9754
9883
9755
9884
9756
9885
9757
9886
9758
9887
9759
9888
9760
9889
9761
9890
9762
9891
9763
9892
9764
9893
9765
9894
9766
9895
9767
9896
9768
9897
9769
9898
9770
9899
9771
9900
9772
9901
9773
9902
9774
9903
9775
9904
9776
9905
9777
9906
9778
9907
9779
9908
9780
9909
9781
9910
9782
9911
9783
9912
9784
9913
9785
9914
9786
9915
9787
9916
9788
9917
9789
9918
9790
9919
9791
9920
9792
9921
9793
9922
9794
9923
9795
9924
9796
9925
9797
9926
9798
9927
9799
9928
9800
9929
9801
9930
9802
9931
9803
9932
9804
9933
9805
9934
9806
9935
9807
9936
9808
9937
9809
9938
9810
9939
9811
9940
9812
9941
9813
9942
9814
9943
9815
9944
9816
9945
9817
9946
9818
9947
9819
9948
9820
9949
9821
9950
9822
9951
9823
9952
9824
9953
9825
9954
9826
9955
9827
9956
9828
9957
9829
9958
9830
9959
9831
9960
9832
9961
9833
9962
9834
9963
9835
9964
9836
9965
9837
9966
9838
9967
9839
9968
9840
9969
9841
9970
9842
9971
9843
9972
9844
9973
9845
9974
9846
9975
9847
9976
9848
9977
9849
9978
9850
9979
9851
9980
9852
9981
9853
9982
9854
9983
9855
9984
9856
9985
9857
9986
9858
9987
9859
9988
9860
9989
9861
9990
9862
9991
9863
9992
9864
9993
9865
9994
9866
9995
9867
9996
9868
9997
9869
9998
9870
9999
9871
10000
9872
10001
9873
10002
9874
10003
9875
10004
9876
10005
9877
10006
9878
10007
9879
10008
10009
9881
10010
9882
10011
9883
10012
9884
10013
9885
10014
9886
10015
9887
10016
9888
10017
9889
10018
9890
10019
9891
10020
9892
10021
9893
10022
9894
10023
9895
10024
9896
10025
9897
10026
9898
10027
9899
10028
9900
10029
9901
10030
9902
10031
9903
10032
9904
10033
9905
10034
9906
10035
9907
10036
9908
10037
9909
10038
9910
10039
9911
10040
9912
10041
9913
10042
9914
10043
9915
10044
9916
10045
9917
10046
9918
10047
9919
10048
9920
10049
9921
10050
9922
10051
9923
10052
9924
10053
9925
10054
9926
10055
9927
10056
9928
10057
9929
10058
9930
10059
9931
10060
9932
10061
9933
10062
9934
10063
9935
10064
9936
10065
9937
10066
9938
10067
9939
10068
9940
10069
9941
10070
9942
10071
9943
10072
9944
10073
9945
10074
9946
10075
9947
10076
9948
10077
9949
10078
9950
10079
9951
10080
9952
10081
9953
10082
9954
10083
9955
10084
9956
10085
9957
10086
9958
10087
9959
10088
9960
10089
9961
10090
9962
10091
9963
10092
9964
10093
9965
10094
9966
10095
9967
10096
9968
10097
9969
10098
9970
10099
9971
10100
9972
10101
9973
10102
9974
10103
9975
10104
9976
10105
9977
10106
9978
10107
9979
10108
9980
10109
9981
10110
9982
10111
9983
10112
9984
10113
9985
10114
9986
10115
9987
10116
9988
10117
9989
10118
9990
10119
9991
10120
9992
10121
9993
10122
9994
10123
9995
10124
9996
10125
9997
10126
9998
10127
9999
10128
10000
10129
10001
10130
10002
10131
10003
10132
10004
10133
10005
10134
10006
10135
10007
10136
10008
10137
10009
10138
10139
10011
10140
10012
10141
10013
10142
10014
10143
10015
10144
10016
10145
10017
10146
10018
10147
10019
10148
10020
10149
10021
10150
10022
10151
10023
10152
10024
10153
10025
10154
10026
10155
10027
10156
10028
10157
10029
10158
10030
10159
10031
10160
10032
10161
10033
10162
10034
10163
10035
10164
10036
10165
10037
10166
10038
10167
10039
10168
10040
10169
10041
10170
10042
10171
10043
10172
10044
10173
10045
10174
10046
10175
10047
10176
10048
10177
10049
10178
10050
10179
10051
10180
10052
10181
10053
10182
10054
10183
10055
10184
10056
10185
10057
10186
10058
10187
10059
10188
10060
10189
10061
10190
10062
10191
10063
10192
10064
10193
10065
10194
10066
10195
10067
10196
10068
10197
10069
10198
10070
10199
10071
10200
10072
10201
10073
10202
10074
10203
10075
10204
10076
10205
10077
10206
10078
10207
10079
10208
10080
10209
10081
10210
10082
10211
10083
10212
10084
10213
10085
10214
10086
10215
10087
10216
10088
10217
10089
10218
10090
10219
10091
10220
10092
10221
10093
10222
10094
10223
10095
10224
10096
10225
10097
10226
10098
10227
10099
10228
10100
10229
10101
10230
10102
10231
10103
10232
10104
10233
10105
10234
10106
10235
10107
10236
10108
10237
10109
10238
10110
10239
10111
10240
10112
10241
10113
10242
10114
10243
10115
10244
10116
10245
10117
10246
10118
10247
10119
10248
10120
10249
10121
10250
10122
10251
10123
10252
10124
10253
10125
10254
10126
10255
10127
10256
10128
10257
10129
10258
10130
10259
10131
10260
10132
10261
10133
10262
10134
10263
10135
10264
10136
10265
10137
10266
10138
10267
10139
10268
10269
10141
10270
10142
10271
10143
10272
10144
10273
10145
10274
10146
10275
10147
10276
10148
10277
10149
10278
10150
10279
10151
10280
10152
10281
10153
10282
10154
10283
10155
10284
10156
10285
10157
10286
10158
10287
10159
10288
10160
10289
10161
10290
10162
10291
10163
10292
10164
10293
10165
10294
10166
10295
10167
10296
10168
10297
10169
10298
10170
10299
10171
10300
10172
10301
10173
10302
10174
10303
10175
10304
10176
10305
10177
10306
10178
10307
10179
10308
10180
10309
10181
10310
10182
10311
10183
10312
10184
10313
10185
10314
10186
10315
10187
10316
10188
10317
10189
10318
10190
10319
10191
10320
10192
10321
10193
10322
10194
10323
10195
10324
10196
10325
10197
10326
10198
10327
10199
10328
10200
10329
10201
10330
10202
10331
10203
10332
10204
10333
10205
10334
10206
10335
10207
10336
10208
10337
10209
10338
10210
10339
10211
10340
10212
10341
10213
10342
10214
10343
10215
10344
10216
10345
10217
10346
10218
10347
10219
10348
10220
10349
10221
10350
10222
10351
10223
10352
10224
10353
10225
10354
10226
10355
10227
10356
10228
10357
10229
10358
10230
10359
10231
10360
10232
10361
10233
10362
10234
10363
10235
10364
10236
10365
10237
10366
10238
10367
10239
10368
10240
10369
10241
10370
10242
10371
10243
10372
10244
10373
10245
10374
10246
10375
10247
10376
10248
10377
10249
10378
10250
10379
10251
10380
10252
10381
10253
10382
10254
10383
10255
10384
10256
10385
10257
10386
10258
10387
10259
10388
10260
10389
10261
10390
10262
10391
10263
10392
10264
10393
10265
10394
10266
10395
10267
10396
10268
10397
10269
10398
10399
10271
10400
10272
10401
10273
10402
10274
10403
10275
10404
10276
10405
10277
10406
10278
10407
10279
10408
10280
10409
10281
10410
10282
10411
10283
10412
10284
10413
10285
10414
10286
10415
10287
10416
10288
10417
10289
10418
10290
10419
10291
10420
10292
10421
10293
10422
10294
10423
10295
10424
10296
10425
10297
10426
10298
10427
10299
10428
10300
10429
10301
10430
10302
10431
10303
10432
10304
10433
10305
10434
10306
10435
10307
10436
10308
10437
10309
10438
10310
10439
10311
10440
10312
10441
10313
10442
10314
10443
10315
10444
10316
10445
10317
10446
10318
10447
10319
10448
10320
10449
10321
10450
10322
10451
10323
10452
10324
10453
10325
10454
10326
10455
10327
10456
10328
10457
10329
10458
10330
10459
10331
10460
10332
10461
10333
10462
10334
10463
10335
10464
10336
10465
10337
10466
10338
10467
10339
10468
10340
10469
10341
10470
10342
10471
10343
10472
10344
10473
10345
10474
10346
10475
10347
10476
10348
10477
10349
10478
10350
10479
10351
10480
10352
10481
10353
10482
10354
10483
10355
10484
10356
10485
10357
10486
10358
10487
10359
10488
10360
10489
10361
10490
10362
10491
10363
10492
10364
10493
10365
10494
10366
10495
10367
10496
10368
10497
10369
10498
10370
10499
10371
10500
10372
10501
10373
10502
10374
10503
10375
10504
10376
10505
10377
10506
10378
10507
10379
10508
10380
10509
10381
10510
10382
10511
10383
10512
10384
10513
10385
10514
10386
10515
10387
10516
10388
10517
10389
10518
10390
10519
10391
10520
10392
10521
10393
10522
10394
10523
10395
10524
10396
10525
10397
10526
10398
10527
10399
10528
10529
10401
10530
10402
10531
10403
10532
10404
10533
10405
10534
10406
10535
10407
10536
10408
10537
10409
10538
10410
10539
10411
10540
10412
10541
10413
10542
10414
10543
10415
10544
10416
10545
10417
10546
10418
10547
10419
10548
10420
10549
10421
10550
10422
10551
10423
10552
10424
10553
10425
10554
10426
10555
10427
10556
10428
10557
10429
10558
10430
10559
10431
10560
10432
10561
10433
10562
10434
10563
10435
10564
10436
10565
10437
10566
10438
10567
10439
10568
10440
10569
10441
10570
10442
10571
10443
10572
10444
10573
10445
10574
10446
10575
10447
10576
10448
10577
10449
10578
10450
10579
10451
10580
10452
10581
10453
10582
10454
10583
10455
10584
10456
10585
10457
10586
10458
10587
10459
10588
10460
10589
10461
10590
10462
10591
10463
10592
10464
10593
10465
10594
10466
10595
10467
10596
10468
10597
10469
10598
10470
10599
10471
10600
10472
10601
10473
10602
10474
10603
10475
10604
10476
10605
10477
10606
10478
10607
10479
10608
10480
10609
10481
10610
10482
10611
10483
10612
10484
10613
10485
10614
10486
10615
10487
10616
10488
10617
10489
10618
10490
10619
10491
10620
10492
10621
10493
10622
10494
10623
10495
10624
10496
10625
10497
10626
10498
10627
10499
10628
10500
10629
10501
10630
10502
10631
10503
10632
10504
10633
10505
10634
10506
10635
10507
10636
10508
10637
10509
10638
10510
10639
10511
10640
10512
10641
10513
10642
10514
10643
10515
10644
10516
10645
10517
10646
10518
10647
10519
10648
10520
10649
10521
10650
10522
10651
10523
10652
10524
10653
10525
10654
10526
10655
10527
10656
10528
10657
10529
10658
10659
10531
10660
10532
10661
10533
10662
10534
10663
10535
10664
10536
10665
10537
10666
10538
10667
10539
10668
10540
10669
10541
10670
10542
10671
10543
10672
10544
10673
10545
10674
10546
10675
10547
10676
10548
10677
10549
10678
10550
10679
10551
10680
10552
10681
10553
10682
10554
10683
10555
10684
10556
10685
10557
10686
10558
10687
10559
10688
10560
10689
10561
10690
10562
10691
10563
10692
10564
10693
10565
10694
10566
10695
10567
10696
10568
10697
10569
10698
10570
10699
10571
10700
10572
10701
10573
10702
10574
10703
10575
10704
10576
10705
10577
10706
10578
10707
10579
10708
10580
10709
10581
10710
10582
10711
10583
10712
10584
10713
10585
10714
10586
10715
10587
10716
10588
10717
10589
10718
10590
10719
10591
10720
10592
10721
10593
10722
10594
10723
10595
10724
10596
10725
10597
10726
10598
10727
10599
10728
10600
10729
10601
10730
10602
10731
10603
10732
10604
10733
10605
10734
10606
10735
10607
10736
10608
10737
10609
10738
10610
10739
10611
10740
10612
10741
10613
10742
10614
10743
10615
10744
10616
10745
10617
10746
10618
10747
10619
10748
10620
10749
10621
10750
10622
10751
10623
10752
10624
10753
10625
10754
10626
10755
10627
10756
10628
10757
10629
10758
10630
10759
10631
10760
10632
10761
10633
10762
10634
10763
10635
10764
10636
10765
10637
10766
10638
10767
10639
10768
10640
10769
10641
10770
10642
10771
10643
10772
10644
10773
10645
10774
10646
10775
10647
10776
10648
10777
10649
10778
10650
10779
10651
10780
10652
10781
10653
10782
10654
10783
10655
10784
10656
10785
10657
10786
10658
10787
10659
10788
10789
10661
10790
10662
10791
10663
10792
10664
10793
10665
10794
10666
10795
10667
10796
10668
10797
10669
10798
10670
10799
10671
10800
10672
10801
10673
10802
10674
10803
10675
10804
10676
10805
10677
10806
10678
10807
10679
10808
10680
10809
10681
10810
10682
10811
10683
10812
10684
10813
10685
10814
10686
10815
10687
10816
10688
10817
10689
10818
10690
10819
10691
10820
10692
10821
10693
10822
10694
10823
10695
10824
10696
10825
10697
10826
10698
10827
10699
10828
10700
10829
10701
10830
10702
10831
10703
10832
10704
10833
10705
10834
10706
10835
10707
10836
10708
10837
10709
10838
10710
10839
10711
10840
10712
10841
10713
10842
10714
10843
10715
10844
10716
10845
10717
10846
10718
10847
10719
10848
10720
10849
10721
10850
10722
10851
10723
10852
10724
10853
10725
10854
10726
10855
10727
10856
10728
10857
10729
10858
10730
10859
10731
10860
10732
10861
10733
10862
10734
10863
10735
10864
10736
10865
10737
10866
10738
10867
10739
10868
10740
10869
10741
10870
10742
10871
10743
10872
10744
10873
10745
10874
10746
10875
10747
10876
10748
10877
10749
10878
10750
10879
10751
10880
10752
10881
10753
10882
10754
10883
10755
10884
10756
10885
10757
10886
10758
10887
10759
10888
10760
10889
10761
10890
10762
10891
10763
10892
10764
10893
10765
10894
10766
10895
10767
10896
10768
10897
10769
10898
10770
10899
10771
10900
10772
10901
10773
10902
10774
10903
10775
10904
10776
10905
10777
10906
10778
10907
10779
10908
10780
10909
10781
10910
10782
10911
10783
10912
10784
10913
10785
10914
10786
10915
10787
10916
10788
10917
10789
10918
10919
10791
10920
10792
10921
10793
10922
10794
10923
10795
10924
10796
10925
10797
10926
10798
10927
10799
10928
10800
10929
10801
10930
10802
10931
10803
10932
10804
10933
10805
10934
10806
10935
10807
10936
10808
10937
10809
10938
10810
10939
10811
10940
10812
10941
10813
10942
10814
10943
10815
10944
10816
10945
10817
10946
10818
10947
10819
10948
10820
10949
10821
10950
10822
10951
10823
10952
10824
10953
10825
10954
10826
10955
10827
10956
10828
10957
10829
10958
10830
10959
10831
10960
10832
10961
10833
10962
10834
10963
10835
10964
10836
10965
10837
10966
10838
10967
10839
10968
10840
10969
10841
10970
10842
10971
10843
10972
10844
10973
10845
10974
10846
10975
10847
10976
10848
10977
10849
10978
10850
10979
10851
10980
10852
10981
10853
10982
10854
10983
10855
10984
10856
10985
10857
10986
10858
10987
10859
10988
10860
10989
10861
10990
10862
10991
10863
10992
10864
10993
10865
10994
10866
10995
10867
10996
10868
10997
10869
10998
10870
10999
10871
11000
10872
11001
10873
11002
10874
11003
10875
11004
10876
11005
10877
11006
10878
11007
10879
11008
10880
11009
10881
11010
10882
11011
10883
11012
10884
11013
10885
11014
10886
11015
10887
11016
10888
11017
10889
11018
10890
11019
10891
11020
10892
11021
10893
11022
10894
11023
10895
11024
10896
11025
10897
11026
10898
11027
10899
11028
10900
11029
10901
11030
10902
11031
10903
11032
10904
11033
10905
11034
10906
11035
10907
11036
10908
11037
10909
11038
10910
11039
10911
11040
10912
11041
10913
11042
10914
11043
10915
11044
10916
11045
10917
11046
10918
11047
10919
11048
11049
10921
11050
10922
11051
10923
11052
10924
11053
10925
11054
10926
11055
10927
11056
10928
11057
10929
11058
10930
11059
10931
11060
10932
11061
10933
11062
10934
11063
10935
11064
10936
11065
10937
11066
10938
11067
10939
11068
10940
11069
10941
11070
10942
11071
10943
11072
10944
11073
10945
11074
10946
11075
10947
11076
10948
11077
10949
11078
10950
11079
10951
11080
10952
11081
10953
11082
10954
11083
10955
11084
10956
11085
10957
11086
10958
11087
10959
11088
10960
11089
10961
11090
10962
11091
10963
11092
10964
11093
10965
11094
10966
11095
10967
11096
10968
11097
10969
11098
10970
11099
10971
11100
10972
11101
10973
11102
10974
11103
10975
11104
10976
11105
10977
11106
10978
11107
10979
11108
10980
11109
10981
11110
10982
11111
10983
11112
10984
11113
10985
11114
10986
11115
10987
11116
10988
11117
10989
11118
10990
11119
10991
11120
10992
11121
10993
11122
10994
11123
10995
11124
10996
11125
10997
11126
10998
11127
10999
11128
11000
11129
11001
11130
11002
11131
11003
11132
11004
11133
11005
11134
11006
11135
11007
11136
11008
11137
11009
11138
11010
11139
11011
11140
11012
11141
11013
11142
11014
11143
11015
11144
11016
11145
11017
11146
11018
11147
11019
11148
11020
11149
11021
11150
11022
11151
11023
11152
11024
11153
11025
11154
11026
11155
11027
11156
11028
11157
11029
11158
11030
11159
11031
11160
11032
11161
11033
11162
11034
11163
11035
11164
11036
11165
11037
11166
11038
11167
11039
11168
11040
11169
11041
11170
11042
11171
11043
11172
11044
11173
11045
11174
11046
11175
11047
11176
11048
11177
11049
11178
11179
11051
11180
11052
11181
11053
11182
11054
11183
11055
11184
11056
11185
11057
11186
11058
11187
11059
11188
11060
11189
11061
11190
11062
11191
11063
11192
11064
11193
11065
11194
11066
11195
11067
11196
11068
11197
11069
11198
11070
11199
11071
11200
11072
11201
11073
11202
11074
11203
11075
11204
11076
11205
11077
11206
11078
11207
11079
11208
11080
11209
11081
11210
11082
11211
11083
11212
11084
11213
11085
11214
11086
11215
11087
11216
11088
11217
11089
11218
11090
11219
11091
11220
11092
11221
11093
11222
11094
11223
11095
11224
11096
11225
11097
11226
11098
11227
11099
11228
11100
11229
11101
11230
11102
11231
11103
11232
11104
11233
11105
11234
11106
11235
11107
11236
11108
11237
11109
11238
11110
11239
11111
11240
11112
11241
11113
11242
11114
11243
11115
11244
11116
11245
11117
11246
11118
11247
11119
11248
11120
11249
11121
11250
11122
11251
11123
11252
11124
11253
11125
11254
11126
11255
11127
11256
11128
11257
11129
11258
11130
11259
11131
11260
11132
11261
11133
11262
11134
11263
11135
11264
11136
11265
11137
11266
11138
11267
11139
11268
11140
11269
11141
11270
11142
11271
11143
11272
11144
11273
11145
11274
11146
11275
11147
11276
11148
11277
11149
11278
11150
11279
11151
11280
11152
11281
11153
11282
11154
11283
11155
11284
11156
11285
11157
11286
11158
11287
11159
11288
11160
11289
11161
11290
11162
11291
11163
11292
11164
11293
11165
11294
11166
11295
11167
11296
11168
11297
11169
11298
11170
11299
11171
11300
11172
11301
11173
11302
11174
11303
11175
11304
11176
11305
11177
11306
11178
11307
11179
11308
11309
11181
11310
11182
11311
11183
11312
11184
11313
11185
11314
11186
11315
11187
11316
11188
11317
11189
11318
11190
11319
11191
11320
11192
11321
11193
11322
11194
11323
11195
11324
11196
11325
11197
11326
11198
11327
11199
11328
11200
11329
11201
11330
11202
11331
11203
11332
11204
11333
11205
11334
11206
11335
11207
11336
11208
11337
11209
11338
11210
11339
11211
11340
11212
11341
11213
11342
11214
11343
11215
11344
11216
11345
11217
11346
11218
11347
11219
11348
11220
11349
11221
11350
11222
11351
11223
11352
11224
11353
11225
11354
11226
11355
11227
11356
11228
11357
11229
11358
11230
11359
11231
11360
11232
11361
11233
11362
11234
11363
11235
11364
11236
11365
11237
11366
11238
11367
11239
11368
11240
11369
11241
11370
11242
11371
11243
11372
11244
11373
11245
11374
11246
11375
11247
11376
11248
11377
11249
11378
11250
11379
11251
11380
11252
11381
11253
11382
11254
11383
11255
11384
11256
11385
11257
11386
11258
11387
11259
11388
11260
11389
11261
11390
11262
11391
11263
11392
11264
11393
11265
11394
11266
11395
11267
11396
11268
11397
11269
11398
11270
11399
11271
11400
11272
11401
11273
11402
11274
11403
11275
11404
11276
11405
11277
11406
11278
11407
11279
11408
11280
11409
11281
11410
11282
11411
11283
11412
11284
11413
11285
11414
11286
11415
11287
11416
11288
11417
11289
11418
11290
11419
11291
11420
11292
11421
11293
11422
11294
11423
11295
11424
11296
11425
11297
11426
11298
11427
11299
11428
11300
11429
11301
11430
11302
11431
11303
11432
11304
11433
11305
11434
11306
11435
11307
11436
11308
11437
11309
11438
11439
11311
11440
11312
11441
11313
11442
11314
11443
11315
11444
11316
11445
11317
11446
11318
11447
11319
11448
11320
11449
11321
11450
11322
11451
11323
11452
11324
11453
11325
11454
11326
11455
11327
11456
11328
11457
11329
11458
11330
11459
11331
11460
11332
11461
11333
11462
11334
11463
11335
11464
11336
11465
11337
11466
11338
11467
11339
11468
11340
11469
11341
11470
11342
11471
11343
11472
11344
11473
11345
11474
11346
11475
11347
11476
11348
11477
11349
11478
11350
11479
11351
11480
11352
11481
11353
11482
11354
11483
11355
11484
11356
11485
11357
11486
11358
11487
11359
11488
11360
11489
11361
11490
11362
11491
11363
11492
11364
11493
11365
11494
11366
11495
11367
11496
11368
11497
11369
11498
11370
11499
11371
11500
11372
11501
11373
11502
11374
11503
11375
11504
11376
11505
11377
11506
11378
11507
11379
11508
11380
11509
11381
11510
11382
11511
11383
11512
11384
11513
11385
11514
11386
11515
11387
11516
11388
11517
11389
11518
11390
11519
11391
11520
11392
11521
11393
11522
11394
11523
11395
11524
11396
11525
11397
11526
11398
11527
11399
11528
11400
11529
11401
11530
11402
11531
11403
11532
11404
11533
11405
11534
11406
11535
11407
11536
11408
11537
11409
11538
11410
11539
11411
11540
11412
11541
11413
11542
11414
11543
11415
11544
11416
11545
11417
11546
11418
11547
11419
11548
11420
11549
11421
11550
11422
11551
11423
11552
11424
11553
11425
11554
11426
11555
11427
11556
11428
11557
11429
11558
11430
11559
11431
11560
11432
11561
11433
11562
11434
11563
11435
11564
11436
11565
11437
11566
11438
11567
11439
11568
11569
11441
11570
11442
11571
11443
11572
11444
11573
11445
11574
11446
11575
11447
11576
11448
11577
11449
11578
11450
11579
11451
11580
11452
11581
11453
11582
11454
11583
11455
11584
11456
11585
11457
11586
11458
11587
11459
11588
11460
11589
11461
11590
11462
11591
11463
11592
11464
11593
11465
11594
11466
11595
11467
11596
11468
11597
11469
11598
11470
11599
11471
11600
11472
11601
11473
11602
11474
11603
11475
11604
11476
11605
11477
11606
11478
11607
11479
11608
11480
11609
11481
11610
11482
11611
11483
11612
11484
11613
11485
11614
11486
11615
11487
11616
11488
11617
11489
11618
11490
11619
11491
11620
11492
11621
11493
11622
11494
11623
11495
11624
11496
11625
11497
11626
11498
11627
11499
11628
11500
11629
11501
11630
11502
11631
11503
11632
11504
11633
11505
11634
11506
11635
11507
11636
11508
11637
11509
11638
11510
11639
11511
11640
11512
11641
11513
11642
11514
11643
11515
11644
11516
11645
11517
11646
11518
11647
11519
11648
11520
11649
11521
11650
11522
11651
11523
11652
11524
11653
11525
11654
11526
11655
11527
11656
11528
11657
11529
11658
11530
11659
11531
11660
11532
11661
11533
11662
11534
11663
11535
11664
11536
11665
11537
11666
11538
11667
11539
11668
11540
11669
11541
11670
11542
11671
11543
11672
11544
11673
11545
11674
11546
11675
11547
11676
11548
11677
11549
11678
11550
11679
11551
11680
11552
11681
11553
11682
11554
11683
11555
11684
11556
11685
11557
11686
11558
11687
11559
11688
11560
11689
11561
11690
11562
11691
11563
11692
11564
11693
11565
11694
11566
11695
11567
11696
11568
11697
11569
11698
11699
11571
11700
11572
11701
11573
11702
11574
11703
11575
11704
11576
11705
11577
11706
11578
11707
11579
11708
11580
11709
11581
11710
11582
11711
11583
11712
11584
11713
11585
11714
11586
11715
11587
11716
11588
11717
11589
11718
11590
11719
11591
11720
11592
11721
11593
11722
11594
11723
11595
11724
11596
11725
11597
11726
11598
11727
11599
11728
11600
11729
11601
11730
11602
11731
11603
11732
11604
11733
11605
11734
11606
11735
11607
11736
11608
11737
11609
11738
11610
11739
11611
11740
11612
11741
11613
11742
11614
11743
11615
11744
11616
11745
11617
11746
11618
11747
11619
11748
11620
11749
11621
11750
11622
11751
11623
11752
11624
11753
11625
11754
11626
11755
11627
11756
11628
11757
11629
11758
11630
11759
11631
11760
11632
11761
11633
11762
11634
11763
11635
11764
11636
11765
11637
11766
11638
11767
11639
11768
11640
11769
11641
11770
11642
11771
11643
11772
11644
11773
11645
11774
11646
11775
11647
11776
11648
11777
11649
11778
11650
11779
11651
11780
11652
11781
11653
11782
11654
11783
11655
11784
11656
11785
11657
11786
11658
11787
11659
11788
11660
11789
11661
11790
11662
11791
11663
11792
11664
11793
11665
11794
11666
11795
11667
11796
11668
11797
11669
11798
11670
11799
11671
11800
11672
11801
11673
11802
11674
11803
11675
11804
11676
11805
11677
11806
11678
11807
11679
11808
11680
11809
11681
11810
11682
11811
11683
11812
11684
11813
11685
11814
11686
11815
11687
11816
11688
11817
11689
11818
11690
11819
11691
11820
11692
11821
11693
11822
11694
11823
11695
11824
11696
11825
11697
11826
11698
11827
11699
11828
11829
11701
11830
11702
11831
11703
11832
11704
11833
11705
11834
11706
11835
11707
11836
11708
11837
11709
11838
11710
11839
11711
11840
11712
11841
11713
11842
11714
11843
11715
11844
11716
11845
11717
11846
11718
11847
11719
11848
11720
11849
11721
11850
11722
11851
11723
11852
11724
11853
11725
11854
11726
11855
11727
11856
11728
11857
11729
11858
11730
11859
11731
11860
11732
11861
11733
11862
11734
11863
11735
11864
11736
11865
11737
11866
11738
11867
11739
11868
11740
11869
11741
11870
11742
11871
11743
11872
11744
11873
11745
11874
11746
11875
11747
11876
11748
11877
11749
11878
11750
11879
11751
11880
11752
11881
11753
11882
11754
11883
11755
11884
11756
11885
11757
11886
11758
11887
11759
11888
11760
11889
11761
11890
11762
11891
11763
11892
11764
11893
11765
11894
11766
11895
11767
11896
11768
11897
11769
11898
11770
11899
11771
11900
11772
11901
11773
11902
11774
11903
11775
11904
11776
11905
11777
11906
11778
11907
11779
11908
11780
11909
11781
11910
11782
11911
11783
11912
11784
11913
11785
11914
11786
11915
11787
11916
11788
11917
11789
11918
11790
11919
11791
11920
11792
11921
11793
11922
11794
11923
11795
11924
11796
11925
11797
11926
11798
11927
11799
11928
11800
11929
11801
11930
11802
11931
11803
11932
11804
11933
11805
11934
11806
11935
11807
11936
11808
11937
11809
11938
11810
11939
11811
11940
11812
11941
11813
11942
11814
11943
11815
11944
11816
11945
11817
11946
11818
11947
11819
11948
11820
11949
11821
11950
11822
11951
11823
11952
11824
11953
11825
11954
11826
11955
11827
11956
11828
11957
11829
11958
11959
11831
11960
11832
11961
11833
11962
11834
11963
11835
11964
11836
11965
11837
11966
11838
11967
11839
11968
11840
11969
11841
11970
11842
11971
11843
11972
11844
11973
11845
11974
11846
11975
11847
11976
11848
11977
11849
11978
11850
11979
11851
11980
11852
11981
11853
11982
11854
11983
11855
11984
11856
11985
11857
11986
11858
11987
11859
11988
11860
11989
11861
11990
11862
11991
11863
11992
11864
11993
11865
11994
11866
11995
11867
11996
11868
11997
11869
11998
11870
11999
11871
12000
11872
12001
11873
12002
11874
12003
11875
12004
11876
12005
11877
12006
11878
12007
11879
12008
11880
12009
11881
12010
11882
12011
11883
12012
11884
12013
11885
12014
11886
12015
11887
12016
11888
12017
11889
12018
11890
12019
11891
12020
11892
12021
11893
12022
11894
12023
11895
12024
11896
12025
11897
12026
11898
12027
11899
12028
11900
12029
11901
12030
11902
12031
11903
12032
11904
12033
11905
12034
11906
12035
11907
12036
11908
12037
11909
12038
11910
12039
11911
12040
11912
12041
11913
12042
11914
12043
11915
12044
11916
12045
11917
12046
11918
12047
11919
12048
11920
12049
11921
12050
11922
12051
11923
12052
11924
12053
11925
12054
11926
12055
11927
12056
11928
12057
11929
12058
11930
12059
11931
12060
11932
12061
11933
12062
11934
12063
11935
12064
11936
12065
11937
12066
11938
12067
11939
12068
11940
12069
11941
12070
11942
12071
11943
12072
11944
12073
11945
12074
11946
12075
11947
12076
11948
12077
11949
12078
11950
12079
11951
12080
11952
12081
11953
12082
11954
12083
11955
12084
11956
12085
11957
12086
11958
12087
11959
12088
12089
11961
12090
11962
12091
11963
12092
11964
12093
11965
12094
11966
12095
11967
12096
11968
12097
11969
12098
11970
12099
11971
12100
11972
12101
11973
12102
11974
12103
11975
12104
11976
12105
11977
12106
11978
12107
11979
12108
11980
12109
11981
12110
11982
12111
11983
12112
11984
12113
11985
12114
11986
12115
11987
12116
11988
12117
11989
12118
11990
12119
11991
12120
11992
12121
11993
12122
11994
12123
11995
12124
11996
12125
11997
12126
11998
12127
11999
12128
12000
12129
12001
12130
12002
12131
12003
12132
12004
12133
12005
12134
12006
12135
12007
12136
12008
12137
12009
12138
12010
12139
12011
12140
12012
12141
12013
12142
12014
12143
12015
12144
12016
12145
12017
12146
12018
12147
12019
12148
12020
12149
12021
12150
12022
12151
12023
12152
12024
12153
12025
12154
12026
12155
12027
12156
12028
12157
12029
12158
12030
12159
12031
12160
12032
12161
12033
12162
12034
12163
12035
12164
12036
12165
12037
12166
12038
12167
12039
12168
12040
12169
12041
12170
12042
12171
12043
12172
12044
12173
12045
12174
12046
12175
12047
12176
12048
12177
12049
12178
12050
12179
12051
12180
12052
12181
12053
12182
12054
12183
12055
12184
12056
12185
12057
12186
12058
12187
12059
12188
12060
12189
12061
12190
12062
12191
12063
12192
12064
12193
12065
12194
12066
12195
12067
12196
12068
12197
12069
12198
12070
12199
12071
12200
12072
12201
12073
12202
12074
12203
12075
12204
12076
12205
12077
12206
12078
12207
12079
12208
12080
12209
12081
12210
12082
12211
12083
12212
12084
12213
12085
12214
12086
12215
12087
12216
12088
12217
12089
12218
12219
12091
12220
12092
12221
12093
12222
12094
12223
12095
12224
12096
12225
12097
12226
12098
12227
12099
12228
12100
12229
12101
12230
12102
12231
12103
12232
12104
12233
12105
12234
12106
12235
12107
12236
12108
12237
12109
12238
12110
12239
12111
12240
12112
12241
12113
12242
12114
12243
12115
12244
12116
12245
12117
12246
12118
12247
12119
12248
12120
12249
12121
12250
12122
12251
12123
12252
12124
12253
12125
12254
12126
12255
12127
12256
12128
12257
12129
12258
12130
12259
12131
12260
12132
12261
12133
12262
12134
12263
12135
12264
12136
12265
12137
12266
12138
12267
12139
12268
12140
12269
12141
12270
12142
12271
12143
12272
12144
12273
12145
12274
12146
12275
12147
12276
12148
12277
12149
12278
12150
12279
12151
12280
12152
12281
12153
12282
12154
12283
12155
12284
12156
12285
12157
12286
12158
12287
12159
12288
12160
12289
12161
12290
12162
12291
12163
12292
12164
12293
12165
12294
12166
12295
12167
12296
12168
12297
12169
12298
12170
12299
12171
12300
12172
12301
12173
12302
12174
12303
12175
12304
12176
12305
12177
12306
12178
12307
12179
12308
12180
12309
12181
12310
12182
12311
12183
12312
12184
12313
12185
12314
12186
12315
12187
12316
12188
12317
12189
12318
12190
12319
12191
12320
12192
12321
12193
12322
12194
12323
12195
12324
12196
12325
12197
12326
12198
12327
12199
12328
12200
12329
12201
12330
12202
12331
12203
12332
12204
12333
12205
12334
12206
12335
12207
12336
12208
12337
12209
12338
12210
12339
12211
12340
12212
12341
12213
12342
12214
12343
12215
12344
12216
12345
12217
12346
12218
12347
12219
12348
12349
12221
12350
12222
12351
12223
12352
12224
12353
12225
12354
12226
12355
12227
12356
12228
12357
12229
12358
12230
12359
12231
12360
12232
12361
12233
12362
12234
12363
12235
12364
12236
12365
12237
12366
12238
12367
12239
12368
12240
12369
12241
12370
12242
12371
12243
12372
12244
12373
12245
12374
12246
12375
12247
12376
12248
12377
12249
12378
12250
12379
12251
12380
12252
12381
12253
12382
12254
12383
12255
12384
12256
12385
12257
12386
12258
12387
12259
12388
12260
12389
12261
12390
12262
12391
12263
12392
12264
12393
12265
12394
12266
12395
12267
12396
12268
12397
12269
12398
12270
12399
12271
12400
12272
12401
12273
12402
12274
12403
12275
12404
12276
12405
12277
12406
12278
12407
12279
12408
12280
12409
12281
12410
12282
12411
12283
12412
12284
12413
12285
12414
12286
12415
12287
12416
12288
12417
12289
12418
12290
12419
12291
12420
12292
12421
12293
12422
12294
12423
12295
12424
12296
12425
12297
12426
12298
12427
12299
12428
12300
12429
12301
12430
12302
12431
12303
12432
12304
12433
12305
12434
12306
12435
12307
12436
12308
12437
12309
12438
12310
12439
12311
12440
12312
12441
12313
12442
12314
12443
12315
12444
12316
12445
12317
12446
12318
12447
12319
12448
12320
12449
12321
12450
12322
12451
12323
12452
12324
12453
12325
12454
12326
12455
12327
12456
12328
12457
12329
12458
12330
12459
12331
12460
12332
12461
12333
12462
12334
12463
12335
12464
12336
12465
12337
12466
12338
12467
12339
12468
12340
12469
12341
12470
12342
12471
12343
12472
12344
12473
12345
12474
12346
12475
12347
12476
12348
12477
12349
12478
12479
12351
12480
12352
12481
12353
12482
12354
12483
12355
12484
12356
12485
12357
12486
12358
12487
12359
12488
12360
12489
12361
12490
12362
12491
12363
12492
12364
12493
12365
12494
12366
12495
12367
12496
12368
12497
12369
12498
12370
12499
12371
12500
12372
12501
12373
12502
12374
12503
12375
12504
12376
12505
12377
12506
12378
12507
12379
12508
12380
12509
12381
12510
12382
12511
12383
12512
12384
12513
12385
12514
12386
12515
12387
12516
12388
12517
12389
12518
12390
12519
12391
12520
12392
12521
12393
12522
12394
12523
12395
12524
12396
12525
12397
12526
12398
12527
12399
12528
12400
12529
12401
12530
12402
12531
12403
12532
12404
12533
12405
12534
12406
12535
12407
12536
12408
12537
12409
12538
12410
12539
12411
12540
12412
12541
12413
12542
12414
12543
12415
12544
12416
12545
12417
12546
12418
12547
12419
12548
12420
12549
12421
12550
12422
12551
12423
12552
12424
12553
12425
12554
12426
12555
12427
12556
12428
12557
12429
12558
12430
12559
12431
12560
12432
12561
12433
12562
12434
12563
12435
12564
12436
12565
12437
12566
12438
12567
12439
12568
12440
12569
12441
12570
12442
12571
12443
12572
12444
12573
12445
12574
12446
12575
12447
12576
12448
12577
12449
12578
12450
12579
12451
12580
12452
12581
12453
12582
12454
12583
12455
12584
12456
12585
12457
12586
12458
12587
12459
12588
12460
12589
12461
12590
12462
12591
12463
12592
12464
12593
12465
12594
12466
12595
12467
12596
12468
12597
12469
12598
12470
12599
12471
12600
12472
12601
12473
12602
12474
12603
12475
12604
12476
12605
12477
12606
12478
12607
12479
12608
12609
12481
12610
12482
12611
12483
12612
12484
12613
12485
12614
12486
12615
12487
12616
12488
12617
12489
12618
12490
12619
12491
12620
12492
12621
12493
12622
12494
12623
12495
12624
12496
12625
12497
12626
12498
12627
12499
12628
12500
12629
12501
12630
12502
12631
12503
12632
12504
12633
12505
12634
12506
12635
12507
12636
12508
12637
12509
12638
12510
12639
12511
12640
12512
12641
12513
12642
12514
12643
12515
12644
12516
12645
12517
12646
12518
12647
12519
12648
12520
12649
12521
12650
12522
12651
12523
12652
12524
12653
12525
12654
12526
12655
12527
12656
12528
12657
12529
12658
12530
12659
12531
12660
12532
12661
12533
12662
12534
12663
12535
12664
12536
12665
12537
12666
12538
12667
12539
12668
12540
12669
12541
12670
12542
12671
12543
12672
12544
12673
12545
12674
12546
12675
12547
12676
12548
12677
12549
12678
12550
12679
12551
12680
12552
12681
12553
12682
12554
12683
12555
12684
12556
12685
12557
12686
12558
12687
12559
12688
12560
12689
12561
12690
12562
12691
12563
12692
12564
12693
12565
12694
12566
12695
12567
12696
12568
12697
12569
12698
12570
12699
12571
12700
12572
12701
12573
12702
12574
12703
12575
12704
12576
12705
12577
12706
12578
12707
12579
12708
12580
12709
12581
12710
12582
12711
12583
12712
12584
12713
12585
12714
12586
12715
12587
12716
12588
12717
12589
12718
12590
12719
12591
12720
12592
12721
12593
12722
12594
12723
12595
12724
12596
12725
12597
12726
12598
12727
12599
12728
12600
12729
12601
12730
12602
12731
12603
12732
12604
12733
12605
12734
12606
12735
12607
12736
12608
12737
12609
12738
12739
12611
12740
12612
12741
12613
12742
12614
12743
12615
12744
12616
12745
12617
12746
12618
12747
12619
12748
12620
12749
12621
12750
12622
12751
12623
12752
12624
12753
12625
12754
12626
12755
12627
12756
12628
12757
12629
12758
12630
12759
12631
12760
12632
12761
12633
12762
12634
12763
12635
12764
12636
12765
12637
12766
12638
12767
12639
12768
12640
12769
12641
12770
12642
12771
12643
12772
12644
12773
12645
12774
12646
12775
12647
12776
12648
12777
12649
12778
12650
12779
12651
12780
12652
12781
12653
12782
12654
12783
12655
12784
12656
12785
12657
12786
12658
12787
12659
12788
12660
12789
12661
12790
12662
12791
12663
12792
12664
12793
12665
12794
12666
12795
12667
12796
12668
12797
12669
12798
12670
12799
12671
12800
12672
12801
12673
12802
12674
12803
12675
12804
12676
12805
12677
12806
12678
12807
12679
12808
12680
12809
12681
12810
12682
12811
12683
12812
12684
12813
12685
12814
12686
12815
12687
12816
12688
12817
12689
12818
12690
12819
12691
12820
12692
12821
12693
12822
12694
12823
12695
12824
12696
12825
12697
12826
12698
12827
12699
12828
12700
12829
12701
12830
12702
12831
12703
12832
12704
12833
12705
12834
12706
12835
12707
12836
12708
12837
12709
12838
12710
12839
12711
12840
12712
12841
12713
12842
12714
12843
12715
12844
12716
12845
12717
12846
12718
12847
12719
12848
12720
12849
12721
12850
12722
12851
12723
12852
12724
12853
12725
12854
12726
12855
12727
12856
12728
12857
12729
12858
12730
12859
12731
12860
12732
12861
12733
12862
12734
12863
12735
12864
12736
12865
12737
12866
12738
12867
12739
12868
12869
12741
12870
12742
12871
12743
12872
12744
12873
12745
12874
12746
12875
12747
12876
12748
12877
12749
12878
12750
12879
12751
12880
12752
12881
12753
12882
12754
12883
12755
12884
12756
12885
12757
12886
12758
12887
12759
12888
12760
12889
12761
12890
12762
12891
12763
12892
12764
12893
12765
12894
12766
12895
12767
12896
12768
12897
12769
12898
12770
12899
12771
12900
12772
12901
12773
12902
12774
12903
12775
12904
12776
12905
12777
12906
12778
12907
12779
12908
12780
12909
12781
12910
12782
12911
12783
12912
12784
12913
12785
12914
12786
12915
12787
12916
12788
12917
12789
12918
12790
12919
12791
12920
12792
12921
12793
12922
12794
12923
12795
12924
12796
12925
12797
12926
12798
12927
12799
12928
12800
12929
12801
12930
12802
12931
12803
12932
12804
12933
12805
12934
12806
12935
12807
12936
12808
12937
12809
12938
12810
12939
12811
12940
12812
12941
12813
12942
12814
12943
12815
12944
12816
12945
12817
12946
12818
12947
12819
12948
12820
12949
12821
12950
12822
12951
12823
12952
12824
12953
12825
12954
12826
12955
12827
12956
12828
12957
12829
12958
12830
12959
12831
12960
12832
12961
12833
12962
12834
12963
12835
12964
12836
12965
12837
12966
12838
12967
12839
12968
12840
12969
12841
12970
12842
12971
12843
12972
12844
12973
12845
12974
12846
12975
12847
12976
12848
12977
12849
12978
12850
12979
12851
12980
12852
12981
12853
12982
12854
12983
12855
12984
12856
12985
12857
12986
12858
12987
12859
12988
12860
12989
12861
12990
12862
12991
12863
12992
12864
12993
12865
12994
12866
12995
12867
12996
12868
12997
12869
12998
12999
12871
13000
12872
13001
12873
13002
12874
13003
12875
13004
12876
13005
12877
13006
12878
13007
12879
13008
12880
13009
12881
13010
12882
13011
12883
13012
12884
13013
12885
13014
12886
13015
12887
13016
12888
13017
12889
13018
12890
13019
12891
13020
12892
13021
12893
13022
12894
13023
12895
13024
12896
13025
12897
13026
12898
13027
12899
13028
12900
13029
12901
13030
12902
13031
12903
13032
12904
13033
12905
13034
12906
13035
12907
13036
12908
13037
12909
13038
12910
13039
12911
13040
12912
13041
12913
13042
12914
13043
12915
13044
12916
13045
12917
13046
12918
13047
12919
13048
12920
13049
12921
13050
12922
13051
12923
13052
12924
13053
12925
13054
12926
13055
12927
13056
12928
13057
12929
13058
12930
13059
12931
13060
12932
13061
12933
13062
12934
13063
12935
13064
12936
13065
12937
13066
12938
13067
12939
13068
12940
13069
12941
13070
12942
13071
12943
13072
12944
13073
12945
13074
12946
13075
12947
13076
12948
13077
12949
13078
12950
13079
12951
13080
12952
13081
12953
13082
12954
13083
12955
13084
12956
13085
12957
13086
12958
13087
12959
13088
12960
13089
12961
13090
12962
13091
12963
13092
12964
13093
12965
13094
12966
13095
12967
13096
12968
13097
12969
13098
12970
13099
12971
13100
12972
13101
12973
13102
12974
13103
12975
13104
12976
13105
12977
13106
12978
13107
12979
13108
12980
13109
12981
13110
12982
13111
12983
13112
12984
13113
12985
13114
12986
13115
12987
13116
12988
13117
12989
13118
12990
13119
12991
13120
12992
13121
12993
13122
12994
13123
12995
13124
12996
13125
12997
13126
12998
13127
12999
13128
13129
13001
13130
13002
13131
13003
13132
13004
13133
13005
13134
13006
13135
13007
13136
13008
13137
13009
13138
13010
13139
13011
13140
13012
13141
13013
13142
13014
13143
13015
13144
13016
13145
13017
13146
13018
13147
13019
13148
13020
13149
13021
13150
13022
13151
13023
13152
13024
13153
13025
13154
13026
13155
13027
13156
13028
13157
13029
13158
13030
13159
13031
13160
13032
13161
13033
13162
13034
13163
13035
13164
13036
13165
13037
13166
13038
13167
13039
13168
13040
13169
13041
13170
13042
13171
13043
13172
13044
13173
13045
13174
13046
13175
13047
13176
13048
13177
13049
13178
13050
13179
13051
13180
13052
13181
13053
13182
13054
13183
13055
13184
13056
13185
13057
13186
13058
13187
13059
13188
13060
13189
13061
13190
13062
13191
13063
13192
13064
13193
13065
13194
13066
13195
13067
13196
13068
13197
13069
13198
13070
13199
13071
13200
13072
13201
13073
13202
13074
13203
13075
13204
13076
13205
13077
13206
13078
13207
13079
13208
13080
13209
13081
13210
13082
13211
13083
13212
13084
13213
13085
13214
13086
13215
13087
13216
13088
13217
13089
13218
13090
13219
13091
13220
13092
13221
13093
13222
13094
13223
13095
13224
13096
13225
13097
13226
13098
13227
13099
13228
13100
13229
13101
13230
13102
13231
13103
13232
13104
13233
13105
13234
13106
13235
13107
13236
13108
13237
13109
13238
13110
13239
13111
13240
13112
13241
13113
13242
13114
13243
13115
13244
13116
13245
13117
13246
13118
13247
13119
13248
13120
13249
13121
13250
13122
13251
13123
13252
13124
13253
13125
13254
13126
13255
13127
13256
13128
13257
13129
13258
13259
13131
13260
13132
13261
13133
13262
13134
13263
13135
13264
13136
13265
13137
13266
13138
13267
13139
13268
13140
13269
13141
13270
13142
13271
13143
13272
13144
13273
13145
13274
13146
13275
13147
13276
13148
13277
13149
13278
13150
13279
13151
13280
13152
13281
13153
13282
13154
13283
13155
13284
13156
13285
13157
13286
13158
13287
13159
13288
13160
13289
13161
13290
13162
13291
13163
13292
13164
13293
13165
13294
13166
13295
13167
13296
13168
13297
13169
13298
13170
13299
13171
13300
13172
13301
13173
13302
13174
13303
13175
13304
13176
13305
13177
13306
13178
13307
13179
13308
13180
13309
13181
13310
13182
13311
13183
13312
13184
13313
13185
13314
13186
13315
13187
13316
13188
13317
13189
13318
13190
13319
13191
13320
13192
13321
13193
13322
13194
13323
13195
13324
13196
13325
13197
13326
13198
13327
13199
13328
13200
13329
13201
13330
13202
13331
13203
13332
13204
13333
13205
13334
13206
13335
13207
13336
13208
13337
13209
13338
13210
13339
13211
13340
13212
13341
13213
13342
13214
13343
13215
13344
13216
13345
13217
13346
13218
13347
13219
13348
13220
13349
13221
13350
13222
13351
13223
13352
13224
13353
13225
13354
13226
13355
13227
13356
13228
13357
13229
13358
13230
13359
13231
13360
13232
13361
13233
13362
13234
13363
13235
13364
13236
13365
13237
13366
13238
13367
13239
13368
13240
13369
13241
13370
13242
13371
13243
13372
13244
13373
13245
13374
13246
13375
13247
13376
13248
13377
13249
13378
13250
13379
13251
13380
13252
13381
13253
13382
13254
13383
13255
13384
13256
13385
13257
13386
13258
13387
13259
13388
13389
13261
13390
13262
13391
13263
13392
13264
13393
13265
13394
13266
13395
13267
13396
13268
13397
13269
13398
13270
13399
13271
13400
13272
13401
13273
13402
13274
13403
13275
13404
13276
13405
13277
13406
13278
13407
13279
13408
13280
13409
13281
13410
13282
13411
13283
13412
13284
13413
13285
13414
13286
13415
13287
13416
13288
13417
13289
13418
13290
13419
13291
13420
13292
13421
13293
13422
13294
13423
13295
13424
13296
13425
13297
13426
13298
13427
13299
13428
13300
13429
13301
13430
13302
13431
13303
13432
13304
13433
13305
13434
13306
13435
13307
13436
13308
13437
13309
13438
13310
13439
13311
13440
13312
13441
13313
13442
13314
13443
13315
13444
13316
13445
13317
13446
13318
13447
13319
13448
13320
13449
13321
13450
13322
13451
13323
13452
13324
13453
13325
13454
13326
13455
13327
13456
13328
13457
13329
13458
13330
13459
13331
13460
13332
13461
13333
13462
13334
13463
13335
13464
13336
13465
13337
13466
13338
13467
13339
13468
13340
13469
13341
13470
13342
13471
13343
13472
13344
13473
13345
13474
13346
13475
13347
13476
13348
13477
13349
13478
13350
13479
13351
13480
13352
13481
13353
13482
13354
13483
13355
13484
13356
13485
13357
13486
13358
13487
13359
13488
13360
13489
13361
13490
13362
13491
13363
13492
13364
13493
13365
13494
13366
13495
13367
13496
13368
13497
13369
13498
13370
13499
13371
13500
13372
13501
13373
13502
13374
13503
13375
13504
13376
13505
13377
13506
13378
13507
13379
13508
13380
13509
13381
13510
13382
13511
13383
13512
13384
13513
13385
13514
13386
13515
13387
13516
13388
13517
13389
13518
13519
13391
13520
13392
13521
13393
13522
13394
13523
13395
13524
13396
13525
13397
13526
13398
13527
13399
13528
13400
13529
13401
13530
13402
13531
13403
13532
13404
13533
13405
13534
13406
13535
13407
13536
13408
13537
13409
13538
13410
13539
13411
13540
13412
13541
13413
13542
13414
13543
13415
13544
13416
13545
13417
13546
13418
13547
13419
13548
13420
13549
13421
13550
13422
13551
13423
13552
13424
13553
13425
13554
13426
13555
13427
13556
13428
13557
13429
13558
13430
13559
13431
13560
13432
13561
13433
13562
13434
13563
13435
13564
13436
13565
13437
13566
13438
13567
13439
13568
13440
13569
13441
13570
13442
13571
13443
13572
13444
13573
13445
13574
13446
13575
13447
13576
13448
13577
13449
13578
13450
13579
13451
13580
13452
13581
13453
13582
13454
13583
13455
13584
13456
13585
13457
13586
13458
13587
13459
13588
13460
13589
13461
13590
13462
13591
13463
13592
13464
13593
13465
13594
13466
13595
13467
13596
13468
13597
13469
13598
13470
13599
13471
13600
13472
13601
13473
13602
13474
13603
13475
13604
13476
13605
13477
13606
13478
13607
13479
13608
13480
13609
13481
13610
13482
13611
13483
13612
13484
13613
13485
13614
13486
13615
13487
13616
13488
13617
13489
13618
13490
13619
13491
13620
13492
13621
13493
13622
13494
13623
13495
13624
13496
13625
13497
13626
13498
13627
13499
13628
13500
13629
13501
13630
13502
13631
13503
13632
13504
13633
13505
13634
13506
13635
13507
13636
13508
13637
13509
13638
13510
13639
13511
13640
13512
13641
13513
13642
13514
13643
13515
13644
13516
13645
13517
13646
13518
13647
13519
13648
13649
13521
13650
13522
13651
13523
13652
13524
13653
13525
13654
13526
13655
13527
13656
13528
13657
13529
13658
13530
13659
13531
13660
13532
13661
13533
13662
13534
13663
13535
13664
13536
13665
13537
13666
13538
13667
13539
13668
13540
13669
13541
13670
13542
13671
13543
13672
13544
13673
13545
13674
13546
13675
13547
13676
13548
13677
13549
13678
13550
13679
13551
13680
13552
13681
13553
13682
13554
13683
13555
13684
13556
13685
13557
13686
13558
13687
13559
13688
13560
13689
13561
13690
13562
13691
13563
13692
13564
13693
13565
13694
13566
13695
13567
13696
13568
13697
13569
13698
13570
13699
13571
13700
13572
13701
13573
13702
13574
13703
13575
13704
13576
13705
13577
13706
13578
13707
13579
13708
13580
13709
13581
13710
13582
13711
13583
13712
13584
13713
13585
13714
13586
13715
13587
13716
13588
13717
13589
13718
13590
13719
13591
13720
13592
13721
13593
13722
13594
13723
13595
13724
13596
13725
13597
13726
13598
13727
13599
13728
13600
13729
13601
13730
13602
13731
13603
13732
13604
13733
13605
13734
13606
13735
13607
13736
13608
13737
13609
13738
13610
13739
13611
13740
13612
13741
13613
13742
13614
13743
13615
13744
13616
13745
13617
13746
13618
13747
13619
13748
13620
13749
13621
13750
13622
13751
13623
13752
13624
13753
13625
13754
13626
13755
13627
13756
13628
13757
13629
13758
13630
13759
13631
13760
13632
13761
13633
13762
13634
13763
13635
13764
13636
13765
13637
13766
13638
13767
13639
13768
13640
13769
13641
13770
13642
13771
13643
13772
13644
13773
13645
13774
13646
13775
13647
13776
13648
13777
13649
13778
13779
13651
13780
13652
13781
13653
13782
13654
13783
13655
13784
13656
13785
13657
13786
13658
13787
13659
13788
13660
13789
13661
13790
13662
13791
13663
13792
13664
13793
13665
13794
13666
13795
13667
13796
13668
13797
13669
13798
13670
13799
13671
13800
13672
13801
13673
13802
13674
13803
13675
13804
13676
13805
13677
13806
13678
13807
13679
13808
13680
13809
13681
13810
13682
13811
13683
13812
13684
13813
13685
13814
13686
13815
13687
13816
13688
13817
13689
13818
13690
13819
13691
13820
13692
13821
13693
13822
13694
13823
13695
13824
13696
13825
13697
13826
13698
13827
13699
13828
13700
13829
13701
13830
13702
13831
13703
13832
13704
13833
13705
13834
13706
13835
13707
13836
13708
13837
13709
13838
13710
13839
13711
13840
13712
13841
13713
13842
13714
13843
13715
13844
13716
13845
13717
13846
13718
13847
13719
13848
13720
13849
13721
13850
13722
13851
13723
13852
13724
13853
13725
13854
13726
13855
13727
13856
13728
13857
13729
13858
13730
13859
13731
13860
13732
13861
13733
13862
13734
13863
13735
13864
13736
13865
13737
13866
13738
13867
13739
13868
13740
13869
13741
13870
13742
13871
13743
13872
13744
13873
13745
13874
13746
13875
13747
13876
13748
13877
13749
13878
13750
13879
13751
13880
13752
13881
13753
13882
13754
13883
13755
13884
13756
13885
13757
13886
13758
13887
13759
13888
13760
13889
13761
13890
13762
13891
13763
13892
13764
13893
13765
13894
13766
13895
13767
13896
13768
13897
13769
13898
13770
13899
13771
13900
13772
13901
13773
13902
13774
13903
13775
13904
13776
13905
13777
13906
13778
13907
13779
13908
13909
13781
13910
13782
13911
13783
13912
13784
13913
13785
13914
13786
13915
13787
13916
13788
13917
13789
13918
13790
13919
13791
13920
13792
13921
13793
13922
13794
13923
13795
13924
13796
13925
13797
13926
13798
13927
13799
13928
13800
13929
13801
13930
13802
13931
13803
13932
13804
13933
13805
13934
13806
13935
13807
13936
13808
13937
13809
13938
13810
13939
13811
13940
13812
13941
13813
13942
13814
13943
13815
13944
13816
13945
13817
13946
13818
13947
13819
13948
13820
13949
13821
13950
13822
13951
13823
13952
13824
13953
13825
13954
13826
13955
13827
13956
13828
13957
13829
13958
13830
13959
13831
13960
13832
13961
13833
13962
13834
13963
13835
13964
13836
13965
13837
13966
13838
13967
13839
13968
13840
13969
13841
13970
13842
13971
13843
13972
13844
13973
13845
13974
13846
13975
13847
13976
13848
13977
13849
13978
13850
13979
13851
13980
13852
13981
13853
13982
13854
13983
13855
13984
13856
13985
13857
13986
13858
13987
13859
13988
13860
13989
13861
13990
13862
13991
13863
13992
13864
13993
13865
13994
13866
13995
13867
13996
13868
13997
13869
13998
13870
13999
13871
14000
13872
14001
13873
14002
13874
14003
13875
14004
13876
14005
13877
14006
13878
14007
13879
14008
13880
14009
13881
14010
13882
14011
13883
14012
13884
14013
13885
14014
13886
14015
13887
14016
13888
14017
13889
14018
13890
14019
13891
14020
13892
14021
13893
14022
13894
14023
13895
14024
13896
14025
13897
14026
13898
14027
13899
14028
13900
14029
13901
14030
13902
14031
13903
14032
13904
14033
13905
14034
13906
14035
13907
14036
13908
14037
13909
14038
14039
13911
14040
13912
14041
13913
14042
13914
14043
13915
14044
13916
14045
13917
14046
13918
14047
13919
14048
13920
14049
13921
14050
13922
14051
13923
14052
13924
14053
13925
14054
13926
14055
13927
14056
13928
14057
13929
14058
13930
14059
13931
14060
13932
14061
13933
14062
13934
14063
13935
14064
13936
14065
13937
14066
13938
14067
13939
14068
13940
14069
13941
14070
13942
14071
13943
14072
13944
14073
13945
14074
13946
14075
13947
14076
13948
14077
13949
14078
13950
14079
13951
14080
13952
14081
13953
14082
13954
14083
13955
14084
13956
14085
13957
14086
13958
14087
13959
14088
13960
14089
13961
14090
13962
14091
13963
14092
13964
14093
13965
14094
13966
14095
13967
14096
13968
14097
13969
14098
13970
14099
13971
14100
13972
14101
13973
14102
13974
14103
13975
14104
13976
14105
13977
14106
13978
14107
13979
14108
13980
14109
13981
14110
13982
14111
13983
14112
13984
14113
13985
14114
13986
14115
13987
14116
13988
14117
13989
14118
13990
14119
13991
14120
13992
14121
13993
14122
13994
14123
13995
14124
13996
14125
13997
14126
13998
14127
13999
14128
14000
14129
14001
14130
14002
14131
14003
14132
14004
14133
14005
14134
14006
14135
14007
14136
14008
14137
14009
14138
14010
14139
14011
14140
14012
14141
14013
14142
14014
14143
14015
14144
14016
14145
14017
14146
14018
14147
14019
14148
14020
14149
14021
14150
14022
14151
14023
14152
14024
14153
14025
14154
14026
14155
14027
14156
14028
14157
14029
14158
14030
14159
14031
14160
14032
14161
14033
14162
14034
14163
14035
14164
14036
14165
14037
14166
14038
14167
14039
14168
14169
14041
14170
14042
14171
14043
14172
14044
14173
14045
14174
14046
14175
14047
14176
14048
14177
14049
14178
14050
14179
14051
14180
14052
14181
14053
14182
14054
14183
14055
14184
14056
14185
14057
14186
14058
14187
14059
14188
14060
14189
14061
14190
14062
14191
14063
14192
14064
14193
14065
14194
14066
14195
14067
14196
14068
14197
14069
14198
14070
14199
14071
14200
14072
14201
14073
14202
14074
14203
14075
14204
14076
14205
14077
14206
14078
14207
14079
14208
14080
14209
14081
14210
14082
14211
14083
14212
14084
14213
14085
14214
14086
14215
14087
14216
14088
14217
14089
14218
14090
14219
14091
14220
14092
14221
14093
14222
14094
14223
14095
14224
14096
14225
14097
14226
14098
14227
14099
14228
14100
14229
14101
14230
14102
14231
14103
14232
14104
14233
14105
14234
14106
14235
14107
14236
14108
14237
14109
14238
14110
14239
14111
14240
14112
14241
14113
14242
14114
14243
14115
14244
14116
14245
14117
14246
14118
14247
14119
14248
14120
14249
14121
14250
14122
14251
14123
14252
14124
14253
14125
14254
14126
14255
14127
14256
14128
14257
14129
14258
14130
14259
14131
14260
14132
14261
14133
14262
14134
14263
14135
14264
14136
14265
14137
14266
14138
14267
14139
14268
14140
14269
14141
14270
14142
14271
14143
14272
14144
14273
14145
14274
14146
14275
14147
14276
14148
14277
14149
14278
14150
14279
14151
14280
14152
14281
14153
14282
14154
14283
14155
14284
14156
14285
14157
14286
14158
14287
14159
14288
14160
14289
14161
14290
14162
14291
14163
14292
14164
14293
14165
14294
14166
14295
14167
14296
14168
14297
14169
14298
14299
14171
14300
14172
14301
14173
14302
14174
14303
14175
14304
14176
14305
14177
14306
14178
14307
14179
14308
14180
14309
14181
14310
14182
14311
14183
14312
14184
14313
14185
14314
14186
14315
14187
14316
14188
14317
14189
14318
14190
14319
14191
14320
14192
14321
14193
14322
14194
14323
14195
14324
14196
14325
14197
14326
14198
14327
14199
14328
14200
14329
14201
14330
14202
14331
14203
14332
14204
14333
14205
14334
14206
14335
14207
14336
14208
14337
14209
14338
14210
14339
14211
14340
14212
14341
14213
14342
14214
14343
14215
14344
14216
14345
14217
14346
14218
14347
14219
14348
14220
14349
14221
14350
14222
14351
14223
14352
14224
14353
14225
14354
14226
14355
14227
14356
14228
14357
14229
14358
14230
14359
14231
14360
14232
14361
14233
14362
14234
14363
14235
14364
14236
14365
14237
14366
14238
14367
14239
14368
14240
14369
14241
14370
14242
14371
14243
14372
14244
14373
14245
14374
14246
14375
14247
14376
14248
14377
14249
14378
14250
14379
14251
14380
14252
14381
14253
14382
14254
14383
14255
14384
14256
14385
14257
14386
14258
14387
14259
14388
14260
14389
14261
14390
14262
14391
14263
14392
14264
14393
14265
14394
14266
14395
14267
14396
14268
14397
14269
14398
14270
14399
14271
14400
14272
14401
14273
14402
14274
14403
14275
14404
14276
14405
14277
14406
14278
14407
14279
14408
14280
14409
14281
14410
14282
14411
14283
14412
14284
14413
14285
14414
14286
14415
14287
14416
14288
14417
14289
14418
14290
14419
14291
14420
14292
14421
14293
14422
14294
14423
14295
14424
14296
14425
14297
14426
14298
14427
14299
14428
14429
14301
14430
14302
14431
14303
14432
14304
14433
14305
14434
14306
14435
14307
14436
14308
14437
14309
14438
14310
14439
14311
14440
14312
14441
14313
14442
14314
14443
14315
14444
14316
14445
14317
14446
14318
14447
14319
14448
14320
14449
14321
14450
14322
14451
14323
14452
14324
14453
14325
14454
14326
14455
14327
14456
14328
14457
14329
14458
14330
14459
14331
14460
14332
14461
14333
14462
14334
14463
14335
14464
14336
14465
14337
14466
14338
14467
14339
14468
14340
14469
14341
14470
14342
14471
14343
14472
14344
14473
14345
14474
14346
14475
14347
14476
14348
14477
14349
14478
14350
14479
14351
14480
14352
14481
14353
14482
14354
14483
14355
14484
14356
14485
14357
14486
14358
14487
14359
14488
14360
14489
14361
14490
14362
14491
14363
14492
14364
14493
14365
14494
14366
14495
14367
14496
14368
14497
14369
14498
14370
14499
14371
14500
14372
14501
14373
14502
14374
14503
14375
14504
14376
14505
14377
14506
14378
14507
14379
14508
14380
14509
14381
14510
14382
14511
14383
14512
14384
14513
14385
14514
14386
14515
14387
14516
14388
14517
14389
14518
14390
14519
14391
14520
14392
14521
14393
14522
14394
14523
14395
14524
14396
14525
14397
14526
14398
14527
14399
14528
14400
14529
14401
14530
14402
14531
14403
14532
14404
14533
14405
14534
14406
14535
14407
14536
14408
14537
14409
14538
14410
14539
14411
14540
14412
14541
14413
14542
14414
14543
14415
14544
14416
14545
14417
14546
14418
14547
14419
14548
14420
14549
14421
14550
14422
14551
14423
14552
14424
14553
14425
14554
14426
14555
14427
14556
14428
14557
14429
14558
14559
14431
14560
14432
14561
14433
14562
14434
14563
14435
14564
14436
14565
14437
14566
14438
14567
14439
14568
14440
14569
14441
14570
14442
14571
14443
14572
14444
14573
14445
14574
14446
14575
14447
14576
14448
14577
14449
14578
14450
14579
14451
14580
14452
14581
14453
14582
14454
14583
14455
14584
14456
14585
14457
14586
14458
14587
14459
14588
14460
14589
14461
14590
14462
14591
14463
14592
14464
14593
14465
14594
14466
14595
14467
14596
14468
14597
14469
14598
14470
14599
14471
14600
14472
14601
14473
14602
14474
14603
14475
14604
14476
14605
14477
14606
14478
14607
14479
14608
14480
14609
14481
14610
14482
14611
14483
14612
14484
14613
14485
14614
14486
14615
14487
14616
14488
14617
14489
14618
14490
14619
14491
14620
14492
14621
14493
14622
14494
14623
14495
14624
14496
14625
14497
14626
14498
14627
14499
14628
14500
14629
14501
14630
14502
14631
14503
14632
14504
14633
14505
14634
14506
14635
14507
14636
14508
14637
14509
14638
14510
14639
14511
14640
14512
14641
14513
14642
14514
14643
14515
14644
14516
14645
14517
14646
14518
14647
14519
14648
14520
14649
14521
14650
14522
14651
14523
14652
14524
14653
14525
14654
14526
14655
14527
14656
14528
14657
14529
14658
14530
14659
14531
14660
14532
14661
14533
14662
14534
14663
14535
14664
14536
14665
14537
14666
14538
14667
14539
14668
14540
14669
14541
14670
14542
14671
14543
14672
14544
14673
14545
14674
14546
14675
14547
14676
14548
14677
14549
14678
14550
14679
14551
14680
14552
14681
14553
14682
14554
14683
14555
14684
14556
14685
14557
14686
14558
14687
14559
14688
14689
14561
14690
14562
14691
14563
14692
14564
14693
14565
14694
14566
14695
14567
14696
14568
14697
14569
14698
14570
14699
14571
14700
14572
14701
14573
14702
14574
14703
14575
14704
14576
14705
14577
14706
14578
14707
14579
14708
14580
14709
14581
14710
14582
14711
14583
14712
14584
14713
14585
14714
14586
14715
14587
14716
14588
14717
14589
14718
14590
14719
14591
14720
14592
14721
14593
14722
14594
14723
14595
14724
14596
14725
14597
14726
14598
14727
14599
14728
14600
14729
14601
14730
14602
14731
14603
14732
14604
14733
14605
14734
14606
14735
14607
14736
14608
14737
14609
14738
14610
14739
14611
14740
14612
14741
14613
14742
14614
14743
14615
14744
14616
14745
14617
14746
14618
14747
14619
14748
14620
14749
14621
14750
14622
14751
14623
14752
14624
14753
14625
14754
14626
14755
14627
14756
14628
14757
14629
14758
14630
14759
14631
14760
14632
14761
14633
14762
14634
14763
14635
14764
14636
14765
14637
14766
14638
14767
14639
14768
14640
14769
14641
14770
14642
14771
14643
14772
14644
14773
14645
14774
14646
14775
14647
14776
14648
14777
14649
14778
14650
14779
14651
14780
14652
14781
14653
14782
14654
14783
14655
14784
14656
14785
14657
14786
14658
14787
14659
14788
14660
14789
14661
14790
14662
14791
14663
14792
14664
14793
14665
14794
14666
14795
14667
14796
14668
14797
14669
14798
14670
14799
14671
14800
14672
14801
14673
14802
14674
14803
14675
14804
14676
14805
14677
14806
14678
14807
14679
14808
14680
14809
14681
14810
14682
14811
14683
14812
14684
14813
14685
14814
14686
14815
14687
14816
14688
14817
14689
14818
14819
14691
14820
14692
14821
14693
14822
14694
14823
14695
14824
14696
14825
14697
14826
14698
14827
14699
14828
14700
14829
14701
14830
14702
14831
14703
14832
14704
14833
14705
14834
14706
14835
14707
14836
14708
14837
14709
14838
14710
14839
14711
14840
14712
14841
14713
14842
14714
14843
14715
14844
14716
14845
14717
14846
14718
14847
14719
14848
14720
14849
14721
14850
14722
14851
14723
14852
14724
14853
14725
14854
14726
14855
14727
14856
14728
14857
14729
14858
14730
14859
14731
14860
14732
14861
14733
14862
14734
14863
14735
14864
14736
14865
14737
14866
14738
14867
14739
14868
14740
14869
14741
14870
14742
14871
14743
14872
14744
14873
14745
14874
14746
14875
14747
14876
14748
14877
14749
14878
14750
14879
14751
14880
14752
14881
14753
14882
14754
14883
14755
14884
14756
14885
14757
14886
14758
14887
14759
14888
14760
14889
14761
14890
14762
14891
14763
14892
14764
14893
14765
14894
14766
14895
14767
14896
14768
14897
14769
14898
14770
14899
14771
14900
14772
14901
14773
14902
14774
14903
14775
14904
14776
14905
14777
14906
14778
14907
14779
14908
14780
14909
14781
14910
14782
14911
14783
14912
14784
14913
14785
14914
14786
14915
14787
14916
14788
14917
14789
14918
14790
14919
14791
14920
14792
14921
14793
14922
14794
14923
14795
14924
14796
14925
14797
14926
14798
14927
14799
14928
14800
14929
14801
14930
14802
14931
14803
14932
14804
14933
14805
14934
14806
14935
14807
14936
14808
14937
14809
14938
14810
14939
14811
14940
14812
14941
14813
14942
14814
14943
14815
14944
14816
14945
14817
14946
14818
14947
14819
14948
14949
14821
14950
14822
14951
14823
14952
14824
14953
14825
14954
14826
14955
14827
14956
14828
14957
14829
14958
14830
14959
14831
14960
14832
14961
14833
14962
14834
14963
14835
14964
14836
14965
14837
14966
14838
14967
14839
14968
14840
14969
14841
14970
14842
14971
14843
14972
14844
14973
14845
14974
14846
14975
14847
14976
14848
14977
14849
14978
14850
14979
14851
14980
14852
14981
14853
14982
14854
14983
14855
14984
14856
14985
14857
14986
14858
14987
14859
14988
14860
14989
14861
14990
14862
14991
14863
14992
14864
14993
14865
14994
14866
14995
14867
14996
14868
14997
14869
14998
14870
14999
14871
15000
14872
15001
14873
15002
14874
15003
14875
15004
14876
15005
14877
15006
14878
15007
14879
15008
14880
15009
14881
15010
14882
15011
14883
15012
14884
15013
14885
15014
14886
15015
14887
15016
14888
15017
14889
15018
14890
15019
14891
15020
14892
15021
14893
15022
14894
15023
14895
15024
14896
15025
14897
15026
14898
15027
14899
15028
14900
15029
14901
15030
14902
15031
14903
15032
14904
15033
14905
15034
14906
15035
14907
15036
14908
15037
14909
15038
14910
15039
14911
15040
14912
15041
14913
15042
14914
15043
14915
15044
14916
15045
14917
15046
14918
15047
14919
15048
14920
15049
14921
15050
14922
15051
14923
15052
14924
15053
14925
15054
14926
15055
14927
15056
14928
15057
14929
15058
14930
15059
14931
15060
14932
15061
14933
15062
14934
15063
14935
15064
14936
15065
14937
15066
14938
15067
14939
15068
14940
15069
14941
15070
14942
15071
14943
15072
14944
15073
14945
15074
14946
15075
14947
15076
14948
15077
14949
15078
15079
14951
15080
14952
15081
14953
15082
14954
15083
14955
15084
14956
15085
14957
15086
14958
15087
14959
15088
14960
15089
14961
15090
14962
15091
14963
15092
14964
15093
14965
15094
14966
15095
14967
15096
14968
15097
14969
15098
14970
15099
14971
15100
14972
15101
14973
15102
14974
15103
14975
15104
14976
15105
14977
15106
14978
15107
14979
15108
14980
15109
14981
15110
14982
15111
14983
15112
14984
15113
14985
15114
14986
15115
14987
15116
14988
15117
14989
15118
14990
15119
14991
15120
14992
15121
14993
15122
14994
15123
14995
15124
14996
15125
14997
15126
14998
15127
14999
15128
15000
15129
15001
15130
15002
15131
15003
15132
15004
15133
15005
15134
15006
15135
15007
15136
15008
15137
15009
15138
15010
15139
15011
15140
15012
15141
15013
15142
15014
15143
15015
15144
15016
15145
15017
15146
15018
15147
15019
15148
15020
15149
15021
15150
15022
15151
15023
15152
15024
15153
15025
15154
15026
15155
15027
15156
15028
15157
15029
15158
15030
15159
15031
15160
15032
15161
15033
15162
15034
15163
15035
15164
15036
15165
15037
15166
15038
15167
15039
15168
15040
15169
15041
15170
15042
15171
15043
15172
15044
15173
15045
15174
15046
15175
15047
15176
15048
15177
15049
15178
15050
15179
15051
15180
15052
15181
15053
15182
15054
15183
15055
15184
15056
15185
15057
15186
15058
15187
15059
15188
15060
15189
15061
15190
15062
15191
15063
15192
15064
15193
15065
15194
15066
15195
15067
15196
15068
15197
15069
15198
15070
15199
15071
15200
15072
15201
15073
15202
15074
15203
15075
15204
15076
15205
15077
15206
15078
15207
15079
15208
15209
15081
15210
15082
15211
15083
15212
15084
15213
15085
15214
15086
15215
15087
15216
15088
15217
15089
15218
15090
15219
15091
15220
15092
15221
15093
15222
15094
15223
15095
15224
15096
15225
15097
15226
15098
15227
15099
15228
15100
15229
15101
15230
15102
15231
15103
15232
15104
15233
15105
15234
15106
15235
15107
15236
15108
15237
15109
15238
15110
15239
15111
15240
15112
15241
15113
15242
15114
15243
15115
15244
15116
15245
15117
15246
15118
15247
15119
15248
15120
15249
15121
15250
15122
15251
15123
15252
15124
15253
15125
15254
15126
15255
15127
15256
15128
15257
15129
15258
15130
15259
15131
15260
15132
15261
15133
15262
15134
15263
15135
15264
15136
15265
15137
15266
15138
15267
15139
15268
15140
15269
15141
15270
15142
15271
15143
15272
15144
15273
15145
15274
15146
15275
15147
15276
15148
15277
15149
15278
15150
15279
15151
15280
15152
15281
15153
15282
15154
15283
15155
15284
15156
15285
15157
15286
15158
15287
15159
15288
15160
15289
15161
15290
15162
15291
15163
15292
15164
15293
15165
15294
15166
15295
15167
15296
15168
15297
15169
15298
15170
15299
15171
15300
15172
15301
15173
15302
15174
15303
15175
15304
15176
15305
15177
15306
15178
15307
15179
15308
15180
15309
15181
15310
15182
15311
15183
15312
15184
15313
15185
15314
15186
15315
15187
15316
15188
15317
15189
15318
15190
15319
15191
15320
15192
15321
15193
15322
15194
15323
15195
15324
15196
15325
15197
15326
15198
15327
15199
15328
15200
15329
15201
15330
15202
15331
15203
15332
15204
15333
15205
15334
15206
15335
15207
15336
15208
15337
15209
15338
15339
15211
15340
15212
15341
15213
15342
15214
15343
15215
15344
15216
15345
15217
15346
15218
15347
15219
15348
15220
15349
15221
15350
15222
15351
15223
15352
15224
15353
15225
15354
15226
15355
15227
15356
15228
15357
15229
15358
15230
15359
15231
15360
15232
15361
15233
15362
15234
15363
15235
15364
15236
15365
15237
15366
15238
15367
15239
15368
15240
15369
15241
15370
15242
15371
15243
15372
15244
15373
15245
15374
15246
15375
15247
15376
15248
15377
15249
15378
15250
15379
15251
15380
15252
15381
15253
15382
15254
15383
15255
15384
15256
15385
15257
15386
15258
15387
15259
15388
15260
15389
15261
15390
15262
15391
15263
15392
15264
15393
15265
15394
15266
15395
15267
15396
15268
15397
15269
15398
15270
15399
15271
15400
15272
15401
15273
15402
15274
15403
15275
15404
15276
15405
15277
15406
15278
15407
15279
15408
15280
15409
15281
15410
15282
15411
15283
15412
15284
15413
15285
15414
15286
15415
15287
15416
15288
15417
15289
15418
15290
15419
15291
15420
15292
15421
15293
15422
15294
15423
15295
15424
15296
15425
15297
15426
15298
15427
15299
15428
15300
15429
15301
15430
15302
15431
15303
15432
15304
15433
15305
15434
15306
15435
15307
15436
15308
15437
15309
15438
15310
15439
15311
15440
15312
15441
15313
15442
15314
15443
15315
15444
15316
15445
15317
15446
15318
15447
15319
15448
15320
15449
15321
15450
15322
15451
15323
15452
15324
15453
15325
15454
15326
15455
15327
15456
15328
15457
15329
15458
15330
15459
15331
15460
15332
15461
15333
15462
15334
15463
15335
15464
15336
15465
15337
15466
15338
15467
15339
15468
15469
15341
15470
15342
15471
15343
15472
15344
15473
15345
15474
15346
15475
15347
15476
15348
15477
15349
15478
15350
15479
15351
15480
15352
15481
15353
15482
15354
15483
15355
15484
15356
15485
15357
15486
15358
15487
15359
15488
15360
15489
15361
15490
15362
15491
15363
15492
15364
15493
15365
15494
15366
15495
15367
15496
15368
15497
15369
15498
15370
15499
15371
15500
15372
15501
15373
15502
15374
15503
15375
15504
15376
15505
15377
15506
15378
15507
15379
15508
15380
15509
15381
15510
15382
15511
15383
15512
15384
15513
15385
15514
15386
15515
15387
15516
15388
15517
15389
15518
15390
15519
15391
15520
15392
15521
15393
15522
15394
15523
15395
15524
15396
15525
15397
15526
15398
15527
15399
15528
15400
15529
15401
15530
15402
15531
15403
15532
15404
15533
15405
15534
15406
15535
15407
15536
15408
15537
15409
15538
15410
15539
15411
15540
15412
15541
15413
15542
15414
15543
15415
15544
15416
15545
15417
15546
15418
15547
15419
15548
15420
15549
15421
15550
15422
15551
15423
15552
15424
15553
15425
15554
15426
15555
15427
15556
15428
15557
15429
15558
15430
15559
15431
15560
15432
15561
15433
15562
15434
15563
15435
15564
15436
15565
15437
15566
15438
15567
15439
15568
15440
15569
15441
15570
15442
15571
15443
15572
15444
15573
15445
15574
15446
15575
15447
15576
15448
15577
15449
15578
15450
15579
15451
15580
15452
15581
15453
15582
15454
15583
15455
15584
15456
15585
15457
15586
15458
15587
15459
15588
15460
15589
15461
15590
15462
15591
15463
15592
15464
15593
15465
15594
15466
15595
15467
15596
15468
15597
15469
15598
15599
15471
15600
15472
15601
15473
15602
15474
15603
15475
15604
15476
15605
15477
15606
15478
15607
15479
15608
15480
15609
15481
15610
15482
15611
15483
15612
15484
15613
15485
15614
15486
15615
15487
15616
15488
15617
15489
15618
15490
15619
15491
15620
15492
15621
15493
15622
15494
15623
15495
15624
15496
15625
15497
15626
15498
15627
15499
15628
15500
15629
15501
15630
15502
15631
15503
15632
15504
15633
15505
15634
15506
15635
15507
15636
15508
15637
15509
15638
15510
15639
15511
15640
15512
15641
15513
15642
15514
15643
15515
15644
15516
15645
15517
15646
15518
15647
15519
15648
15520
15649
15521
15650
15522
15651
15523
15652
15524
15653
15525
15654
15526
15655
15527
15656
15528
15657
15529
15658
15530
15659
15531
15660
15532
15661
15533
15662
15534
15663
15535
15664
15536
15665
15537
15666
15538
15667
15539
15668
15540
15669
15541
15670
15542
15671
15543
15672
15544
15673
15545
15674
15546
15675
15547
15676
15548
15677
15549
15678
15550
15679
15551
15680
15552
15681
15553
15682
15554
15683
15555
15684
15556
15685
15557
15686
15558
15687
15559
15688
15560
15689
15561
15690
15562
15691
15563
15692
15564
15693
15565
15694
15566
15695
15567
15696
15568
15697
15569
15698
15570
15699
15571
15700
15572
15701
15573
15702
15574
15703
15575
15704
15576
15705
15577
15706
15578
15707
15579
15708
15580
15709
15581
15710
15582
15711
15583
15712
15584
15713
15585
15714
15586
15715
15587
15716
15588
15717
15589
15718
15590
15719
15591
15720
15592
15721
15593
15722
15594
15723
15595
15724
15596
15725
15597
15726
15598
15727
15599
15728
15729
15601
15730
15602
15731
15603
15732
15604
15733
15605
15734
15606
15735
15607
15736
15608
15737
15609
15738
15610
15739
15611
15740
15612
15741
15613
15742
15614
15743
15615
15744
15616
15745
15617
15746
15618
15747
15619
15748
15620
15749
15621
15750
15622
15751
15623
15752
15624
15753
15625
15754
15626
15755
15627
15756
15628
15757
15629
15758
15630
15759
15631
15760
15632
15761
15633
15762
15634
15763
15635
15764
15636
15765
15637
15766
15638
15767
15639
15768
15640
15769
15641
15770
15642
15771
15643
15772
15644
15773
15645
15774
15646
15775
15647
15776
15648
15777
15649
15778
15650
15779
15651
15780
15652
15781
15653
15782
15654
15783
15655
15784
15656
15785
15657
15786
15658
15787
15659
15788
15660
15789
15661
15790
15662
15791
15663
15792
15664
15793
15665
15794
15666
15795
15667
15796
15668
15797
15669
15798
15670
15799
15671
15800
15672
15801
15673
15802
15674
15803
15675
15804
15676
15805
15677
15806
15678
15807
15679
15808
15680
15809
15681
15810
15682
15811
15683
15812
15684
15813
15685
15814
15686
15815
15687
15816
15688
15817
15689
15818
15690
15819
15691
15820
15692
15821
15693
15822
15694
15823
15695
15824
15696
15825
15697
15826
15698
15827
15699
15828
15700
15829
15701
15830
15702
15831
15703
15832
15704
15833
15705
15834
15706
15835
15707
15836
15708
15837
15709
15838
15710
15839
15711
15840
15712
15841
15713
15842
15714
15843
15715
15844
15716
15845
15717
15846
15718
15847
15719
15848
15720
15849
15721
15850
15722
15851
15723
15852
15724
15853
15725
15854
15726
15855
15727
15856
15728
15857
15729
15858
15859
15731
15860
15732
15861
15733
15862
15734
15863
15735
15864
15736
15865
15737
15866
15738
15867
15739
15868
15740
15869
15741
15870
15742
15871
15743
15872
15744
15873
15745
15874
15746
15875
15747
15876
15748
15877
15749
15878
15750
15879
15751
15880
15752
15881
15753
15882
15754
15883
15755
15884
15756
15885
15757
15886
15758
15887
15759
15888
15760
15889
15761
15890
15762
15891
15763
15892
15764
15893
15765
15894
15766
15895
15767
15896
15768
15897
15769
15898
15770
15899
15771
15900
15772
15901
15773
15902
15774
15903
15775
15904
15776
15905
15777
15906
15778
15907
15779
15908
15780
15909
15781
15910
15782
15911
15783
15912
15784
15913
15785
15914
15786
15915
15787
15916
15788
15917
15789
15918
15790
15919
15791
15920
15792
15921
15793
15922
15794
15923
15795
15924
15796
15925
15797
15926
15798
15927
15799
15928
15800
15929
15801
15930
15802
15931
15803
15932
15804
15933
15805
15934
15806
15935
15807
15936
15808
15937
15809
15938
15810
15939
15811
15940
15812
15941
15813
15942
15814
15943
15815
15944
15816
15945
15817
15946
15818
15947
15819
15948
15820
15949
15821
15950
15822
15951
15823
15952
15824
15953
15825
15954
15826
15955
15827
15956
15828
15957
15829
15958
15830
15959
15831
15960
15832
15961
15833
15962
15834
15963
15835
15964
15836
15965
15837
15966
15838
15967
15839
15968
15840
15969
15841
15970
15842
15971
15843
15972
15844
15973
15845
15974
15846
15975
15847
15976
15848
15977
15849
15978
15850
15979
15851
15980
15852
15981
15853
15982
15854
15983
15855
15984
15856
15985
15857
15986
15858
15987
15859
15988
15989
15861
15990
15862
15991
15863
15992
15864
15993
15865
15994
15866
15995
15867
15996
15868
15997
15869
15998
15870
15999
15871
16000
15872
16001
15873
16002
15874
16003
15875
16004
15876
16005
15877
16006
15878
16007
15879
16008
15880
16009
15881
16010
15882
16011
15883
16012
15884
16013
15885
16014
15886
16015
15887
16016
15888
16017
15889
16018
15890
16019
15891
16020
15892
16021
15893
16022
15894
16023
15895
16024
15896
16025
15897
16026
15898
16027
15899
16028
15900
16029
15901
16030
15902
16031
15903
16032
15904
16033
15905
16034
15906
16035
15907
16036
15908
16037
15909
16038
15910
16039
15911
16040
15912
16041
15913
16042
15914
16043
15915
16044
15916
16045
15917
16046
15918
16047
15919
16048
15920
16049
15921
16050
15922
16051
15923
16052
15924
16053
15925
16054
15926
16055
15927
16056
15928
16057
15929
16058
15930
16059
15931
16060
15932
16061
15933
16062
15934
16063
15935
16064
15936
16065
15937
16066
15938
16067
15939
16068
15940
16069
15941
16070
15942
16071
15943
16072
15944
16073
15945
16074
15946
16075
15947
16076
15948
16077
15949
16078
15950
16079
15951
16080
15952
16081
15953
16082
15954
16083
15955
16084
15956
16085
15957
16086
15958
16087
15959
16088
15960
16089
15961
16090
15962
16091
15963
16092
15964
16093
15965
16094
15966
16095
15967
16096
15968
16097
15969
16098
15970
16099
15971
16100
15972
16101
15973
16102
15974
16103
15975
16104
15976
16105
15977
16106
15978
16107
15979
16108
15980
16109
15981
16110
15982
16111
15983
16112
15984
16113
15985
16114
15986
16115
15987
16116
15988
16117
15989
16118
16119
15991
16120
15992
16121
15993
16122
15994
16123
15995
16124
15996
16125
15997
16126
15998
16127
15999
16128
16000
16129
16001
16130
16002
16131
16003
16132
16004
16133
16005
16134
16006
16135
16007
16136
16008
16137
16009
16138
16010
16139
16011
16140
16012
16141
16013
16142
16014
16143
16015
16144
16016
16145
16017
16146
16018
16147
16019
16148
16020
16149
16021
16150
16022
16151
16023
16152
16024
16153
16025
16154
16026
16155
16027
16156
16028
16157
16029
16158
16030
16159
16031
16160
16032
16161
16033
16162
16034
16163
16035
16164
16036
16165
16037
16166
16038
16167
16039
16168
16040
16169
16041
16170
16042
16171
16043
16172
16044
16173
16045
16174
16046
16175
16047
16176
16048
16177
16049
16178
16050
16179
16051
16180
16052
16181
16053
16182
16054
16183
16055
16184
16056
16185
16057
16186
16058
16187
16059
16188
16060
16189
16061
16190
16062
16191
16063
16192
16064
16193
16065
16194
16066
16195
16067
16196
16068
16197
16069
16198
16070
16199
16071
16200
16072
16201
16073
16202
16074
16203
16075
16204
16076
16205
16077
16206
16078
16207
16079
16208
16080
16209
16081
16210
16082
16211
16083
16212
16084
16213
16085
16214
16086
16215
16087
16216
16088
16217
16089
16218
16090
16219
16091
16220
16092
16221
16093
16222
16094
16223
16095
16224
16096
16225
16097
16226
16098
16227
16099
16228
16100
16229
16101
16230
16102
16231
16103
16232
16104
16233
16105
16234
16106
16235
16107
16236
16108
16237
16109
16238
16110
16239
16111
16240
16112
16241
16113
16242
16114
16243
16115
16244
16116
16245
16117
16246
16118
16247
16119
16248
16249
16121
16250
16122
16251
16123
16252
16124
16253
16125
16254
16126
16255
16127
16256
16128
16257
16129
16258
16130
16259
16131
16260
16132
16261
16133
16262
16134
16263
16135
16264
16136
16265
16137
16266
16138
16267
16139
16268
16140
16269
16141
16270
16142
16271
16143
16272
16144
16273
16145
16274
16146
16275
16147
16276
16148
16277
16149
16278
16150
16279
16151
16280
16152
16281
16153
16282
16154
16283
16155
16284
16156
16285
16157
16286
16158
16287
16159
16288
16160
16289
16161
16290
16162
16291
16163
16292
16164
16293
16165
16294
16166
16295
16167
16296
16168
16297
16169
16298
16170
16299
16171
16300
16172
16301
16173
16302
16174
16303
16175
16304
16176
16305
16177
16306
16178
16307
16179
16308
16180
16309
16181
16310
16182
16311
16183
16312
16184
16313
16185
16314
16186
16315
16187
16316
16188
16317
16189
16318
16190
16319
16191
16320
16192
16321
16193
16322
16194
16323
16195
16324
16196
16325
16197
16326
16198
16327
16199
16328
16200
16329
16201
16330
16202
16331
16203
16332
16204
16333
16205
16334
16206
16335
16207
16336
16208
16337
16209
16338
16210
16339
16211
16340
16212
16341
16213
16342
16214
16343
16215
16344
16216
16345
16217
16346
16218
16347
16219
16348
16220
16349
16221
16350
16222
16351
16223
16352
16224
16353
16225
16354
16226
16355
16227
16356
16228
16357
16229
16358
16230
16359
16231
16360
16232
16361
16233
16362
16234
16363
16235
16364
16236
16365
16237
16366
16238
16367
16239
16368
16240
16369
16241
16370
16242
16371
16243
16372
16244
16373
16245
16374
16246
16375
16247
16376
16248
16377
16249
16378
16379
16251
16380
16252
16381
16253
16382
16254
16383
16255
16384
16256
16385
16257
16386
16258
16387
16259
16388
16260
16389
16261
16390
16262
16391
16263
16392
16264
16393
16265
16394
16266
16395
16267
16396
16268
16397
16269
16398
16270
16399
16271
16400
16272
16401
16273
16402
16274
16403
16275
16404
16276
16405
16277
16406
16278
16407
16279
16408
16280
16409
16281
16410
16282
16411
16283
16412
16284
16413
16285
16414
16286
16415
16287
16416
16288
16417
16289
16418
16290
16419
16291
16420
16292
16421
16293
16422
16294
16423
16295
16424
16296
16425
16297
16426
16298
16427
16299
16428
16300
16429
16301
16430
16302
16431
16303
16432
16304
16433
16305
16434
16306
16435
16307
16436
16308
16437
16309
16438
16310
16439
16311
16440
16312
16441
16313
16442
16314
16443
16315
16444
16316
16445
16317
16446
16318
16447
16319
16448
16320
16449
16321
16450
16322
16451
16323
16452
16324
16453
16325
16454
16326
16455
16327
16456
16328
16457
16329
16458
16330
16459
16331
16460
16332
16461
16333
16462
16334
16463
16335
16464
16336
16465
16337
16466
16338
16467
16339
16468
16340
16469
16341
16470
16342
16471
16343
16472
16344
16473
16345
16474
16346
16475
16347
16476
16348
16477
16349
16478
16350
16479
16351
16480
16352
16481
16353
16482
16354
16483
16355
16484
16356
16485
16357
16486
16358
16487
16359
16488
16360
16489
16361
16490
16362
16491
16363
16492
16364
16493
16365
16494
16366
16495
16367
16496
16368
16497
16369
16498
16370
16499
16371
16500
16372
16501
16373
16502
16374
16503
16375
16504
16376
16505
16377
16506
16378
16507
16379
16508
16509
16381
16510
16382
16511
16383
16512
16384
16513
16385
16514
16386
16515
16387
16516
16388
16517
16389
16518
16390
16519
16391
16520
16392
16521
16393
16522
16394
16523
16395
16524
16396
16525
16397
16526
16398
16527
16399
16528
16400
16529
16401
16530
16402
16531
16403
16532
16404
16533
16405
16534
16406
16535
16407
16536
16408
16537
16409
16538
16410
16539
16411
16540
16412
16541
16413
16542
16414
16543
16415
16544
16416
16545
16417
16546
16418
16547
16419
16548
16420
16549
16421
16550
16422
16551
16423
16552
16424
16553
16425
16554
16426
16555
16427
16556
16428
16557
16429
16558
16430
16559
16431
16560
16432
16561
16433
16562
16434
16563
16435
16564
16436
16565
16437
16566
16438
16567
16439
16568
16440
16569
16441
16570
16442
16571
16443
16572
16444
16573
16445
16574
16446
16575
16447
16576
16448
16577
16449
16578
16450
16579
16451
16580
16452
16581
16453
16582
16454
16583
16455
16584
16456
16585
16457
16586
16458
16587
16459
16588
16460
16589
16461
16590
16462
16591
16463
16592
16464
16593
16465
16594
16466
16595
16467
16596
16468
16597
16469
16598
16470
16599
16471
16600
16472
16601
16473
16602
16474
16603
16475
16604
16476
16605
16477
16606
16478
16607
16479
16608
16480
16609
16481
16610
16482
16611
16483
16612
16484
16613
16485
16614
16486
16615
16487
16616
16488
16617
16489
16618
16490
16619
16491
16620
16492
16621
16493
16622
16494
16623
16495
16624
16496
16625
16497
16626
16498
16627
16499
16628
16500
16629
16501
16630
16502
16631
16503
16632
16504
16633
16505
16634
16506
16635
16507
16636
16508
16637
16509
16638
16639
16511
16640
16512
16641
16513
16642
16514
16643
16515
16644
16516
16645
16517
16646
16518
16647
16519
16648
16520
16649
16521
16650
16522
16651
16523
16652
16524
16653
16525
16654
16526
16655
16527
16656
16528
16657
16529
16658
16530
16659
16531
16660
16532
16661
16533
16662
16534
16663
16535
16664
16536
16665
16537
16666
16538
16667
16539
16668
16540
16669
16541
16670
16542
16671
16543
16672
16544
16673
16545
16674
16546
16675
16547
16676
16548
16677
16549
16678
16550
16679
16551
16680
16552
16681
16553
16682
16554
16683
16555
16684
16556
16685
16557
16686
16558
16687
16559
16688
16560
16689
16561
16690
16562
16691
16563
16692
16564
16693
16565
16694
16566
16695
16567
16696
16568
16697
16569
16698
16570
16699
16571
16700
16572
16701
16573
16702
16574
16703
16575
16704
16576
16705
16577
16706
16578
16707
16579
16708
16580
16709
16581
16710
16582
16711
16583
16712
16584
16713
16585
16714
16586
16715
16587
16716
16588
16717
16589
16718
16590
16719
16591
16720
16592
16721
16593
16722
16594
16723
16595
16724
16596
16725
16597
16726
16598
16727
16599
16728
16600
16729
16601
16730
16602
16731
16603
16732
16604
16733
16605
16734
16606
16735
16607
16736
16608
16737
16609
16738
16610
16739
16611
16740
16612
16741
16613
16742
16614
16743
16615
16744
16616
16745
16617
16746
16618
16747
16619
16748
16620
16749
16621
16750
16622
16751
16623
16752
16624
16753
16625
16754
16626
16755
16627
16756
16628
16757
16629
16758
16630
16759
16631
16760
16632
16761
16633
16762
16634
16763
16635
16764
16636
16765
16637
16766
16638
16767
16639
16768
16769
16641
16770
16642
16771
16643
16772
16644
16773
16645
16774
16646
16775
16647
16776
16648
16777
16649
16778
16650
16779
16651
16780
16652
16781
16653
16782
16654
16783
16655
16784
16656
16785
16657
16786
16658
16787
16659
16788
16660
16789
16661
16790
16662
16791
16663
16792
16664
16793
16665
16794
16666
16795
16667
16796
16668
16797
16669
16798
16670
16799
16671
16800
16672
16801
16673
16802
16674
16803
16675
16804
16676
16805
16677
16806
16678
16807
16679
16808
16680
16809
16681
16810
16682
16811
16683
16812
16684
16813
16685
16814
16686
16815
16687
16816
16688
16817
16689
16818
16690
16819
16691
16820
16692
16821
16693
16822
16694
16823
16695
16824
16696
16825
16697
16826
16698
16827
16699
16828
16700
16829
16701
16830
16702
16831
16703
16832
16704
16833
16705
16834
16706
16835
16707
16836
16708
16837
16709
16838
16710
16839
16711
16840
16712
16841
16713
16842
16714
16843
16715
16844
16716
16845
16717
16846
16718
16847
16719
16848
16720
16849
16721
16850
16722
16851
16723
16852
16724
16853
16725
16854
16726
16855
16727
16856
16728
16857
16729
16858
16730
16859
16731
16860
16732
16861
16733
16862
16734
16863
16735
16864
16736
16865
16737
16866
16738
16867
16739
16868
16740
16869
16741
16870
16742
16871
16743
16872
16744
16873
16745
16874
16746
16875
16747
16876
16748
16877
16749
16878
16750
16879
16751
16880
16752
16881
16753
16882
16754
16883
16755
16884
16756
16885
16757
16886
16758
16887
16759
16888
16760
16889
16761
16890
16762
16891
16763
16892
16764
16893
16765
16894
16766
16895
16767
16896
16768
16897
16769
16898
16899
16771
16900
16772
16901
16773
16902
16774
16903
16775
16904
16776
16905
16777
16906
16778
16907
16779
16908
16780
16909
16781
16910
16782
16911
16783
16912
16784
16913
16785
16914
16786
16915
16787
16916
16788
16917
16789
16918
16790
16919
16791
16920
16792
16921
16793
16922
16794
16923
16795
16924
16796
16925
16797
16926
16798
16927
16799
16928
16800
16929
16801
16930
16802
16931
16803
16932
16804
16933
16805
16934
16806
16935
16807
16936
16808
16937
16809
16938
16810
16939
16811
16940
16812
16941
16813
16942
16814
16943
16815
16944
16816
16945
16817
16946
16818
16947
16819
16948
16820
16949
16821
16950
16822
16951
16823
16952
16824
16953
16825
16954
16826
16955
16827
16956
16828
16957
16829
16958
16830
16959
16831
16960
16832
16961
16833
16962
16834
16963
16835
16964
16836
16965
16837
16966
16838
16967
16839
16968
16840
16969
16841
16970
16842
16971
16843
16972
16844
16973
16845
16974
16846
16975
16847
16976
16848
16977
16849
16978
16850
16979
16851
16980
16852
16981
16853
16982
16854
16983
16855
16984
16856
16985
16857
16986
16858
16987
16859
16988
16860
16989
16861
16990
16862
16991
16863
16992
16864
16993
16865
16994
16866
16995
16867
16996
16868
16997
16869
16998
16870
16999
16871
17000
16872
17001
16873
17002
16874
17003
16875
17004
16876
17005
16877
17006
16878
17007
16879
17008
16880
17009
16881
17010
16882
17011
16883
17012
16884
17013
16885
17014
16886
17015
16887
17016
16888
17017
16889
17018
16890
17019
16891
17020
16892
17021
16893
17022
16894
17023
16895
17024
16896
17025
16897
17026
16898
17027
16899
17028
17029
16901
17030
16902
17031
16903
17032
16904
17033
16905
17034
16906
17035
16907
17036
16908
17037
16909
17038
16910
17039
16911
17040
16912
17041
16913
17042
16914
17043
16915
17044
16916
17045
16917
17046
16918
17047
16919
17048
16920
17049
16921
17050
16922
17051
16923
17052
16924
17053
16925
17054
16926
17055
16927
17056
16928
17057
16929
17058
16930
17059
16931
17060
16932
17061
16933
17062
16934
17063
16935
17064
16936
17065
16937
17066
16938
17067
16939
17068
16940
17069
16941
17070
16942
17071
16943
17072
16944
17073
16945
17074
16946
17075
16947
17076
16948
17077
16949
17078
16950
17079
16951
17080
16952
17081
16953
17082
16954
17083
16955
17084
16956
17085
16957
17086
16958
17087
16959
17088
16960
17089
16961
17090
16962
17091
16963
17092
16964
17093
16965
17094
16966
17095
16967
17096
16968
17097
16969
17098
16970
17099
16971
17100
16972
17101
16973
17102
16974
17103
16975
17104
16976
17105
16977
17106
16978
17107
16979
17108
16980
17109
16981
17110
16982
17111
16983
17112
16984
17113
16985
17114
16986
17115
16987
17116
16988
17117
16989
17118
16990
17119
16991
17120
16992
17121
16993
17122
16994
17123
16995
17124
16996
17125
16997
17126
16998
17127
16999
17128
17000
17129
17001
17130
17002
17131
17003
17132
17004
17133
17005
17134
17006
17135
17007
17136
17008
17137
17009
17138
17010
17139
17011
17140
17012
17141
17013
17142
17014
17143
17015
17144
17016
17145
17017
17146
17018
17147
17019
17148
17020
17149
17021
17150
17022
17151
17023
17152
17024
17153
17025
17154
17026
17155
17027
17156
17028
17157
17029
17158
17159
17031
17160
17032
17161
17033
17162
17034
17163
17035
17164
17036
17165
17037
17166
17038
17167
17039
17168
17040
17169
17041
17170
17042
17171
17043
17172
17044
17173
17045
17174
17046
17175
17047
17176
17048
17177
17049
17178
17050
17179
17051
17180
17052
17181
17053
17182
17054
17183
17055
17184
17056
17185
17057
17186
17058
17187
17059
17188
17060
17189
17061
17190
17062
17191
17063
17192
17064
17193
17065
17194
17066
17195
17067
17196
17068
17197
17069
17198
17070
17199
17071
17200
17072
17201
17073
17202
17074
17203
17075
17204
17076
17205
17077
17206
17078
17207
17079
17208
17080
17209
17081
17210
17082
17211
17083
17212
17084
17213
17085
17214
17086
17215
17087
17216
17088
17217
17089
17218
17090
17219
17091
17220
17092
17221
17093
17222
17094
17223
17095
17224
17096
17225
17097
17226
17098
17227
17099
17228
17100
17229
17101
17230
17102
17231
17103
17232
17104
17233
17105
17234
17106
17235
17107
17236
17108
17237
17109
17238
17110
17239
17111
17240
17112
17241
17113
17242
17114
17243
17115
17244
17116
17245
17117
17246
17118
17247
17119
17248
17120
17249
17121
17250
17122
17251
17123
17252
17124
17253
17125
17254
17126
17255
17127
17256
17128
17257
17129
17258
17130
17259
17131
17260
17132
17261
17133
17262
17134
17263
17135
17264
17136
17265
17137
17266
17138
17267
17139
17268
17140
17269
17141
17270
17142
17271
17143
17272
17144
17273
17145
17274
17146
17275
17147
17276
17148
17277
17149
17278
17150
17279
17151
17280
17152
17281
17153
17282
17154
17283
17155
17284
17156
17285
17157
17286
17158
17287
17159
17288
17289
17161
17290
17162
17291
17163
17292
17164
17293
17165
17294
17166
17295
17167
17296
17168
17297
17169
17298
17170
17299
17171
17300
17172
17301
17173
17302
17174
17303
17175
17304
17176
17305
17177
17306
17178
17307
17179
17308
17180
17309
17181
17310
17182
17311
17183
17312
17184
17313
17185
17314
17186
17315
17187
17316
17188
17317
17189
17318
17190
17319
17191
17320
17192
17321
17193
17322
17194
17323
17195
17324
17196
17325
17197
17326
17198
17327
17199
17328
17200
17329
17201
17330
17202
17331
17203
17332
17204
17333
17205
17334
17206
17335
17207
17336
17208
17337
17209
17338
17210
17339
17211
17340
17212
17341
17213
17342
17214
17343
17215
17344
17216
17345
17217
17346
17218
17347
17219
17348
17220
17349
17221
17350
17222
17351
17223
17352
17224
17353
17225
17354
17226
17355
17227
17356
17228
17357
17229
17358
17230
17359
17231
17360
17232
17361
17233
17362
17234
17363
17235
17364
17236
17365
17237
17366
17238
17367
17239
17368
17240
17369
17241
17370
17242
17371
17243
17372
17244
17373
17245
17374
17246
17375
17247
17376
17248
17377
17249
17378
17250
17379
17251
17380
17252
17381
17253
17382
17254
17383
17255
17384
17256
17385
17257
17386
17258
17387
17259
17388
17260
17389
17261
17390
17262
17391
17263
17392
17264
17393
17265
17394
17266
17395
17267
17396
17268
17397
17269
17398
17270
17399
17271
17400
17272
17401
17273
17402
17274
17403
17275
17404
17276
17405
17277
17406
17278
17407
17279
17408
17280
17409
17281
17410
17282
17411
17283
17412
17284
17413
17285
17414
17286
17415
17287
17416
17288
17417
17289
17418
17419
17291
17420
17292
17421
17293
17422
17294
17423
17295
17424
17296
17425
17297
17426
17298
17427
17299
17428
17300
17429
17301
17430
17302
17431
17303
17432
17304
17433
17305
17434
17306
17435
17307
17436
17308
17437
17309
17438
17310
17439
17311
17440
17312
17441
17313
17442
17314
17443
17315
17444
17316
17445
17317
17446
17318
17447
17319
17448
17320
17449
17321
17450
17322
17451
17323
17452
17324
17453
17325
17454
17326
17455
17327
17456
17328
17457
17329
17458
17330
17459
17331
17460
17332
17461
17333
17462
17334
17463
17335
17464
17336
17465
17337
17466
17338
17467
17339
17468
17340
17469
17341
17470
17342
17471
17343
17472
17344
17473
17345
17474
17346
17475
17347
17476
17348
17477
17349
17478
17350
17479
17351
17480
17352
17481
17353
17482
17354
17483
17355
17484
17356
17485
17357
17486
17358
17487
17359
17488
17360
17489
17361
17490
17362
17491
17363
17492
17364
17493
17365
17494
17366
17495
17367
17496
17368
17497
17369
17498
17370
17499
17371
17500
17372
17501
17373
17502
17374
17503
17375
17504
17376
17505
17377
17506
17378
17507
17379
17508
17380
17509
17381
17510
17382
17511
17383
17512
17384
17513
17385
17514
17386
17515
17387
17516
17388
17517
17389
17518
17390
17519
17391
17520
17392
17521
17393
17522
17394
17523
17395
17524
17396
17525
17397
17526
17398
17527
17399
17528
17400
17529
17401
17530
17402
17531
17403
17532
17404
17533
17405
17534
17406
17535
17407
17536
17408
17537
17409
17538
17410
17539
17411
17540
17412
17541
17413
17542
17414
17543
17415
17544
17416
17545
17417
17546
17418
17547
17419
17548
17549
17421
17550
17422
17551
17423
17552
17424
17553
17425
17554
17426
17555
17427
17556
17428
17557
17429
17558
17430
17559
17431
17560
17432
17561
17433
17562
17434
17563
17435
17564
17436
17565
17437
17566
17438
17567
17439
17568
17440
17569
17441
17570
17442
17571
17443
17572
17444
17573
17445
17574
17446
17575
17447
17576
17448
17577
17449
17578
17450
17579
17451
17580
17452
17581
17453
17582
17454
17583
17455
17584
17456
17585
17457
17586
17458
17587
17459
17588
17460
17589
17461
17590
17462
17591
17463
17592
17464
17593
17465
17594
17466
17595
17467
17596
17468
17597
17469
17598
17470
17599
17471
17600
17472
17601
17473
17602
17474
17603
17475
17604
17476
17605
17477
17606
17478
17607
17479
17608
17480
17609
17481
17610
17482
17611
17483
17612
17484
17613
17485
17614
17486
17615
17487
17616
17488
17617
17489
17618
17490
17619
17491
17620
17492
17621
17493
17622
17494
17623
17495
17624
17496
17625
17497
17626
17498
17627
17499
17628
17500
17629
17501
17630
17502
17631
17503
17632
17504
17633
17505
17634
17506
17635
17507
17636
17508
17637
17509
17638
17510
17639
17511
17640
17512
17641
17513
17642
17514
17643
17515
17644
17516
17645
17517
17646
17518
17647
17519
17648
17520
17649
17521
17650
17522
17651
17523
17652
17524
17653
17525
17654
17526
17655
17527
17656
17528
17657
17529
17658
17530
17659
17531
17660
17532
17661
17533
17662
17534
17663
17535
17664
17536
17665
17537
17666
17538
17667
17539
17668
17540
17669
17541
17670
17542
17671
17543
17672
17544
17673
17545
17674
17546
17675
17547
17676
17548
17677
17549
17678
17679
17551
17680
17552
17681
17553
17682
17554
17683
17555
17684
17556
17685
17557
17686
17558
17687
17559
17688
17560
17689
17561
17690
17562
17691
17563
17692
17564
17693
17565
17694
17566
17695
17567
17696
17568
17697
17569
17698
17570
17699
17571
17700
17572
17701
17573
17702
17574
17703
17575
17704
17576
17705
17577
17706
17578
17707
17579
17708
17580
17709
17581
17710
17582
17711
17583
17712
17584
17713
17585
17714
17586
17715
17587
17716
17588
17717
17589
17718
17590
17719
17591
17720
17592
17721
17593
17722
17594
17723
17595
17724
17596
17725
17597
17726
17598
17727
17599
17728
17600
17729
17601
17730
17602
17731
17603
17732
17604
17733
17605
17734
17606
17735
17607
17736
17608
17737
17609
17738
17610
17739
17611
17740
17612
17741
17613
17742
17614
17743
17615
17744
17616
17745
17617
17746
17618
17747
17619
17748
17620
17749
17621
17750
17622
17751
17623
17752
17624
17753
17625
17754
17626
17755
17627
17756
17628
17757
17629
17758
17630
17759
17631
17760
17632
17761
17633
17762
17634
17763
17635
17764
17636
17765
17637
17766
17638
17767
17639
17768
17640
17769
17641
17770
17642
17771
17643
17772
17644
17773
17645
17774
17646
17775
17647
17776
17648
17777
17649
17778
17650
17779
17651
17780
17652
17781
17653
17782
17654
17783
17655
17784
17656
17785
17657
17786
17658
17787
17659
17788
17660
17789
17661
17790
17662
17791
17663
17792
17664
17793
17665
17794
17666
17795
17667
17796
17668
17797
17669
17798
17670
17799
17671
17800
17672
17801
17673
17802
17674
17803
17675
17804
17676
17805
17677
17806
17678
17807
17679
17808
17809
17681
17810
17682
17811
17683
17812
17684
17813
17685
17814
17686
17815
17687
17816
17688
17817
17689
17818
17690
17819
17691
17820
17692
17821
17693
17822
17694
17823
17695
17824
17696
17825
17697
17826
17698
17827
17699
17828
17700
17829
17701
17830
17702
17831
17703
17832
17704
17833
17705
17834
17706
17835
17707
17836
17708
17837
17709
17838
17710
17839
17711
17840
17712
17841
17713
17842
17714
17843
17715
17844
17716
17845
17717
17846
17718
17847
17719
17848
17720
17849
17721
17850
17722
17851
17723
17852
17724
17853
17725
17854
17726
17855
17727
17856
17728
17857
17729
17858
17730
17859
17731
17860
17732
17861
17733
17862
17734
17863
17735
17864
17736
17865
17737
17866
17738
17867
17739
17868
17740
17869
17741
17870
17742
17871
17743
17872
17744
17873
17745
17874
17746
17875
17747
17876
17748
17877
17749
17878
17750
17879
17751
17880
17752
17881
17753
17882
17754
17883
17755
17884
17756
17885
17757
17886
17758
17887
17759
17888
17760
17889
17761
17890
17762
17891
17763
17892
17764
17893
17765
17894
17766
17895
17767
17896
17768
17897
17769
17898
17770
17899
17771
17900
17772
17901
17773
17902
17774
17903
17775
17904
17776
17905
17777
17906
17778
17907
17779
17908
17780
17909
17781
17910
17782
17911
17783
17912
17784
17913
17785
17914
17786
17915
17787
17916
17788
17917
17789
17918
17790
17919
17791
17920
17792
17921
17793
17922
17794
17923
17795
17924
17796
17925
17797
17926
17798
17927
17799
17928
17800
17929
17801
17930
17802
17931
17803
17932
17804
17933
17805
17934
17806
17935
17807
17936
17808
17937
17809
17938
17939
17811
17940
17812
17941
17813
17942
17814
17943
17815
17944
17816
17945
17817
17946
17818
17947
17819
17948
17820
17949
17821
17950
17822
17951
17823
17952
17824
17953
17825
17954
17826
17955
17827
17956
17828
17957
17829
17958
17830
17959
17831
17960
17832
17961
17833
17962
17834
17963
17835
17964
17836
17965
17837
17966
17838
17967
17839
17968
17840
17969
17841
17970
17842
17971
17843
17972
17844
17973
17845
17974
17846
17975
17847
17976
17848
17977
17849
17978
17850
17979
17851
17980
17852
17981
17853
17982
17854
17983
17855
17984
17856
17985
17857
17986
17858
17987
17859
17988
17860
17989
17861
17990
17862
17991
17863
17992
17864
17993
17865
17994
17866
17995
17867
17996
17868
17997
17869
17998
17870
17999
17871
18000
17872
18001
17873
18002
17874
18003
17875
18004
17876
18005
17877
18006
17878
18007
17879
18008
17880
18009
17881
18010
17882
18011
17883
18012
17884
18013
17885
18014
17886
18015
17887
18016
17888
18017
17889
18018
17890
18019
17891
18020
17892
18021
17893
18022
17894
18023
17895
18024
17896
18025
17897
18026
17898
18027
17899
18028
17900
18029
17901
18030
17902
18031
17903
18032
17904
18033
17905
18034
17906
18035
17907
18036
17908
18037
17909
18038
17910
18039
17911
18040
17912
18041
17913
18042
17914
18043
17915
18044
17916
18045
17917
18046
17918
18047
17919
18048
17920
18049
17921
18050
17922
18051
17923
18052
17924
18053
17925
18054
17926
18055
17927
18056
17928
18057
17929
18058
17930
18059
17931
18060
17932
18061
17933
18062
17934
18063
17935
18064
17936
18065
17937
18066
17938
18067
17939
18068
18069
17941
18070
17942
18071
17943
18072
17944
18073
17945
18074
17946
18075
17947
18076
17948
18077
17949
18078
17950
18079
17951
18080
17952
18081
17953
18082
17954
18083
17955
18084
17956
18085
17957
18086
17958
18087
17959
18088
17960
18089
17961
18090
17962
18091
17963
18092
17964
18093
17965
18094
17966
18095
17967
18096
17968
18097
17969
18098
17970
18099
17971
18100
17972
18101
17973
18102
17974
18103
17975
18104
17976
18105
17977
18106
17978
18107
17979
18108
17980
18109
17981
18110
17982
18111
17983
18112
17984
18113
17985
18114
17986
18115
17987
18116
17988
18117
17989
18118
17990
18119
17991
18120
17992
18121
17993
18122
17994
18123
17995
18124
17996
18125
17997
18126
17998
18127
17999
18128
18000
18129
18001
18130
18002
18131
18003
18132
18004
18133
18005
18134
18006
18135
18007
18136
18008
18137
18009
18138
18010
18139
18011
18140
18012
18141
18013
18142
18014
18143
18015
18144
18016
18145
18017
18146
18018
18147
18019
18148
18020
18149
18021
18150
18022
18151
18023
18152
18024
18153
18025
18154
18026
18155
18027
18156
18028
18157
18029
18158
18030
18159
18031
18160
18032
18161
18033
18162
18034
18163
18035
18164
18036
18165
18037
18166
18038
18167
18039
18168
18040
18169
18041
18170
18042
18171
18043
18172
18044
18173
18045
18174
18046
18175
18047
18176
18048
18177
18049
18178
18050
18179
18051
18180
18052
18181
18053
18182
18054
18183
18055
18184
18056
18185
18057
18186
18058
18187
18059
18188
18060
18189
18061
18190
18062
18191
18063
18192
18064
18193
18065
18194
18066
18195
18067
18196
18068
18197
18069
18198
18199
18071
18200
18072
18201
18073
18202
18074
18203
18075
18204
18076
18205
18077
18206
18078
18207
18079
18208
18080
18209
18081
18210
18082
18211
18083
18212
18084
18213
18085
18214
18086
18215
18087
18216
18088
18217
18089
18218
18090
18219
18091
18220
18092
18221
18093
18222
18094
18223
18095
18224
18096
18225
18097
18226
18098
18227
18099
18228
18100
18229
18101
18230
18102
18231
18103
18232
18104
18233
18105
18234
18106
18235
18107
18236
18108
18237
18109
18238
18110
18239
18111
18240
18112
18241
18113
18242
18114
18243
18115
18244
18116
18245
18117
18246
18118
18247
18119
18248
18120
18249
18121
18250
18122
18251
18123
18252
18124
18253
18125
18254
18126
18255
18127
18256
18128
18257
18129
18258
18130
18259
18131
18260
18132
18261
18133
18262
18134
18263
18135
18264
18136
18265
18137
18266
18138
18267
18139
18268
18140
18269
18141
18270
18142
18271
18143
18272
18144
18273
18145
18274
18146
18275
18147
18276
18148
18277
18149
18278
18150
18279
18151
18280
18152
18281
18153
18282
18154
18283
18155
18284
18156
18285
18157
18286
18158
18287
18159
18288
18160
18289
18161
18290
18162
18291
18163
18292
18164
18293
18165
18294
18166
18295
18167
18296
18168
18297
18169
18298
18170
18299
18171
18300
18172
18301
18173
18302
18174
18303
18175
18304
18176
18305
18177
18306
18178
18307
18179
18308
18180
18309
18181
18310
18182
18311
18183
18312
18184
18313
18185
18314
18186
18315
18187
18316
18188
18317
18189
18318
18190
18319
18191
18320
18192
18321
18193
18322
18194
18323
18195
18324
18196
18325
18197
18326
18198
18327
18199
18328
18329
18201
18330
18202
18331
18203
18332
18204
18333
18205
18334
18206
18335
18207
18336
18208
18337
18209
18338
18210
18339
18211
18340
18212
18341
18213
18342
18214
18343
18215
18344
18216
18345
18217
18346
18218
18347
18219
18348
18220
18349
18221
18350
18222
18351
18223
18352
18224
18353
18225
18354
18226
18355
18227
18356
18228
18357
18229
18358
18230
18359
18231
18360
18232
18361
18233
18362
18234
18363
18235
18364
18236
18365
18237
18366
18238
18367
18239
18368
18240
18369
18241
18370
18242
18371
18243
18372
18244
18373
18245
18374
18246
18375
18247
18376
18248
18377
18249
18378
18250
18379
18251
18380
18252
18381
18253
18382
18254
18383
18255
18384
18256
18385
18257
18386
18258
18387
18259
18388
18260
18389
18261
18390
18262
18391
18263
18392
18264
18393
18265
18394
18266
18395
18267
18396
18268
18397
18269
18398
18270
18399
18271
18400
18272
18401
18273
18402
18274
18403
18275
18404
18276
18405
18277
18406
18278
18407
18279
18408
18280
18409
18281
18410
18282
18411
18283
18412
18284
18413
18285
18414
18286
18415
18287
18416
18288
18417
18289
18418
18290
18419
18291
18420
18292
18421
18293
18422
18294
18423
18295
18424
18296
18425
18297
18426
18298
18427
18299
18428
18300
18429
18301
18430
18302
18431
18303
18432
18304
18433
18305
18434
18306
18435
18307
18436
18308
18437
18309
18438
18310
18439
18311
18440
18312
18441
18313
18442
18314
18443
18315
18444
18316
18445
18317
18446
18318
18447
18319
18448
18320
18449
18321
18450
18322
18451
18323
18452
18324
18453
18325
18454
18326
18455
18327
18456
18328
18457
18329
18458
18459
18331
18460
18332
18461
18333
18462
18334
18463
18335
18464
18336
18465
18337
18466
18338
18467
18339
18468
18340
18469
18341
18470
18342
18471
18343
18472
18344
18473
18345
18474
18346
18475
18347
18476
18348
18477
18349
18478
18350
18479
18351
18480
18352
18481
18353
18482
18354
18483
18355
18484
18356
18485
18357
18486
18358
18487
18359
18488
18360
18489
18361
18490
18362
18491
18363
18492
18364
18493
18365
18494
18366
18495
18367
18496
18368
18497
18369
18498
18370
18499
18371
18500
18372
18501
18373
18502
18374
18503
18375
18504
18376
18505
18377
18506
18378
18507
18379
18508
18380
18509
18381
18510
18382
18511
18383
18512
18384
18513
18385
18514
18386
18515
18387
18516
18388
18517
18389
18518
18390
18519
18391
18520
18392
18521
18393
18522
18394
18523
18395
18524
18396
18525
18397
18526
18398
18527
18399
18528
18400
18529
18401
18530
18402
18531
18403
18532
18404
18533
18405
18534
18406
18535
18407
18536
18408
18537
18409
18538
18410
18539
18411
18540
18412
18541
18413
18542
18414
18543
18415
18544
18416
18545
18417
18546
18418
18547
18419
18548
18420
18549
18421
18550
18422
18551
18423
18552
18424
18553
18425
18554
18426
18555
18427
18556
18428
18557
18429
18558
18430
18559
18431
18560
18432
18561
18433
18562
18434
18563
18435
18564
18436
18565
18437
18566
18438
18567
18439
18568
18440
18569
18441
18570
18442
18571
18443
18572
18444
18573
18445
18574
18446
18575
18447
18576
18448
18577
18449
18578
18450
18579
18451
18580
18452
18581
18453
18582
18454
18583
18455
18584
18456
18585
18457
18586
18458
18587
18459
18588
18589
18461
18590
18462
18591
18463
18592
18464
18593
18465
18594
18466
18595
18467
18596
18468
18597
18469
18598
18470
18599
18471
18600
18472
18601
18473
18602
18474
18603
18475
18604
18476
18605
18477
18606
18478
18607
18479
18608
18480
18609
18481
18610
18482
18611
18483
18612
18484
18613
18485
18614
18486
18615
18487
18616
18488
18617
18489
18618
18490
18619
18491
18620
18492
18621
18493
18622
18494
18623
18495
18624
18496
18625
18497
18626
18498
18627
18499
18628
18500
18629
18501
18630
18502
18631
18503
18632
18504
18633
18505
18634
18506
18635
18507
18636
18508
18637
18509
18638
18510
18639
18511
18640
18512
18641
18513
18642
18514
18643
18515
18644
18516
18645
18517
18646
18518
18647
18519
18648
18520
18649
18521
18650
18522
18651
18523
18652
18524
18653
18525
18654
18526
18655
18527
18656
18528
18657
18529
18658
18530
18659
18531
18660
18532
18661
18533
18662
18534
18663
18535
18664
18536
18665
18537
18666
18538
18667
18539
18668
18540
18669
18541
18670
18542
18671
18543
18672
18544
18673
18545
18674
18546
18675
18547
18676
18548
18677
18549
18678
18550
18679
18551
18680
18552
18681
18553
18682
18554
18683
18555
18684
18556
18685
18557
18686
18558
18687
18559
18688
18560
18689
18561
18690
18562
18691
18563
18692
18564
18693
18565
18694
18566
18695
18567
18696
18568
18697
18569
18698
18570
18699
18571
18700
18572
18701
18573
18702
18574
18703
18575
18704
18576
18705
18577
18706
18578
18707
18579
18708
18580
18709
18581
18710
18582
18711
18583
18712
18584
18713
18585
18714
18586
18715
18587
18716
18588
18717
18589
18718
18719
18591
18720
18592
18721
18593
18722
18594
18723
18595
18724
18596
18725
18597
18726
18598
18727
18599
18728
18600
18729
18601
18730
18602
18731
18603
18732
18604
18733
18605
18734
18606
18735
18607
18736
18608
18737
18609
18738
18610
18739
18611
18740
18612
18741
18613
18742
18614
18743
18615
18744
18616
18745
18617
18746
18618
18747
18619
18748
18620
18749
18621
18750
18622
18751
18623
18752
18624
18753
18625
18754
18626
18755
18627
18756
18628
18757
18629
18758
18630
18759
18631
18760
18632
18761
18633
18762
18634
18763
18635
18764
18636
18765
18637
18766
18638
18767
18639
18768
18640
18769
18641
18770
18642
18771
18643
18772
18644
18773
18645
18774
18646
18775
18647
18776
18648
18777
18649
18778
18650
18779
18651
18780
18652
18781
18653
18782
18654
18783
18655
18784
18656
18785
18657
18786
18658
18787
18659
18788
18660
18789
18661
18790
18662
18791
18663
18792
18664
18793
18665
18794
18666
18795
18667
18796
18668
18797
18669
18798
18670
18799
18671
18800
18672
18801
18673
18802
18674
18803
18675
18804
18676
18805
18677
18806
18678
18807
18679
18808
18680
18809
18681
18810
18682
18811
18683
18812
18684
18813
18685
18814
18686
18815
18687
18816
18688
18817
18689
18818
18690
18819
18691
18820
18692
18821
18693
18822
18694
18823
18695
18824
18696
18825
18697
18826
18698
18827
18699
18828
18700
18829
18701
18830
18702
18831
18703
18832
18704
18833
18705
18834
18706
18835
18707
18836
18708
18837
18709
18838
18710
18839
18711
18840
18712
18841
18713
18842
18714
18843
18715
18844
18716
18845
18717
18846
18718
18847
18719
18848
18849
18721
18850
18722
18851
18723
18852
18724
18853
18725
18854
18726
18855
18727
18856
18728
18857
18729
18858
18730
18859
18731
18860
18732
18861
18733
18862
18734
18863
18735
18864
18736
18865
18737
18866
18738
18867
18739
18868
18740
18869
18741
18870
18742
18871
18743
18872
18744
18873
18745
18874
18746
18875
18747
18876
18748
18877
18749
18878
18750
18879
18751
18880
18752
18881
18753
18882
18754
18883
18755
18884
18756
18885
18757
18886
18758
18887
18759
18888
18760
18889
18761
18890
18762
18891
18763
18892
18764
18893
18765
18894
18766
18895
18767
18896
18768
18897
18769
18898
18770
18899
18771
18900
18772
18901
18773
18902
18774
18903
18775
18904
18776
18905
18777
18906
18778
18907
18779
18908
18780
18909
18781
18910
18782
18911
18783
18912
18784
18913
18785
18914
18786
18915
18787
18916
18788
18917
18789
18918
18790
18919
18791
18920
18792
18921
18793
18922
18794
18923
18795
18924
18796
18925
18797
18926
18798
18927
18799
18928
18800
18929
18801
18930
18802
18931
18803
18932
18804
18933
18805
18934
18806
18935
18807
18936
18808
18937
18809
18938
18810
18939
18811
18940
18812
18941
18813
18942
18814
18943
18815
18944
18816
18945
18817
18946
18818
18947
18819
18948
18820
18949
18821
18950
18822
18951
18823
18952
18824
18953
18825
18954
18826
18955
18827
18956
18828
18957
18829
18958
18830
18959
18831
18960
18832
18961
18833
18962
18834
18963
18835
18964
18836
18965
18837
18966
18838
18967
18839
18968
18840
18969
18841
18970
18842
18971
18843
18972
18844
18973
18845
18974
18846
18975
18847
18976
18848
18977
18849
18978
18979
18851
18980
18852
18981
18853
18982
18854
18983
18855
18984
18856
18985
18857
18986
18858
18987
18859
18988
18860
18989
18861
18990
18862
18991
18863
18992
18864
18993
18865
18994
18866
18995
18867
18996
18868
18997
18869
18998
18870
18999
18871
19000
18872
19001
18873
19002
18874
19003
18875
19004
18876
19005
18877
19006
18878
19007
18879
19008
18880
19009
18881
19010
18882
19011
18883
19012
18884
19013
18885
19014
18886
19015
18887
19016
18888
19017
18889
19018
18890
19019
18891
19020
18892
19021
18893
19022
18894
19023
18895
19024
18896
19025
18897
19026
18898
19027
18899
19028
18900
19029
18901
19030
18902
19031
18903
19032
18904
19033
18905
19034
18906
19035
18907
19036
18908
19037
18909
19038
18910
19039
18911
19040
18912
19041
18913
19042
18914
19043
18915
19044
18916
19045
18917
19046
18918
19047
18919
19048
18920
19049
18921
19050
18922
19051
18923
19052
18924
19053
18925
19054
18926
19055
18927
19056
18928
19057
18929
19058
18930
19059
18931
19060
18932
19061
18933
19062
18934
19063
18935
19064
18936
19065
18937
19066
18938
19067
18939
19068
18940
19069
18941
19070
18942
19071
18943
19072
18944
19073
18945
19074
18946
19075
18947
19076
18948
19077
18949
19078
18950
19079
18951
19080
18952
19081
18953
19082
18954
19083
18955
19084
18956
19085
18957
19086
18958
19087
18959
19088
18960
19089
18961
19090
18962
19091
18963
19092
18964
19093
18965
19094
18966
19095
18967
19096
18968
19097
18969
19098
18970
19099
18971
19100
18972
19101
18973
19102
18974
19103
18975
19104
18976
19105
18977
19106
18978
19107
18979
19108
19109
18981
19110
18982
19111
18983
19112
18984
19113
18985
19114
18986
19115
18987
19116
18988
19117
18989
19118
18990
19119
18991
19120
18992
19121
18993
19122
18994
19123
18995
19124
18996
19125
18997
19126
18998
19127
18999
19128
19000
19129
19001
19130
19002
19131
19003
19132
19004
19133
19005
19134
19006
19135
19007
19136
19008
19137
19009
19138
19010
19139
19011
19140
19012
19141
19013
19142
19014
19143
19015
19144
19016
19145
19017
19146
19018
19147
19019
19148
19020
19149
19021
19150
19022
19151
19023
19152
19024
19153
19025
19154
19026
19155
19027
19156
19028
19157
19029
19158
19030
19159
19031
19160
19032
19161
19033
19162
19034
19163
19035
19164
19036
19165
19037
19166
19038
19167
19039
19168
19040
19169
19041
19170
19042
19171
19043
19172
19044
19173
19045
19174
19046
19175
19047
19176
19048
19177
19049
19178
19050
19179
19051
19180
19052
19181
19053
19182
19054
19183
19055
19184
19056
19185
19057
19186
19058
19187
19059
19188
19060
19189
19061
19190
19062
19191
19063
19192
19064
19193
19065
19194
19066
19195
19067
19196
19068
19197
19069
19198
19070
19199
19071
19200
19072
19201
19073
19202
19074
19203
19075
19204
19076
19205
19077
19206
19078
19207
19079
19208
19080
19209
19081
19210
19082
19211
19083
19212
19084
19213
19085
19214
19086
19215
19087
19216
19088
19217
19089
19218
19090
19219
19091
19220
19092
19221
19093
19222
19094
19223
19095
19224
19096
19225
19097
19226
19098
19227
19099
19228
19100
19229
19101
19230
19102
19231
19103
19232
19104
19233
19105
19234
19106
19235
19107
19236
19108
19237
19109
19238
19239
19111
19240
19112
19241
19113
19242
19114
19243
19115
19244
19116
19245
19117
19246
19118
19247
19119
19248
19120
19249
19121
19250
19122
19251
19123
19252
19124
19253
19125
19254
19126
19255
19127
19256
19128
19257
19129
19258
19130
19259
19131
19260
19132
19261
19133
19262
19134
19263
19135
19264
19136
19265
19137
19266
19138
19267
19139
19268
19140
19269
19141
19270
19142
19271
19143
19272
19144
19273
19145
19274
19146
19275
19147
19276
19148
19277
19149
19278
19150
19279
19151
19280
19152
19281
19153
19282
19154
19283
19155
19284
19156
19285
19157
19286
19158
19287
19159
19288
19160
19289
19161
19290
19162
19291
19163
19292
19164
19293
19165
19294
19166
19295
19167
19296
19168
19297
19169
19298
19170
19299
19171
19300
19172
19301
19173
19302
19174
19303
19175
19304
19176
19305
19177
19306
19178
19307
19179
19308
19180
19309
19181
19310
19182
19311
19183
19312
19184
19313
19185
19314
19186
19315
19187
19316
19188
19317
19189
19318
19190
19319
19191
19320
19192
19321
19193
19322
19194
19323
19195
19324
19196
19325
19197
19326
19198
19327
19199
19328
19200
19329
19201
19330
19202
19331
19203
19332
19204
19333
19205
19334
19206
19335
19207
19336
19208
19337
19209
19338
19210
19339
19211
19340
19212
19341
19213
19342
19214
19343
19215
19344
19216
19345
19217
19346
19218
19347
19219
19348
19220
19349
19221
19350
19222
19351
19223
19352
19224
19353
19225
19354
19226
19355
19227
19356
19228
19357
19229
19358
19230
19359
19231
19360
19232
19361
19233
19362
19234
19363
19235
19364
19236
19365
19237
19366
19238
19367
19239
19368
19369
19241
19370
19242
19371
19243
19372
19244
19373
19245
19374
19246
19375
19247
19376
19248
19377
19249
19378
19250
19379
19251
19380
19252
19381
19253
19382
19254
19383
19255
19384
19256
19385
19257
19386
19258
19387
19259
19388
19260
19389
19261
19390
19262
19391
19263
19392
19264
19393
19265
19394
19266
19395
19267
19396
19268
19397
19269
19398
19270
19399
19271
19400
19272
19401
19273
19402
19274
19403
19275
19404
19276
19405
19277
19406
19278
19407
19279
19408
19280
19409
19281
19410
19282
19411
19283
19412
19284
19413
19285
19414
19286
19415
19287
19416
19288
19417
19289
19418
19290
19419
19291
19420
19292
19421
19293
19422
19294
19423
19295
19424
19296
19425
19297
19426
19298
19427
19299
19428
19300
19429
19301
19430
19302
19431
19303
19432
19304
19433
19305
19434
19306
19435
19307
19436
19308
19437
19309
19438
19310
19439
19311
19440
19312
19441
19313
19442
19314
19443
19315
19444
19316
19445
19317
19446
19318
19447
19319
19448
19320
19449
19321
19450
19322
19451
19323
19452
19324
19453
19325
19454
19326
19455
19327
19456
19328
19457
19329
19458
19330
19459
19331
19460
19332
19461
19333
19462
19334
19463
19335
19464
19336
19465
19337
19466
19338
19467
19339
19468
19340
19469
19341
19470
19342
19471
19343
19472
19344
19473
19345
19474
19346
19475
19347
19476
19348
19477
19349
19478
19350
19479
19351
19480
19352
19481
19353
19482
19354
19483
19355
19484
19356
19485
19357
19486
19358
19487
19359
19488
19360
19489
19361
19490
19362
19491
19363
19492
19364
19493
19365
19494
19366
19495
19367
19496
19368
19497
19369
19498
19499
19371
19500
19372
19501
19373
19502
19374
19503
19375
19504
19376
19505
19377
19506
19378
19507
19379
19508
19380
19509
19381
19510
19382
19511
19383
19512
19384
19513
19385
19514
19386
19515
19387
19516
19388
19517
19389
19518
19390
19519
19391
19520
19392
19521
19393
19522
19394
19523
19395
19524
19396
19525
19397
19526
19398
19527
19399
19528
19400
19529
19401
19530
19402
19531
19403
19532
19404
19533
19405
19534
19406
19535
19407
19536
19408
19537
19409
19538
19410
19539
19411
19540
19412
19541
19413
19542
19414
19543
19415
19544
19416
19545
19417
19546
19418
19547
19419
19548
19420
19549
19421
19550
19422
19551
19423
19552
19424
19553
19425
19554
19426
19555
19427
19556
19428
19557
19429
19558
19430
19559
19431
19560
19432
19561
19433
19562
19434
19563
19435
19564
19436
19565
19437
19566
19438
19567
19439
19568
19440
19569
19441
19570
19442
19571
19443
19572
19444
19573
19445
19574
19446
19575
19447
19576
19448
19577
19449
19578
19450
19579
19451
19580
19452
19581
19453
19582
19454
19583
19455
19584
19456
19585
19457
19586
19458
19587
19459
19588
19460
19589
19461
19590
19462
19591
19463
19592
19464
19593
19465
19594
19466
19595
19467
19596
19468
19597
19469
19598
19470
19599
19471
19600
19472
19601
19473
19602
19474
19603
19475
19604
19476
19605
19477
19606
19478
19607
19479
19608
19480
19609
19481
19610
19482
19611
19483
19612
19484
19613
19485
19614
19486
19615
19487
19616
19488
19617
19489
19618
19490
19619
19491
19620
19492
19621
19493
19622
19494
19623
19495
19624
19496
19625
19497
19626
19498
19627
19499
19628
19629
19501
19630
19502
19631
19503
19632
19504
19633
19505
19634
19506
19635
19507
19636
19508
19637
19509
19638
19510
19639
19511
19640
19512
19641
19513
19642
19514
19643
19515
19644
19516
19645
19517
19646
19518
19647
19519
19648
19520
19649
19521
19650
19522
19651
19523
19652
19524
19653
19525
19654
19526
19655
19527
19656
19528
19657
19529
19658
19530
19659
19531
19660
19532
19661
19533
19662
19534
19663
19535
19664
19536
19665
19537
19666
19538
19667
19539
19668
19540
19669
19541
19670
19542
19671
19543
19672
19544
19673
19545
19674
19546
19675
19547
19676
19548
19677
19549
19678
19550
19679
19551
19680
19552
19681
19553
19682
19554
19683
19555
19684
19556
19685
19557
19686
19558
19687
19559
19688
19560
19689
19561
19690
19562
19691
19563
19692
19564
19693
19565
19694
19566
19695
19567
19696
19568
19697
19569
19698
19570
19699
19571
19700
19572
19701
19573
19702
19574
19703
19575
19704
19576
19705
19577
19706
19578
19707
19579
19708
19580
19709
19581
19710
19582
19711
19583
19712
19584
19713
19585
19714
19586
19715
19587
19716
19588
19717
19589
19718
19590
19719
19591
19720
19592
19721
19593
19722
19594
19723
19595
19724
19596
19725
19597
19726
19598
19727
19599
19728
19600
19729
19601
19730
19602
19731
19603
19732
19604
19733
19605
19734
19606
19735
19607
19736
19608
19737
19609
19738
19610
19739
19611
19740
19612
19741
19613
19742
19614
19743
19615
19744
19616
19745
19617
19746
19618
19747
19619
19748
19620
19749
19621
19750
19622
19751
19623
19752
19624
19753
19625
19754
19626
19755
19627
19756
19628
19757
19629
19758
19759
19631
19760
19632
19761
19633
19762
19634
19763
19635
19764
19636
19765
19637
19766
19638
19767
19639
19768
19640
19769
19641
19770
19642
19771
19643
19772
19644
19773
19645
19774
19646
19775
19647
19776
19648
19777
19649
19778
19650
19779
19651
19780
19652
19781
19653
19782
19654
19783
19655
19784
19656
19785
19657
19786
19658
19787
19659
19788
19660
19789
19661
19790
19662
19791
19663
19792
19664
19793
19665
19794
19666
19795
19667
19796
19668
19797
19669
19798
19670
19799
19671
19800
19672
19801
19673
19802
19674
19803
19675
19804
19676
19805
19677
19806
19678
19807
19679
19808
19680
19809
19681
19810
19682
19811
19683
19812
19684
19813
19685
19814
19686
19815
19687
19816
19688
19817
19689
19818
19690
19819
19691
19820
19692
19821
19693
19822
19694
19823
19695
19824
19696
19825
19697
19826
19698
19827
19699
19828
19700
19829
19701
19830
19702
19831
19703
19832
19704
19833
19705
19834
19706
19835
19707
19836
19708
19837
19709
19838
19710
19839
19711
19840
19712
19841
19713
19842
19714
19843
19715
19844
19716
19845
19717
19846
19718
19847
19719
19848
19720
19849
19721
19850
19722
19851
19723
19852
19724
19853
19725
19854
19726
19855
19727
19856
19728
19857
19729
19858
19730
19859
19731
19860
19732
19861
19733
19862
19734
19863
19735
19864
19736
19865
19737
19866
19738
19867
19739
19868
19740
19869
19741
19870
19742
19871
19743
19872
19744
19873
19745
19874
19746
19875
19747
19876
19748
19877
19749
19878
19750
19879
19751
19880
19752
19881
19753
19882
19754
19883
19755
19884
19756
19885
19757
19886
19758
19887
19759
19888
19889
19761
19890
19762
19891
19763
19892
19764
19893
19765
19894
19766
19895
19767
19896
19768
19897
19769
19898
19770
19899
19771
19900
19772
19901
19773
19902
19774
19903
19775
19904
19776
19905
19777
19906
19778
19907
19779
19908
19780
19909
19781
19910
19782
19911
19783
19912
19784
19913
19785
19914
19786
19915
19787
19916
19788
19917
19789
19918
19790
19919
19791
19920
19792
19921
19793
19922
19794
19923
19795
19924
19796
19925
19797
19926
19798
19927
19799
19928
19800
19929
19801
19930
19802
19931
19803
19932
19804
19933
19805
19934
19806
19935
19807
19936
19808
19937
19809
19938
19810
19939
19811
19940
19812
19941
19813
19942
19814
19943
19815
19944
19816
19945
19817
19946
19818
19947
19819
19948
19820
19949
19821
19950
19822
19951
19823
19952
19824
19953
19825
19954
19826
19955
19827
19956
19828
19957
19829
19958
19830
19959
19831
19960
19832
19961
19833
19962
19834
19963
19835
19964
19836
19965
19837
19966
19838
19967
19839
19968
19840
19969
19841
19970
19842
19971
19843
19972
19844
19973
19845
19974
19846
19975
19847
19976
19848
19977
19849
19978
19850
19979
19851
19980
19852
19981
19853
19982
19854
19983
19855
19984
19856
19985
19857
19986
19858
19987
19859
19988
19860
19989
19861
19990
19862
19991
19863
19992
19864
19993
19865
19994
19866
19995
19867
19996
19868
19997
19869
19998
19870
19999
19871
20000
19872
20001
19873
20002
19874
20003
19875
20004
19876
20005
19877
20006
19878
20007
19879
20008
19880
20009
19881
20010
19882
20011
19883
20012
19884
20013
19885
20014
19886
20015
19887
20016
19888
20017
19889
20018
20019
19891
20020
19892
20021
19893
20022
19894
20023
19895
20024
19896
20025
19897
20026
19898
20027
19899
20028
19900
20029
19901
20030
19902
20031
19903
20032
19904
20033
19905
20034
19906
20035
19907
20036
19908
20037
19909
20038
19910
20039
19911
20040
19912
20041
19913
20042
19914
20043
19915
20044
19916
20045
19917
20046
19918
20047
19919
20048
19920
20049
19921
20050
19922
20051
19923
20052
19924
20053
19925
20054
19926
20055
19927
20056
19928
20057
19929
20058
19930
20059
19931
20060
19932
20061
19933
20062
19934
20063
19935
20064
19936
20065
19937
20066
19938
20067
19939
20068
19940
20069
19941
20070
19942
20071
19943
20072
19944
20073
19945
20074
19946
20075
19947
20076
19948
20077
19949
20078
19950
20079
19951
20080
19952
20081
19953
20082
19954
20083
19955
20084
19956
20085
19957
20086
19958
20087
19959
20088
19960
20089
19961
20090
19962
20091
19963
20092
19964
20093
19965
20094
19966
20095
19967
20096
19968
20097
19969
20098
19970
20099
19971
20100
19972
20101
19973
20102
19974
20103
19975
20104
19976
20105
19977
20106
19978
20107
19979
20108
19980
20109
19981
20110
19982
20111
19983
20112
19984
20113
19985
20114
19986
20115
19987
20116
19988
20117
19989
20118
19990
20119
19991
20120
19992
20121
19993
20122
19994
20123
19995
20124
19996
20125
19997
20126
19998
20127
19999
20128
20000
20129
20001
20130
20002
20131
20003
20132
20004
20133
20005
20134
20006
20135
20007
20136
20008
20137
20009
20138
20010
20139
20011
20140
20012
20141
20013
20142
20014
20143
20015
20144
20016
20145
20017
20146
20018
20147
20019
20148
20149
20021
20150
20022
20151
20023
20152
20024
20153
20025
20154
20026
20155
20027
20156
20028
20157
20029
20158
20030
20159
20031
20160
20032
20161
20033
20162
20034
20163
20035
20164
20036
20165
20037
20166
20038
20167
20039
20168
20040
20169
20041
20170
20042
20171
20043
20172
20044
20173
20045
20174
20046
20175
20047
20176
20048
20177
20049
20178
20050
20179
20051
20180
20052
20181
20053
20182
20054
20183
20055
20184
20056
20185
20057
20186
20058
20187
20059
20188
20060
20189
20061
20190
20062
20191
20063
20192
20064
20193
20065
20194
20066
20195
20067
20196
20068
20197
20069
20198
20070
20199
20071
20200
20072
20201
20073
20202
20074
20203
20075
20204
20076
20205
20077
20206
20078
20207
20079
20208
20080
20209
20081
20210
20082
20211
20083
20212
20084
20213
20085
20214
20086
20215
20087
20216
20088
20217
20089
20218
20090
20219
20091
20220
20092
20221
20093
20222
20094
20223
20095
20224
20096
20225
20097
20226
20098
20227
20099
20228
20100
20229
20101
20230
20102
20231
20103
20232
20104
20233
20105
20234
20106
20235
20107
20236
20108
20237
20109
20238
20110
20239
20111
20240
20112
20241
20113
20242
20114
20243
20115
20244
20116
20245
20117
20246
20118
20247
20119
20248
20120
20249
20121
20250
20122
20251
20123
20252
20124
20253
20125
20254
20126
20255
20127
20256
20128
20257
20129
20258
20130
20259
20131
20260
20132
20261
20133
20262
20134
20263
20135
20264
20136
20265
20137
20266
20138
20267
20139
20268
20140
20269
20141
20270
20142
20271
20143
20272
20144
20273
20145
20274
20146
20275
20147
20276
20148
20277
20149
20278
20279
20151
20280
20152
20281
20153
20282
20154
20283
20155
20284
20156
20285
20157
20286
20158
20287
20159
20288
20160
20289
20161
20290
20162
20291
20163
20292
20164
20293
20165
20294
20166
20295
20167
20296
20168
20297
20169
20298
20170
20299
20171
20300
20172
20301
20173
20302
20174
20303
20175
20304
20176
20305
20177
20306
20178
20307
20179
20308
20180
20309
20181
20310
20182
20311
20183
20312
20184
20313
20185
20314
20186
20315
20187
20316
20188
20317
20189
20318
20190
20319
20191
20320
20192
20321
20193
20322
20194
20323
20195
20324
20196
20325
20197
20326
20198
20327
20199
20328
20200
20329
20201
20330
20202
20331
20203
20332
20204
20333
20205
20334
20206
20335
20207
20336
20208
20337
20209
20338
20210
20339
20211
20340
20212
20341
20213
20342
20214
20343
20215
20344
20216
20345
20217
20346
20218
20347
20219
20348
20220
20349
20221
20350
20222
20351
20223
20352
20224
20353
20225
20354
20226
20355
20227
20356
20228
20357
20229
20358
20230
20359
20231
20360
20232
20361
20233
20362
20234
20363
20235
20364
20236
20365
20237
20366
20238
20367
20239
20368
20240
20369
20241
20370
20242
20371
20243
20372
20244
20373
20245
20374
20246
20375
20247
20376
20248
20377
20249
20378
20250
20379
20251
20380
20252
20381
20253
20382
20254
20383
20255
20384
20256
20385
20257
20386
20258
20387
20259
20388
20260
20389
20261
20390
20262
20391
20263
20392
20264
20393
20265
20394
20266
20395
20267
20396
20268
20397
20269
20398
20270
20399
20271
20400
20272
20401
20273
20402
20274
20403
20275
20404
20276
20405
20277
20406
20278
20407
20279
20408
20409
20281
20410
20282
20411
20283
20412
20284
20413
20285
20414
20286
20415
20287
20416
20288
20417
20289
20418
20290
20419
20291
20420
20292
20421
20293
20422
20294
20423
20295
20424
20296
20425
20297
20426
20298
20427
20299
20428
20300
20429
20301
20430
20302
20431
20303
20432
20304
20433
20305
20434
20306
20435
20307
20436
20308
20437
20309
20438
20310
20439
20311
20440
20312
20441
20313
20442
20314
20443
20315
20444
20316
20445
20317
20446
20318
20447
20319
20448
20320
20449
20321
20450
20322
20451
20323
20452
20324
20453
20325
20454
20326
20455
20327
20456
20328
20457
20329
20458
20330
20459
20331
20460
20332
20461
20333
20462
20334
20463
20335
20464
20336
20465
20337
20466
20338
20467
20339
20468
20340
20469
20341
20470
20342
20471
20343
20472
20344
20473
20345
20474
20346
20475
20347
20476
20348
20477
20349
20478
20350
20479
20351
20480
20352
20481
20353
20482
20354
20483
20355
20484
20356
20485
20357
20486
20358
20487
20359
20488
20360
20489
20361
20490
20362
20491
20363
20492
20364
20493
20365
20494
20366
20495
20367
20496
20368
20497
20369
20498
20370
20499
20371
20500
20372
20501
20373
20502
20374
20503
20375
20504
20376
20505
20377
20506
20378
20507
20379
20508
20380
20509
20381
20510
20382
20511
20383
20512
20384
20513
20385
20514
20386
20515
20387
20516
20388
20517
20389
20518
20390
20519
20391
20520
20392
20521
20393
20522
20394
20523
20395
20524
20396
20525
20397
20526
20398
20527
20399
20528
20400
20529
20401
20530
20402
20531
20403
20532
20404
20533
20405
20534
20406
20535
20407
20536
20408
20537
20409
20538
20539
20411
20540
20412
20541
20413
20542
20414
20543
20415
20544
20416
20545
20417
20546
20418
20547
20419
20548
20420
20549
20421
20550
20422
20551
20423
20552
20424
20553
20425
20554
20426
20555
20427
20556
20428
20557
20429
20558
20430
20559
20431
20560
20432
20561
20433
20562
20434
20563
20435
20564
20436
20565
20437
20566
20438
20567
20439
20568
20440
20569
20441
20570
20442
20571
20443
20572
20444
20573
20445
20574
20446
20575
20447
20576
20448
20577
20449
20578
20450
20579
20451
20580
20452
20581
20453
20582
20454
20583
20455
20584
20456
20585
20457
20586
20458
20587
20459
20588
20460
20589
20461
20590
20462
20591
20463
20592
20464
20593
20465
20594
20466
20595
20467
20596
20468
20597
20469
20598
20470
20599
20471
20600
20472
20601
20473
20602
20474
20603
20475
20604
20476
20605
20477
20606
20478
20607
20479
20608
20480
20609
20481
20610
20482
20611
20483
20612
20484
20613
20485
20614
20486
20615
20487
20616
20488
20617
20489
20618
20490
20619
20491
20620
20492
20621
20493
20622
20494
20623
20495
20624
20496
20625
20497
20626
20498
20627
20499
20628
20500
20629
20501
20630
20502
20631
20503
20632
20504
20633
20505
20634
20506
20635
20507
20636
20508
20637
20509
20638
20510
20639
20511
20640
20512
20641
20513
20642
20514
20643
20515
20644
20516
20645
20517
20646
20518
20647
20519
20648
20520
20649
20521
20650
20522
20651
20523
20652
20524
20653
20525
20654
20526
20655
20527
20656
20528
20657
20529
20658
20530
20659
20531
20660
20532
20661
20533
20662
20534
20663
20535
20664
20536
20665
20537
20666
20538
20667
20539
20668
20669
20541
20670
20542
20671
20543
20672
20544
20673
20545
20674
20546
20675
20547
20676
20548
20677
20549
20678
20550
20679
20551
20680
20552
20681
20553
20682
20554
20683
20555
20684
20556
20685
20557
20686
20558
20687
20559
20688
20560
20689
20561
20690
20562
20691
20563
20692
20564
20693
20565
20694
20566
20695
20567
20696
20568
20697
20569
20698
20570
20699
20571
20700
20572
20701
20573
20702
20574
20703
20575
20704
20576
20705
20577
20706
20578
20707
20579
20708
20580
20709
20581
20710
20582
20711
20583
20712
20584
20713
20585
20714
20586
20715
20587
20716
20588
20717
20589
20718
20590
20719
20591
20720
20592
20721
20593
20722
20594
20723
20595
20724
20596
20725
20597
20726
20598
20727
20599
20728
20600
20729
20601
20730
20602
20731
20603
20732
20604
20733
20605
20734
20606
20735
20607
20736
20608
20737
20609
20738
20610
20739
20611
20740
20612
20741
20613
20742
20614
20743
20615
20744
20616
20745
20617
20746
20618
20747
20619
20748
20620
20749
20621
20750
20622
20751
20623
20752
20624
20753
20625
20754
20626
20755
20627
20756
20628
20757
20629
20758
20630
20759
20631
20760
20632
20761
20633
20762
20634
20763
20635
20764
20636
20765
20637
20766
20638
20767
20639
20768
20640
20769
20641
20770
20642
20771
20643
20772
20644
20773
20645
20774
20646
20775
20647
20776
20648
20777
20649
20778
20650
20779
20651
20780
20652
20781
20653
20782
20654
20783
20655
20784
20656
20785
20657
20786
20658
20787
20659
20788
20660
20789
20661
20790
20662
20791
20663
20792
20664
20793
20665
20794
20666
20795
20667
20796
20668
20797
20669
20798
20799
20671
20800
20672
20801
20673
20802
20674
20803
20675
20804
20676
20805
20677
20806
20678
20807
20679
20808
20680
20809
20681
20810
20682
20811
20683
20812
20684
20813
20685
20814
20686
20815
20687
20816
20688
20817
20689
20818
20690
20819
20691
20820
20692
20821
20693
20822
20694
20823
20695
20824
20696
20825
20697
20826
20698
20827
20699
20828
20700
20829
20701
20830
20702
20831
20703
20832
20704
20833
20705
20834
20706
20835
20707
20836
20708
20837
20709
20838
20710
20839
20711
20840
20712
20841
20713
20842
20714
20843
20715
20844
20716
20845
20717
20846
20718
20847
20719
20848
20720
20849
20721
20850
20722
20851
20723
20852
20724
20853
20725
20854
20726
20855
20727
20856
20728
20857
20729
20858
20730
20859
20731
20860
20732
20861
20733
20862
20734
20863
20735
20864
20736
20865
20737
20866
20738
20867
20739
20868
20740
20869
20741
20870
20742
20871
20743
20872
20744
20873
20745
20874
20746
20875
20747
20876
20748
20877
20749
20878
20750
20879
20751
20880
20752
20881
20753
20882
20754
20883
20755
20884
20756
20885
20757
20886
20758
20887
20759
20888
20760
20889
20761
20890
20762
20891
20763
20892
20764
20893
20765
20894
20766
20895
20767
20896
20768
20897
20769
20898
20770
20899
20771
20900
20772
20901
20773
20902
20774
20903
20775
20904
20776
20905
20777
20906
20778
20907
20779
20908
20780
20909
20781
20910
20782
20911
20783
20912
20784
20913
20785
20914
20786
20915
20787
20916
20788
20917
20789
20918
20790
20919
20791
20920
20792
20921
20793
20922
20794
20923
20795
20924
20796
20925
20797
20926
20798
20927
20799
20928
20929
20801
20930
20802
20931
20803
20932
20804
20933
20805
20934
20806
20935
20807
20936
20808
20937
20809
20938
20810
20939
20811
20940
20812
20941
20813
20942
20814
20943
20815
20944
20816
20945
20817
20946
20818
20947
20819
20948
20820
20949
20821
20950
20822
20951
20823
20952
20824
20953
20825
20954
20826
20955
20827
20956
20828
20957
20829
20958
20830
20959
20831
20960
20832
20961
20833
20962
20834
20963
20835
20964
20836
20965
20837
20966
20838
20967
20839
20968
20840
20969
20841
20970
20842
20971
20843
20972
20844
20973
20845
20974
20846
20975
20847
20976
20848
20977
20849
20978
20850
20979
20851
20980
20852
20981
20853
20982
20854
20983
20855
20984
20856
20985
20857
20986
20858
20987
20859
20988
20860
20989
20861
20990
20862
20991
20863
20992
20864
20993
20865
20994
20866
20995
20867
20996
20868
20997
20869
20998
20870
20999
20871
21000
20872
21001
20873
21002
20874
21003
20875
21004
20876
21005
20877
21006
20878
21007
20879
21008
20880
21009
20881
21010
20882
21011
20883
21012
20884
21013
20885
21014
20886
21015
20887
21016
20888
21017
20889
21018
20890
21019
20891
21020
20892
21021
20893
21022
20894
21023
20895
21024
20896
21025
20897
21026
20898
21027
20899
21028
20900
21029
20901
21030
20902
21031
20903
21032
20904
21033
20905
21034
20906
21035
20907
21036
20908
21037
20909
21038
20910
21039
20911
21040
20912
21041
20913
21042
20914
21043
20915
21044
20916
21045
20917
21046
20918
21047
20919
21048
20920
21049
20921
21050
20922
21051
20923
21052
20924
21053
20925
21054
20926
21055
20927
21056
20928
21057
20929
21058
21059
20931
21060
20932
21061
20933
21062
20934
21063
20935
21064
20936
21065
20937
21066
20938
21067
20939
21068
20940
21069
20941
21070
20942
21071
20943
21072
20944
21073
20945
21074
20946
21075
20947
21076
20948
21077
20949
21078
20950
21079
20951
21080
20952
21081
20953
21082
20954
21083
20955
21084
20956
21085
20957
21086
20958
21087
20959
21088
20960
21089
20961
21090
20962
21091
20963
21092
20964
21093
20965
21094
20966
21095
20967
21096
20968
21097
20969
21098
20970
21099
20971
21100
20972
21101
20973
21102
20974
21103
20975
21104
20976
21105
20977
21106
20978
21107
20979
21108
20980
21109
20981
21110
20982
21111
20983
21112
20984
21113
20985
21114
20986
21115
20987
21116
20988
21117
20989
21118
20990
21119
20991
21120
20992
21121
20993
21122
20994
21123
20995
21124
20996
21125
20997
21126
20998
21127
20999
21128
21000
21129
21001
21130
21002
21131
21003
21132
21004
21133
21005
21134
21006
21135
21007
21136
21008
21137
21009
21138
21010
21139
21011
21140
21012
21141
21013
21142
21014
21143
21015
21144
21016
21145
21017
21146
21018
21147
21019
21148
21020
21149
21021
21150
21022
21151
21023
21152
21024
21153
21025
21154
21026
21155
21027
21156
21028
21157
21029
21158
21030
21159
21031
21160
21032
21161
21033
21162
21034
21163
21035
21164
21036
21165
21037
21166
21038
21167
21039
21168
21040
21169
21041
21170
21042
21171
21043
21172
21044
21173
21045
21174
21046
21175
21047
21176
21048
21177
21049
21178
21050
21179
21051
21180
21052
21181
21053
21182
21054
21183
21055
21184
21056
21185
21057
21186
21058
21187
21059
21188
21189
21061
21190
21062
21191
21063
21192
21064
21193
21065
21194
21066
21195
21067
21196
21068
21197
21069
21198
21070
21199
21071
21200
21072
21201
21073
21202
21074
21203
21075
21204
21076
21205
21077
21206
21078
21207
21079
21208
21080
21209
21081
21210
21082
21211
21083
21212
21084
21213
21085
21214
21086
21215
21087
21216
21088
21217
21089
21218
21090
21219
21091
21220
21092
21221
21093
21222
21094
21223
21095
21224
21096
21225
21097
21226
21098
21227
21099
21228
21100
21229
21101
21230
21102
21231
21103
21232
21104
21233
21105
21234
21106
21235
21107
21236
21108
21237
21109
21238
21110
21239
21111
21240
21112
21241
21113
21242
21114
21243
21115
21244
21116
21245
21117
21246
21118
21247
21119
21248
21120
21249
21121
21250
21122
21251
21123
21252
21124
21253
21125
21254
21126
21255
21127
21256
21128
21257
21129
21258
21130
21259
21131
21260
21132
21261
21133
21262
21134
21263
21135
21264
21136
21265
21137
21266
21138
21267
21139
21268
21140
21269
21141
21270
21142
21271
21143
21272
21144
21273
21145
21274
21146
21275
21147
21276
21148
21277
21149
21278
21150
21279
21151
21280
21152
21281
21153
21282
21154
21283
21155
21284
21156
21285
21157
21286
21158
21287
21159
21288
21160
21289
21161
21290
21162
21291
21163
21292
21164
21293
21165
21294
21166
21295
21167
21296
21168
21297
21169
21298
21170
21299
21171
21300
21172
21301
21173
21302
21174
21303
21175
21304
21176
21305
21177
21306
21178
21307
21179
21308
21180
21309
21181
21310
21182
21311
21183
21312
21184
21313
21185
21314
21186
21315
21187
21316
21188
21317
21189
21318
21319
21191
21320
21192
21321
21193
21322
21194
21323
21195
21324
21196
21325
21197
21326
21198
21327
21199
21328
21200
21329
21201
21330
21202
21331
21203
21332
21204
21333
21205
21334
21206
21335
21207
21336
21208
21337
21209
21338
21210
21339
21211
21340
21212
21341
21213
21342
21214
21343
21215
21344
21216
21345
21217
21346
21218
21347
21219
21348
21220
21349
21221
21350
21222
21351
21223
21352
21224
21353
21225
21354
21226
21355
21227
21356
21228
21357
21229
21358
21230
21359
21231
21360
21232
21361
21233
21362
21234
21363
21235
21364
21236
21365
21237
21366
21238
21367
21239
21368
21240
21369
21241
21370
21242
21371
21243
21372
21244
21373
21245
21374
21246
21375
21247
21376
21248
21377
21249
21378
21250
21379
21251
21380
21252
21381
21253
21382
21254
21383
21255
21384
21256
21385
21257
21386
21258
21387
21259
21388
21260
21389
21261
21390
21262
21391
21263
21392
21264
21393
21265
21394
21266
21395
21267
21396
21268
21397
21269
21398
21270
21399
21271
21400
21272
21401
21273
21402
21274
21403
21275
21404
21276
21405
21277
21406
21278
21407
21279
21408
21280
21409
21281
21410
21282
21411
21283
21412
21284
21413
21285
21414
21286
21415
21287
21416
21288
21417
21289
21418
21290
21419
21291
21420
21292
21421
21293
21422
21294
21423
21295
21424
21296
21425
21297
21426
21298
21427
21299
21428
21300
21429
21301
21430
21302
21431
21303
21432
21304
21433
21305
21434
21306
21435
21307
21436
21308
21437
21309
21438
21310
21439
21311
21440
21312
21441
21313
21442
21314
21443
21315
21444
21316
21445
21317
21446
21318
21447
21319
21448
21449
21321
21450
21322
21451
21323
21452
21324
21453
21325
21454
21326
21455
21327
21456
21328
21457
21329
21458
21330
21459
21331
21460
21332
21461
21333
21462
21334
21463
21335
21464
21336
21465
21337
21466
21338
21467
21339
21468
21340
21469
21341
21470
21342
21471
21343
21472
21344
21473
21345
21474
21346
21475
21347
21476
21348
21477
21349
21478
21350
21479
21351
21480
21352
21481
21353
21482
21354
21483
21355
21484
21356
21485
21357
21486
21358
21487
21359
21488
21360
21489
21361
21490
21362
21491
21363
21492
21364
21493
21365
21494
21366
21495
21367
21496
21368
21497
21369
21498
21370
21499
21371
21500
21372
21501
21373
21502
21374
21503
21375
21504
21376
21505
21377
21506
21378
21507
21379
21508
21380
21509
21381
21510
21382
21511
21383
21512
21384
21513
21385
21514
21386
21515
21387
21516
21388
21517
21389
21518
21390
21519
21391
21520
21392
21521
21393
21522
21394
21523
21395
21524
21396
21525
21397
21526
21398
21527
21399
21528
21400
21529
21401
21530
21402
21531
21403
21532
21404
21533
21405
21534
21406
21535
21407
21536
21408
21537
21409
21538
21410
21539
21411
21540
21412
21541
21413
21542
21414
21543
21415
21544
21416
21545
21417
21546
21418
21547
21419
21548
21420
21549
21421
21550
21422
21551
21423
21552
21424
21553
21425
21554
21426
21555
21427
21556
21428
21557
21429
21558
21430
21559
21431
21560
21432
21561
21433
21562
21434
21563
21435
21564
21436
21565
21437
21566
21438
21567
21439
21568
21440
21569
21441
21570
21442
21571
21443
21572
21444
21573
21445
21574
21446
21575
21447
21576
21448
21577
21449
21578
21579
21451
21580
21452
21581
21453
21582
21454
21583
21455
21584
21456
21585
21457
21586
21458
21587
21459
21588
21460
21589
21461
21590
21462
21591
21463
21592
21464
21593
21465
21594
21466
21595
21467
21596
21468
21597
21469
21598
21470
21599
21471
21600
21472
21601
21473
21602
21474
21603
21475
21604
21476
21605
21477
21606
21478
21607
21479
21608
21480
21609
21481
21610
21482
21611
21483
21612
21484
21613
21485
21614
21486
21615
21487
21616
21488
21617
21489
21618
21490
21619
21491
21620
21492
21621
21493
21622
21494
21623
21495
21624
21496
21625
21497
21626
21498
21627
21499
21628
21500
21629
21501
21630
21502
21631
21503
21632
21504
21633
21505
21634
21506
21635
21507
21636
21508
21637
21509
21638
21510
21639
21511
21640
21512
21641
21513
21642
21514
21643
21515
21644
21516
21645
21517
21646
21518
21647
21519
21648
21520
21649
21521
21650
21522
21651
21523
21652
21524
21653
21525
21654
21526
21655
21527
21656
21528
21657
21529
21658
21530
21659
21531
21660
21532
21661
21533
21662
21534
21663
21535
21664
21536
21665
21537
21666
21538
21667
21539
21668
21540
21669
21541
21670
21542
21671
21543
21672
21544
21673
21545
21674
21546
21675
21547
21676
21548
21677
21549
21678
21550
21679
21551
21680
21552
21681
21553
21682
21554
21683
21555
21684
21556
21685
21557
21686
21558
21687
21559
21688
21560
21689
21561
21690
21562
21691
21563
21692
21564
21693
21565
21694
21566
21695
21567
21696
21568
21697
21569
21698
21570
21699
21571
21700
21572
21701
21573
21702
21574
21703
21575
21704
21576
21705
21577
21706
21578
21707
21579
21708
21709
21581
21710
21582
21711
21583
21712
21584
21713
21585
21714
21586
21715
21587
21716
21588
21717
21589
21718
21590
21719
21591
21720
21592
21721
21593
21722
21594
21723
21595
21724
21596
21725
21597
21726
21598
21727
21599
21728
21600
21729
21601
21730
21602
21731
21603
21732
21604
21733
21605
21734
21606
21735
21607
21736
21608
21737
21609
21738
21610
21739
21611
21740
21612
21741
21613
21742
21614
21743
21615
21744
21616
21745
21617
21746
21618
21747
21619
21748
21620
21749
21621
21750
21622
21751
21623
21752
21624
21753
21625
21754
21626
21755
21627
21756
21628
21757
21629
21758
21630
21759
21631
21760
21632
21761
21633
21762
21634
21763
21635
21764
21636
21765
21637
21766
21638
21767
21639
21768
21640
21769
21641
21770
21642
21771
21643
21772
21644
21773
21645
21774
21646
21775
21647
21776
21648
21777
21649
21778
21650
21779
21651
21780
21652
21781
21653
21782
21654
21783
21655
21784
21656
21785
21657
21786
21658
21787
21659
21788
21660
21789
21661
21790
21662
21791
21663
21792
21664
21793
21665
21794
21666
21795
21667
21796
21668
21797
21669
21798
21670
21799
21671
21800
21672
21801
21673
21802
21674
21803
21675
21804
21676
21805
21677
21806
21678
21807
21679
21808
21680
21809
21681
21810
21682
21811
21683
21812
21684
21813
21685
21814
21686
21815
21687
21816
21688
21817
21689
21818
21690
21819
21691
21820
21692
21821
21693
21822
21694
21823
21695
21824
21696
21825
21697
21826
21698
21827
21699
21828
21700
21829
21701
21830
21702
21831
21703
21832
21704
21833
21705
21834
21706
21835
21707
21836
21708
21837
21709
21838
21839
21711
21840
21712
21841
21713
21842
21714
21843
21715
21844
21716
21845
21717
21846
21718
21847
21719
21848
21720
21849
21721
21850
21722
21851
21723
21852
21724
21853
21725
21854
21726
21855
21727
21856
21728
21857
21729
21858
21730
21859
21731
21860
21732
21861
21733
21862
21734
21863
21735
21864
21736
21865
21737
21866
21738
21867
21739
21868
21740
21869
21741
21870
21742
21871
21743
21872
21744
21873
21745
21874
21746
21875
21747
21876
21748
21877
21749
21878
21750
21879
21751
21880
21752
21881
21753
21882
21754
21883
21755
21884
21756
21885
21757
21886
21758
21887
21759
21888
21760
21889
21761
21890
21762
21891
21763
21892
21764
21893
21765
21894
21766
21895
21767
21896
21768
21897
21769
21898
21770
21899
21771
21900
21772
21901
21773
21902
21774
21903
21775
21904
21776
21905
21777
21906
21778
21907
21779
21908
21780
21909
21781
21910
21782
21911
21783
21912
21784
21913
21785
21914
21786
21915
21787
21916
21788
21917
21789
21918
21790
21919
21791
21920
21792
21921
21793
21922
21794
21923
21795
21924
21796
21925
21797
21926
21798
21927
21799
21928
21800
21929
21801
21930
21802
21931
21803
21932
21804
21933
21805
21934
21806
21935
21807
21936
21808
21937
21809
21938
21810
21939
21811
21940
21812
21941
21813
21942
21814
21943
21815
21944
21816
21945
21817
21946
21818
21947
21819
21948
21820
21949
21821
21950
21822
21951
21823
21952
21824
21953
21825
21954
21826
21955
21827
21956
21828
21957
21829
21958
21830
21959
21831
21960
21832
21961
21833
21962
21834
21963
21835
21964
21836
21965
21837
21966
21838
21967
21839
21968
21969
21841
21970
21842
21971
21843
21972
21844
21973
21845
21974
21846
21975
21847
21976
21848
21977
21849
21978
21850
21979
21851
21980
21852
21981
21853
21982
21854
21983
21855
21984
21856
21985
21857
21986
21858
21987
21859
21988
21860
21989
21861
21990
21862
21991
21863
21992
21864
21993
21865
21994
21866
21995
21867
21996
21868
21997
21869
21998
21870
21999
21871
22000
21872
22001
21873
22002
21874
22003
21875
22004
21876
22005
21877
22006
21878
22007
21879
22008
21880
22009
21881
22010
21882
22011
21883
22012
21884
22013
21885
22014
21886
22015
21887
22016
21888
22017
21889
22018
21890
22019
21891
22020
21892
22021
21893
22022
21894
22023
21895
22024
21896
22025
21897
22026
21898
22027
21899
22028
21900
22029
21901
22030
21902
22031
21903
22032
21904
22033
21905
22034
21906
22035
21907
22036
21908
22037
21909
22038
21910
22039
21911
22040
21912
22041
21913
22042
21914
22043
21915
22044
21916
22045
21917
22046
21918
22047
21919
22048
21920
22049
21921
22050
21922
22051
21923
22052
21924
22053
21925
22054
21926
22055
21927
22056
21928
22057
21929
22058
21930
22059
21931
22060
21932
22061
21933
22062
21934
22063
21935
22064
21936
22065
21937
22066
21938
22067
21939
22068
21940
22069
21941
22070
21942
22071
21943
22072
21944
22073
21945
22074
21946
22075
21947
22076
21948
22077
21949
22078
21950
22079
21951
22080
21952
22081
21953
22082
21954
22083
21955
22084
21956
22085
21957
22086
21958
22087
21959
22088
21960
22089
21961
22090
21962
22091
21963
22092
21964
22093
21965
22094
21966
22095
21967
22096
21968
22097
21969
22098
22099
21971
22100
21972
22101
21973
22102
21974
22103
21975
22104
21976
22105
21977
22106
21978
22107
21979
22108
21980
22109
21981
22110
21982
22111
21983
22112
21984
22113
21985
22114
21986
22115
21987
22116
21988
22117
21989
22118
21990
22119
21991
22120
21992
22121
21993
22122
21994
22123
21995
22124
21996
22125
21997
22126
21998
22127
21999
22128
22000
22129
22001
22130
22002
22131
22003
22132
22004
22133
22005
22134
22006
22135
22007
22136
22008
22137
22009
22138
22010
22139
22011
22140
22012
22141
22013
22142
22014
22143
22015
22144
22016
22145
22017
22146
22018
22147
22019
22148
22020
22149
22021
22150
22022
22151
22023
22152
22024
22153
22025
22154
22026
22155
22027
22156
22028
22157
22029
22158
22030
22159
22031
22160
22032
22161
22033
22162
22034
22163
22035
22164
22036
22165
22037
22166
22038
22167
22039
22168
22040
22169
22041
22170
22042
22171
22043
22172
22044
22173
22045
22174
22046
22175
22047
22176
22048
22177
22049
22178
22050
22179
22051
22180
22052
22181
22053
22182
22054
22183
22055
22184
22056
22185
22057
22186
22058
22187
22059
22188
22060
22189
22061
22190
22062
22191
22063
22192
22064
22193
22065
22194
22066
22195
22067
22196
22068
22197
22069
22198
22070
22199
22071
22200
22072
22201
22073
22202
22074
22203
22075
22204
22076
22205
22077
22206
22078
22207
22079
22208
22080
22209
22081
22210
22082
22211
22083
22212
22084
22213
22085
22214
22086
22215
22087
22216
22088
22217
22089
22218
22090
22219
22091
22220
22092
22221
22093
22222
22094
22223
22095
22224
22096
22225
22097
22226
22098
22227
22099
22228
22229
22101
22230
22102
22231
22103
22232
22104
22233
22105
22234
22106
22235
22107
22236
22108
22237
22109
22238
22110
22239
22111
22240
22112
22241
22113
22242
22114
22243
22115
22244
22116
22245
22117
22246
22118
22247
22119
22248
22120
22249
22121
22250
22122
22251
22123
22252
22124
22253
22125
22254
22126
22255
22127
22256
22128
22257
22129
22258
22130
22259
22131
22260
22132
22261
22133
22262
22134
22263
22135
22264
22136
22265
22137
22266
22138
22267
22139
22268
22140
22269
22141
22270
22142
22271
22143
22272
22144
22273
22145
22274
22146
22275
22147
22276
22148
22277
22149
22278
22150
22279
22151
22280
22152
22281
22153
22282
22154
22283
22155
22284
22156
22285
22157
22286
22158
22287
22159
22288
22160
22289
22161
22290
22162
22291
22163
22292
22164
22293
22165
22294
22166
22295
22167
22296
22168
22297
22169
22298
22170
22299
22171
22300
22172
22301
22173
22302
22174
22303
22175
22304
22176
22305
22177
22306
22178
22307
22179
22308
22180
22309
22181
22310
22182
22311
22183
22312
22184
22313
22185
22314
22186
22315
22187
22316
22188
22317
22189
22318
22190
22319
22191
22320
22192
22321
22193
22322
22194
22323
22195
22324
22196
22325
22197
22326
22198
22327
22199
22328
22200
22329
22201
22330
22202
22331
22203
22332
22204
22333
22205
22334
22206
22335
22207
22336
22208
22337
22209
22338
22210
22339
22211
22340
22212
22341
22213
22342
22214
22343
22215
22344
22216
22345
22217
22346
22218
22347
22219
22348
22220
22349
22221
22350
22222
22351
22223
22352
22224
22353
22225
22354
22226
22355
22227
22356
22228
22357
22229
22358
22359
22231
22360
22232
22361
22233
22362
22234
22363
22235
22364
22236
22365
22237
22366
22238
22367
22239
22368
22240
22369
22241
22370
22242
22371
22243
22372
22244
22373
22245
22374
22246
22375
22247
22376
22248
22377
22249
22378
22250
22379
22251
22380
22252
22381
22253
22382
22254
22383
22255
22384
22256
22385
22257
22386
22258
22387
22259
22388
22260
22389
22261
22390
22262
22391
22263
22392
22264
22393
22265
22394
22266
22395
22267
22396
22268
22397
22269
22398
22270
22399
22271
22400
22272
22401
22273
22402
22274
22403
22275
22404
22276
22405
22277
22406
22278
22407
22279
22408
22280
22409
22281
22410
22282
22411
22283
22412
22284
22413
22285
22414
22286
22415
22287
22416
22288
22417
22289
22418
22290
22419
22291
22420
22292
22421
22293
22422
22294
22423
22295
22424
22296
22425
22297
22426
22298
22427
22299
22428
22300
22429
22301
22430
22302
22431
22303
22432
22304
22433
22305
22434
22306
22435
22307
22436
22308
22437
22309
22438
22310
22439
22311
22440
22312
22441
22313
22442
22314
22443
22315
22444
22316
22445
22317
22446
22318
22447
22319
22448
22320
22449
22321
22450
22322
22451
22323
22452
22324
22453
22325
22454
22326
22455
22327
22456
22328
22457
22329
22458
22330
22459
22331
22460
22332
22461
22333
22462
22334
22463
22335
22464
22336
22465
22337
22466
22338
22467
22339
22468
22340
22469
22341
22470
22342
22471
22343
22472
22344
22473
22345
22474
22346
22475
22347
22476
22348
22477
22349
22478
22350
22479
22351
22480
22352
22481
22353
22482
22354
22483
22355
22484
22356
22485
22357
22486
22358
22487
22359
22488
22489
22361
22490
22362
22491
22363
22492
22364
22493
22365
22494
22366
22495
22367
22496
22368
22497
22369
22498
22370
22499
22371
22500
22372
22501
22373
22502
22374
22503
22375
22504
22376
22505
22377
22506
22378
22507
22379
22508
22380
22509
22381
22510
22382
22511
22383
22512
22384
22513
22385
22514
22386
22515
22387
22516
22388
22517
22389
22518
22390
22519
22391
22520
22392
22521
22393
22522
22394
22523
22395
22524
22396
22525
22397
22526
22398
22527
22399
22528
22400
22529
22401
22530
22402
22531
22403
22532
22404
22533
22405
22534
22406
22535
22407
22536
22408
22537
22409
22538
22410
22539
22411
22540
22412
22541
22413
22542
22414
22543
22415
22544
22416
22545
22417
22546
22418
22547
22419
22548
22420
22549
22421
22550
22422
22551
22423
22552
22424
22553
22425
22554
22426
22555
22427
22556
22428
22557
22429
22558
22430
22559
22431
22560
22432
22561
22433
22562
22434
22563
22435
22564
22436
22565
22437
22566
22438
22567
22439
22568
22440
22569
22441
22570
22442
22571
22443
22572
22444
22573
22445
22574
22446
22575
22447
22576
22448
22577
22449
22578
22450
22579
22451
22580
22452
22581
22453
22582
22454
22583
22455
22584
22456
22585
22457
22586
22458
22587
22459
22588
22460
22589
22461
22590
22462
22591
22463
22592
22464
22593
22465
22594
22466
22595
22467
22596
22468
22597
22469
22598
22470
22599
22471
22600
22472
22601
22473
22602
22474
22603
22475
22604
22476
22605
22477
22606
22478
22607
22479
22608
22480
22609
22481
22610
22482
22611
22483
22612
22484
22613
22485
22614
22486
22615
22487
22616
22488
22617
22489
22618
22619
22491
22620
22492
22621
22493
22622
22494
22623
22495
22624
22496
22625
22497
22626
22498
22627
22499
22628
22500
22629
22501
22630
22502
22631
22503
22632
22504
22633
22505
22634
22506
22635
22507
22636
22508
22637
22509
22638
22510
22639
22511
22640
22512
22641
22513
22642
22514
22643
22515
22644
22516
22645
22517
22646
22518
22647
22519
22648
22520
22649
22521
22650
22522
22651
22523
22652
22524
22653
22525
22654
22526
22655
22527
22656
22528
22657
22529
22658
22530
22659
22531
22660
22532
22661
22533
22662
22534
22663
22535
22664
22536
22665
22537
22666
22538
22667
22539
22668
22540
22669
22541
22670
22542
22671
22543
22672
22544
22673
22545
22674
22546
22675
22547
22676
22548
22677
22549
22678
22550
22679
22551
22680
22552
22681
22553
22682
22554
22683
22555
22684
22556
22685
22557
22686
22558
22687
22559
22688
22560
22689
22561
22690
22562
22691
22563
22692
22564
22693
22565
22694
22566
22695
22567
22696
22568
22697
22569
22698
22570
22699
22571
22700
22572
22701
22573
22702
22574
22703
22575
22704
22576
22705
22577
22706
22578
22707
22579
22708
22580
22709
22581
22710
22582
22711
22583
22712
22584
22713
22585
22714
22586
22715
22587
22716
22588
22717
22589
22718
22590
22719
22591
22720
22592
22721
22593
22722
22594
22723
22595
22724
22596
22725
22597
22726
22598
22727
22599
22728
22600
22729
22601
22730
22602
22731
22603
22732
22604
22733
22605
22734
22606
22735
22607
22736
22608
22737
22609
22738
22610
22739
22611
22740
22612
22741
22613
22742
22614
22743
22615
22744
22616
22745
22617
22746
22618
22747
22619
22748
22749
22621
22750
22622
22751
22623
22752
22624
22753
22625
22754
22626
22755
22627
22756
22628
22757
22629
22758
22630
22759
22631
22760
22632
22761
22633
22762
22634
22763
22635
22764
22636
22765
22637
22766
22638
22767
22639
22768
22640
22769
22641
22770
22642
22771
22643
22772
22644
22773
22645
22774
22646
22775
22647
22776
22648
22777
22649
22778
22650
22779
22651
22780
22652
22781
22653
22782
22654
22783
22655
22784
22656
22785
22657
22786
22658
22787
22659
22788
22660
22789
22661
22790
22662
22791
22663
22792
22664
22793
22665
22794
22666
22795
22667
22796
22668
22797
22669
22798
22670
22799
22671
22800
22672
22801
22673
22802
22674
22803
22675
22804
22676
22805
22677
22806
22678
22807
22679
22808
22680
22809
22681
22810
22682
22811
22683
22812
22684
22813
22685
22814
22686
22815
22687
22816
22688
22817
22689
22818
22690
22819
22691
22820
22692
22821
22693
22822
22694
22823
22695
22824
22696
22825
22697
22826
22698
22827
22699
22828
22700
22829
22701
22830
22702
22831
22703
22832
22704
22833
22705
22834
22706
22835
22707
22836
22708
22837
22709
22838
22710
22839
22711
22840
22712
22841
22713
22842
22714
22843
22715
22844
22716
22845
22717
22846
22718
22847
22719
22848
22720
22849
22721
22850
22722
22851
22723
22852
22724
22853
22725
22854
22726
22855
22727
22856
22728
22857
22729
22858
22730
22859
22731
22860
22732
22861
22733
22862
22734
22863
22735
22864
22736
22865
22737
22866
22738
22867
22739
22868
22740
22869
22741
22870
22742
22871
22743
22872
22744
22873
22745
22874
22746
22875
22747
22876
22748
22877
22749
22878
22879
22751
22880
22752
22881
22753
22882
22754
22883
22755
22884
22756
22885
22757
22886
22758
22887
22759
22888
22760
22889
22761
22890
22762
22891
22763
22892
22764
22893
22765
22894
22766
22895
22767
22896
22768
22897
22769
22898
22770
22899
22771
22900
22772
22901
22773
22902
22774
22903
22775
22904
22776
22905
22777
22906
22778
22907
22779
22908
22780
22909
22781
22910
22782
22911
22783
22912
22784
22913
22785
22914
22786
22915
22787
22916
22788
22917
22789
22918
22790
22919
22791
22920
22792
22921
22793
22922
22794
22923
22795
22924
22796
22925
22797
22926
22798
22927
22799
22928
22800
22929
22801
22930
22802
22931
22803
22932
22804
22933
22805
22934
22806
22935
22807
22936
22808
22937
22809
22938
22810
22939
22811
22940
22812
22941
22813
22942
22814
22943
22815
22944
22816
22945
22817
22946
22818
22947
22819
22948
22820
22949
22821
22950
22822
22951
22823
22952
22824
22953
22825
22954
22826
22955
22827
22956
22828
22957
22829
22958
22830
22959
22831
22960
22832
22961
22833
22962
22834
22963
22835
22964
22836
22965
22837
22966
22838
22967
22839
22968
22840
22969
22841
22970
22842
22971
22843
22972
22844
22973
22845
22974
22846
22975
22847
22976
22848
22977
22849
22978
22850
22979
22851
22980
22852
22981
22853
22982
22854
22983
22855
22984
22856
22985
22857
22986
22858
22987
22859
22988
22860
22989
22861
22990
22862
22991
22863
22992
22864
22993
22865
22994
22866
22995
22867
22996
22868
22997
22869
22998
22870
22999
22871
23000
22872
23001
22873
23002
22874
23003
22875
23004
22876
23005
22877
23006
22878
23007
22879
23008
23009
22881
23010
22882
23011
22883
23012
22884
23013
22885
23014
22886
23015
22887
23016
22888
23017
22889
23018
22890
23019
22891
23020
22892
23021
22893
23022
22894
23023
22895
23024
22896
23025
22897
23026
22898
23027
22899
23028
22900
23029
22901
23030
22902
23031
22903
23032
22904
23033
22905
23034
22906
23035
22907
23036
22908
23037
22909
23038
22910
23039
22911
23040
22912
23041
22913
23042
22914
23043
22915
23044
22916
23045
22917
23046
22918
23047
22919
23048
22920
23049
22921
23050
22922
23051
22923
23052
22924
23053
22925
23054
22926
23055
22927
23056
22928
23057
22929
23058
22930
23059
22931
23060
22932
23061
22933
23062
22934
23063
22935
23064
22936
23065
22937
23066
22938
23067
22939
23068
22940
23069
22941
23070
22942
23071
22943
23072
22944
23073
22945
23074
22946
23075
22947
23076
22948
23077
22949
23078
22950
23079
22951
23080
22952
23081
22953
23082
22954
23083
22955
23084
22956
23085
22957
23086
22958
23087
22959
23088
22960
23089
22961
23090
22962
23091
22963
23092
22964
23093
22965
23094
22966
23095
22967
23096
22968
23097
22969
23098
22970
23099
22971
23100
22972
23101
22973
23102
22974
23103
22975
23104
22976
23105
22977
23106
22978
23107
22979
23108
22980
23109
22981
23110
22982
23111
22983
23112
22984
23113
22985
23114
22986
23115
22987
23116
22988
23117
22989
23118
22990
23119
22991
23120
22992
23121
22993
23122
22994
23123
22995
23124
22996
23125
22997
23126
22998
23127
22999
23128
23000
23129
23001
23130
23002
23131
23003
23132
23004
23133
23005
23134
23006
23135
23007
23136
23008
23137
23009
23138
23139
23011
23140
23012
23141
23013
23142
23014
23143
23015
23144
23016
23145
23017
23146
23018
23147
23019
23148
23020
23149
23021
23150
23022
23151
23023
23152
23024
23153
23025
23154
23026
23155
23027
23156
23028
23157
23029
23158
23030
23159
23031
23160
23032
23161
23033
23162
23034
23163
23035
23164
23036
23165
23037
23166
23038
23167
23039
23168
23040
23169
23041
23170
23042
23171
23043
23172
23044
23173
23045
23174
23046
23175
23047
23176
23048
23177
23049
23178
23050
23179
23051
23180
23052
23181
23053
23182
23054
23183
23055
23184
23056
23185
23057
23186
23058
23187
23059
23188
23060
23189
23061
23190
23062
23191
23063
23192
23064
23193
23065
23194
23066
23195
23067
23196
23068
23197
23069
23198
23070
23199
23071
23200
23072
23201
23073
23202
23074
23203
23075
23204
23076
23205
23077
23206
23078
23207
23079
23208
23080
23209
23081
23210
23082
23211
23083
23212
23084
23213
23085
23214
23086
23215
23087
23216
23088
23217
23089
23218
23090
23219
23091
23220
23092
23221
23093
23222
23094
23223
23095
23224
23096
23225
23097
23226
23098
23227
23099
23228
23100
23229
23101
23230
23102
23231
23103
23232
23104
23233
23105
23234
23106
23235
23107
23236
23108
23237
23109
23238
23110
23239
23111
23240
23112
23241
23113
23242
23114
23243
23115
23244
23116
23245
23117
23246
23118
23247
23119
23248
23120
23249
23121
23250
23122
23251
23123
23252
23124
23253
23125
23254
23126
23255
23127
23256
23128
23257
23129
23258
23130
23259
23131
23260
23132
23261
23133
23262
23134
23263
23135
23264
23136
23265
23137
23266
23138
23267
23139
23268
23269
23141
23270
23142
23271
23143
23272
23144
23273
23145
23274
23146
23275
23147
23276
23148
23277
23149
23278
23150
23279
23151
23280
23152
23281
23153
23282
23154
23283
23155
23284
23156
23285
23157
23286
23158
23287
23159
23288
23160
23289
23161
23290
23162
23291
23163
23292
23164
23293
23165
23294
23166
23295
23167
23296
23168
23297
23169
23298
23170
23299
23171
23300
23172
23301
23173
23302
23174
23303
23175
23304
23176
23305
23177
23306
23178
23307
23179
23308
23180
23309
23181
23310
23182
23311
23183
23312
23184
23313
23185
23314
23186
23315
23187
23316
23188
23317
23189
23318
23190
23319
23191
23320
23192
23321
23193
23322
23194
23323
23195
23324
23196
23325
23197
23326
23198
23327
23199
23328
23200
23329
23201
23330
23202
23331
23203
23332
23204
23333
23205
23334
23206
23335
23207
23336
23208
23337
23209
23338
23210
23339
23211
23340
23212
23341
23213
23342
23214
23343
23215
23344
23216
23345
23217
23346
23218
23347
23219
23348
23220
23349
23221
23350
23222
23351
23223
23352
23224
23353
23225
23354
23226
23355
23227
23356
23228
23357
23229
23358
23230
23359
23231
23360
23232
23361
23233
23362
23234
23363
23235
23364
23236
23365
23237
23366
23238
23367
23239
23368
23240
23369
23241
23370
23242
23371
23243
23372
23244
23373
23245
23374
23246
23375
23247
23376
23248
23377
23249
23378
23250
23379
23251
23380
23252
23381
23253
23382
23254
23383
23255
23384
23256
23385
23257
23386
23258
23387
23259
23388
23260
23389
23261
23390
23262
23391
23263
23392
23264
23393
23265
23394
23266
23395
23267
23396
23268
23397
23269
23398
23399
23271
23400
23272
23401
23273
23402
23274
23403
23275
23404
23276
23405
23277
23406
23278
23407
23279
23408
23280
23409
23281
23410
23282
23411
23283
23412
23284
23413
23285
23414
23286
23415
23287
23416
23288
23417
23289
23418
23290
23419
23291
23420
23292
23421
23293
23422
23294
23423
23295
23424
23296
23425
23297
23426
23298
23427
23299
23428
23300
23429
23301
23430
23302
23431
23303
23432
23304
23433
23305
23434
23306
23435
23307
23436
23308
23437
23309
23438
23310
23439
23311
23440
23312
23441
23313
23442
23314
23443
23315
23444
23316
23445
23317
23446
23318
23447
23319
23448
23320
23449
23321
23450
23322
23451
23323
23452
23324
23453
23325
23454
23326
23455
23327
23456
23328
23457
23329
23458
23330
23459
23331
23460
23332
23461
23333
23462
23334
23463
23335
23464
23336
23465
23337
23466
23338
23467
23339
23468
23340
23469
23341
23470
23342
23471
23343
23472
23344
23473
23345
23474
23346
23475
23347
23476
23348
23477
23349
23478
23350
23479
23351
23480
23352
23481
23353
23482
23354
23483
23355
23484
23356
23485
23357
23486
23358
23487
23359
23488
23360
23489
23361
23490
23362
23491
23363
23492
23364
23493
23365
23494
23366
23495
23367
23496
23368
23497
23369
23498
23370
23499
23371
23500
23372
23501
23373
23502
23374
23503
23375
23504
23376
23505
23377
23506
23378
23507
23379
23508
23380
23509
23381
23510
23382
23511
23383
23512
23384
23513
23385
23514
23386
23515
23387
23516
23388
23517
23389
23518
23390
23519
23391
23520
23392
23521
23393
23522
23394
23523
23395
23524
23396
23525
23397
23526
23398
23527
23399
23528
23529
23401
23530
23402
23531
23403
23532
23404
23533
23405
23534
23406
23535
23407
23536
23408
23537
23409
23538
23410
23539
23411
23540
23412
23541
23413
23542
23414
23543
23415
23544
23416
23545
23417
23546
23418
23547
23419
23548
23420
23549
23421
23550
23422
23551
23423
23552
23424
23553
23425
23554
23426
23555
23427
23556
23428
23557
23429
23558
23430
23559
23431
23560
23432
23561
23433
23562
23434
23563
23435
23564
23436
23565
23437
23566
23438
23567
23439
23568
23440
23569
23441
23570
23442
23571
23443
23572
23444
23573
23445
23574
23446
23575
23447
23576
23448
23577
23449
23578
23450
23579
23451
23580
23452
23581
23453
23582
23454
23583
23455
23584
23456
23585
23457
23586
23458
23587
23459
23588
23460
23589
23461
23590
23462
23591
23463
23592
23464
23593
23465
23594
23466
23595
23467
23596
23468
23597
23469
23598
23470
23599
23471
23600
23472
23601
23473
23602
23474
23603
23475
23604
23476
23605
23477
23606
23478
23607
23479
23608
23480
23609
23481
23610
23482
23611
23483
23612
23484
23613
23485
23614
23486
23615
23487
23616
23488
23617
23489
23618
23490
23619
23491
23620
23492
23621
23493
23622
23494
23623
23495
23624
23496
23625
23497
23626
23498
23627
23499
23628
23500
23629
23501
23630
23502
23631
23503
23632
23504
23633
23505
23634
23506
23635
23507
23636
23508
23637
23509
23638
23510
23639
23511
23640
23512
23641
23513
23642
23514
23643
23515
23644
23516
23645
23517
23646
23518
23647
23519
23648
23520
23649
23521
23650
23522
23651
23523
23652
23524
23653
23525
23654
23526
23655
23527
23656
23528
23657
23529
23658
23659
23531
23660
23532
23661
23533
23662
23534
23663
23535
23664
23536
23665
23537
23666
23538
23667
23539
23668
23540
23669
23541
23670
23542
23671
23543
23672
23544
23673
23545
23674
23546
23675
23547
23676
23548
23677
23549
23678
23550
23679
23551
23680
23552
23681
23553
23682
23554
23683
23555
23684
23556
23685
23557
23686
23558
23687
23559
23688
23560
23689
23561
23690
23562
23691
23563
23692
23564
23693
23565
23694
23566
23695
23567
23696
23568
23697
23569
23698
23570
23699
23571
23700
23572
23701
23573
23702
23574
23703
23575
23704
23576
23705
23577
23706
23578
23707
23579
23708
23580
23709
23581
23710
23582
23711
23583
23712
23584
23713
23585
23714
23586
23715
23587
23716
23588
23717
23589
23718
23590
23719
23591
23720
23592
23721
23593
23722
23594
23723
23595
23724
23596
23725
23597
23726
23598
23727
23599
23728
23600
23729
23601
23730
23602
23731
23603
23732
23604
23733
23605
23734
23606
23735
23607
23736
23608
23737
23609
23738
23610
23739
23611
23740
23612
23741
23613
23742
23614
23743
23615
23744
23616
23745
23617
23746
23618
23747
23619
23748
23620
23749
23621
23750
23622
23751
23623
23752
23624
23753
23625
23754
23626
23755
23627
23756
23628
23757
23629
23758
23630
23759
23631
23760
23632
23761
23633
23762
23634
23763
23635
23764
23636
23765
23637
23766
23638
23767
23639
23768
23640
23769
23641
23770
23642
23771
23643
23772
23644
23773
23645
23774
23646
23775
23647
23776
23648
23777
23649
23778
23650
23779
23651
23780
23652
23781
23653
23782
23654
23783
23655
23784
23656
23785
23657
23786
23658
23787
23659
23788
23789
23661
23790
23662
23791
23663
23792
23664
23793
23665
23794
23666
23795
23667
23796
23668
23797
23669
23798
23670
23799
23671
23800
23672
23801
23673
23802
23674
23803
23675
23804
23676
23805
23677
23806
23678
23807
23679
23808
23680
23809
23681
23810
23682
23811
23683
23812
23684
23813
23685
23814
23686
23815
23687
23816
23688
23817
23689
23818
23690
23819
23691
23820
23692
23821
23693
23822
23694
23823
23695
23824
23696
23825
23697
23826
23698
23827
23699
23828
23700
23829
23701
23830
23702
23831
23703
23832
23704
23833
23705
23834
23706
23835
23707
23836
23708
23837
23709
23838
23710
23839
23711
23840
23712
23841
23713
23842
23714
23843
23715
23844
23716
23845
23717
23846
23718
23847
23719
23848
23720
23849
23721
23850
23722
23851
23723
23852
23724
23853
23725
23854
23726
23855
23727
23856
23728
23857
23729
23858
23730
23859
23731
23860
23732
23861
23733
23862
23734
23863
23735
23864
23736
23865
23737
23866
23738
23867
23739
23868
23740
23869
23741
23870
23742
23871
23743
23872
23744
23873
23745
23874
23746
23875
23747
23876
23748
23877
23749
23878
23750
23879
23751
23880
23752
23881
23753
23882
23754
23883
23755
23884
23756
23885
23757
23886
23758
23887
23759
23888
23760
23889
23761
23890
23762
23891
23763
23892
23764
23893
23765
23894
23766
23895
23767
23896
23768
23897
23769
23898
23770
23899
23771
23900
23772
23901
23773
23902
23774
23903
23775
23904
23776
23905
23777
23906
23778
23907
23779
23908
23780
23909
23781
23910
23782
23911
23783
23912
23784
23913
23785
23914
23786
23915
23787
23916
23788
23917
23789
23918
23919
23791
23920
23792
23921
23793
23922
23794
23923
23795
23924
23796
23925
23797
23926
23798
23927
23799
23928
23800
23929
23801
23930
23802
23931
23803
23932
23804
23933
23805
23934
23806
23935
23807
23936
23808
23937
23809
23938
23810
23939
23811
23940
23812
23941
23813
23942
23814
23943
23815
23944
23816
23945
23817
23946
23818
23947
23819
23948
23820
23949
23821
23950
23822
23951
23823
23952
23824
23953
23825
23954
23826
23955
23827
23956
23828
23957
23829
23958
23830
23959
23831
23960
23832
23961
23833
23962
23834
23963
23835
23964
23836
23965
23837
23966
23838
23967
23839
23968
23840
23969
23841
23970
23842
23971
23843
23972
23844
23973
23845
23974
23846
23975
23847
23976
23848
23977
23849
23978
23850
23979
23851
23980
23852
23981
23853
23982
23854
23983
23855
23984
23856
23985
23857
23986
23858
23987
23859
23988
23860
23989
23861
23990
23862
23991
23863
23992
23864
23993
23865
23994
23866
23995
23867
23996
23868
23997
23869
23998
23870
23999
23871
24000
23872
24001
23873
24002
23874
24003
23875
24004
23876
24005
23877
24006
23878
24007
23879
24008
23880
24009
23881
24010
23882
24011
23883
24012
23884
24013
23885
24014
23886
24015
23887
24016
23888
24017
23889
24018
23890
24019
23891
24020
23892
24021
23893
24022
23894
24023
23895
24024
23896
24025
23897
24026
23898
24027
23899
24028
23900
24029
23901
24030
23902
24031
23903
24032
23904
24033
23905
24034
23906
24035
23907
24036
23908
24037
23909
24038
23910
24039
23911
24040
23912
24041
23913
24042
23914
24043
23915
24044
23916
24045
23917
24046
23918
24047
23919
24048
24049
23921
24050
23922
24051
23923
24052
23924
24053
23925
24054
23926
24055
23927
24056
23928
24057
23929
24058
23930
24059
23931
24060
23932
24061
23933
24062
23934
24063
23935
24064
23936
24065
23937
24066
23938
24067
23939
24068
23940
24069
23941
24070
23942
24071
23943
24072
23944
24073
23945
24074
23946
24075
23947
24076
23948
24077
23949
24078
23950
24079
23951
24080
23952
24081
23953
24082
23954
24083
23955
24084
23956
24085
23957
24086
23958
24087
23959
24088
23960
24089
23961
24090
23962
24091
23963
24092
23964
24093
23965
24094
23966
24095
23967
24096
23968
24097
23969
24098
23970
24099
23971
24100
23972
24101
23973
24102
23974
24103
23975
24104
23976
24105
23977
24106
23978
24107
23979
24108
23980
24109
23981
24110
23982
24111
23983
24112
23984
24113
23985
24114
23986
24115
23987
24116
23988
24117
23989
24118
23990
24119
23991
24120
23992
24121
23993
24122
23994
24123
23995
24124
23996
24125
23997
24126
23998
24127
23999
24128
24000
24129
24001
24130
24002
24131
24003
24132
24004
24133
24005
24134
24006
24135
24007
24136
24008
24137
24009
24138
24010
24139
24011
24140
24012
24141
24013
24142
24014
24143
24015
24144
24016
24145
24017
24146
24018
24147
24019
24148
24020
24149
24021
24150
24022
24151
24023
24152
24024
24153
24025
24154
24026
24155
24027
24156
24028
24157
24029
24158
24030
24159
24031
24160
24032
24161
24033
24162
24034
24163
24035
24164
24036
24165
24037
24166
24038
24167
24039
24168
24040
24169
24041
24170
24042
24171
24043
24172
24044
24173
24045
24174
24046
24175
24047
24176
24048
24177
24049
24178
24179
24051
24180
24052
24181
24053
24182
24054
24183
24055
24184
24056
24185
24057
24186
24058
24187
24059
24188
24060
24189
24061
24190
24062
24191
24063
24192
24064
24193
24065
24194
24066
24195
24067
24196
24068
24197
24069
24198
24070
24199
24071
24200
24072
24201
24073
24202
24074
24203
24075
24204
24076
24205
24077
24206
24078
24207
24079
24208
24080
24209
24081
24210
24082
24211
24083
24212
24084
24213
24085
24214
24086
24215
24087
24216
24088
24217
24089
24218
24090
24219
24091
24220
24092
24221
24093
24222
24094
24223
24095
24224
24096
24225
24097
24226
24098
24227
24099
24228
24100
24229
24101
24230
24102
24231
24103
24232
24104
24233
24105
24234
24106
24235
24107
24236
24108
24237
24109
24238
24110
24239
24111
24240
24112
24241
24113
24242
24114
24243
24115
24244
24116
24245
24117
24246
24118
24247
24119
24248
24120
24249
24121
24250
24122
24251
24123
24252
24124
24253
24125
24254
24126
24255
24127
24256
24128
24257
24129
24258
24130
24259
24131
24260
24132
24261
24133
24262
24134
24263
24135
24264
24136
24265
24137
24266
24138
24267
24139
24268
24140
24269
24141
24270
24142
24271
24143
24272
24144
24273
24145
24274
24146
24275
24147
24276
24148
24277
24149
24278
24150
24279
24151
24280
24152
24281
24153
24282
24154
24283
24155
24284
24156
24285
24157
24286
24158
24287
24159
24288
24160
24289
24161
24290
24162
24291
24163
24292
24164
24293
24165
24294
24166
24295
24167
24296
24168
24297
24169
24298
24170
24299
24171
24300
24172
24301
24173
24302
24174
24303
24175
24304
24176
24305
24177
24306
24178
24307
24179
24308
24309
24181
24310
24182
24311
24183
24312
24184
24313
24185
24314
24186
24315
24187
24316
24188
24317
24189
24318
24190
24319
24191
24320
24192
24321
24193
24322
24194
24323
24195
24324
24196
24325
24197
24326
24198
24327
24199
24328
24200
24329
24201
24330
24202
24331
24203
24332
24204
24333
24205
24334
24206
24335
24207
24336
24208
24337
24209
24338
24210
24339
24211
24340
24212
24341
24213
24342
24214
24343
24215
24344
24216
24345
24217
24346
24218
24347
24219
24348
24220
24349
24221
24350
24222
24351
24223
24352
24224
24353
24225
24354
24226
24355
24227
24356
24228
24357
24229
24358
24230
24359
24231
24360
24232
24361
24233
24362
24234
24363
24235
24364
24236
24365
24237
24366
24238
24367
24239
24368
24240
24369
24241
24370
24242
24371
24243
24372
24244
24373
24245
24374
24246
24375
24247
24376
24248
24377
24249
24378
24250
24379
24251
24380
24252
24381
24253
24382
24254
24383
24255
24384
24256
24385
24257
24386
24258
24387
24259
24388
24260
24389
24261
24390
24262
24391
24263
24392
24264
24393
24265
24394
24266
24395
24267
24396
24268
24397
24269
24398
24270
24399
24271
24400
24272
24401
24273
24402
24274
24403
24275
24404
24276
24405
24277
24406
24278
24407
24279
24408
24280
24409
24281
24410
24282
24411
24283
24412
24284
24413
24285
24414
24286
24415
24287
24416
24288
24417
24289
24418
24290
24419
24291
24420
24292
24421
24293
24422
24294
24423
24295
24424
24296
24425
24297
24426
24298
24427
24299
24428
24300
24429
24301
24430
24302
24431
24303
24432
24304
24433
24305
24434
24306
24435
24307
24436
24308
24437
24309
24438
24439
24311
24440
24312
24441
24313
24442
24314
24443
24315
24444
24316
24445
24317
24446
24318
24447
24319
24448
24320
24449
24321
24450
24322
24451
24323
24452
24324
24453
24325
24454
24326
24455
24327
24456
24328
24457
24329
24458
24330
24459
24331
24460
24332
24461
24333
24462
24334
24463
24335
24464
24336
24465
24337
24466
24338
24467
24339
24468
24340
24469
24341
24470
24342
24471
24343
24472
24344
24473
24345
24474
24346
24475
24347
24476
24348
24477
24349
24478
24350
24479
24351
24480
24352
24481
24353
24482
24354
24483
24355
24484
24356
24485
24357
24486
24358
24487
24359
24488
24360
24489
24361
24490
24362
24491
24363
24492
24364
24493
24365
24494
24366
24495
24367
24496
24368
24497
24369
24498
24370
24499
24371
24500
24372
24501
24373
24502
24374
24503
24375
24504
24376
24505
24377
24506
24378
24507
24379
24508
24380
24509
24381
24510
24382
24511
24383
24512
24384
24513
24385
24514
24386
24515
24387
24516
24388
24517
24389
24518
24390
24519
24391
24520
24392
24521
24393
24522
24394
24523
24395
24524
24396
24525
24397
24526
24398
24527
24399
24528
24400
24529
24401
24530
24402
24531
24403
24532
24404
24533
24405
24534
24406
24535
24407
24536
24408
24537
24409
24538
24410
24539
24411
24540
24412
24541
24413
24542
24414
24543
24415
24544
24416
24545
24417
24546
24418
24547
24419
24548
24420
24549
24421
24550
24422
24551
24423
24552
24424
24553
24425
24554
24426
24555
24427
24556
24428
24557
24429
24558
24430
24559
24431
24560
24432
24561
24433
24562
24434
24563
24435
24564
24436
24565
24437
24566
24438
24567
24439
24568
24569
24441
24570
24442
24571
24443
24572
24444
24573
24445
24574
24446
24575
24447
24576
24448
24577
24449
24578
24450
24579
24451
24580
24452
24581
24453
24582
24454
24583
24455
24584
24456
24585
24457
24586
24458
24587
24459
24588
24460
24589
24461
24590
24462
24591
24463
24592
24464
24593
24465
24594
24466
24595
24467
24596
24468
24597
24469
24598
24470
24599
24471
24600
24472
24601
24473
24602
24474
24603
24475
24604
24476
24605
24477
24606
24478
24607
24479
24608
24480
24609
24481
24610
24482
24611
24483
24612
24484
24613
24485
24614
24486
24615
24487
24616
24488
24617
24489
24618
24490
24619
24491
24620
24492
24621
24493
24622
24494
24623
24495
24624
24496
24625
24497
24626
24498
24627
24499
24628
24500
24629
24501
24630
24502
24631
24503
24632
24504
24633
24505
24634
24506
24635
24507
24636
24508
24637
24509
24638
24510
24639
24511
24640
24512
24641
24513
24642
24514
24643
24515
24644
24516
24645
24517
24646
24518
24647
24519
24648
24520
24649
24521
24650
24522
24651
24523
24652
24524
24653
24525
24654
24526
24655
24527
24656
24528
24657
24529
24658
24530
24659
24531
24660
24532
24661
24533
24662
24534
24663
24535
24664
24536
24665
24537
24666
24538
24667
24539
24668
24540
24669
24541
24670
24542
24671
24543
24672
24544
24673
24545
24674
24546
24675
24547
24676
24548
24677
24549
24678
24550
24679
24551
24680
24552
24681
24553
24682
24554
24683
24555
24684
24556
24685
24557
24686
24558
24687
24559
24688
24560
24689
24561
24690
24562
24691
24563
24692
24564
24693
24565
24694
24566
24695
24567
24696
24568
24697
24569
24698
24699
24571
24700
24572
24701
24573
24702
24574
24703
24575
24704
24576
24705
24577
24706
24578
24707
24579
24708
24580
24709
24581
24710
24582
24711
24583
24712
24584
24713
24585
24714
24586
24715
24587
24716
24588
24717
24589
24718
24590
24719
24591
24720
24592
24721
24593
24722
24594
24723
24595
24724
24596
24725
24597
24726
24598
24727
24599
24728
24600
24729
24601
24730
24602
24731
24603
24732
24604
24733
24605
24734
24606
24735
24607
24736
24608
24737
24609
24738
24610
24739
24611
24740
24612
24741
24613
24742
24614
24743
24615
24744
24616
24745
24617
24746
24618
24747
24619
24748
24620
24749
24621
24750
24622
24751
24623
24752
24624
24753
24625
24754
24626
24755
24627
24756
24628
24757
24629
24758
24630
24759
24631
24760
24632
24761
24633
24762
24634
24763
24635
24764
24636
24765
24637
24766
24638
24767
24639
24768
24640
24769
24641
24770
24642
24771
24643
24772
24644
24773
24645
24774
24646
24775
24647
24776
24648
24777
24649
24778
24650
24779
24651
24780
24652
24781
24653
24782
24654
24783
24655
24784
24656
24785
24657
24786
24658
24787
24659
24788
24660
24789
24661
24790
24662
24791
24663
24792
24664
24793
24665
24794
24666
24795
24667
24796
24668
24797
24669
24798
24670
24799
24671
24800
24672
24801
24673
24802
24674
24803
24675
24804
24676
24805
24677
24806
24678
24807
24679
24808
24680
24809
24681
24810
24682
24811
24683
24812
24684
24813
24685
24814
24686
24815
24687
24816
24688
24817
24689
24818
24690
24819
24691
24820
24692
24821
24693
24822
24694
24823
24695
24824
24696
24825
24697
24826
24698
24827
24699
24828
24829
24701
24830
24702
24831
24703
24832
24704
24833
24705
24834
24706
24835
24707
24836
24708
24837
24709
24838
24710
24839
24711
24840
24712
24841
24713
24842
24714
24843
24715
24844
24716
24845
24717
24846
24718
24847
24719
24848
24720
24849
24721
24850
24722
24851
24723
24852
24724
24853
24725
24854
24726
24855
24727
24856
24728
24857
24729
24858
24730
24859
24731
24860
24732
24861
24733
24862
24734
24863
24735
24864
24736
24865
24737
24866
24738
24867
24739
24868
24740
24869
24741
24870
24742
24871
24743
24872
24744
24873
24745
24874
24746
24875
24747
24876
24748
24877
24749
24878
24750
24879
24751
24880
24752
24881
24753
24882
24754
24883
24755
24884
24756
24885
24757
24886
24758
24887
24759
24888
24760
24889
24761
24890
24762
24891
24763
24892
24764
24893
24765
24894
24766
24895
24767
24896
24768
24897
24769
24898
24770
24899
24771
24900
24772
24901
24773
24902
24774
24903
24775
24904
24776
24905
24777
24906
24778
24907
24779
24908
24780
24909
24781
24910
24782
24911
24783
24912
24784
24913
24785
24914
24786
24915
24787
24916
24788
24917
24789
24918
24790
24919
24791
24920
24792
24921
24793
24922
24794
24923
24795
24924
24796
24925
24797
24926
24798
24927
24799
24928
24800
24929
24801
24930
24802
24931
24803
24932
24804
24933
24805
24934
24806
24935
24807
24936
24808
24937
24809
24938
24810
24939
24811
24940
24812
24941
24813
24942
24814
24943
24815
24944
24816
24945
24817
24946
24818
24947
24819
24948
24820
24949
24821
24950
24822
24951
24823
24952
24824
24953
24825
24954
24826
24955
24827
24956
24828
24957
24829
24958
24959
24831
24960
24832
24961
24833
24962
24834
24963
24835
24964
24836
24965
24837
24966
24838
24967
24839
24968
24840
24969
24841
24970
24842
24971
24843
24972
24844
24973
24845
24974
24846
24975
24847
24976
24848
24977
24849
24978
24850
24979
24851
24980
24852
24981
24853
24982
24854
24983
24855
24984
24856
24985
24857
24986
24858
24987
24859
24988
24860
24989
24861
24990
24862
24991
24863
24992
24864
24993
24865
24994
24866
24995
24867
24996
24868
24997
24869
24998
24870
24999
24871
25000
24872
25001
24873
25002
24874
25003
24875
25004
24876
25005
24877
25006
24878
25007
24879
25008
24880
25009
24881
25010
24882
25011
24883
25012
24884
25013
24885
25014
24886
25015
24887
25016
24888
25017
24889
25018
24890
25019
24891
25020
24892
25021
24893
25022
24894
25023
24895
25024
24896
25025
24897
25026
24898
25027
24899
25028
24900
25029
24901
25030
24902
25031
24903
25032
24904
25033
24905
25034
24906
25035
24907
25036
24908
25037
24909
25038
24910
25039
24911
25040
24912
25041
24913
25042
24914
25043
24915
25044
24916
25045
24917
25046
24918
25047
24919
25048
24920
25049
24921
25050
24922
25051
24923
25052
24924
25053
24925
25054
24926
25055
24927
25056
24928
25057
24929
25058
24930
25059
24931
25060
24932
25061
24933
25062
24934
25063
24935
25064
24936
25065
24937
25066
24938
25067
24939
25068
24940
25069
24941
25070
24942
25071
24943
25072
24944
25073
24945
25074
24946
25075
24947
25076
24948
25077
24949
25078
24950
25079
24951
25080
24952
25081
24953
25082
24954
25083
24955
25084
24956
25085
24957
25086
24958
25087
24959
25088
25089
24961
25090
24962
25091
24963
25092
24964
25093
24965
25094
24966
25095
24967
25096
24968
25097
24969
25098
24970
25099
24971
25100
24972
25101
24973
25102
24974
25103
24975
25104
24976
25105
24977
25106
24978
25107
24979
25108
24980
25109
24981
25110
24982
25111
24983
25112
24984
25113
24985
25114
24986
25115
24987
25116
24988
25117
24989
25118
24990
25119
24991
25120
24992
25121
24993
25122
24994
25123
24995
25124
24996
25125
24997
25126
24998
25127
24999
25128
25000
25129
25001
25130
25002
25131
25003
25132
25004
25133
25005
25134
25006
25135
25007
25136
25008
25137
25009
25138
25010
25139
25011
25140
25012
25141
25013
25142
25014
25143
25015
25144
25016
25145
25017
25146
25018
25147
25019
25148
25020
25149
25021
25150
25022
25151
25023
25152
25024
25153
25025
25154
25026
25155
25027
25156
25028
25157
25029
25158
25030
25159
25031
25160
25032
25161
25033
25162
25034
25163
25035
25164
25036
25165
25037
25166
25038
25167
25039
25168
25040
25169
25041
25170
25042
25171
25043
25172
25044
25173
25045
25174
25046
25175
25047
25176
25048
25177
25049
25178
25050
25179
25051
25180
25052
25181
25053
25182
25054
25183
25055
25184
25056
25185
25057
25186
25058
25187
25059
25188
25060
25189
25061
25190
25062
25191
25063
25192
25064
25193
25065
25194
25066
25195
25067
25196
25068
25197
25069
25198
25070
25199
25071
25200
25072
25201
25073
25202
25074
25203
25075
25204
25076
25205
25077
25206
25078
25207
25079
25208
25080
25209
25081
25210
25082
25211
25083
25212
25084
25213
25085
25214
25086
25215
25087
25216
25088
25217
25089
25218
25219
25091
25220
25092
25221
25093
25222
25094
25223
25095
25224
25096
25225
25097
25226
25098
25227
25099
25228
25100
25229
25101
25230
25102
25231
25103
25232
25104
25233
25105
25234
25106
25235
25107
25236
25108
25237
25109
25238
25110
25239
25111
25240
25112
25241
25113
25242
25114
25243
25115
25244
25116
25245
25117
25246
25118
25247
25119
25248
25120
25249
25121
25250
25122
25251
25123
25252
25124
25253
25125
25254
25126
25255
25127
25256
25128
25257
25129
25258
25130
25259
25131
25260
25132
25261
25133
25262
25134
25263
25135
25264
25136
25265
25137
25266
25138
25267
25139
25268
25140
25269
25141
25270
25142
25271
25143
25272
25144
25273
25145
25274
25146
25275
25147
25276
25148
25277
25149
25278
25150
25279
25151
25280
25152
25281
25153
25282
25154
25283
25155
25284
25156
25285
25157
25286
25158
25287
25159
25288
25160
25289
25161
25290
25162
25291
25163
25292
25164
25293
25165
25294
25166
25295
25167
25296
25168
25297
25169
25298
25170
25299
25171
25300
25172
25301
25173
25302
25174
25303
25175
25304
25176
25305
25177
25306
25178
25307
25179
25308
25180
25309
25181
25310
25182
25311
25183
25312
25184
25313
25185
25314
25186
25315
25187
25316
25188
25317
25189
25318
25190
25319
25191
25320
25192
25321
25193
25322
25194
25323
25195
25324
25196
25325
25197
25326
25198
25327
25199
25328
25200
25329
25201
25330
25202
25331
25203
25332
25204
25333
25205
25334
25206
25335
25207
25336
25208
25337
25209
25338
25210
25339
25211
25340
25212
25341
25213
25342
25214
25343
25215
25344
25216
25345
25217
25346
25218
25347
25219
25348
25349
25221
25350
25222
25351
25223
25352
25224
25353
25225
25354
25226
25355
25227
25356
25228
25357
25229
25358
25230
25359
25231
25360
25232
25361
25233
25362
25234
25363
25235
25364
25236
25365
25237
25366
25238
25367
25239
25368
25240
25369
25241
25370
25242
25371
25243
25372
25244
25373
25245
25374
25246
25375
25247
25376
25248
25377
25249
25378
25250
25379
25251
25380
25252
25381
25253
25382
25254
25383
25255
25384
25256
25385
25257
25386
25258
25387
25259
25388
25260
25389
25261
25390
25262
25391
25263
25392
25264
25393
25265
25394
25266
25395
25267
25396
25268
25397
25269
25398
25270
25399
25271
25400
25272
25401
25273
25402
25274
25403
25275
25404
25276
25405
25277
25406
25278
25407
25279
25408
25280
25409
25281
25410
25282
25411
25283
25412
25284
25413
25285
25414
25286
25415
25287
25416
25288
25417
25289
25418
25290
25419
25291
25420
25292
25421
25293
25422
25294
25423
25295
25424
25296
25425
25297
25426
25298
25427
25299
25428
25300
25429
25301
25430
25302
25431
25303
25432
25304
25433
25305
25434
25306
25435
25307
25436
25308
25437
25309
25438
25310
25439
25311
25440
25312
25441
25313
25442
25314
25443
25315
25444
25316
25445
25317
25446
25318
25447
25319
25448
25320
25449
25321
25450
25322
25451
25323
25452
25324
25453
25325
25454
25326
25455
25327
25456
25328
25457
25329
25458
25330
25459
25331
25460
25332
25461
25333
25462
25334
25463
25335
25464
25336
25465
25337
25466
25338
25467
25339
25468
25340
25469
25341
25470
25342
25471
25343
25472
25344
25473
25345
25474
25346
25475
25347
25476
25348
25477
25349
25478
25479
25351
25480
25352
25481
25353
25482
25354
25483
25355
25484
25356
25485
25357
25486
25358
25487
25359
25488
25360
25489
25361
25490
25362
25491
25363
25492
25364
25493
25365
25494
25366
25495
25367
25496
25368
25497
25369
25498
25370
25499
25371
25500
25372
25501
25373
25502
25374
25503
25375
25504
25376
25505
25377
25506
25378
25507
25379
25508
25380
25509
25381
25510
25382
25511
25383
25512
25384
25513
25385
25514
25386
25515
25387
25516
25388
25517
25389
25518
25390
25519
25391
25520
25392
25521
25393
25522
25394
25523
25395
25524
25396
25525
25397
25526
25398
25527
25399
25528
25400
25529
25401
25530
25402
25531
25403
25532
25404
25533
25405
25534
25406
25535
25407
25536
25408
25537
25409
25538
25410
25539
25411
25540
25412
25541
25413
25542
25414
25543
25415
25544
25416
25545
25417
25546
25418
25547
25419
25548
25420
25549
25421
25550
25422
25551
25423
25552
25424
25553
25425
25554
25426
25555
25427
25556
25428
25557
25429
25558
25430
25559
25431
25560
25432
25561
25433
25562
25434
25563
25435
25564
25436
25565
25437
25566
25438
25567
25439
25568
25440
25569
25441
25570
25442
25571
25443
25572
25444
25573
25445
25574
25446
25575
25447
25576
25448
25577
25449
25578
25450
25579
25451
25580
25452
25581
25453
25582
25454
25583
25455
25584
25456
25585
25457
25586
25458
25587
25459
25588
25460
25589
25461
25590
25462
25591
25463
25592
25464
25593
25465
25594
25466
25595
25467
25596
25468
25597
25469
25598
25470
25599
25471
25600
25472
25601
25473
25602
25474
25603
25475
25604
25476
25605
25477
25606
25478
25607
25479
25608
25609
25481
25610
25482
25611
25483
25612
25484
25613
25485
25614
25486
25615
25487
25616
25488
25617
25489
25618
25490
25619
25491
25620
25492
25621
25493
25622
25494
25623
25495
25624
25496
25625
25497
25626
25498
25627
25499
25628
25500
25629
25501
25630
25502
25631
25503
25632
25504
25633
25505
25634
25506
25635
25507
25636
25508
25637
25509
25638
25510
25639
25511
25640
25512
25641
25513
25642
25514
25643
25515
25644
25516
25645
25517
25646
25518
25647
25519
25648
25520
25649
25521
25650
25522
25651
25523
25652
25524
25653
25525
25654
25526
25655
25527
25656
25528
25657
25529
25658
25530
25659
25531
25660
25532
25661
25533
25662
25534
25663
25535
25664
25536
25665
25537
25666
25538
25667
25539
25668
25540
25669
25541
25670
25542
25671
25543
25672
25544
25673
25545
25674
25546
25675
25547
25676
25548
25677
25549
25678
25550
25679
25551
25680
25552
25681
25553
25682
25554
25683
25555
25684
25556
25685
25557
25686
25558
25687
25559
25688
25560
25689
25561
25690
25562
25691
25563
25692
25564
25693
25565
25694
25566
25695
25567
25696
25568
25697
25569
25698
25570
25699
25571
25700
25572
25701
25573
25702
25574
25703
25575
25704
25576
25705
25577
25706
25578
25707
25579
25708
25580
25709
25581
25710
25582
25711
25583
25712
25584
25713
25585
25714
25586
25715
25587
25716
25588
25717
25589
25718
25590
25719
25591
25720
25592
25721
25593
25722
25594
25723
25595
25724
25596
25725
25597
25726
25598
25727
25599
25728
25600
25729
25601
25730
25602
25731
25603
25732
25604
25733
25605
25734
25606
25735
25607
25736
25608
25737
25609
25738
25739
25611
25740
25612
25741
25613
25742
25614
25743
25615
25744
25616
25745
25617
25746
25618
25747
25619
25748
25620
25749
25621
25750
25622
25751
25623
25752
25624
25753
25625
25754
25626
25755
25627
25756
25628
25757
25629
25758
25630
25759
25631
25760
25632
25761
25633
25762
25634
25763
25635
25764
25636
25765
25637
25766
25638
25767
25639
25768
25640
25769
25641
25770
25642
25771
25643
25772
25644
25773
25645
25774
25646
25775
25647
25776
25648
25777
25649
25778
25650
25779
25651
25780
25652
25781
25653
25782
25654
25783
25655
25784
25656
25785
25657
25786
25658
25787
25659
25788
25660
25789
25661
25790
25662
25791
25663
25792
25664
25793
25665
25794
25666
25795
25667
25796
25668
25797
25669
25798
25670
25799
25671
25800
25672
25801
25673
25802
25674
25803
25675
25804
25676
25805
25677
25806
25678
25807
25679
25808
25680
25809
25681
25810
25682
25811
25683
25812
25684
25813
25685
25814
25686
25815
25687
25816
25688
25817
25689
25818
25690
25819
25691
25820
25692
25821
25693
25822
25694
25823
25695
25824
25696
25825
25697
25826
25698
25827
25699
25828
25700
25829
25701
25830
25702
25831
25703
25832
25704
25833
25705
25834
25706
25835
25707
25836
25708
25837
25709
25838
25710
25839
25711
25840
25712
25841
25713
25842
25714
25843
25715
25844
25716
25845
25717
25846
25718
25847
25719
25848
25720
25849
25721
25850
25722
25851
25723
25852
25724
25853
25725
25854
25726
25855
25727
25856
25728
25857
25729
25858
25730
25859
25731
25860
25732
25861
25733
25862
25734
25863
25735
25864
25736
25865
25737
25866
25738
25867
25739
25868
25869
25741
25870
25742
25871
25743
25872
25744
25873
25745
25874
25746
25875
25747
25876
25748
25877
25749
25878
25750
25879
25751
25880
25752
25881
25753
25882
25754
25883
25755
25884
25756
25885
25757
25886
25758
25887
25759
25888
25760
25889
25761
25890
25762
25891
25763
25892
25764
25893
25765
25894
25766
25895
25767
25896
25768
25897
25769
25898
25770
25899
25771
25900
25772
25901
25773
25902
25774
25903
25775
25904
25776
25905
25777
25906
25778
25907
25779
25908
25780
25909
25781
25910
25782
25911
25783
25912
25784
25913
25785
25914
25786
25915
25787
25916
25788
25917
25789
25918
25790
25919
25791
25920
25792
25921
25793
25922
25794
25923
25795
25924
25796
25925
25797
25926
25798
25927
25799
25928
25800
25929
25801
25930
25802
25931
25803
25932
25804
25933
25805
25934
25806
25935
25807
25936
25808
25937
25809
25938
25810
25939
25811
25940
25812
25941
25813
25942
25814
25943
25815
25944
25816
25945
25817
25946
25818
25947
25819
25948
25820
25949
25821
25950
25822
25951
25823
25952
25824
25953
25825
25954
25826
25955
25827
25956
25828
25957
25829
25958
25830
25959
25831
25960
25832
25961
25833
25962
25834
25963
25835
25964
25836
25965
25837
25966
25838
25967
25839
25968
25840
25969
25841
25970
25842
25971
25843
25972
25844
25973
25845
25974
25846
25975
25847
25976
25848
25977
25849
25978
25850
25979
25851
25980
25852
25981
25853
25982
25854
25983
25855
25984
25856
25985
25857
25986
25858
25987
25859
25988
25860
25989
25861
25990
25862
25991
25863
25992
25864
25993
25865
25994
25866
25995
25867
25996
25868
25997
25869
25998
25999
25871
26000
25872
26001
25873
26002
25874
26003
25875
26004
25876
26005
25877
26006
25878
26007
25879
26008
25880
26009
25881
26010
25882
26011
25883
26012
25884
26013
25885
26014
25886
26015
25887
26016
25888
26017
25889
26018
25890
26019
25891
26020
25892
26021
25893
26022
25894
26023
25895
26024
25896
26025
25897
26026
25898
26027
25899
26028
25900
26029
25901
26030
25902
26031
25903
26032
25904
26033
25905
26034
25906
26035
25907
26036
25908
26037
25909
26038
25910
26039
25911
26040
25912
26041
25913
26042
25914
26043
25915
26044
25916
26045
25917
26046
25918
26047
25919
26048
25920
26049
25921
26050
25922
26051
25923
26052
25924
26053
25925
26054
25926
26055
25927
26056
25928
26057
25929
26058
25930
26059
25931
26060
25932
26061
25933
26062
25934
26063
25935
26064
25936
26065
25937
26066
25938
26067
25939
26068
25940
26069
25941
26070
25942
26071
25943
26072
25944
26073
25945
26074
25946
26075
25947
26076
25948
26077
25949
26078
25950
26079
25951
26080
25952
26081
25953
26082
25954
26083
25955
26084
25956
26085
25957
26086
25958
26087
25959
26088
25960
26089
25961
26090
25962
26091
25963
26092
25964
26093
25965
26094
25966
26095
25967
26096
25968
26097
25969
26098
25970
26099
25971
26100
25972
26101
25973
26102
25974
26103
25975
26104
25976
26105
25977
26106
25978
26107
25979
26108
25980
26109
25981
26110
25982
26111
25983
26112
25984
26113
25985
26114
25986
26115
25987
26116
25988
26117
25989
26118
25990
26119
25991
26120
25992
26121
25993
26122
25994
26123
25995
26124
25996
26125
25997
26126
25998
26127
25999
26128
26129
26001
26130
26002
26131
26003
26132
26004
26133
26005
26134
26006
26135
26007
26136
26008
26137
26009
26138
26010
26139
26011
26140
26012
26141
26013
26142
26014
26143
26015
26144
26016
26145
26017
26146
26018
26147
26019
26148
26020
26149
26021
26150
26022
26151
26023
26152
26024
26153
26025
26154
26026
26155
26027
26156
26028
26157
26029
26158
26030
26159
26031
26160
26032
26161
26033
26162
26034
26163
26035
26164
26036
26165
26037
26166
26038
26167
26039
26168
26040
26169
26041
26170
26042
26171
26043
26172
26044
26173
26045
26174
26046
26175
26047
26176
26048
26177
26049
26178
26050
26179
26051
26180
26052
26181
26053
26182
26054
26183
26055
26184
26056
26185
26057
26186
26058
26187
26059
26188
26060
26189
26061
26190
26062
26191
26063
26192
26064
26193
26065
26194
26066
26195
26067
26196
26068
26197
26069
26198
26070
26199
26071
26200
26072
26201
26073
26202
26074
26203
26075
26204
26076
26205
26077
26206
26078
26207
26079
26208
26080
26209
26081
26210
26082
26211
26083
26212
26084
26213
26085
26214
26086
26215
26087
26216
26088
26217
26089
26218
26090
26219
26091
26220
26092
26221
26093
26222
26094
26223
26095
26224
26096
26225
26097
26226
26098
26227
26099
26228
26100
26229
26101
26230
26102
26231
26103
26232
26104
26233
26105
26234
26106
26235
26107
26236
26108
26237
26109
26238
26110
26239
26111
26240
26112
26241
26113
26242
26114
26243
26115
26244
26116
26245
26117
26246
26118
26247
26119
26248
26120
26249
26121
26250
26122
26251
26123
26252
26124
26253
26125
26254
26126
26255
26127
26256
26128
26257
26129
26258
26259
26131
26260
26132
26261
26133
26262
26134
26263
26135
26264
26136
26265
26137
26266
26138
26267
26139
26268
26140
26269
26141
26270
26142
26271
26143
26272
26144
26273
26145
26274
26146
26275
26147
26276
26148
26277
26149
26278
26150
26279
26151
26280
26152
26281
26153
26282
26154
26283
26155
26284
26156
26285
26157
26286
26158
26287
26159
26288
26160
26289
26161
26290
26162
26291
26163
26292
26164
26293
26165
26294
26166
26295
26167
26296
26168
26297
26169
26298
26170
26299
26171
26300
26172
26301
26173
26302
26174
26303
26175
26304
26176
26305
26177
26306
26178
26307
26179
26308
26180
26309
26181
26310
26182
26311
26183
26312
26184
26313
26185
26314
26186
26315
26187
26316
26188
26317
26189
26318
26190
26319
26191
26320
26192
26321
26193
26322
26194
26323
26195
26324
26196
26325
26197
26326
26198
26327
26199
26328
26200
26329
26201
26330
26202
26331
26203
26332
26204
26333
26205
26334
26206
26335
26207
26336
26208
26337
26209
26338
26210
26339
26211
26340
26212
26341
26213
26342
26214
26343
26215
26344
26216
26345
26217
26346
26218
26347
26219
26348
26220
26349
26221
26350
26222
26351
26223
26352
26224
26353
26225
26354
26226
26355
26227
26356
26228
26357
26229
26358
26230
26359
26231
26360
26232
26361
26233
26362
26234
26363
26235
26364
26236
26365
26237
26366
26238
26367
26239
26368
26240
26369
26241
26370
26242
26371
26243
26372
26244
26373
26245
26374
26246
26375
26247
26376
26248
26377
26249
26378
26250
26379
26251
26380
26252
26381
26253
26382
26254
26383
26255
26384
26256
26385
26257
26386
26258
26387
26259
26388
26389
26261
26390
26262
26391
26263
26392
26264
26393
26265
26394
26266
26395
26267
26396
26268
26397
26269
26398
26270
26399
26271
26400
26272
26401
26273
26402
26274
26403
26275
26404
26276
26405
26277
26406
26278
26407
26279
26408
26280
26409
26281
26410
26282
26411
26283
26412
26284
26413
26285
26414
26286
26415
26287
26416
26288
26417
26289
26418
26290
26419
26291
26420
26292
26421
26293
26422
26294
26423
26295
26424
26296
26425
26297
26426
26298
26427
26299
26428
26300
26429
26301
26430
26302
26431
26303
26432
26304
26433
26305
26434
26306
26435
26307
26436
26308
26437
26309
26438
26310
26439
26311
26440
26312
26441
26313
26442
26314
26443
26315
26444
26316
26445
26317
26446
26318
26447
26319
26448
26320
26449
26321
26450
26322
26451
26323
26452
26324
26453
26325
26454
26326
26455
26327
26456
26328
26457
26329
26458
26330
26459
26331
26460
26332
26461
26333
26462
26334
26463
26335
26464
26336
26465
26337
26466
26338
26467
26339
26468
26340
26469
26341
26470
26342
26471
26343
26472
26344
26473
26345
26474
26346
26475
26347
26476
26348
26477
26349
26478
26350
26479
26351
26480
26352
26481
26353
26482
26354
26483
26355
26484
26356
26485
26357
26486
26358
26487
26359
26488
26360
26489
26361
26490
26362
26491
26363
26492
26364
26493
26365
26494
26366
26495
26367
26496
26368
26497
26369
26498
26370
26499
26371
26500
26372
26501
26373
26502
26374
26503
26375
26504
26376
26505
26377
26506
26378
26507
26379
26508
26380
26509
26381
26510
26382
26511
26383
26512
26384
26513
26385
26514
26386
26515
26387
26516
26388
26517
26389
26518
26519
26391
26520
26392
26521
26393
26522
26394
26523
26395
26524
26396
26525
26397
26526
26398
26527
26399
26528
26400
26529
26401
26530
26402
26531
26403
26532
26404
26533
26405
26534
26406
26535
26407
26536
26408
26537
26409
26538
26410
26539
26411
26540
26412
26541
26413
26542
26414
26543
26415
26544
26416
26545
26417
26546
26418
26547
26419
26548
26420
26549
26421
26550
26422
26551
26423
26552
26424
26553
26425
26554
26426
26555
26427
26556
26428
26557
26429
26558
26430
26559
26431
26560
26432
26561
26433
26562
26434
26563
26435
26564
26436
26565
26437
26566
26438
26567
26439
26568
26440
26569
26441
26570
26442
26571
26443
26572
26444
26573
26445
26574
26446
26575
26447
26576
26448
26577
26449
26578
26450
26579
26451
26580
26452
26581
26453
26582
26454
26583
26455
26584
26456
26585
26457
26586
26458
26587
26459
26588
26460
26589
26461
26590
26462
26591
26463
26592
26464
26593
26465
26594
26466
26595
26467
26596
26468
26597
26469
26598
26470
26599
26471
26600
26472
26601
26473
26602
26474
26603
26475
26604
26476
26605
26477
26606
26478
26607
26479
26608
26480
26609
26481
26610
26482
26611
26483
26612
26484
26613
26485
26614
26486
26615
26487
26616
26488
26617
26489
26618
26490
26619
26491
26620
26492
26621
26493
26622
26494
26623
26495
26624
26496
26625
26497
26626
26498
26627
26499
26628
26500
26629
26501
26630
26502
26631
26503
26632
26504
26633
26505
26634
26506
26635
26507
26636
26508
26637
26509
26638
26510
26639
26511
26640
26512
26641
26513
26642
26514
26643
26515
26644
26516
26645
26517
26646
26518
26647
26519
26648
26649
26521
26650
26522
26651
26523
26652
26524
26653
26525
26654
26526
26655
26527
26656
26528
26657
26529
26658
26530
26659
26531
26660
26532
26661
26533
26662
26534
26663
26535
26664
26536
26665
26537
26666
26538
26667
26539
26668
26540
26669
26541
26670
26542
26671
26543
26672
26544
26673
26545
26674
26546
26675
26547
26676
26548
26677
26549
26678
26550
26679
26551
26680
26552
26681
26553
26682
26554
26683
26555
26684
26556
26685
26557
26686
26558
26687
26559
26688
26560
26689
26561
26690
26562
26691
26563
26692
26564
26693
26565
26694
26566
26695
26567
26696
26568
26697
26569
26698
26570
26699
26571
26700
26572
26701
26573
26702
26574
26703
26575
26704
26576
26705
26577
26706
26578
26707
26579
26708
26580
26709
26581
26710
26582
26711
26583
26712
26584
26713
26585
26714
26586
26715
26587
26716
26588
26717
26589
26718
26590
26719
26591
26720
26592
26721
26593
26722
26594
26723
26595
26724
26596
26725
26597
26726
26598
26727
26599
26728
26600
26729
26601
26730
26602
26731
26603
26732
26604
26733
26605
26734
26606
26735
26607
26736
26608
26737
26609
26738
26610
26739
26611
26740
26612
26741
26613
26742
26614
26743
26615
26744
26616
26745
26617
26746
26618
26747
26619
26748
26620
26749
26621
26750
26622
26751
26623
26752
26624
26753
26625
26754
26626
26755
26627
26756
26628
26757
26629
26758
26630
26759
26631
26760
26632
26761
26633
26762
26634
26763
26635
26764
26636
26765
26637
26766
26638
26767
26639
26768
26640
26769
26641
26770
26642
26771
26643
26772
26644
26773
26645
26774
26646
26775
26647
26776
26648
26777
26649
26778
26779
26651
26780
26652
26781
26653
26782
26654
26783
26655
26784
26656
26785
26657
26786
26658
26787
26659
26788
26660
26789
26661
26790
26662
26791
26663
26792
26664
26793
26665
26794
26666
26795
26667
26796
26668
26797
26669
26798
26670
26799
26671
26800
26672
26801
26673
26802
26674
26803
26675
26804
26676
26805
26677
26806
26678
26807
26679
26808
26680
26809
26681
26810
26682
26811
26683
26812
26684
26813
26685
26814
26686
26815
26687
26816
26688
26817
26689
26818
26690
26819
26691
26820
26692
26821
26693
26822
26694
26823
26695
26824
26696
26825
26697
26826
26698
26827
26699
26828
26700
26829
26701
26830
26702
26831
26703
26832
26704
26833
26705
26834
26706
26835
26707
26836
26708
26837
26709
26838
26710
26839
26711
26840
26712
26841
26713
26842
26714
26843
26715
26844
26716
26845
26717
26846
26718
26847
26719
26848
26720
26849
26721
26850
26722
26851
26723
26852
26724
26853
26725
26854
26726
26855
26727
26856
26728
26857
26729
26858
26730
26859
26731
26860
26732
26861
26733
26862
26734
26863
26735
26864
26736
26865
26737
26866
26738
26867
26739
26868
26740
26869
26741
26870
26742
26871
26743
26872
26744
26873
26745
26874
26746
26875
26747
26876
26748
26877
26749
26878
26750
26879
26751
26880
26752
26881
26753
26882
26754
26883
26755
26884
26756
26885
26757
26886
26758
26887
26759
26888
26760
26889
26761
26890
26762
26891
26763
26892
26764
26893
26765
26894
26766
26895
26767
26896
26768
26897
26769
26898
26770
26899
26771
26900
26772
26901
26773
26902
26774
26903
26775
26904
26776
26905
26777
26906
26778
26907
26779
26908
26909
26781
26910
26782
26911
26783
26912
26784
26913
26785
26914
26786
26915
26787
26916
26788
26917
26789
26918
26790
26919
26791
26920
26792
26921
26793
26922
26794
26923
26795
26924
26796
26925
26797
26926
26798
26927
26799
26928
26800
26929
26801
26930
26802
26931
26803
26932
26804
26933
26805
26934
26806
26935
26807
26936
26808
26937
26809
26938
26810
26939
26811
26940
26812
26941
26813
26942
26814
26943
26815
26944
26816
26945
26817
26946
26818
26947
26819
26948
26820
26949
26821
26950
26822
26951
26823
26952
26824
26953
26825
26954
26826
26955
26827
26956
26828
26957
26829
26958
26830
26959
26831
26960
26832
26961
26833
26962
26834
26963
26835
26964
26836
26965
26837
26966
26838
26967
26839
26968
26840
26969
26841
26970
26842
26971
26843
26972
26844
26973
26845
26974
26846
26975
26847
26976
26848
26977
26849
26978
26850
26979
26851
26980
26852
26981
26853
26982
26854
26983
26855
26984
26856
26985
26857
26986
26858
26987
26859
26988
26860
26989
26861
26990
26862
26991
26863
26992
26864
26993
26865
26994
26866
26995
26867
26996
26868
26997
26869
26998
26870
26999
26871
27000
26872
27001
26873
27002
26874
27003
26875
27004
26876
27005
26877
27006
26878
27007
26879
27008
26880
27009
26881
27010
26882
27011
26883
27012
26884
27013
26885
27014
26886
27015
26887
27016
26888
27017
26889
27018
26890
27019
26891
27020
26892
27021
26893
27022
26894
27023
26895
27024
26896
27025
26897
27026
26898
27027
26899
27028
26900
27029
26901
27030
26902
27031
26903
27032
26904
27033
26905
27034
26906
27035
26907
27036
26908
27037
26909
27038
27039
26911
27040
26912
27041
26913
27042
26914
27043
26915
27044
26916
27045
26917
27046
26918
27047
26919
27048
26920
27049
26921
27050
26922
27051
26923
27052
26924
27053
26925
27054
26926
27055
26927
27056
26928
27057
26929
27058
26930
27059
26931
27060
26932
27061
26933
27062
26934
27063
26935
27064
26936
27065
26937
27066
26938
27067
26939
27068
26940
27069
26941
27070
26942
27071
26943
27072
26944
27073
26945
27074
26946
27075
26947
27076
26948
27077
26949
27078
26950
27079
26951
27080
26952
27081
26953
27082
26954
27083
26955
27084
26956
27085
26957
27086
26958
27087
26959
27088
26960
27089
26961
27090
26962
27091
26963
27092
26964
27093
26965
27094
26966
27095
26967
27096
26968
27097
26969
27098
26970
27099
26971
27100
26972
27101
26973
27102
26974
27103
26975
27104
26976
27105
26977
27106
26978
27107
26979
27108
26980
27109
26981
27110
26982
27111
26983
27112
26984
27113
26985
27114
26986
27115
26987
27116
26988
27117
26989
27118
26990
27119
26991
27120
26992
27121
26993
27122
26994
27123
26995
27124
26996
27125
26997
27126
26998
27127
26999
27128
27000
27129
27001
27130
27002
27131
27003
27132
27004
27133
27005
27134
27006
27135
27007
27136
27008
27137
27009
27138
27010
27139
27011
27140
27012
27141
27013
27142
27014
27143
27015
27144
27016
27145
27017
27146
27018
27147
27019
27148
27020
27149
27021
27150
27022
27151
27023
27152
27024
27153
27025
27154
27026
27155
27027
27156
27028
27157
27029
27158
27030
27159
27031
27160
27032
27161
27033
27162
27034
27163
27035
27164
27036
27165
27037
27166
27038
27167
27039
27168
27169
27041
27170
27042
27171
27043
27172
27044
27173
27045
27174
27046
27175
27047
27176
27048
27177
27049
27178
27050
27179
27051
27180
27052
27181
27053
27182
27054
27183
27055
27184
27056
27185
27057
27186
27058
27187
27059
27188
27060
27189
27061
27190
27062
27191
27063
27192
27064
27193
27065
27194
27066
27195
27067
27196
27068
27197
27069
27198
27070
27199
27071
27200
27072
27201
27073
27202
27074
27203
27075
27204
27076
27205
27077
27206
27078
27207
27079
27208
27080
27209
27081
27210
27082
27211
27083
27212
27084
27213
27085
27214
27086
27215
27087
27216
27088
27217
27089
27218
27090
27219
27091
27220
27092
27221
27093
27222
27094
27223
27095
27224
27096
27225
27097
27226
27098
27227
27099
27228
27100
27229
27101
27230
27102
27231
27103
27232
27104
27233
27105
27234
27106
27235
27107
27236
27108
27237
27109
27238
27110
27239
27111
27240
27112
27241
27113
27242
27114
27243
27115
27244
27116
27245
27117
27246
27118
27247
27119
27248
27120
27249
27121
27250
27122
27251
27123
27252
27124
27253
27125
27254
27126
27255
27127
27256
27128
27257
27129
27258
27130
27259
27131
27260
27132
27261
27133
27262
27134
27263
27135
27264
27136
27265
27137
27266
27138
27267
27139
27268
27140
27269
27141
27270
27142
27271
27143
27272
27144
27273
27145
27274
27146
27275
27147
27276
27148
27277
27149
27278
27150
27279
27151
27280
27152
27281
27153
27282
27154
27283
27155
27284
27156
27285
27157
27286
27158
27287
27159
27288
27160
27289
27161
27290
27162
27291
27163
27292
27164
27293
27165
27294
27166
27295
27167
27296
27168
27297
27169
27298
27299
27171
27300
27172
27301
27173
27302
27174
27303
27175
27304
27176
27305
27177
27306
27178
27307
27179
27308
27180
27309
27181
27310
27182
27311
27183
27312
27184
27313
27185
27314
27186
27315
27187
27316
27188
27317
27189
27318
27190
27319
27191
27320
27192
27321
27193
27322
27194
27323
27195
27324
27196
27325
27197
27326
27198
27327
27199
27328
27200
27329
27201
27330
27202
27331
27203
27332
27204
27333
27205
27334
27206
27335
27207
27336
27208
27337
27209
27338
27210
27339
27211
27340
27212
27341
27213
27342
27214
27343
27215
27344
27216
27345
27217
27346
27218
27347
27219
27348
27220
27349
27221
27350
27222
27351
27223
27352
27224
27353
27225
27354
27226
27355
27227
27356
27228
27357
27229
27358
27230
27359
27231
27360
27232
27361
27233
27362
27234
27363
27235
27364
27236
27365
27237
27366
27238
27367
27239
27368
27240
27369
27241
27370
27242
27371
27243
27372
27244
27373
27245
27374
27246
27375
27247
27376
27248
27377
27249
27378
27250
27379
27251
27380
27252
27381
27253
27382
27254
27383
27255
27384
27256
27385
27257
27386
27258
27387
27259
27388
27260
27389
27261
27390
27262
27391
27263
27392
27264
27393
27265
27394
27266
27395
27267
27396
27268
27397
27269
27398
27270
27399
27271
27400
27272
27401
27273
27402
27274
27403
27275
27404
27276
27405
27277
27406
27278
27407
27279
27408
27280
27409
27281
27410
27282
27411
27283
27412
27284
27413
27285
27414
27286
27415
27287
27416
27288
27417
27289
27418
27290
27419
27291
27420
27292
27421
27293
27422
27294
27423
27295
27424
27296
27425
27297
27426
27298
27427
27299
27428
27429
27301
27430
27302
27431
27303
27432
27304
27433
27305
27434
27306
27435
27307
27436
27308
27437
27309
27438
27310
27439
27311
27440
27312
27441
27313
27442
27314
27443
27315
27444
27316
27445
27317
27446
27318
27447
27319
27448
27320
27449
27321
27450
27322
27451
27323
27452
27324
27453
27325
27454
27326
27455
27327
27456
27328
27457
27329
27458
27330
27459
27331
27460
27332
27461
27333
27462
27334
27463
27335
27464
27336
27465
27337
27466
27338
27467
27339
27468
27340
27469
27341
27470
27342
27471
27343
27472
27344
27473
27345
27474
27346
27475
27347
27476
27348
27477
27349
27478
27350
27479
27351
27480
27352
27481
27353
27482
27354
27483
27355
27484
27356
27485
27357
27486
27358
27487
27359
27488
27360
27489
27361
27490
27362
27491
27363
27492
27364
27493
27365
27494
27366
27495
27367
27496
27368
27497
27369
27498
27370
27499
27371
27500
27372
27501
27373
27502
27374
27503
27375
27504
27376
27505
27377
27506
27378
27507
27379
27508
27380
27509
27381
27510
27382
27511
27383
27512
27384
27513
27385
27514
27386
27515
27387
27516
27388
27517
27389
27518
27390
27519
27391
27520
27392
27521
27393
27522
27394
27523
27395
27524
27396
27525
27397
27526
27398
27527
27399
27528
27400
27529
27401
27530
27402
27531
27403
27532
27404
27533
27405
27534
27406
27535
27407
27536
27408
27537
27409
27538
27410
27539
27411
27540
27412
27541
27413
27542
27414
27543
27415
27544
27416
27545
27417
27546
27418
27547
27419
27548
27420
27549
27421
27550
27422
27551
27423
27552
27424
27553
27425
27554
27426
27555
27427
27556
27428
27557
27429
27558
27559
27431
27560
27432
27561
27433
27562
27434
27563
27435
27564
27436
27565
27437
27566
27438
27567
27439
27568
27440
27569
27441
27570
27442
27571
27443
27572
27444
27573
27445
27574
27446
27575
27447
27576
27448
27577
27449
27578
27450
27579
27451
27580
27452
27581
27453
27582
27454
27583
27455
27584
27456
27585
27457
27586
27458
27587
27459
27588
27460
27589
27461
27590
27462
27591
27463
27592
27464
27593
27465
27594
27466
27595
27467
27596
27468
27597
27469
27598
27470
27599
27471
27600
27472
27601
27473
27602
27474
27603
27475
27604
27476
27605
27477
27606
27478
27607
27479
27608
27480
27609
27481
27610
27482
27611
27483
27612
27484
27613
27485
27614
27486
27615
27487
27616
27488
27617
27489
27618
27490
27619
27491
27620
27492
27621
27493
27622
27494
27623
27495
27624
27496
27625
27497
27626
27498
27627
27499
27628
27500
27629
27501
27630
27502
27631
27503
27632
27504
27633
27505
27634
27506
27635
27507
27636
27508
27637
27509
27638
27510
27639
27511
27640
27512
27641
27513
27642
27514
27643
27515
27644
27516
27645
27517
27646
27518
27647
27519
27648
27520
27649
27521
27650
27522
27651
27523
27652
27524
27653
27525
27654
27526
27655
27527
27656
27528
27657
27529
27658
27530
27659
27531
27660
27532
27661
27533
27662
27534
27663
27535
27664
27536
27665
27537
27666
27538
27667
27539
27668
27540
27669
27541
27670
27542
27671
27543
27672
27544
27673
27545
27674
27546
27675
27547
27676
27548
27677
27549
27678
27550
27679
27551
27680
27552
27681
27553
27682
27554
27683
27555
27684
27556
27685
27557
27686
27558
27687
27559
27688
27689
27561
27690
27562
27691
27563
27692
27564
27693
27565
27694
27566
27695
27567
27696
27568
27697
27569
27698
27570
27699
27571
27700
27572
27701
27573
27702
27574
27703
27575
27704
27576
27705
27577
27706
27578
27707
27579
27708
27580
27709
27581
27710
27582
27711
27583
27712
27584
27713
27585
27714
27586
27715
27587
27716
27588
27717
27589
27718
27590
27719
27591
27720
27592
27721
27593
27722
27594
27723
27595
27724
27596
27725
27597
27726
27598
27727
27599
27728
27600
27729
27601
27730
27602
27731
27603
27732
27604
27733
27605
27734
27606
27735
27607
27736
27608
27737
27609
27738
27610
27739
27611
27740
27612
27741
27613
27742
27614
27743
27615
27744
27616
27745
27617
27746
27618
27747
27619
27748
27620
27749
27621
27750
27622
27751
27623
27752
27624
27753
27625
27754
27626
27755
27627
27756
27628
27757
27629
27758
27630
27759
27631
27760
27632
27761
27633
27762
27634
27763
27635
27764
27636
27765
27637
27766
27638
27767
27639
27768
27640
27769
27641
27770
27642
27771
27643
27772
27644
27773
27645
27774
27646
27775
27647
27776
27648
27777
27649
27778
27650
27779
27651
27780
27652
27781
27653
27782
27654
27783
27655
27784
27656
27785
27657
27786
27658
27787
27659
27788
27660
27789
27661
27790
27662
27791
27663
27792
27664
27793
27665
27794
27666
27795
27667
27796
27668
27797
27669
27798
27670
27799
27671
27800
27672
27801
27673
27802
27674
27803
27675
27804
27676
27805
27677
27806
27678
27807
27679
27808
27680
27809
27681
27810
27682
27811
27683
27812
27684
27813
27685
27814
27686
27815
27687
27816
27688
27817
27689
27818
27819
27691
27820
27692
27821
27693
27822
27694
27823
27695
27824
27696
27825
27697
27826
27698
27827
27699
27828
27700
27829
27701
27830
27702
27831
27703
27832
27704
27833
27705
27834
27706
27835
27707
27836
27708
27837
27709
27838
27710
27839
27711
27840
27712
27841
27713
27842
27714
27843
27715
27844
27716
27845
27717
27846
27718
27847
27719
27848
27720
27849
27721
27850
27722
27851
27723
27852
27724
27853
27725
27854
27726
27855
27727
27856
27728
27857
27729
27858
27730
27859
27731
27860
27732
27861
27733
27862
27734
27863
27735
27864
27736
27865
27737
27866
27738
27867
27739
27868
27740
27869
27741
27870
27742
27871
27743
27872
27744
27873
27745
27874
27746
27875
27747
27876
27748
27877
27749
27878
27750
27879
27751
27880
27752
27881
27753
27882
27754
27883
27755
27884
27756
27885
27757
27886
27758
27887
27759
27888
27760
27889
27761
27890
27762
27891
27763
27892
27764
27893
27765
27894
27766
27895
27767
27896
27768
27897
27769
27898
27770
27899
27771
27900
27772
27901
27773
27902
27774
27903
27775
27904
27776
27905
27777
27906
27778
27907
27779
27908
27780
27909
27781
27910
27782
27911
27783
27912
27784
27913
27785
27914
27786
27915
27787
27916
27788
27917
27789
27918
27790
27919
27791
27920
27792
27921
27793
27922
27794
27923
27795
27924
27796
27925
27797
27926
27798
27927
27799
27928
27800
27929
27801
27930
27802
27931
27803
27932
27804
27933
27805
27934
27806
27935
27807
27936
27808
27937
27809
27938
27810
27939
27811
27940
27812
27941
27813
27942
27814
27943
27815
27944
27816
27945
27817
27946
27818
27947
27819
27948
27949
27821
27950
27822
27951
27823
27952
27824
27953
27825
27954
27826
27955
27827
27956
27828
27957
27829
27958
27830
27959
27831
27960
27832
27961
27833
27962
27834
27963
27835
27964
27836
27965
27837
27966
27838
27967
27839
27968
27840
27969
27841
27970
27842
27971
27843
27972
27844
27973
27845
27974
27846
27975
27847
27976
27848
27977
27849
27978
27850
27979
27851
27980
27852
27981
27853
27982
27854
27983
27855
27984
27856
27985
27857
27986
27858
27987
27859
27988
27860
27989
27861
27990
27862
27991
27863
27992
27864
27993
27865
27994
27866
27995
27867
27996
27868
27997
27869
27998
27870
27999
27871
28000
27872
28001
27873
28002
27874
28003
27875
28004
27876
28005
27877
28006
27878
28007
27879
28008
27880
28009
27881
28010
27882
28011
27883
28012
27884
28013
27885
28014
27886
28015
27887
28016
27888
28017
27889
28018
27890
28019
27891
28020
27892
28021
27893
28022
27894
28023
27895
28024
27896
28025
27897
28026
27898
28027
27899
28028
27900
28029
27901
28030
27902
28031
27903
28032
27904
28033
27905
28034
27906
28035
27907
28036
27908
28037
27909
28038
27910
28039
27911
28040
27912
28041
27913
28042
27914
28043
27915
28044
27916
28045
27917
28046
27918
28047
27919
28048
27920
28049
27921
28050
27922
28051
27923
28052
27924
28053
27925
28054
27926
28055
27927
28056
27928
28057
27929
28058
27930
28059
27931
28060
27932
28061
27933
28062
27934
28063
27935
28064
27936
28065
27937
28066
27938
28067
27939
28068
27940
28069
27941
28070
27942
28071
27943
28072
27944
28073
27945
28074
27946
28075
27947
28076
27948
28077
27949
28078
28079
27951
28080
27952
28081
27953
28082
27954
28083
27955
28084
27956
28085
27957
28086
27958
28087
27959
28088
27960
28089
27961
28090
27962
28091
27963
28092
27964
28093
27965
28094
27966
28095
27967
28096
27968
28097
27969
28098
27970
28099
27971
28100
27972
28101
27973
28102
27974
28103
27975
28104
27976
28105
27977
28106
27978
28107
27979
28108
27980
28109
27981
28110
27982
28111
27983
28112
27984
28113
27985
28114
27986
28115
27987
28116
27988
28117
27989
28118
27990
28119
27991
28120
27992
28121
27993
28122
27994
28123
27995
28124
27996
28125
27997
28126
27998
28127
27999
28128
28000
28129
28001
28130
28002
28131
28003
28132
28004
28133
28005
28134
28006
28135
28007
28136
28008
28137
28009
28138
28010
28139
28011
28140
28012
28141
28013
28142
28014
28143
28015
28144
28016
28145
28017
28146
28018
28147
28019
28148
28020
28149
28021
28150
28022
28151
28023
28152
28024
28153
28025
28154
28026
28155
28027
28156
28028
28157
28029
28158
28030
28159
28031
28160
28032
28161
28033
28162
28034
28163
28035
28164
28036
28165
28037
28166
28038
28167
28039
28168
28040
28169
28041
28170
28042
28171
28043
28172
28044
28173
28045
28174
28046
28175
28047
28176
28048
28177
28049
28178
28050
28179
28051
28180
28052
28181
28053
28182
28054
28183
28055
28184
28056
28185
28057
28186
28058
28187
28059
28188
28060
28189
28061
28190
28062
28191
28063
28192
28064
28193
28065
28194
28066
28195
28067
28196
28068
28197
28069
28198
28070
28199
28071
28200
28072
28201
28073
28202
28074
28203
28075
28204
28076
28205
28077
28206
28078
28207
28079
28208
28209
28081
28210
28082
28211
28083
28212
28084
28213
28085
28214
28086
28215
28087
28216
28088
28217
28089
28218
28090
28219
28091
28220
28092
28221
28093
28222
28094
28223
28095
28224
28096
28225
28097
28226
28098
28227
28099
28228
28100
28229
28101
28230
28102
28231
28103
28232
28104
28233
28105
28234
28106
28235
28107
28236
28108
28237
28109
28238
28110
28239
28111
28240
28112
28241
28113
28242
28114
28243
28115
28244
28116
28245
28117
28246
28118
28247
28119
28248
28120
28249
28121
28250
28122
28251
28123
28252
28124
28253
28125
28254
28126
28255
28127
28256
28128
28257
28129
28258
28130
28259
28131
28260
28132
28261
28133
28262
28134
28263
28135
28264
28136
28265
28137
28266
28138
28267
28139
28268
28140
28269
28141
28270
28142
28271
28143
28272
28144
28273
28145
28274
28146
28275
28147
28276
28148
28277
28149
28278
28150
28279
28151
28280
28152
28281
28153
28282
28154
28283
28155
28284
28156
28285
28157
28286
28158
28287
28159
28288
28160
28289
28161
28290
28162
28291
28163
28292
28164
28293
28165
28294
28166
28295
28167
28296
28168
28297
28169
28298
28170
28299
28171
28300
28172
28301
28173
28302
28174
28303
28175
28304
28176
28305
28177
28306
28178
28307
28179
28308
28180
28309
28181
28310
28182
28311
28183
28312
28184
28313
28185
28314
28186
28315
28187
28316
28188
28317
28189
28318
28190
28319
28191
28320
28192
28321
28193
28322
28194
28323
28195
28324
28196
28325
28197
28326
28198
28327
28199
28328
28200
28329
28201
28330
28202
28331
28203
28332
28204
28333
28205
28334
28206
28335
28207
28336
28208
28337
28209
28338
28339
28211
28340
28212
28341
28213
28342
28214
28343
28215
28344
28216
28345
28217
28346
28218
28347
28219
28348
28220
28349
28221
28350
28222
28351
28223
28352
28224
28353
28225
28354
28226
28355
28227
28356
28228
28357
28229
28358
28230
28359
28231
28360
28232
28361
28233
28362
28234
28363
28235
28364
28236
28365
28237
28366
28238
28367
28239
28368
28240
28369
28241
28370
28242
28371
28243
28372
28244
28373
28245
28374
28246
28375
28247
28376
28248
28377
28249
28378
28250
28379
28251
28380
28252
28381
28253
28382
28254
28383
28255
28384
28256
28385
28257
28386
28258
28387
28259
28388
28260
28389
28261
28390
28262
28391
28263
28392
28264
28393
28265
28394
28266
28395
28267
28396
28268
28397
28269
28398
28270
28399
28271
28400
28272
28401
28273
28402
28274
28403
28275
28404
28276
28405
28277
28406
28278
28407
28279
28408
28280
28409
28281
28410
28282
28411
28283
28412
28284
28413
28285
28414
28286
28415
28287
28416
28288
28417
28289
28418
28290
28419
28291
28420
28292
28421
28293
28422
28294
28423
28295
28424
28296
28425
28297
28426
28298
28427
28299
28428
28300
28429
28301
28430
28302
28431
28303
28432
28304
28433
28305
28434
28306
28435
28307
28436
28308
28437
28309
28438
28310
28439
28311
28440
28312
28441
28313
28442
28314
28443
28315
28444
28316
28445
28317
28446
28318
28447
28319
28448
28320
28449
28321
28450
28322
28451
28323
28452
28324
28453
28325
28454
28326
28455
28327
28456
28328
28457
28329
28458
28330
28459
28331
28460
28332
28461
28333
28462
28334
28463
28335
28464
28336
28465
28337
28466
28338
28467
28339
28468
28469
28341
28470
28342
28471
28343
28472
28344
28473
28345
28474
28346
28475
28347
28476
28348
28477
28349
28478
28350
28479
28351
28480
28352
28481
28353
28482
28354
28483
28355
28484
28356
28485
28357
28486
28358
28487
28359
28488
28360
28489
28361
28490
28362
28491
28363
28492
28364
28493
28365
28494
28366
28495
28367
28496
28368
28497
28369
28498
28370
28499
28371
28500
28372
28501
28373
28502
28374
28503
28375
28504
28376
28505
28377
28506
28378
28507
28379
28508
28380
28509
28381
28510
28382
28511
28383
28512
28384
28513
28385
28514
28386
28515
28387
28516
28388
28517
28389
28518
28390
28519
28391
28520
28392
28521
28393
28522
28394
28523
28395
28524
28396
28525
28397
28526
28398
28527
28399
28528
28400
28529
28401
28530
28402
28531
28403
28532
28404
28533
28405
28534
28406
28535
28407
28536
28408
28537
28409
28538
28410
28539
28411
28540
28412
28541
28413
28542
28414
28543
28415
28544
28416
28545
28417
28546
28418
28547
28419
28548
28420
28549
28421
28550
28422
28551
28423
28552
28424
28553
28425
28554
28426
28555
28427
28556
28428
28557
28429
28558
28430
28559
28431
28560
28432
28561
28433
28562
28434
28563
28435
28564
28436
28565
28437
28566
28438
28567
28439
28568
28440
28569
28441
28570
28442
28571
28443
28572
28444
28573
28445
28574
28446
28575
28447
28576
28448
28577
28449
28578
28450
28579
28451
28580
28452
28581
28453
28582
28454
28583
28455
28584
28456
28585
28457
28586
28458
28587
28459
28588
28460
28589
28461
28590
28462
28591
28463
28592
28464
28593
28465
28594
28466
28595
28467
28596
28468
28597
28469
28598
28599
28471
28600
28472
28601
28473
28602
28474
28603
28475
28604
28476
28605
28477
28606
28478
28607
28479
28608
28480
28609
28481
28610
28482
28611
28483
28612
28484
28613
28485
28614
28486
28615
28487
28616
28488
28617
28489
28618
28490
28619
28491
28620
28492
28621
28493
28622
28494
28623
28495
28624
28496
28625
28497
28626
28498
28627
28499
28628
28500
28629
28501
28630
28502
28631
28503
28632
28504
28633
28505
28634
28506
28635
28507
28636
28508
28637
28509
28638
28510
28639
28511
28640
28512
28641
28513
28642
28514
28643
28515
28644
28516
28645
28517
28646
28518
28647
28519
28648
28520
28649
28521
28650
28522
28651
28523
28652
28524
28653
28525
28654
28526
28655
28527
28656
28528
28657
28529
28658
28530
28659
28531
28660
28532
28661
28533
28662
28534
28663
28535
28664
28536
28665
28537
28666
28538
28667
28539
28668
28540
28669
28541
28670
28542
28671
28543
28672
28544
28673
28545
28674
28546
28675
28547
28676
28548
28677
28549
28678
28550
28679
28551
28680
28552
28681
28553
28682
28554
28683
28555
28684
28556
28685
28557
28686
28558
28687
28559
28688
28560
28689
28561
28690
28562
28691
28563
28692
28564
28693
28565
28694
28566
28695
28567
28696
28568
28697
28569
28698
28570
28699
28571
28700
28572
28701
28573
28702
28574
28703
28575
28704
28576
28705
28577
28706
28578
28707
28579
28708
28580
28709
28581
28710
28582
28711
28583
28712
28584
28713
28585
28714
28586
28715
28587
28716
28588
28717
28589
28718
28590
28719
28591
28720
28592
28721
28593
28722
28594
28723
28595
28724
28596
28725
28597
28726
28598
28727
28599
28728
28729
28601
28730
28602
28731
28603
28732
28604
28733
28605
28734
28606
28735
28607
28736
28608
28737
28609
28738
28610
28739
28611
28740
28612
28741
28613
28742
28614
28743
28615
28744
28616
28745
28617
28746
28618
28747
28619
28748
28620
28749
28621
28750
28622
28751
28623
28752
28624
28753
28625
28754
28626
28755
28627
28756
28628
28757
28629
28758
28630
28759
28631
28760
28632
28761
28633
28762
28634
28763
28635
28764
28636
28765
28637
28766
28638
28767
28639
28768
28640
28769
28641
28770
28642
28771
28643
28772
28644
28773
28645
28774
28646
28775
28647
28776
28648
28777
28649
28778
28650
28779
28651
28780
28652
28781
28653
28782
28654
28783
28655
28784
28656
28785
28657
28786
28658
28787
28659
28788
28660
28789
28661
28790
28662
28791
28663
28792
28664
28793
28665
28794
28666
28795
28667
28796
28668
28797
28669
28798
28670
28799
28671
28800
28672
28801
28673
28802
28674
28803
28675
28804
28676
28805
28677
28806
28678
28807
28679
28808
28680
28809
28681
28810
28682
28811
28683
28812
28684
28813
28685
28814
28686
28815
28687
28816
28688
28817
28689
28818
28690
28819
28691
28820
28692
28821
28693
28822
28694
28823
28695
28824
28696
28825
28697
28826
28698
28827
28699
28828
28700
28829
28701
28830
28702
28831
28703
28832
28704
28833
28705
28834
28706
28835
28707
28836
28708
28837
28709
28838
28710
28839
28711
28840
28712
28841
28713
28842
28714
28843
28715
28844
28716
28845
28717
28846
28718
28847
28719
28848
28720
28849
28721
28850
28722
28851
28723
28852
28724
28853
28725
28854
28726
28855
28727
28856
28728
28857
28729
28858
28859
28731
28860
28732
28861
28733
28862
28734
28863
28735
28864
28736
28865
28737
28866
28738
28867
28739
28868
28740
28869
28741
28870
28742
28871
28743
28872
28744
28873
28745
28874
28746
28875
28747
28876
28748
28877
28749
28878
28750
28879
28751
28880
28752
28881
28753
28882
28754
28883
28755
28884
28756
28885
28757
28886
28758
28887
28759
28888
28760
28889
28761
28890
28762
28891
28763
28892
28764
28893
28765
28894
28766
28895
28767
28896
28768
28897
28769
28898
28770
28899
28771
28900
28772
28901
28773
28902
28774
28903
28775
28904
28776
28905
28777
28906
28778
28907
28779
28908
28780
28909
28781
28910
28782
28911
28783
28912
28784
28913
28785
28914
28786
28915
28787
28916
28788
28917
28789
28918
28790
28919
28791
28920
28792
28921
28793
28922
28794
28923
28795
28924
28796
28925
28797
28926
28798
28927
28799
28928
28800
28929
28801
28930
28802
28931
28803
28932
28804
28933
28805
28934
28806
28935
28807
28936
28808
28937
28809
28938
28810
28939
28811
28940
28812
28941
28813
28942
28814
28943
28815
28944
28816
28945
28817
28946
28818
28947
28819
28948
28820
28949
28821
28950
28822
28951
28823
28952
28824
28953
28825
28954
28826
28955
28827
28956
28828
28957
28829
28958
28830
28959
28831
28960
28832
28961
28833
28962
28834
28963
28835
28964
28836
28965
28837
28966
28838
28967
28839
28968
28840
28969
28841
28970
28842
28971
28843
28972
28844
28973
28845
28974
28846
28975
28847
28976
28848
28977
28849
28978
28850
28979
28851
28980
28852
28981
28853
28982
28854
28983
28855
28984
28856
28985
28857
28986
28858
28987
28859
28988
28989
28861
28990
28862
28991
28863
28992
28864
28993
28865
28994
28866
28995
28867
28996
28868
28997
28869
28998
28870
28999
28871
29000
28872
29001
28873
29002
28874
29003
28875
29004
28876
29005
28877
29006
28878
29007
28879
29008
28880
29009
28881
29010
28882
29011
28883
29012
28884
29013
28885
29014
28886
29015
28887
29016
28888
29017
28889
29018
28890
29019
28891
29020
28892
29021
28893
29022
28894
29023
28895
29024
28896
29025
28897
29026
28898
29027
28899
29028
28900
29029
28901
29030
28902
29031
28903
29032
28904
29033
28905
29034
28906
29035
28907
29036
28908
29037
28909
29038
28910
29039
28911
29040
28912
29041
28913
29042
28914
29043
28915
29044
28916
29045
28917
29046
28918
29047
28919
29048
28920
29049
28921
29050
28922
29051
28923
29052
28924
29053
28925
29054
28926
29055
28927
29056
28928
29057
28929
29058
28930
29059
28931
29060
28932
29061
28933
29062
28934
29063
28935
29064
28936
29065
28937
29066
28938
29067
28939
29068
28940
29069
28941
29070
28942
29071
28943
29072
28944
29073
28945
29074
28946
29075
28947
29076
28948
29077
28949
29078
28950
29079
28951
29080
28952
29081
28953
29082
28954
29083
28955
29084
28956
29085
28957
29086
28958
29087
28959
29088
28960
29089
28961
29090
28962
29091
28963
29092
28964
29093
28965
29094
28966
29095
28967
29096
28968
29097
28969
29098
28970
29099
28971
29100
28972
29101
28973
29102
28974
29103
28975
29104
28976
29105
28977
29106
28978
29107
28979
29108
28980
29109
28981
29110
28982
29111
28983
29112
28984
29113
28985
29114
28986
29115
28987
29116
28988
29117
28989
29118
29119
28991
29120
28992
29121
28993
29122
28994
29123
28995
29124
28996
29125
28997
29126
28998
29127
28999
29128
29000
29129
29001
29130
29002
29131
29003
29132
29004
29133
29005
29134
29006
29135
29007
29136
29008
29137
29009
29138
29010
29139
29011
29140
29012
29141
29013
29142
29014
29143
29015
29144
29016
29145
29017
29146
29018
29147
29019
29148
29020
29149
29021
29150
29022
29151
29023
29152
29024
29153
29025
29154
29026
29155
29027
29156
29028
29157
29029
29158
29030
29159
29031
29160
29032
29161
29033
29162
29034
29163
29035
29164
29036
29165
29037
29166
29038
29167
29039
29168
29040
29169
29041
29170
29042
29171
29043
29172
29044
29173
29045
29174
29046
29175
29047
29176
29048
29177
29049
29178
29050
29179
29051
29180
29052
29181
29053
29182
29054
29183
29055
29184
29056
29185
29057
29186
29058
29187
29059
29188
29060
29189
29061
29190
29062
29191
29063
29192
29064
29193
29065
29194
29066
29195
29067
29196
29068
29197
29069
29198
29070
29199
29071
29200
29072
29201
29073
29202
29074
29203
29075
29204
29076
29205
29077
29206
29078
29207
29079
29208
29080
29209
29081
29210
29082
29211
29083
29212
29084
29213
29085
29214
29086
29215
29087
29216
29088
29217
29089
29218
29090
29219
29091
29220
29092
29221
29093
29222
29094
29223
29095
29224
29096
29225
29097
29226
29098
29227
29099
29228
29100
29229
29101
29230
29102
29231
29103
29232
29104
29233
29105
29234
29106
29235
29107
29236
29108
29237
29109
29238
29110
29239
29111
29240
29112
29241
29113
29242
29114
29243
29115
29244
29116
29245
29117
29246
29118
29247
29119
29248
29249
29121
29250
29122
29251
29123
29252
29124
29253
29125
29254
29126
29255
29127
29256
29128
29257
29129
29258
29130
29259
29131
29260
29132
29261
29133
29262
29134
29263
29135
29264
29136
29265
29137
29266
29138
29267
29139
29268
29140
29269
29141
29270
29142
29271
29143
29272
29144
29273
29145
29274
29146
29275
29147
29276
29148
29277
29149
29278
29150
29279
29151
29280
29152
29281
29153
29282
29154
29283
29155
29284
29156
29285
29157
29286
29158
29287
29159
29288
29160
29289
29161
29290
29162
29291
29163
29292
29164
29293
29165
29294
29166
29295
29167
29296
29168
29297
29169
29298
29170
29299
29171
29300
29172
29301
29173
29302
29174
29303
29175
29304
29176
29305
29177
29306
29178
29307
29179
29308
29180
29309
29181
29310
29182
29311
29183
29312
29184
29313
29185
29314
29186
29315
29187
29316
29188
29317
29189
29318
29190
29319
29191
29320
29192
29321
29193
29322
29194
29323
29195
29324
29196
29325
29197
29326
29198
29327
29199
29328
29200
29329
29201
29330
29202
29331
29203
29332
29204
29333
29205
29334
29206
29335
29207
29336
29208
29337
29209
29338
29210
29339
29211
29340
29212
29341
29213
29342
29214
29343
29215
29344
29216
29345
29217
29346
29218
29347
29219
29348
29220
29349
29221
29350
29222
29351
29223
29352
29224
29353
29225
29354
29226
29355
29227
29356
29228
29357
29229
29358
29230
29359
29231
29360
29232
29361
29233
29362
29234
29363
29235
29364
29236
29365
29237
29366
29238
29367
29239
29368
29240
29369
29241
29370
29242
29371
29243
29372
29244
29373
29245
29374
29246
29375
29247
29376
29248
29377
29249
29378
29379
29251
29380
29252
29381
29253
29382
29254
29383
29255
29384
29256
29385
29257
29386
29258
29387
29259
29388
29260
29389
29261
29390
29262
29391
29263
29392
29264
29393
29265
29394
29266
29395
29267
29396
29268
29397
29269
29398
29270
29399
29271
29400
29272
29401
29273
29402
29274
29403
29275
29404
29276
29405
29277
29406
29278
29407
29279
29408
29280
29409
29281
29410
29282
29411
29283
29412
29284
29413
29285
29414
29286
29415
29287
29416
29288
29417
29289
29418
29290
29419
29291
29420
29292
29421
29293
29422
29294
29423
29295
29424
29296
29425
29297
29426
29298
29427
29299
29428
29300
29429
29301
29430
29302
29431
29303
29432
29304
29433
29305
29434
29306
29435
29307
29436
29308
29437
29309
29438
29310
29439
29311
29440
29312
29441
29313
29442
29314
29443
29315
29444
29316
29445
29317
29446
29318
29447
29319
29448
29320
29449
29321
29450
29322
29451
29323
29452
29324
29453
29325
29454
29326
29455
29327
29456
29328
29457
29329
29458
29330
29459
29331
29460
29332
29461
29333
29462
29334
29463
29335
29464
29336
29465
29337
29466
29338
29467
29339
29468
29340
29469
29341
29470
29342
29471
29343
29472
29344
29473
29345
29474
29346
29475
29347
29476
29348
29477
29349
29478
29350
29479
29351
29480
29352
29481
29353
29482
29354
29483
29355
29484
29356
29485
29357
29486
29358
29487
29359
29488
29360
29489
29361
29490
29362
29491
29363
29492
29364
29493
29365
29494
29366
29495
29367
29496
29368
29497
29369
29498
29370
29499
29371
29500
29372
29501
29373
29502
29374
29503
29375
29504
29376
29505
29377
29506
29378
29507
29379
29508
29509
29381
29510
29382
29511
29383
29512
29384
29513
29385
29514
29386
29515
29387
29516
29388
29517
29389
29518
29390
29519
29391
29520
29392
29521
29393
29522
29394
29523
29395
29524
29396
29525
29397
29526
29398
29527
29399
29528
29400
29529
29401
29530
29402
29531
29403
29532
29404
29533
29405
29534
29406
29535
29407
29536
29408
29537
29409
29538
29410
29539
29411
29540
29412
29541
29413
29542
29414
29543
29415
29544
29416
29545
29417
29546
29418
29547
29419
29548
29420
29549
29421
29550
29422
29551
29423
29552
29424
29553
29425
29554
29426
29555
29427
29556
29428
29557
29429
29558
29430
29559
29431
29560
29432
29561
29433
29562
29434
29563
29435
29564
29436
29565
29437
29566
29438
29567
29439
29568
29440
29569
29441
29570
29442
29571
29443
29572
29444
29573
29445
29574
29446
29575
29447
29576
29448
29577
29449
29578
29450
29579
29451
29580
29452
29581
29453
29582
29454
29583
29455
29584
29456
29585
29457
29586
29458
29587
29459
29588
29460
29589
29461
29590
29462
29591
29463
29592
29464
29593
29465
29594
29466
29595
29467
29596
29468
29597
29469
29598
29470
29599
29471
29600
29472
29601
29473
29602
29474
29603
29475
29604
29476
29605
29477
29606
29478
29607
29479
29608
29480
29609
29481
29610
29482
29611
29483
29612
29484
29613
29485
29614
29486
29615
29487
29616
29488
29617
29489
29618
29490
29619
29491
29620
29492
29621
29493
29622
29494
29623
29495
29624
29496
29625
29497
29626
29498
29627
29499
29628
29500
29629
29501
29630
29502
29631
29503
29632
29504
29633
29505
29634
29506
29635
29507
29636
29508
29637
29509
29638
29639
29511
29640
29512
29641
29513
29642
29514
29643
29515
29644
29516
29645
29517
29646
29518
29647
29519
29648
29520
29649
29521
29650
29522
29651
29523
29652
29524
29653
29525
29654
29526
29655
29527
29656
29528
29657
29529
29658
29530
29659
29531
29660
29532
29661
29533
29662
29534
29663
29535
29664
29536
29665
29537
29666
29538
29667
29539
29668
29540
29669
29541
29670
29542
29671
29543
29672
29544
29673
29545
29674
29546
29675
29547
29676
29548
29677
29549
29678
29550
29679
29551
29680
29552
29681
29553
29682
29554
29683
29555
29684
29556
29685
29557
29686
29558
29687
29559
29688
29560
29689
29561
29690
29562
29691
29563
29692
29564
29693
29565
29694
29566
29695
29567
29696
29568
29697
29569
29698
29570
29699
29571
29700
29572
29701
29573
29702
29574
29703
29575
29704
29576
29705
29577
29706
29578
29707
29579
29708
29580
29709
29581
29710
29582
29711
29583
29712
29584
29713
29585
29714
29586
29715
29587
29716
29588
29717
29589
29718
29590
29719
29591
29720
29592
29721
29593
29722
29594
29723
29595
29724
29596
29725
29597
29726
29598
29727
29599
29728
29600
29729
29601
29730
29602
29731
29603
29732
29604
29733
29605
29734
29606
29735
29607
29736
29608
29737
29609
29738
29610
29739
29611
29740
29612
29741
29613
29742
29614
29743
29615
29744
29616
29745
29617
29746
29618
29747
29619
29748
29620
29749
29621
29750
29622
29751
29623
29752
29624
29753
29625
29754
29626
29755
29627
29756
29628
29757
29629
29758
29630
29759
29631
29760
29632
29761
29633
29762
29634
29763
29635
29764
29636
29765
29637
29766
29638
29767
29639
29768
29769
29641
29770
29642
29771
29643
29772
29644
29773
29645
29774
29646
29775
29647
29776
29648
29777
29649
29778
29650
29779
29651
29780
29652
29781
29653
29782
29654
29783
29655
29784
29656
29785
29657
29786
29658
29787
29659
29788
29660
29789
29661
29790
29662
29791
29663
29792
29664
29793
29665
29794
29666
29795
29667
29796
29668
29797
29669
29798
29670
29799
29671
29800
29672
29801
29673
29802
29674
29803
29675
29804
29676
29805
29677
29806
29678
29807
29679
29808
29680
29809
29681
29810
29682
29811
29683
29812
29684
29813
29685
29814
29686
29815
29687
29816
29688
29817
29689
29818
29690
29819
29691
29820
29692
29821
29693
29822
29694
29823
29695
29824
29696
29825
29697
29826
29698
29827
29699
29828
29700
29829
29701
29830
29702
29831
29703
29832
29704
29833
29705
29834
29706
29835
29707
29836
29708
29837
29709
29838
29710
29839
29711
29840
29712
29841
29713
29842
29714
29843
29715
29844
29716
29845
29717
29846
29718
29847
29719
29848
29720
29849
29721
29850
29722
29851
29723
29852
29724
29853
29725
29854
29726
29855
29727
29856
29728
29857
29729
29858
29730
29859
29731
29860
29732
29861
29733
29862
29734
29863
29735
29864
29736
29865
29737
29866
29738
29867
29739
29868
29740
29869
29741
29870
29742
29871
29743
29872
29744
29873
29745
29874
29746
29875
29747
29876
29748
29877
29749
29878
29750
29879
29751
29880
29752
29881
29753
29882
29754
29883
29755
29884
29756
29885
29757
29886
29758
29887
29759
29888
29760
29889
29761
29890
29762
29891
29763
29892
29764
29893
29765
29894
29766
29895
29767
29896
29768
29897
29769
29898
29899
29771
29900
29772
29901
29773
29902
29774
29903
29775
29904
29776
29905
29777
29906
29778
29907
29779
29908
29780
29909
29781
29910
29782
29911
29783
29912
29784
29913
29785
29914
29786
29915
29787
29916
29788
29917
29789
29918
29790
29919
29791
29920
29792
29921
29793
29922
29794
29923
29795
29924
29796
29925
29797
29926
29798
29927
29799
29928
29800
29929
29801
29930
29802
29931
29803
29932
29804
29933
29805
29934
29806
29935
29807
29936
29808
29937
29809
29938
29810
29939
29811
29940
29812
29941
29813
29942
29814
29943
29815
29944
29816
29945
29817
29946
29818
29947
29819
29948
29820
29949
29821
29950
29822
29951
29823
29952
29824
29953
29825
29954
29826
29955
29827
29956
29828
29957
29829
29958
29830
29959
29831
29960
29832
29961
29833
29962
29834
29963
29835
29964
29836
29965
29837
29966
29838
29967
29839
29968
29840
29969
29841
29970
29842
29971
29843
29972
29844
29973
29845
29974
29846
29975
29847
29976
29848
29977
29849
29978
29850
29979
29851
29980
29852
29981
29853
29982
29854
29983
29855
29984
29856
29985
29857
29986
29858
29987
29859
29988
29860
29989
29861
29990
29862
29991
29863
29992
29864
29993
29865
29994
29866
29995
29867
29996
29868
29997
29869
29998
29870
29999
29871
30000
29872
30001
29873
30002
29874
30003
29875
30004
29876
30005
29877
30006
29878
30007
29879
30008
29880
30009
29881
30010
29882
30011
29883
30012
29884
30013
29885
30014
29886
30015
29887
30016
29888
30017
29889
30018
29890
30019
29891
30020
29892
30021
29893
30022
29894
30023
29895
30024
29896
30025
29897
30026
29898
30027
29899
30028
30029
29901
30030
29902
30031
29903
30032
29904
30033
29905
30034
29906
30035
29907
30036
29908
30037
29909
30038
29910
30039
29911
30040
29912
30041
29913
30042
29914
30043
29915
30044
29916
30045
29917
30046
29918
30047
29919
30048
29920
30049
29921
30050
29922
30051
29923
30052
29924
30053
29925
30054
29926
30055
29927
30056
29928
30057
29929
30058
29930
30059
29931
30060
29932
30061
29933
30062
29934
30063
29935
30064
29936
30065
29937
30066
29938
30067
29939
30068
29940
30069
29941
30070
29942
30071
29943
30072
29944
30073
29945
30074
29946
30075
29947
30076
29948
30077
29949
30078
29950
30079
29951
30080
29952
30081
29953
30082
29954
30083
29955
30084
29956
30085
29957
30086
29958
30087
29959
30088
29960
30089
29961
30090
29962
30091
29963
30092
29964
30093
29965
30094
29966
30095
29967
30096
29968
30097
29969
30098
29970
30099
29971
30100
29972
30101
29973
30102
29974
30103
29975
30104
29976
30105
29977
30106
29978
30107
29979
30108
29980
30109
29981
30110
29982
30111
29983
30112
29984
30113
29985
30114
29986
30115
29987
30116
29988
30117
29989
30118
29990
30119
29991
30120
29992
30121
29993
30122
29994
30123
29995
30124
29996
30125
29997
30126
29998
30127
29999
30128
30000
30129
30001
30130
30002
30131
30003
30132
30004
30133
30005
30134
30006
30135
30007
30136
30008
30137
30009
30138
30010
30139
30011
30140
30012
30141
30013
30142
30014
30143
30015
30144
30016
30145
30017
30146
30018
30147
30019
30148
30020
30149
30021
30150
30022
30151
30023
30152
30024
30153
30025
30154
30026
30155
30027
30156
30028
30157
30029
30158
30159
30031
30160
30032
30161
30033
30162
30034
30163
30035
30164
30036
30165
30037
30166
30038
30167
30039
30168
30040
30169
30041
30170
30042
30171
30043
30172
30044
30173
30045
30174
30046
30175
30047
30176
30048
30177
30049
30178
30050
30179
30051
30180
30052
30181
30053
30182
30054
30183
30055
30184
30056
30185
30057
30186
30058
30187
30059
30188
30060
30189
30061
30190
30062
30191
30063
30192
30064
30193
30065
30194
30066
30195
30067
30196
30068
30197
30069
30198
30070
30199
30071
30200
30072
30201
30073
30202
30074
30203
30075
30204
30076
30205
30077
30206
30078
30207
30079
30208
30080
30209
30081
30210
30082
30211
30083
30212
30084
30213
30085
30214
30086
30215
30087
30216
30088
30217
30089
30218
30090
30219
30091
30220
30092
30221
30093
30222
30094
30223
30095
30224
30096
30225
30097
30226
30098
30227
30099
30228
30100
30229
30101
30230
30102
30231
30103
30232
30104
30233
30105
30234
30106
30235
30107
30236
30108
30237
30109
30238
30110
30239
30111
30240
30112
30241
30113
30242
30114
30243
30115
30244
30116
30245
30117
30246
30118
30247
30119
30248
30120
30249
30121
30250
30122
30251
30123
30252
30124
30253
30125
30254
30126
30255
30127
30256
30128
30257
30129
30258
30130
30259
30131
30260
30132
30261
30133
30262
30134
30263
30135
30264
30136
30265
30137
30266
30138
30267
30139
30268
30140
30269
30141
30270
30142
30271
30143
30272
30144
30273
30145
30274
30146
30275
30147
30276
30148
30277
30149
30278
30150
30279
30151
30280
30152
30281
30153
30282
30154
30283
30155
30284
30156
30285
30157
30286
30158
30287
30159
30288
30289
30161
30290
30162
30291
30163
30292
30164
30293
30165
30294
30166
30295
30167
30296
30168
30297
30169
30298
30170
30299
30171
30300
30172
30301
30173
30302
30174
30303
30175
30304
30176
30305
30177
30306
30178
30307
30179
30308
30180
30309
30181
30310
30182
30311
30183
30312
30184
30313
30185
30314
30186
30315
30187
30316
30188
30317
30189
30318
30190
30319
30191
30320
30192
30321
30193
30322
30194
30323
30195
30324
30196
30325
30197
30326
30198
30327
30199
30328
30200
30329
30201
30330
30202
30331
30203
30332
30204
30333
30205
30334
30206
30335
30207
30336
30208
30337
30209
30338
30210
30339
30211
30340
30212
30341
30213
30342
30214
30343
30215
30344
30216
30345
30217
30346
30218
30347
30219
30348
30220
30349
30221
30350
30222
30351
30223
30352
30224
30353
30225
30354
30226
30355
30227
30356
30228
30357
30229
30358
30230
30359
30231
30360
30232
30361
30233
30362
30234
30363
30235
30364
30236
30365
30237
30366
30238
30367
30239
30368
30240
30369
30241
30370
30242
30371
30243
30372
30244
30373
30245
30374
30246
30375
30247
30376
30248
30377
30249
30378
30250
30379
30251
30380
30252
30381
30253
30382
30254
30383
30255
30384
30256
30385
30257
30386
30258
30387
30259
30388
30260
30389
30261
30390
30262
30391
30263
30392
30264
30393
30265
30394
30266
30395
30267
30396
30268
30397
30269
30398
30270
30399
30271
30400
30272
30401
30273
30402
30274
30403
30275
30404
30276
30405
30277
30406
30278
30407
30279
30408
30280
30409
30281
30410
30282
30411
30283
30412
30284
30413
30285
30414
30286
30415
30287
30416
30288
30417
30289
30418
30419
30291
30420
30292
30421
30293
30422
30294
30423
30295
30424
30296
30425
30297
30426
30298
30427
30299
30428
30300
30429
30301
30430
30302
30431
30303
30432
30304
30433
30305
30434
30306
30435
30307
30436
30308
30437
30309
30438
30310
30439
30311
30440
30312
30441
30313
30442
30314
30443
30315
30444
30316
30445
30317
30446
30318
30447
30319
30448
30320
30449
30321
30450
30322
30451
30323
30452
30324
30453
30325
30454
30326
30455
30327
30456
30328
30457
30329
30458
30330
30459
30331
30460
30332
30461
30333
30462
30334
30463
30335
30464
30336
30465
30337
30466
30338
30467
30339
30468
30340
30469
30341
30470
30342
30471
30343
30472
30344
30473
30345
30474
30346
30475
30347
30476
30348
30477
30349
30478
30350
30479
30351
30480
30352
30481
30353
30482
30354
30483
30355
30484
30356
30485
30357
30486
30358
30487
30359
30488
30360
30489
30361
30490
30362
30491
30363
30492
30364
30493
30365
30494
30366
30495
30367
30496
30368
30497
30369
30498
30370
30499
30371
30500
30372
30501
30373
30502
30374
30503
30375
30504
30376
30505
30377
30506
30378
30507
30379
30508
30380
30509
30381
30510
30382
30511
30383
30512
30384
30513
30385
30514
30386
30515
30387
30516
30388
30517
30389
30518
30390
30519
30391
30520
30392
30521
30393
30522
30394
30523
30395
30524
30396
30525
30397
30526
30398
30527
30399
30528
30400
30529
30401
30530
30402
30531
30403
30532
30404
30533
30405
30534
30406
30535
30407
30536
30408
30537
30409
30538
30410
30539
30411
30540
30412
30541
30413
30542
30414
30543
30415
30544
30416
30545
30417
30546
30418
30547
30419
30548
30549
30421
30550
30422
30551
30423
30552
30424
30553
30425
30554
30426
30555
30427
30556
30428
30557
30429
30558
30430
30559
30431
30560
30432
30561
30433
30562
30434
30563
30435
30564
30436
30565
30437
30566
30438
30567
30439
30568
30440
30569
30441
30570
30442
30571
30443
30572
30444
30573
30445
30574
30446
30575
30447
30576
30448
30577
30449
30578
30450
30579
30451
30580
30452
30581
30453
30582
30454
30583
30455
30584
30456
30585
30457
30586
30458
30587
30459
30588
30460
30589
30461
30590
30462
30591
30463
30592
30464
30593
30465
30594
30466
30595
30467
30596
30468
30597
30469
30598
30470
30599
30471
30600
30472
30601
30473
30602
30474
30603
30475
30604
30476
30605
30477
30606
30478
30607
30479
30608
30480
30609
30481
30610
30482
30611
30483
30612
30484
30613
30485
30614
30486
30615
30487
30616
30488
30617
30489
30618
30490
30619
30491
30620
30492
30621
30493
30622
30494
30623
30495
30624
30496
30625
30497
30626
30498
30627
30499
30628
30500
30629
30501
30630
30502
30631
30503
30632
30504
30633
30505
30634
30506
30635
30507
30636
30508
30637
30509
30638
30510
30639
30511
30640
30512
30641
30513
30642
30514
30643
30515
30644
30516
30645
30517
30646
30518
30647
30519
30648
30520
30649
30521
30650
30522
30651
30523
30652
30524
30653
30525
30654
30526
30655
30527
30656
30528
30657
30529
30658
30530
30659
30531
30660
30532
30661
30533
30662
30534
30663
30535
30664
30536
30665
30537
30666
30538
30667
30539
30668
30540
30669
30541
30670
30542
30671
30543
30672
30544
30673
30545
30674
30546
30675
30547
30676
30548
30677
30549
30678
30679
30551
30680
30552
30681
30553
30682
30554
30683
30555
30684
30556
30685
30557
30686
30558
30687
30559
30688
30560
30689
30561
30690
30562
30691
30563
30692
30564
30693
30565
30694
30566
30695
30567
30696
30568
30697
30569
30698
30570
30699
30571
30700
30572
30701
30573
30702
30574
30703
30575
30704
30576
30705
30577
30706
30578
30707
30579
30708
30580
30709
30581
30710
30582
30711
30583
30712
30584
30713
30585
30714
30586
30715
30587
30716
30588
30717
30589
30718
30590
30719
30591
30720
30592
30721
30593
30722
30594
30723
30595
30724
30596
30725
30597
30726
30598
30727
30599
30728
30600
30729
30601
30730
30602
30731
30603
30732
30604
30733
30605
30734
30606
30735
30607
30736
30608
30737
30609
30738
30610
30739
30611
30740
30612
30741
30613
30742
30614
30743
30615
30744
30616
30745
30617
30746
30618
30747
30619
30748
30620
30749
30621
30750
30622
30751
30623
30752
30624
30753
30625
30754
30626
30755
30627
30756
30628
30757
30629
30758
30630
30759
30631
30760
30632
30761
30633
30762
30634
30763
30635
30764
30636
30765
30637
30766
30638
30767
30639
30768
30640
30769
30641
30770
30642
30771
30643
30772
30644
30773
30645
30774
30646
30775
30647
30776
30648
30777
30649
30778
30650
30779
30651
30780
30652
30781
30653
30782
30654
30783
30655
30784
30656
30785
30657
30786
30658
30787
30659
30788
30660
30789
30661
30790
30662
30791
30663
30792
30664
30793
30665
30794
30666
30795
30667
30796
30668
30797
30669
30798
30670
30799
30671
30800
30672
30801
30673
30802
30674
30803
30675
30804
30676
30805
30677
30806
30678
30807
30679
30808
30809
30681
30810
30682
30811
30683
30812
30684
30813
30685
30814
30686
30815
30687
30816
30688
30817
30689
30818
30690
30819
30691
30820
30692
30821
30693
30822
30694
30823
30695
30824
30696
30825
30697
30826
30698
30827
30699
30828
30700
30829
30701
30830
30702
30831
30703
30832
30704
30833
30705
30834
30706
30835
30707
30836
30708
30837
30709
30838
30710
30839
30711
30840
30712
30841
30713
30842
30714
30843
30715
30844
30716
30845
30717
30846
30718
30847
30719
30848
30720
30849
30721
30850
30722
30851
30723
30852
30724
30853
30725
30854
30726
30855
30727
30856
30728
30857
30729
30858
30730
30859
30731
30860
30732
30861
30733
30862
30734
30863
30735
30864
30736
30865
30737
30866
30738
30867
30739
30868
30740
30869
30741
30870
30742
30871
30743
30872
30744
30873
30745
30874
30746
30875
30747
30876
30748
30877
30749
30878
30750
30879
30751
30880
30752
30881
30753
30882
30754
30883
30755
30884
30756
30885
30757
30886
30758
30887
30759
30888
30760
30889
30761
30890
30762
30891
30763
30892
30764
30893
30765
30894
30766
30895
30767
30896
30768
30897
30769
30898
30770
30899
30771
30900
30772
30901
30773
30902
30774
30903
30775
30904
30776
30905
30777
30906
30778
30907
30779
30908
30780
30909
30781
30910
30782
30911
30783
30912
30784
30913
30785
30914
30786
30915
30787
30916
30788
30917
30789
30918
30790
30919
30791
30920
30792
30921
30793
30922
30794
30923
30795
30924
30796
30925
30797
30926
30798
30927
30799
30928
30800
30929
30801
30930
30802
30931
30803
30932
30804
30933
30805
30934
30806
30935
30807
30936
30808
30937
30809
30938
30939
30811
30940
30812
30941
30813
30942
30814
30943
30815
30944
30816
30945
30817
30946
30818
30947
30819
30948
30820
30949
30821
30950
30822
30951
30823
30952
30824
30953
30825
30954
30826
30955
30827
30956
30828
30957
30829
30958
30830
30959
30831
30960
30832
30961
30833
30962
30834
30963
30835
30964
30836
30965
30837
30966
30838
30967
30839
30968
30840
30969
30841
30970
30842
30971
30843
30972
30844
30973
30845
30974
30846
30975
30847
30976
30848
30977
30849
30978
30850
30979
30851
30980
30852
30981
30853
30982
30854
30983
30855
30984
30856
30985
30857
30986
30858
30987
30859
30988
30860
30989
30861
30990
30862
30991
30863
30992
30864
30993
30865
30994
30866
30995
30867
30996
30868
30997
30869
30998
30870
30999
30871
31000
30872
31001
30873
31002
30874
31003
30875
31004
30876
31005
30877
31006
30878
31007
30879
31008
30880
31009
30881
31010
30882
31011
30883
31012
30884
31013
30885
31014
30886
31015
30887
31016
30888
31017
30889
31018
30890
31019
30891
31020
30892
31021
30893
31022
30894
31023
30895
31024
30896
31025
30897
31026
30898
31027
30899
31028
30900
31029
30901
31030
30902
31031
30903
31032
30904
31033
30905
31034
30906
31035
30907
31036
30908
31037
30909
31038
30910
31039
30911
31040
30912
31041
30913
31042
30914
31043
30915
31044
30916
31045
30917
31046
30918
31047
30919
31048
30920
31049
30921
31050
30922
31051
30923
31052
30924
31053
30925
31054
30926
31055
30927
31056
30928
31057
30929
31058
30930
31059
30931
31060
30932
31061
30933
31062
30934
31063
30935
31064
30936
31065
30937
31066
30938
31067
30939
31068
31069
30941
31070
30942
31071
30943
31072
30944
31073
30945
31074
30946
31075
30947
31076
30948
31077
30949
31078
30950
31079
30951
31080
30952
31081
30953
31082
30954
31083
30955
31084
30956
31085
30957
31086
30958
31087
30959
31088
30960
31089
30961
31090
30962
31091
30963
31092
30964
31093
30965
31094
30966
31095
30967
31096
30968
31097
30969
31098
30970
31099
30971
31100
30972
31101
30973
31102
30974
31103
30975
31104
30976
31105
30977
31106
30978
31107
30979
31108
30980
31109
30981
31110
30982
31111
30983
31112
30984
31113
30985
31114
30986
31115
30987
31116
30988
31117
30989
31118
30990
31119
30991
31120
30992
31121
30993
31122
30994
31123
30995
31124
30996
31125
30997
31126
30998
31127
30999
31128
31000
31129
31001
31130
31002
31131
31003
31132
31004
31133
31005
31134
31006
31135
31007
31136
31008
31137
31009
31138
31010
31139
31011
31140
31012
31141
31013
31142
31014
31143
31015
31144
31016
31145
31017
31146
31018
31147
31019
31148
31020
31149
31021
31150
31022
31151
31023
31152
31024
31153
31025
31154
31026
31155
31027
31156
31028
31157
31029
31158
31030
31159
31031
31160
31032
31161
31033
31162
31034
31163
31035
31164
31036
31165
31037
31166
31038
31167
31039
31168
31040
31169
31041
31170
31042
31171
31043
31172
31044
31173
31045
31174
31046
31175
31047
31176
31048
31177
31049
31178
31050
31179
31051
31180
31052
31181
31053
31182
31054
31183
31055
31184
31056
31185
31057
31186
31058
31187
31059
31188
31060
31189
31061
31190
31062
31191
31063
31192
31064
31193
31065
31194
31066
31195
31067
31196
31068
31197
31069
31198
31199
31071
31200
31072
31201
31073
31202
31074
31203
31075
31204
31076
31205
31077
31206
31078
31207
31079
31208
31080
31209
31081
31210
31082
31211
31083
31212
31084
31213
31085
31214
31086
31215
31087
31216
31088
31217
31089
31218
31090
31219
31091
31220
31092
31221
31093
31222
31094
31223
31095
31224
31096
31225
31097
31226
31098
31227
31099
31228
31100
31229
31101
31230
31102
31231
31103
31232
31104
31233
31105
31234
31106
31235
31107
31236
31108
31237
31109
31238
31110
31239
31111
31240
31112
31241
31113
31242
31114
31243
31115
31244
31116
31245
31117
31246
31118
31247
31119
31248
31120
31249
31121
31250
31122
31251
31123
31252
31124
31253
31125
31254
31126
31255
31127
31256
31128
31257
31129
31258
31130
31259
31131
31260
31132
31261
31133
31262
31134
31263
31135
31264
31136
31265
31137
31266
31138
31267
31139
31268
31140
31269
31141
31270
31142
31271
31143
31272
31144
31273
31145
31274
31146
31275
31147
31276
31148
31277
31149
31278
31150
31279
31151
31280
31152
31281
31153
31282
31154
31283
31155
31284
31156
31285
31157
31286
31158
31287
31159
31288
31160
31289
31161
31290
31162
31291
31163
31292
31164
31293
31165
31294
31166
31295
31167
31296
31168
31297
31169
31298
31170
31299
31171
31300
31172
31301
31173
31302
31174
31303
31175
31304
31176
31305
31177
31306
31178
31307
31179
31308
31180
31309
31181
31310
31182
31311
31183
31312
31184
31313
31185
31314
31186
31315
31187
31316
31188
31317
31189
31318
31190
31319
31191
31320
31192
31321
31193
31322
31194
31323
31195
31324
31196
31325
31197
31326
31198
31327
31199
31328
31329
31201
31330
31202
31331
31203
31332
31204
31333
31205
31334
31206
31335
31207
31336
31208
31337
31209
31338
31210
31339
31211
31340
31212
31341
31213
31342
31214
31343
31215
31344
31216
31345
31217
31346
31218
31347
31219
31348
31220
31349
31221
31350
31222
31351
31223
31352
31224
31353
31225
31354
31226
31355
31227
31356
31228
31357
31229
31358
31230
31359
31231
31360
31232
31361
31233
31362
31234
31363
31235
31364
31236
31365
31237
31366
31238
31367
31239
31368
31240
31369
31241
31370
31242
31371
31243
31372
31244
31373
31245
31374
31246
31375
31247
31376
31248
31377
31249
31378
31250
31379
31251
31380
31252
31381
31253
31382
31254
31383
31255
31384
31256
31385
31257
31386
31258
31387
31259
31388
31260
31389
31261
31390
31262
31391
31263
31392
31264
31393
31265
31394
31266
31395
31267
31396
31268
31397
31269
31398
31270
31399
31271
31400
31272
31401
31273
31402
31274
31403
31275
31404
31276
31405
31277
31406
31278
31407
31279
31408
31280
31409
31281
31410
31282
31411
31283
31412
31284
31413
31285
31414
31286
31415
31287
31416
31288
31417
31289
31418
31290
31419
31291
31420
31292
31421
31293
31422
31294
31423
31295
31424
31296
31425
31297
31426
31298
31427
31299
31428
31300
31429
31301
31430
31302
31431
31303
31432
31304
31433
31305
31434
31306
31435
31307
31436
31308
31437
31309
31438
31310
31439
31311
31440
31312
31441
31313
31442
31314
31443
31315
31444
31316
31445
31317
31446
31318
31447
31319
31448
31320
31449
31321
31450
31322
31451
31323
31452
31324
31453
31325
31454
31326
31455
31327
31456
31328
31457
31329
31458
31459
31331
31460
31332
31461
31333
31462
31334
31463
31335
31464
31336
31465
31337
31466
31338
31467
31339
31468
31340
31469
31341
31470
31342
31471
31343
31472
31344
31473
31345
31474
31346
31475
31347
31476
31348
31477
31349
31478
31350
31479
31351
31480
31352
31481
31353
31482
31354
31483
31355
31484
31356
31485
31357
31486
31358
31487
31359
31488
31360
31489
31361
31490
31362
31491
31363
31492
31364
31493
31365
31494
31366
31495
31367
31496
31368
31497
31369
31498
31370
31499
31371
31500
31372
31501
31373
31502
31374
31503
31375
31504
31376
31505
31377
31506
31378
31507
31379
31508
31380
31509
31381
31510
31382
31511
31383
31512
31384
31513
31385
31514
31386
31515
31387
31516
31388
31517
31389
31518
31390
31519
31391
31520
31392
31521
31393
31522
31394
31523
31395
31524
31396
31525
31397
31526
31398
31527
31399
31528
31400
31529
31401
31530
31402
31531
31403
31532
31404
31533
31405
31534
31406
31535
31407
31536
31408
31537
31409
31538
31410
31539
31411
31540
31412
31541
31413
31542
31414
31543
31415
31544
31416
31545
31417
31546
31418
31547
31419
31548
31420
31549
31421
31550
31422
31551
31423
31552
31424
31553
31425
31554
31426
31555
31427
31556
31428
31557
31429
31558
31430
31559
31431
31560
31432
31561
31433
31562
31434
31563
31435
31564
31436
31565
31437
31566
31438
31567
31439
31568
31440
31569
31441
31570
31442
31571
31443
31572
31444
31573
31445
31574
31446
31575
31447
31576
31448
31577
31449
31578
31450
31579
31451
31580
31452
31581
31453
31582
31454
31583
31455
31584
31456
31585
31457
31586
31458
31587
31459
31588
31589
31461
31590
31462
31591
31463
31592
31464
31593
31465
31594
31466
31595
31467
31596
31468
31597
31469
31598
31470
31599
31471
31600
31472
31601
31473
31602
31474
31603
31475
31604
31476
31605
31477
31606
31478
31607
31479
31608
31480
31609
31481
31610
31482
31611
31483
31612
31484
31613
31485
31614
31486
31615
31487
31616
31488
31617
31489
31618
31490
31619
31491
31620
31492
31621
31493
31622
31494
31623
31495
31624
31496
31625
31497
31626
31498
31627
31499
31628
31500
31629
31501
31630
31502
31631
31503
31632
31504
31633
31505
31634
31506
31635
31507
31636
31508
31637
31509
31638
31510
31639
31511
31640
31512
31641
31513
31642
31514
31643
31515
31644
31516
31645
31517
31646
31518
31647
31519
31648
31520
31649
31521
31650
31522
31651
31523
31652
31524
31653
31525
31654
31526
31655
31527
31656
31528
31657
31529
31658
31530
31659
31531
31660
31532
31661
31533
31662
31534
31663
31535
31664
31536
31665
31537
31666
31538
31667
31539
31668
31540
31669
31541
31670
31542
31671
31543
31672
31544
31673
31545
31674
31546
31675
31547
31676
31548
31677
31549
31678
31550
31679
31551
31680
31552
31681
31553
31682
31554
31683
31555
31684
31556
31685
31557
31686
31558
31687
31559
31688
31560
31689
31561
31690
31562
31691
31563
31692
31564
31693
31565
31694
31566
31695
31567
31696
31568
31697
31569
31698
31570
31699
31571
31700
31572
31701
31573
31702
31574
31703
31575
31704
31576
31705
31577
31706
31578
31707
31579
31708
31580
31709
31581
31710
31582
31711
31583
31712
31584
31713
31585
31714
31586
31715
31587
31716
31588
31717
31589
31718
31719
31591
31720
31592
31721
31593
31722
31594
31723
31595
31724
31596
31725
31597
31726
31598
31727
31599
31728
31600
31729
31601
31730
31602
31731
31603
31732
31604
31733
31605
31734
31606
31735
31607
31736
31608
31737
31609
31738
31610
31739
31611
31740
31612
31741
31613
31742
31614
31743
31615
31744
31616
31745
31617
31746
31618
31747
31619
31748
31620
31749
31621
31750
31622
31751
31623
31752
31624
31753
31625
31754
31626
31755
31627
31756
31628
31757
31629
31758
31630
31759
31631
31760
31632
31761
31633
31762
31634
31763
31635
31764
31636
31765
31637
31766
31638
31767
31639
31768
31640
31769
31641
31770
31642
31771
31643
31772
31644
31773
31645
31774
31646
31775
31647
31776
31648
31777
31649
31778
31650
31779
31651
31780
31652
31781
31653
31782
31654
31783
31655
31784
31656
31785
31657
31786
31658
31787
31659
31788
31660
31789
31661
31790
31662
31791
31663
31792
31664
31793
31665
31794
31666
31795
31667
31796
31668
31797
31669
31798
31670
31799
31671
31800
31672
31801
31673
31802
31674
31803
31675
31804
31676
31805
31677
31806
31678
31807
31679
31808
31680
31809
31681
31810
31682
31811
31683
31812
31684
31813
31685
31814
31686
31815
31687
31816
31688
31817
31689
31818
31690
31819
31691
31820
31692
31821
31693
31822
31694
31823
31695
31824
31696
31825
31697
31826
31698
31827
31699
31828
31700
31829
31701
31830
31702
31831
31703
31832
31704
31833
31705
31834
31706
31835
31707
31836
31708
31837
31709
31838
31710
31839
31711
31840
31712
31841
31713
31842
31714
31843
31715
31844
31716
31845
31717
31846
31718
31847
31719
31848
31849
31721
31850
31722
31851
31723
31852
31724
31853
31725
31854
31726
31855
31727
31856
31728
31857
31729
31858
31730
31859
31731
31860
31732
31861
31733
31862
31734
31863
31735
31864
31736
31865
31737
31866
31738
31867
31739
31868
31740
31869
31741
31870
31742
31871
31743
31872
31744
31873
31745
31874
31746
31875
31747
31876
31748
31877
31749
31878
31750
31879
31751
31880
31752
31881
31753
31882
31754
31883
31755
31884
31756
31885
31757
31886
31758
31887
31759
31888
31760
31889
31761
31890
31762
31891
31763
31892
31764
31893
31765
31894
31766
31895
31767
31896
31768
31897
31769
31898
31770
31899
31771
31900
31772
31901
31773
31902
31774
31903
31775
31904
31776
31905
31777
31906
31778
31907
31779
31908
31780
31909
31781
31910
31782
31911
31783
31912
31784
31913
31785
31914
31786
31915
31787
31916
31788
31917
31789
31918
31790
31919
31791
31920
31792
31921
31793
31922
31794
31923
31795
31924
31796
31925
31797
31926
31798
31927
31799
31928
31800
31929
31801
31930
31802
31931
31803
31932
31804
31933
31805
31934
31806
31935
31807
31936
31808
31937
31809
31938
31810
31939
31811
31940
31812
31941
31813
31942
31814
31943
31815
31944
31816
31945
31817
31946
31818
31947
31819
31948
31820
31949
31821
31950
31822
31951
31823
31952
31824
31953
31825
31954
31826
31955
31827
31956
31828
31957
31829
31958
31830
31959
31831
31960
31832
31961
31833
31962
31834
31963
31835
31964
31836
31965
31837
31966
31838
31967
31839
31968
31840
31969
31841
31970
31842
31971
31843
31972
31844
31973
31845
31974
31846
31975
31847
31976
31848
31977
31849
31978
31979
31851
31980
31852
31981
31853
31982
31854
31983
31855
31984
31856
31985
31857
31986
31858
31987
31859
31988
31860
31989
31861
31990
31862
31991
31863
31992
31864
31993
31865
31994
31866
31995
31867
31996
31868
31997
31869
31998
31870
31999
31871
32000
31872
32001
31873
32002
31874
32003
31875
32004
31876
32005
31877
32006
31878
32007
31879
32008
31880
32009
31881
32010
31882
32011
31883
32012
31884
32013
31885
32014
31886
32015
31887
32016
31888
32017
31889
32018
31890
32019
31891
32020
31892
32021
31893
32022
31894
32023
31895
32024
31896
32025
31897
32026
31898
32027
31899
32028
31900
32029
31901
32030
31902
32031
31903
32032
31904
32033
31905
32034
31906
32035
31907
32036
31908
32037
31909
32038
31910
32039
31911
32040
31912
32041
31913
32042
31914
32043
31915
32044
31916
32045
31917
32046
31918
32047
31919
32048
31920
32049
31921
32050
31922
32051
31923
32052
31924
32053
31925
32054
31926
32055
31927
32056
31928
32057
31929
32058
31930
32059
31931
32060
31932
32061
31933
32062
31934
32063
31935
32064
31936
32065
31937
32066
31938
32067
31939
32068
31940
32069
31941
32070
31942
32071
31943
32072
31944
32073
31945
32074
31946
32075
31947
32076
31948
32077
31949
32078
31950
32079
31951
32080
31952
32081
31953
32082
31954
32083
31955
32084
31956
32085
31957
32086
31958
32087
31959
32088
31960
32089
31961
32090
31962
32091
31963
32092
31964
32093
31965
32094
31966
32095
31967
32096
31968
32097
31969
32098
31970
32099
31971
32100
31972
32101
31973
32102
31974
32103
31975
32104
31976
32105
31977
32106
31978
32107
31979
32108
32109
31981
32110
31982
32111
31983
32112
31984
32113
31985
32114
31986
32115
31987
32116
31988
32117
31989
32118
31990
32119
31991
32120
31992
32121
31993
32122
31994
32123
31995
32124
31996
32125
31997
32126
31998
32127
31999
32128
32000
32129
32001
32130
32002
32131
32003
32132
32004
32133
32005
32134
32006
32135
32007
32136
32008
32137
32009
32138
32010
32139
32011
32140
32012
32141
32013
32142
32014
32143
32015
32144
32016
32145
32017
32146
32018
32147
32019
32148
32020
32149
32021
32150
32022
32151
32023
32152
32024
32153
32025
32154
32026
32155
32027
32156
32028
32157
32029
32158
32030
32159
32031
32160
32032
32161
32033
32162
32034
32163
32035
32164
32036
32165
32037
32166
32038
32167
32039
32168
32040
32169
32041
32170
32042
32171
32043
32172
32044
32173
32045
32174
32046
32175
32047
32176
32048
32177
32049
32178
32050
32179
32051
32180
32052
32181
32053
32182
32054
32183
32055
32184
32056
32185
32057
32186
32058
32187
32059
32188
32060
32189
32061
32190
32062
32191
32063
32192
32064
32193
32065
32194
32066
32195
32067
32196
32068
32197
32069
32198
32070
32199
32071
32200
32072
32201
32073
32202
32074
32203
32075
32204
32076
32205
32077
32206
32078
32207
32079
32208
32080
32209
32081
32210
32082
32211
32083
32212
32084
32213
32085
32214
32086
32215
32087
32216
32088
32217
32089
32218
32090
32219
32091
32220
32092
32221
32093
32222
32094
32223
32095
32224
32096
32225
32097
32226
32098
32227
32099
32228
32100
32229
32101
32230
32102
32231
32103
32232
32104
32233
32105
32234
32106
32235
32107
32236
32108
32237
32109
32238
32239
32111
32240
32112
32241
32113
32242
32114
32243
32115
32244
32116
32245
32117
32246
32118
32247
32119
32248
32120
32249
32121
32250
32122
32251
32123
32252
32124
32253
32125
32254
32126
32255
32127
32256
32128
32257
32129
32258
32130
32259
32131
32260
32132
32261
32133
32262
32134
32263
32135
32264
32136
32265
32137
32266
32138
32267
32139
32268
32140
32269
32141
32270
32142
32271
32143
32272
32144
32273
32145
32274
32146
32275
32147
32276
32148
32277
32149
32278
32150
32279
32151
32280
32152
32281
32153
32282
32154
32283
32155
32284
32156
32285
32157
32286
32158
32287
32159
32288
32160
32289
32161
32290
32162
32291
32163
32292
32164
32293
32165
32294
32166
32295
32167
32296
32168
32297
32169
32298
32170
32299
32171
32300
32172
32301
32173
32302
32174
32303
32175
32304
32176
32305
32177
32306
32178
32307
32179
32308
32180
32309
32181
32310
32182
32311
32183
32312
32184
32313
32185
32314
32186
32315
32187
32316
32188
32317
32189
32318
32190
32319
32191
32320
32192
32321
32193
32322
32194
32323
32195
32324
32196
32325
32197
32326
32198
32327
32199
32328
32200
32329
32201
32330
32202
32331
32203
32332
32204
32333
32205
32334
32206
32335
32207
32336
32208
32337
32209
32338
32210
32339
32211
32340
32212
32341
32213
32342
32214
32343
32215
32344
32216
32345
32217
32346
32218
32347
32219
32348
32220
32349
32221
32350
32222
32351
32223
32352
32224
32353
32225
32354
32226
32355
32227
32356
32228
32357
32229
32358
32230
32359
32231
32360
32232
32361
32233
32362
32234
32363
32235
32364
32236
32365
32237
32366
32238
32367
32239
32368
32369
32241
32370
32242
32371
32243
32372
32244
32373
32245
32374
32246
32375
32247
32376
32248
32377
32249
32378
32250
32379
32251
32380
32252
32381
32253
32382
32254
32383
32255
32384
32256
32385
32257
32386
32258
32387
32259
32388
32260
32389
32261
32390
32262
32391
32263
32392
32264
32393
32265
32394
32266
32395
32267
32396
32268
32397
32269
32398
32270
32399
32271
32400
32272
32401
32273
32402
32274
32403
32275
32404
32276
32405
32277
32406
32278
32407
32279
32408
32280
32409
32281
32410
32282
32411
32283
32412
32284
32413
32285
32414
32286
32415
32287
32416
32288
32417
32289
32418
32290
32419
32291
32420
32292
32421
32293
32422
32294
32423
32295
32424
32296
32425
32297
32426
32298
32427
32299
32428
32300
32429
32301
32430
32302
32431
32303
32432
32304
32433
32305
32434
32306
32435
32307
32436
32308
32437
32309
32438
32310
32439
32311
32440
32312
32441
32313
32442
32314
32443
32315
32444
32316
32445
32317
32446
32318
32447
32319
32448
32320
32449
32321
32450
32322
32451
32323
32452
32324
32453
32325
32454
32326
32455
32327
32456
32328
32457
32329
32458
32330
32459
32331
32460
32332
32461
32333
32462
32334
32463
32335
32464
32336
32465
32337
32466
32338
32467
32339
32468
32340
32469
32341
32470
32342
32471
32343
32472
32344
32473
32345
32474
32346
32475
32347
32476
32348
32477
32349
32478
32350
32479
32351
32480
32352
32481
32353
32482
32354
32483
32355
32484
32356
32485
32357
32486
32358
32487
32359
32488
32360
32489
32361
32490
32362
32491
32363
32492
32364
32493
32365
32494
32366
32495
32367
32496
32368
32497
32369
32498
32499
32371
32500
32372
32501
32373
32502
32374
32503
32375
32504
32376
32505
32377
32506
32378
32507
32379
32508
32380
32509
32381
32510
32382
32511
32383
32512
32384
32513
32385
32514
32386
32515
32387
32516
32388
32517
32389
32518
32390
32519
32391
32520
32392
32521
32393
32522
32394
32523
32395
32524
32396
32525
32397
32526
32398
32527
32399
32528
32400
32529
32401
32530
32402
32531
32403
32532
32404
32533
32405
32534
32406
32535
32407
32536
32408
32537
32409
32538
32410
32539
32411
32540
32412
32541
32413
32542
32414
32543
32415
32544
32416
32545
32417
32546
32418
32547
32419
32548
32420
32549
32421
32550
32422
32551
32423
32552
32424
32553
32425
32554
32426
32555
32427
32556
32428
32557
32429
32558
32430
32559
32431
32560
32432
32561
32433
32562
32434
32563
32435
32564
32436
32565
32437
32566
32438
32567
32439
32568
32440
32569
32441
32570
32442
32571
32443
32572
32444
32573
32445
32574
32446
32575
32447
32576
32448
32577
32449
32578
32450
32579
32451
32580
32452
32581
32453
32582
32454
32583
32455
32584
32456
32585
32457
32586
32458
32587
32459
32588
32460
32589
32461
32590
32462
32591
32463
32592
32464
32593
32465
32594
32466
32595
32467
32596
32468
32597
32469
32598
32470
32599
32471
32600
32472
32601
32473
32602
32474
32603
32475
32604
32476
32605
32477
32606
32478
32607
32479
32608
32480
32609
32481
32610
32482
32611
32483
32612
32484
32613
32485
32614
32486
32615
32487
32616
32488
32617
32489
32618
32490
32619
32491
32620
32492
32621
32493
32622
32494
32623
32495
32624
32496
32625
32497
32626
32498
32627
32499
32628
32629
32501
32630
32502
32631
32503
32632
32504
32633
32505
32634
32506
32635
32507
32636
32508
32637
32509
32638
32510
32639
32511
32640
32512
32641
32513
32642
32514
32643
32515
32644
32516
32645
32517
32646
32518
32647
32519
32648
32520
32649
32521
32650
32522
32651
32523
32652
32524
32653
32525
32654
32526
32655
32527
32656
32528
32657
32529
32658
32530
32659
32531
32660
32532
32661
32533
32662
32534
32663
32535
32664
32536
32665
32537
32666
32538
32667
32539
32668
32540
32669
32541
32670
32542
32671
32543
32672
32544
32673
32545
32674
32546
32675
32547
32676
32548
32677
32549
32678
32550
32679
32551
32680
32552
32681
32553
32682
32554
32683
32555
32684
32556
32685
32557
32686
32558
32687
32559
32688
32560
32689
32561
32690
32562
32691
32563
32692
32564
32693
32565
32694
32566
32695
32567
32696
32568
32697
32569
32698
32570
32699
32571
32700
32572
32701
32573
32702
32574
32703
32575
32704
32576
32705
32577
32706
32578
32707
32579
32708
32580
32709
32581
32710
32582
32711
32583
32712
32584
32713
32585
32714
32586
32715
32587
32716
32588
32717
32589
32718
32590
32719
32591
32720
32592
32721
32593
32722
32594
32723
32595
32724
32596
32725
32597
32726
32598
32727
32599
32728
32600
32729
32601
32730
32602
32731
32603
32732
32604
32733
32605
32734
32606
32735
32607
32736
32608
32737
32609
32738
32610
32739
32611
32740
32612
32741
32613
32742
32614
32743
32615
32744
32616
32745
32617
32746
32618
32747
32619
32748
32620
32749
32621
32750
32622
32751
32623
32752
32624
32753
32625
32754
32626
32755
32627
32756
32628
32757
32629
32758
32759
32631
32760
32632
32761
32633
32762
32634
32763
32635
32764
32636
32765
32637
32766
32638
32767
32639
32768
32640
32769
32641
32770
32642
32771
32643
32772
32644
32773
32645
32774
32646
32775
32647
32776
32648
32777
32649
32778
32650
32779
32651
32780
32652
32781
32653
32782
32654
32783
32655
32784
32656
32785
32657
32786
32658
32787
32659
32788
32660
32789
32661
32790
32662
32791
32663
32792
32664
32793
32665
32794
32666
32795
32667
32796
32668
32797
32669
32798
32670
32799
32671
32800
32672
32801
32673
32802
32674
32803
32675
32804
32676
32805
32677
32806
32678
32807
32679
32808
32680
32809
32681
32810
32682
32811
32683
32812
32684
32813
32685
32814
32686
32815
32687
32816
32688
32817
32689
32818
32690
32819
32691
32820
32692
32821
32693
32822
32694
32823
32695
32824
32696
32825
32697
32826
32698
32827
32699
32828
32700
32829
32701
32830
32702
32831
32703
32832
32704
32833
32705
32834
32706
32835
32707
32836
32708
32837
32709
32838
32710
32839
32711
32840
32712
32841
32713
32842
32714
32843
32715
32844
32716
32845
32717
32846
32718
32847
32719
32848
32720
32849
32721
32850
32722
32851
32723
32852
32724
32853
32725
32854
32726
32855
32727
32856
32728
32857
32729
32858
32730
32859
32731
32860
32732
32861
32733
32862
32734
32863
32735
32864
32736
32865
32737
32866
32738
32867
32739
32868
32740
32869
32741
32870
32742
32871
32743
32872
32744
32873
32745
32874
32746
32875
32747
32876
32748
32877
32749
32878
32750
32879
32751
32880
32752
32881
32753
32882
32754
32883
32755
32884
32756
32885
32757
32886
32758
32887
32759
32888
32889
32761
32890
32762
32891
32763
32892
32764
32893
32765
32894
32766
32895
32767
32896
32768
32897
32769
32898
32770
32899
32771
32900
32772
32901
32773
32902
32774
32903
32775
32904
32776
32905
32777
32906
32778
32907
32779
32908
32780
32909
32781
32910
32782
32911
32783
32912
32784
32913
32785
32914
32786
32915
32787
32916
32788
32917
32789
32918
32790
32919
32791
32920
32792
32921
32793
32922
32794
32923
32795
32924
32796
32925
32797
32926
32798
32927
32799
32928
32800
32929
32801
32930
32802
32931
32803
32932
32804
32933
32805
32934
32806
32935
32807
32936
32808
32937
32809
32938
32810
32939
32811
32940
32812
32941
32813
32942
32814
32943
32815
32944
32816
32945
32817
32946
32818
32947
32819
32948
32820
32949
32821
32950
32822
32951
32823
32952
32824
32953
32825
32954
32826
32955
32827
32956
32828
32957
32829
32958
32830
32959
32831
32960
32832
32961
32833
32962
32834
32963
32835
32964
32836
32965
32837
32966
32838
32967
32839
32968
32840
32969
32841
32970
32842
32971
32843
32972
32844
32973
32845
32974
32846
32975
32847
32976
32848
32977
32849
32978
32850
32979
32851
32980
32852
32981
32853
32982
32854
32983
32855
32984
32856
32985
32857
32986
32858
32987
32859
32988
32860
32989
32861
32990
32862
32991
32863
32992
32864
32993
32865
32994
32866
32995
32867
32996
32868
32997
32869
32998
32870
32999
32871
33000
32872
33001
32873
33002
32874
33003
32875
33004
32876
33005
32877
33006
32878
33007
32879
33008
32880
33009
32881
33010
32882
33011
32883
33012
32884
33013
32885
33014
32886
33015
32887
33016
32888
33017
32889
33018
33019
32891
33020
32892
33021
32893
33022
32894
33023
32895
33024
32896
33025
32897
33026
32898
33027
32899
33028
32900
33029
32901
33030
32902
33031
32903
33032
32904
33033
32905
33034
32906
33035
32907
33036
32908
33037
32909
33038
32910
33039
32911
33040
32912
33041
32913
33042
32914
33043
32915
33044
32916
33045
32917
33046
32918
33047
32919
33048
32920
33049
32921
33050
32922
33051
32923
33052
32924
33053
32925
33054
32926
33055
32927
33056
32928
33057
32929
33058
32930
33059
32931
33060
32932
33061
32933
33062
32934
33063
32935
33064
32936
33065
32937
33066
32938
33067
32939
33068
32940
33069
32941
33070
32942
33071
32943
33072
32944
33073
32945
33074
32946
33075
32947
33076
32948
33077
32949
33078
32950
33079
32951
33080
32952
33081
32953
33082
32954
33083
32955
33084
32956
33085
32957
33086
32958
33087
32959
33088
32960
33089
32961
33090
32962
33091
32963
33092
32964
33093
32965
33094
32966
33095
32967
33096
32968
33097
32969
33098
32970
33099
32971
33100
32972
33101
32973
33102
32974
33103
32975
33104
32976
33105
32977
33106
32978
33107
32979
33108
32980
33109
32981
33110
32982
33111
32983
33112
32984
33113
32985
33114
32986
33115
32987
33116
32988
33117
32989
33118
32990
33119
32991
33120
32992
33121
32993
33122
32994
33123
32995
33124
32996
33125
32997
33126
32998
33127
32999
33128
33000
33129
33001
33130
33002
33131
33003
33132
33004
33133
33005
33134
33006
33135
33007
33136
33008
33137
33009
33138
33010
33139
33011
33140
33012
33141
33013
33142
33014
33143
33015
33144
33016
33145
33017
33146
33018
33147
33019
33148
33149
33021
33150
33022
33151
33023
33152
33024
33153
33025
33154
33026
33155
33027
33156
33028
33157
33029
33158
33030
33159
33031
33160
33032
33161
33033
33162
33034
33163
33035
33164
33036
33165
33037
33166
33038
33167
33039
33168
33040
33169
33041
33170
33042
33171
33043
33172
33044
33173
33045
33174
33046
33175
33047
33176
33048
33177
33049
33178
33050
33179
33051
33180
33052
33181
33053
33182
33054
33183
33055
33184
33056
33185
33057
33186
33058
33187
33059
33188
33060
33189
33061
33190
33062
33191
33063
33192
33064
33193
33065
33194
33066
33195
33067
33196
33068
33197
33069
33198
33070
33199
33071
33200
33072
33201
33073
33202
33074
33203
33075
33204
33076
33205
33077
33206
33078
33207
33079
33208
33080
33209
33081
33210
33082
33211
33083
33212
33084
33213
33085
33214
33086
33215
33087
33216
33088
33217
33089
33218
33090
33219
33091
33220
33092
33221
33093
33222
33094
33223
33095
33224
33096
33225
33097
33226
33098
33227
33099
33228
33100
33229
33101
33230
33102
33231
33103
33232
33104
33233
33105
33234
33106
33235
33107
33236
33108
33237
33109
33238
33110
33239
33111
33240
33112
33241
33113
33242
33114
33243
33115
33244
33116
33245
33117
33246
33118
33247
33119
33248
33120
33249
33121
33250
33122
33251
33123
33252
33124
33253
33125
33254
33126
33255
33127
33256
33128
33257
33129
33258
33130
33259
33131
33260
33132
33261
33133
33262
33134
33263
33135
33264
33136
33265
33137
33266
33138
33267
33139
33268
33140
33269
33141
33270
33142
33271
33143
33272
33144
33273
33145
33274
33146
33275
33147
33276
33148
33277
33149
33278
33279
33151
33280
33152
33281
33153
33282
33154
33283
33155
33284
33156
33285
33157
33286
33158
33287
33159
33288
33160
33289
33161
33290
33162
33291
33163
33292
33164
33293
33165
33294
33166
33295
33167
33296
33168
33297
33169
33298
33170
33299
33171
33300
33172
33301
33173
33302
33174
33303
33175
33304
33176
33305
33177
33306
33178
33307
33179
33308
33180
33309
33181
33310
33182
33311
33183
33312
33184
33313
33185
33314
33186
33315
33187
33316
33188
33317
33189
33318
33190
33319
33191
33320
33192
33321
33193
33322
33194
33323
33195
33324
33196
33325
33197
33326
33198
33327
33199
33328
33200
33329
33201
33330
33202
33331
33203
33332
33204
33333
33205
33334
33206
33335
33207
33336
33208
33337
33209
33338
33210
33339
33211
33340
33212
33341
33213
33342
33214
33343
33215
33344
33216
33345
33217
33346
33218
33347
33219
33348
33220
33349
33221
33350
33222
33351
33223
33352
33224
33353
33225
33354
33226
33355
33227
33356
33228
33357
33229
33358
33230
33359
33231
33360
33232
33361
33233
33362
33234
33363
33235
33364
33236
33365
33237
33366
33238
33367
33239
33368
33240
33369
33241
33370
33242
33371
33243
33372
33244
33373
33245
33374
33246
33375
33247
33376
33248
33377
33249
33378
33250
33379
33251
33380
33252
33381
33253
33382
33254
33383
33255
33384
33256
33385
33257
33386
33258
33387
33259
33388
33260
33389
33261
33390
33262
33391
33263
33392
33264
33393
33265
33394
33266
33395
33267
33396
33268
33397
33269
33398
33270
33399
33271
33400
33272
33401
33273
33402
33274
33403
33275
33404
33276
33405
33277
33406
33278
33407
33279
33408
33409
33281
33410
33282
33411
33283
33412
33284
33413
33285
33414
33286
33415
33287
33416
33288
33417
33289
33418
33290
33419
33291
33420
33292
33421
33293
33422
33294
33423
33295
33424
33296
33425
33297
33426
33298
33427
33299
33428
33300
33429
33301
33430
33302
33431
33303
33432
33304
33433
33305
33434
33306
33435
33307
33436
33308
33437
33309
33438
33310
33439
33311
33440
33312
33441
33313
33442
33314
33443
33315
33444
33316
33445
33317
33446
33318
33447
33319
33448
33320
33449
33321
33450
33322
33451
33323
33452
33324
33453
33325
33454
33326
33455
33327
33456
33328
33457
33329
33458
33330
33459
33331
33460
33332
33461
33333
33462
33334
33463
33335
33464
33336
33465
33337
33466
33338
33467
33339
33468
33340
33469
33341
33470
33342
33471
33343
33472
33344
33473
33345
33474
33346
33475
33347
33476
33348
33477
33349
33478
33350
33479
33351
33480
33352
33481
33353
33482
33354
33483
33355
33484
33356
33485
33357
33486
33358
33487
33359
33488
33360
33489
33361
33490
33362
33491
33363
33492
33364
33493
33365
33494
33366
33495
33367
33496
33368
33497
33369
33498
33370
33499
33371
33500
33372
33501
33373
33502
33374
33503
33375
33504
33376
33505
33377
33506
33378
33507
33379
33508
33380
33509
33381
33510
33382
33511
33383
33512
33384
33513
33385
33514
33386
33515
33387
33516
33388
33517
33389
33518
33390
33519
33391
33520
33392
33521
33393
33522
33394
33523
33395
33524
33396
33525
33397
33526
33398
33527
33399
33528
33400
33529
33401
33530
33402
33531
33403
33532
33404
33533
33405
33534
33406
33535
33407
33536
33408
33537
33409
33538
33539
33411
33540
33412
33541
33413
33542
33414
33543
33415
33544
33416
33545
33417
33546
33418
33547
33419
33548
33420
33549
33421
33550
33422
33551
33423
33552
33424
33553
33425
33554
33426
33555
33427
33556
33428
33557
33429
33558
33430
33559
33431
33560
33432
33561
33433
33562
33434
33563
33435
33564
33436
33565
33437
33566
33438
33567
33439
33568
33440
33569
33441
33570
33442
33571
33443
33572
33444
33573
33445
33574
33446
33575
33447
33576
33448
33577
33449
33578
33450
33579
33451
33580
33452
33581
33453
33582
33454
33583
33455
33584
33456
33585
33457
33586
33458
33587
33459
33588
33460
33589
33461
33590
33462
33591
33463
33592
33464
33593
33465
33594
33466
33595
33467
33596
33468
33597
33469
33598
33470
33599
33471
33600
33472
33601
33473
33602
33474
33603
33475
33604
33476
33605
33477
33606
33478
33607
33479
33608
33480
33609
33481
33610
33482
33611
33483
33612
33484
33613
33485
33614
33486
33615
33487
33616
33488
33617
33489
33618
33490
33619
33491
33620
33492
33621
33493
33622
33494
33623
33495
33624
33496
33625
33497
33626
33498
33627
33499
33628
33500
33629
33501
33630
33502
33631
33503
33632
33504
33633
33505
33634
33506
33635
33507
33636
33508
33637
33509
33638
33510
33639
33511
33640
33512
33641
33513
33642
33514
33643
33515
33644
33516
33645
33517
33646
33518
33647
33519
33648
33520
33649
33521
33650
33522
33651
33523
33652
33524
33653
33525
33654
33526
33655
33527
33656
33528
33657
33529
33658
33530
33659
33531
33660
33532
33661
33533
33662
33534
33663
33535
33664
33536
33665
33537
33666
33538
33667
33539
33668
33669
33541
33670
33542
33671
33543
33672
33544
33673
33545
33674
33546
33675
33547
33676
33548
33677
33549
33678
33550
33679
33551
33680
33552
33681
33553
33682
33554
33683
33555
33684
33556
33685
33557
33686
33558
33687
33559
33688
33560
33689
33561
33690
33562
33691
33563
33692
33564
33693
33565
33694
33566
33695
33567
33696
33568
33697
33569
33698
33570
33699
33571
33700
33572
33701
33573
33702
33574
33703
33575
33704
33576
33705
33577
33706
33578
33707
33579
33708
33580
33709
33581
33710
33582
33711
33583
33712
33584
33713
33585
33714
33586
33715
33587
33716
33588
33717
33589
33718
33590
33719
33591
33720
33592
33721
33593
33722
33594
33723
33595
33724
33596
33725
33597
33726
33598
33727
33599
33728
33600
33729
33601
33730
33602
33731
33603
33732
33604
33733
33605
33734
33606
33735
33607
33736
33608
33737
33609
33738
33610
33739
33611
33740
33612
33741
33613
33742
33614
33743
33615
33744
33616
33745
33617
33746
33618
33747
33619
33748
33620
33749
33621
33750
33622
33751
33623
33752
33624
33753
33625
33754
33626
33755
33627
33756
33628
33757
33629
33758
33630
33759
33631
33760
33632
33761
33633
33762
33634
33763
33635
33764
33636
33765
33637
33766
33638
33767
33639
33768
33640
33769
33641
33770
33642
33771
33643
33772
33644
33773
33645
33774
33646
33775
33647
33776
33648
33777
33649
33778
33650
33779
33651
33780
33652
33781
33653
33782
33654
33783
33655
33784
33656
33785
33657
33786
33658
33787
33659
33788
33660
33789
33661
33790
33662
33791
33663
33792
33664
33793
33665
33794
33666
33795
33667
33796
33668
33797
33669
33798
33799
33671
33672
33673
33674
33675
33676
33677
33678
33679
33680
33681
33682
33683
33684
33685
33686
33687
33688
33689
33690
33691
33692
33693
33694
33695
33696
33697
33698
33699
33700
33701
33702
33703
33704
33705
33706
33707
33708
33709
33710
33711
33712
33713
33714
33715
33716
33717
33718
33719
33720
33721
33722
33723
33724
33725
33726
33727
33728
33729
33730
33731
33732
33733
33734
33735
33736
33737
33738
33739
33740
33741
33742
33743
33744
33745
33746
33747
33748
33749
33750
33751
33752
33753
33754
33755
33756
33757
33758
33759
33760
33761
33762
33763
33764
33765
33766
33767
33768
33769
33770
33771
33772
33773
33774
33775
33776
33777
33778
33779
33780
33781
33782
33783
33784
33785
33786
33787
33788
33789
33790
33791
33792
33793
33794
33795
33796
33797
33798
33799
)
