solid
 facet normal  -8.7264773529e-01 4.3060924078e-01 -2.3035106220e-01
   outer loop
     vertex 1.1471522237e-01 2.3247522237e-01 0.0000000000e+00
     vertex 1.2134750783e-01 2.1344595449e-01 -6.0697907549e-02
     vertex -2.3129646346e-17 -1.8503717077e-17 9.6296497219e-35
   endloop
 endfacet
 facet normal  -7.8963830669e-01 2.9610214567e-01 -5.3739637507e-01
   outer loop
     vertex 1.2134750783e-01 2.1344595449e-01 -6.0697907549e-02
     vertex 1.3593853583e-01 1.6235757282e-01 -1.1028702893e-01
     vertex -3.7007434154e-17 0.0000000000e+00 0.0000000000e+00
   endloop
 endfacet
 facet normal  -7.2865037698e-01 1.5728522581e-01 -6.6658081721e-01
   outer loop
     vertex 1.3593853583e-01 1.6235757282e-01 -1.1028702893e-01
     vertex 1.5052956383e-01 8.8209210339e-02 -1.4373263585e-01
     vertex -4.6259292693e-18 0.0000000000e+00 0.0000000000e+00
   endloop
 endfacet
 facet normal  -7.0374293607e-01 4.5686201924e-02 -7.0898423881e-01
   outer loop
     vertex 1.5052956383e-01 8.8209210339e-02 -1.4373263585e-01
     vertex 1.5716184928e-01 -2.1316282073e-17 -1.5600000000e-01
     vertex 0.0000000000e+00 0.0000000000e+00 0.0000000000e+00
   endloop
 endfacet
 facet normal  -7.0374293607e-01 -4.5686201924e-02 -7.0898423881e-01
   outer loop
     vertex 0.0000000000e+00 0.0000000000e+00 0.0000000000e+00
     vertex 1.5716184928e-01 -2.1316282073e-17 -1.5600000000e-01
     vertex 1.5052956383e-01 -8.8209210339e-02 -1.4373263585e-01
   endloop
 endfacet
 facet normal  -7.2865037698e-01 -1.5728522581e-01 -6.6658081721e-01
   outer loop
     vertex -4.6259292693e-18 0.0000000000e+00 7.7037197775e-34
     vertex 1.5052956383e-01 -8.8209210339e-02 -1.4373263585e-01
     vertex 1.3593853583e-01 -1.6235757282e-01 -1.1028702893e-01
   endloop
 endfacet
 facet normal  -7.8963830669e-01 -2.9610214567e-01 -5.3739637507e-01
   outer loop
     vertex -3.7007434154e-17 0.0000000000e+00 0.0000000000e+00
     vertex 1.3593853583e-01 -1.6235757282e-01 -1.1028702893e-01
     vertex 1.2134750783e-01 -2.1344595449e-01 -6.0697907549e-02
   endloop
 endfacet
 facet normal  -8.7264773529e-01 -4.3060924078e-01 -2.3035106220e-01
   outer loop
     vertex -1.8503717077e-17 1.3877787808e-17 2.0543252740e-33
     vertex 1.2134750783e-01 -2.1344595449e-01 -6.0697907549e-02
     vertex 1.1471522237e-01 -2.3247522237e-01 -1.2549595307e-17
   endloop
 endfacet
 facet normal  -8.7264773529e-01 -4.3060924078e-01 2.3035106220e-01
   outer loop
     vertex 1.1471522237e-01 -2.3247522237e-01 -1.2549595307e-17
     vertex 1.2134750783e-01 -2.1344595449e-01 6.0697907549e-02
     vertex -1.8503717077e-17 0.0000000000e+00 5.1358131850e-34
   endloop
 endfacet
 facet normal  -7.8963830669e-01 -2.9610214567e-01 5.3739637507e-01
   outer loop
     vertex 1.2134750783e-01 -2.1344595449e-01 6.0697907549e-02
     vertex 1.3593853583e-01 -1.6235757282e-01 1.1028702893e-01
     vertex -3.7007434154e-17 0.0000000000e+00 0.0000000000e+00
   endloop
 endfacet
 facet normal  -7.2865037698e-01 -1.5728522581e-01 6.6658081721e-01
   outer loop
     vertex 1.3593853583e-01 -1.6235757282e-01 1.1028702893e-01
     vertex 1.5052956383e-01 -8.8209210339e-02 1.4373263585e-01
     vertex -3.2381504885e-17 6.9388939039e-18 0.0000000000e+00
   endloop
 endfacet
 facet normal  -7.0374293607e-01 -4.5686201924e-02 7.0898423881e-01
   outer loop
     vertex 1.5052956383e-01 -8.8209210339e-02 1.4373263585e-01
     vertex 1.5716184928e-01 -8.8817841970e-19 1.5600000000e-01
     vertex 0.0000000000e+00 0.0000000000e+00 0.0000000000e+00
   endloop
 endfacet
 facet normal  -7.0374293607e-01 4.5686201924e-02 7.0898423881e-01
   outer loop
     vertex 0.0000000000e+00 0.0000000000e+00 0.0000000000e+00
     vertex 1.5716184928e-01 -8.8817841970e-19 1.5600000000e-01
     vertex 1.5052956383e-01 8.8209210339e-02 1.4373263585e-01
   endloop
 endfacet
 facet normal  -7.2865037698e-01 1.5728522581e-01 6.6658081721e-01
   outer loop
     vertex 0.0000000000e+00 -3.4694469520e-18 -1.9259299444e-34
     vertex 1.5052956383e-01 8.8209210339e-02 1.4373263585e-01
     vertex 1.3593853583e-01 1.6235757282e-01 1.1028702893e-01
   endloop
 endfacet
 facet normal  -7.8963830669e-01 2.9610214567e-01 5.3739637507e-01
   outer loop
     vertex 0.0000000000e+00 0.0000000000e+00 0.0000000000e+00
     vertex 1.3593853583e-01 1.6235757282e-01 1.1028702893e-01
     vertex 1.2134750783e-01 2.1344595449e-01 6.0697907549e-02
   endloop
 endfacet
 facet normal  -8.7264773529e-01 4.3060924078e-01 2.3035106220e-01
   outer loop
     vertex -3.2381504885e-17 -1.8503717077e-17 0.0000000000e+00
     vertex 1.2134750783e-01 2.1344595449e-01 6.0697907549e-02
     vertex 1.1471522237e-01 2.3247522237e-01 0.0000000000e+00
   endloop
 endfacet
 facet normal  -9.7974055028e-01 1.3381325136e-01 -1.4900492575e-01
   outer loop
     vertex 1.1471522237e-01 2.3247522237e-01 0.0000000000e+00
     vertex 1.5880462517e-01 5.5528462517e-01 0.0000000000e+00
     vertex 1.2134750783e-01 2.1344595449e-01 -6.0697907549e-02
   endloop
 endfacet
 facet normal  -9.9089504770e-01 1.1956747952e-01 -6.1892021223e-02
   outer loop
     vertex 1.5880462517e-01 5.5528462517e-01 0.0000000000e+00
     vertex 1.6626594630e-01 5.1077709483e-01 -2.0543907171e-01
     vertex 1.2134750783e-01 2.1344595449e-01 -6.0697907549e-02
   endloop
 endfacet
 facet normal  -9.5791568482e-01 4.9993694283e-03 -2.8700617951e-01
   outer loop
     vertex 1.2134750783e-01 2.1344595449e-01 -6.0697907549e-02
     vertex 1.6626594630e-01 5.1077709483e-01 -2.0543907171e-01
     vertex 1.3593853583e-01 1.6235757282e-01 -1.1028702893e-01
   endloop
 endfacet
 facet normal  -9.8990392677e-01 4.9937329777e-02 -1.3265172014e-01
   outer loop
     vertex 1.6626594630e-01 5.1077709483e-01 -2.0543907171e-01
     vertex 1.8268085281e-01 3.9032415884e-01 -3.7327917485e-01
     vertex 1.3593853583e-01 1.6235757282e-01 -1.1028702893e-01
   endloop
 endfacet
 facet normal  -9.6685877545e-01 -8.1056003831e-02 -2.4210335104e-01
   outer loop
     vertex 1.3593853583e-01 1.6235757282e-01 -1.1028702893e-01
     vertex 1.8268085281e-01 3.9032415884e-01 -3.7327917485e-01
     vertex 1.5052956383e-01 8.8209210339e-02 -1.4373263585e-01
   endloop
 endfacet
 facet normal  -9.9002169763e-01 -1.7004207876e-03 -1.4090474365e-01
   outer loop
     vertex 1.8268085281e-01 3.9032415884e-01 -3.7327917485e-01
     vertex 1.9909575931e-01 2.1353029973e-01 -4.8647969057e-01
     vertex 1.5052956383e-01 8.8209210339e-02 -1.4373263585e-01
   endloop
 endfacet
 facet normal  -9.8594732220e-01 -5.2055489979e-02 -1.5873910613e-01
   outer loop
     vertex 1.5052956383e-01 8.8209210339e-02 -1.4373263585e-01
     vertex 1.9909575931e-01 2.1353029973e-01 -4.8647969057e-01
     vertex 1.5716184928e-01 -2.1316282073e-17 -1.5600000000e-01
   endloop
 endfacet
 facet normal  -9.9125870078e-01 -9.0437079282e-03 -1.3162218458e-01
   outer loop
     vertex 1.9909575931e-01 2.1353029973e-01 -4.8647969057e-01
     vertex 2.0655708044e-01 -2.3980817332e-17 -5.2800000000e-01
     vertex 1.5716184928e-01 -2.1316282073e-17 -1.5600000000e-01
   endloop
 endfacet
 facet normal  -9.9125870078e-01 9.0437079282e-03 -1.3162218458e-01
   outer loop
     vertex 1.5716184928e-01 -2.1316282073e-17 -1.5600000000e-01
     vertex 2.0655708044e-01 -2.3980817332e-17 -5.2800000000e-01
     vertex 1.9909575931e-01 -2.1353029973e-01 -4.8647969057e-01
   endloop
 endfacet
 facet normal  -9.8594732220e-01 5.2055489979e-02 -1.5873910613e-01
   outer loop
     vertex 1.5716184928e-01 -2.1316282073e-17 -1.5600000000e-01
     vertex 1.9909575931e-01 -2.1353029973e-01 -4.8647969057e-01
     vertex 1.5052956383e-01 -8.8209210339e-02 -1.4373263585e-01
   endloop
 endfacet
 facet normal  -9.9002169763e-01 1.7004207876e-03 -1.4090474365e-01
   outer loop
     vertex 1.5052956383e-01 -8.8209210339e-02 -1.4373263585e-01
     vertex 1.9909575931e-01 -2.1353029973e-01 -4.8647969057e-01
     vertex 1.8268085281e-01 -3.9032415884e-01 -3.7327917485e-01
   endloop
 endfacet
 facet normal  -9.6685877545e-01 8.1056003831e-02 -2.4210335104e-01
   outer loop
     vertex 1.5052956383e-01 -8.8209210339e-02 -1.4373263585e-01
     vertex 1.8268085281e-01 -3.9032415884e-01 -3.7327917485e-01
     vertex 1.3593853583e-01 -1.6235757282e-01 -1.1028702893e-01
   endloop
 endfacet
 facet normal  -9.8990392677e-01 -4.9937329777e-02 -1.3265172014e-01
   outer loop
     vertex 1.3593853583e-01 -1.6235757282e-01 -1.1028702893e-01
     vertex 1.8268085281e-01 -3.9032415884e-01 -3.7327917485e-01
     vertex 1.6626594630e-01 -5.1077709483e-01 -2.0543907171e-01
   endloop
 endfacet
 facet normal  -9.5791568482e-01 -4.9993694283e-03 -2.8700617951e-01
   outer loop
     vertex 1.3593853583e-01 -1.6235757282e-01 -1.1028702893e-01
     vertex 1.6626594630e-01 -5.1077709483e-01 -2.0543907171e-01
     vertex 1.2134750783e-01 -2.1344595449e-01 -6.0697907549e-02
   endloop
 endfacet
 facet normal  -9.9089504770e-01 -1.1956747952e-01 -6.1892021223e-02
   outer loop
     vertex 1.2134750783e-01 -2.1344595449e-01 -6.0697907549e-02
     vertex 1.6626594630e-01 -5.1077709483e-01 -2.0543907171e-01
     vertex 1.5880462517e-01 -5.5528462517e-01 -1.4118294720e-17
   endloop
 endfacet
 facet normal  -9.7974055028e-01 -1.3381325136e-01 -1.4900492575e-01
   outer loop
     vertex 1.2134750783e-01 -2.1344595449e-01 -6.0697907549e-02
     vertex 1.5880462517e-01 -5.5528462517e-01 -1.4118294720e-17
     vertex 1.1471522237e-01 -2.3247522237e-01 -1.2549595307e-17
   endloop
 endfacet
 facet normal  -9.7974055028e-01 -1.3381325136e-01 1.4900492575e-01
   outer loop
     vertex 1.1471522237e-01 -2.3247522237e-01 -1.2549595307e-17
     vertex 1.5880462517e-01 -5.5528462517e-01 -1.4118294720e-17
     vertex 1.2134750783e-01 -2.1344595449e-01 6.0697907549e-02
   endloop
 endfacet
 facet normal  -9.9089504770e-01 -1.1956747952e-01 6.1892021223e-02
   outer loop
     vertex 1.5880462517e-01 -5.5528462517e-01 -1.4118294720e-17
     vertex 1.6626594630e-01 -5.1077709483e-01 2.0543907171e-01
     vertex 1.2134750783e-01 -2.1344595449e-01 6.0697907549e-02
   endloop
 endfacet
 facet normal  -9.5791568482e-01 -4.9993694283e-03 2.8700617951e-01
   outer loop
     vertex 1.2134750783e-01 -2.1344595449e-01 6.0697907549e-02
     vertex 1.6626594630e-01 -5.1077709483e-01 2.0543907171e-01
     vertex 1.3593853583e-01 -1.6235757282e-01 1.1028702893e-01
   endloop
 endfacet
 facet normal  -9.8990392677e-01 -4.9937329777e-02 1.3265172014e-01
   outer loop
     vertex 1.6626594630e-01 -5.1077709483e-01 2.0543907171e-01
     vertex 1.8268085281e-01 -3.9032415884e-01 3.7327917485e-01
     vertex 1.3593853583e-01 -1.6235757282e-01 1.1028702893e-01
   endloop
 endfacet
 facet normal  -9.6685877545e-01 8.1056003831e-02 2.4210335104e-01
   outer loop
     vertex 1.3593853583e-01 -1.6235757282e-01 1.1028702893e-01
     vertex 1.8268085281e-01 -3.9032415884e-01 3.7327917485e-01
     vertex 1.5052956383e-01 -8.8209210339e-02 1.4373263585e-01
   endloop
 endfacet
 facet normal  -9.9002169763e-01 1.7004207876e-03 1.4090474365e-01
   outer loop
     vertex 1.8268085281e-01 -3.9032415884e-01 3.7327917485e-01
     vertex 1.9909575931e-01 -2.1353029973e-01 4.8647969057e-01
     vertex 1.5052956383e-01 -8.8209210339e-02 1.4373263585e-01
   endloop
 endfacet
 facet normal  -9.8594732220e-01 5.2055489979e-02 1.5873910613e-01
   outer loop
     vertex 1.5052956383e-01 -8.8209210339e-02 1.4373263585e-01
     vertex 1.9909575931e-01 -2.1353029973e-01 4.8647969057e-01
     vertex 1.5716184928e-01 -8.8817841970e-19 1.5600000000e-01
   endloop
 endfacet
 facet normal  -9.9125870078e-01 9.0437079282e-03 1.3162218458e-01
   outer loop
     vertex 1.9909575931e-01 -2.1353029973e-01 4.8647969057e-01
     vertex 2.0655708044e-01 -9.9920072216e-19 5.2800000000e-01
     vertex 1.5716184928e-01 -8.8817841970e-19 1.5600000000e-01
   endloop
 endfacet
 facet normal  -9.9125870078e-01 -9.0437079282e-03 1.3162218458e-01
   outer loop
     vertex 1.5716184928e-01 -8.8817841970e-19 1.5600000000e-01
     vertex 2.0655708044e-01 -9.9920072216e-19 5.2800000000e-01
     vertex 1.9909575931e-01 2.1353029973e-01 4.8647969057e-01
   endloop
 endfacet
 facet normal  -9.8594732220e-01 -5.2055489979e-02 1.5873910613e-01
   outer loop
     vertex 1.5716184928e-01 -8.8817841970e-19 1.5600000000e-01
     vertex 1.9909575931e-01 2.1353029973e-01 4.8647969057e-01
     vertex 1.5052956383e-01 8.8209210339e-02 1.4373263585e-01
   endloop
 endfacet
 facet normal  -9.9002169763e-01 -1.7004207876e-03 1.4090474365e-01
   outer loop
     vertex 1.5052956383e-01 8.8209210339e-02 1.4373263585e-01
     vertex 1.9909575931e-01 2.1353029973e-01 4.8647969057e-01
     vertex 1.8268085281e-01 3.9032415884e-01 3.7327917485e-01
   endloop
 endfacet
 facet normal  -9.6685877545e-01 -8.1056003831e-02 2.4210335104e-01
   outer loop
     vertex 1.5052956383e-01 8.8209210339e-02 1.4373263585e-01
     vertex 1.8268085281e-01 3.9032415884e-01 3.7327917485e-01
     vertex 1.3593853583e-01 1.6235757282e-01 1.1028702893e-01
   endloop
 endfacet
 facet normal  -9.8990392677e-01 4.9937329777e-02 1.3265172014e-01
   outer loop
     vertex 1.3593853583e-01 1.6235757282e-01 1.1028702893e-01
     vertex 1.8268085281e-01 3.9032415884e-01 3.7327917485e-01
     vertex 1.6626594630e-01 5.1077709483e-01 2.0543907171e-01
   endloop
 endfacet
 facet normal  -9.5791568482e-01 4.9993694283e-03 2.8700617951e-01
   outer loop
     vertex 1.3593853583e-01 1.6235757282e-01 1.1028702893e-01
     vertex 1.6626594630e-01 5.1077709483e-01 2.0543907171e-01
     vertex 1.2134750783e-01 2.1344595449e-01 6.0697907549e-02
   endloop
 endfacet
 facet normal  -9.9089504770e-01 1.1956747952e-01 6.1892021223e-02
   outer loop
     vertex 1.2134750783e-01 2.1344595449e-01 6.0697907549e-02
     vertex 1.6626594630e-01 5.1077709483e-01 2.0543907171e-01
     vertex 1.5880462517e-01 5.5528462517e-01 0.0000000000e+00
   endloop
 endfacet
 facet normal  -9.7974055028e-01 1.3381325136e-01 1.4900492575e-01
   outer loop
     vertex 1.2134750783e-01 2.1344595449e-01 6.0697907549e-02
     vertex 1.5880462517e-01 5.5528462517e-01 0.0000000000e+00
     vertex 1.1471522237e-01 2.3247522237e-01 0.0000000000e+00
   endloop
 endfacet
 facet normal  -9.9918659670e-01 1.1245697775e-02 -3.8725692453e-02
   outer loop
     vertex 1.5880462517e-01 5.5528462517e-01 0.0000000000e+00
     vertex 1.6253641678e-01 8.8685641678e-01 0.0000000000e+00
     vertex 1.6626594630e-01 5.1077709483e-01 -2.0543907171e-01
   endloop
 endfacet
 facet normal  -9.9991616740e-01 -3.0406267735e-03 -1.2586213486e-02
   outer loop
     vertex 1.6253641678e-01 8.8685641678e-01 0.0000000000e+00
     vertex 1.6751063087e-01 8.1655563922e-01 -3.7819465473e-01
     vertex 1.6626594630e-01 5.1077709483e-01 -2.0543907171e-01
   endloop
 endfacet
 facet normal  -9.9678450813e-01 -3.6300878436e-02 -7.1434519475e-02
   outer loop
     vertex 1.6626594630e-01 5.1077709483e-01 -2.0543907171e-01
     vertex 1.6751063087e-01 8.1655563922e-01 -3.7819465473e-01
     vertex 1.8268085281e-01 3.9032415884e-01 -3.7327917485e-01
   endloop
 endfacet
 facet normal  -9.9927332347e-01 -3.5719063710e-02 -1.3303138669e-02
   outer loop
     vertex 1.6751063087e-01 8.1655563922e-01 -3.7819465473e-01
     vertex 1.7845390187e-01 6.2548297522e-01 -6.8717302643e-01
     vertex 1.8268085281e-01 3.9032415884e-01 -3.7327917485e-01
   endloop
 endfacet
 facet normal  -9.9694426655e-01 -6.8365723044e-02 -3.7792291733e-02
   outer loop
     vertex 1.8268085281e-01 3.9032415884e-01 -3.7327917485e-01
     vertex 1.7845390187e-01 6.2548297522e-01 -6.8717302643e-01
     vertex 1.9909575931e-01 2.1353029973e-01 -4.8647969057e-01
   endloop
 endfacet
 facet normal  -9.9891899227e-01 -4.5561331975e-02 9.2201906721e-03
   outer loop
     vertex 1.7845390187e-01 6.2548297522e-01 -6.8717302643e-01
     vertex 1.8939717287e-01 3.4338292781e-01 -8.9556488491e-01
     vertex 1.9909575931e-01 2.1353029973e-01 -4.8647969057e-01
   endloop
 endfacet
 facet normal  -9.9923636928e-01 -3.7224841031e-02 1.1873900416e-02
   outer loop
     vertex 1.9909575931e-01 2.1353029973e-01 -4.8647969057e-01
     vertex 1.8939717287e-01 3.4338292781e-01 -8.9556488491e-01
     vertex 2.0655708044e-01 -2.3980817332e-17 -5.2800000000e-01
   endloop
 endfacet
 facet normal  -9.9941181986e-01 -2.0582956173e-02 2.7429112835e-02
   outer loop
     vertex 1.8939717287e-01 3.4338292781e-01 -8.9556488491e-01
     vertex 1.9437138696e-01 -1.5987211555e-17 -9.7200000000e-01
     vertex 2.0655708044e-01 -2.3980817332e-17 -5.2800000000e-01
   endloop
 endfacet
 facet normal  -9.9941181986e-01 2.0582956173e-02 2.7429112835e-02
   outer loop
     vertex 2.0655708044e-01 -2.3980817332e-17 -5.2800000000e-01
     vertex 1.9437138696e-01 -1.5987211555e-17 -9.7200000000e-01
     vertex 1.8939717287e-01 -3.4338292781e-01 -8.9556488491e-01
   endloop
 endfacet
 facet normal  -9.9923636928e-01 3.7224841031e-02 1.1873900416e-02
   outer loop
     vertex 2.0655708044e-01 -2.3980817332e-17 -5.2800000000e-01
     vertex 1.8939717287e-01 -3.4338292781e-01 -8.9556488491e-01
     vertex 1.9909575931e-01 -2.1353029973e-01 -4.8647969057e-01
   endloop
 endfacet
 facet normal  -9.9891899227e-01 4.5561331975e-02 9.2201906721e-03
   outer loop
     vertex 1.9909575931e-01 -2.1353029973e-01 -4.8647969057e-01
     vertex 1.8939717287e-01 -3.4338292781e-01 -8.9556488491e-01
     vertex 1.7845390187e-01 -6.2548297522e-01 -6.8717302643e-01
   endloop
 endfacet
 facet normal  -9.9694426655e-01 6.8365723044e-02 -3.7792291733e-02
   outer loop
     vertex 1.9909575931e-01 -2.1353029973e-01 -4.8647969057e-01
     vertex 1.7845390187e-01 -6.2548297522e-01 -6.8717302643e-01
     vertex 1.8268085281e-01 -3.9032415884e-01 -3.7327917485e-01
   endloop
 endfacet
 facet normal  -9.9927332347e-01 3.5719063710e-02 -1.3303138669e-02
   outer loop
     vertex 1.8268085281e-01 -3.9032415884e-01 -3.7327917485e-01
     vertex 1.7845390187e-01 -6.2548297522e-01 -6.8717302643e-01
     vertex 1.6751063087e-01 -8.1655563922e-01 -3.7819465473e-01
   endloop
 endfacet
 facet normal  -9.9678450813e-01 3.6300878436e-02 -7.1434519475e-02
   outer loop
     vertex 1.8268085281e-01 -3.9032415884e-01 -3.7327917485e-01
     vertex 1.6751063087e-01 -8.1655563922e-01 -3.7819465473e-01
     vertex 1.6626594630e-01 -5.1077709483e-01 -2.0543907171e-01
   endloop
 endfacet
 facet normal  -9.9991616740e-01 3.0406267735e-03 -1.2586213486e-02
   outer loop
     vertex 1.6626594630e-01 -5.1077709483e-01 -2.0543907171e-01
     vertex 1.6751063087e-01 -8.1655563922e-01 -3.7819465473e-01
     vertex 1.6253641678e-01 -8.8685641678e-01 -9.4121964801e-18
   endloop
 endfacet
 facet normal  -9.9918659670e-01 -1.1245697775e-02 -3.8725692453e-02
   outer loop
     vertex 1.6626594630e-01 -5.1077709483e-01 -2.0543907171e-01
     vertex 1.6253641678e-01 -8.8685641678e-01 -9.4121964801e-18
     vertex 1.5880462517e-01 -5.5528462517e-01 -1.4118294720e-17
   endloop
 endfacet
 facet normal  -9.9918659670e-01 -1.1245697775e-02 3.8725692453e-02
   outer loop
     vertex 1.5880462517e-01 -5.5528462517e-01 -1.4118294720e-17
     vertex 1.6253641678e-01 -8.8685641678e-01 -9.4121964801e-18
     vertex 1.6626594630e-01 -5.1077709483e-01 2.0543907171e-01
   endloop
 endfacet
 facet normal  -9.9991616740e-01 3.0406267735e-03 1.2586213486e-02
   outer loop
     vertex 1.6253641678e-01 -8.8685641678e-01 -9.4121964801e-18
     vertex 1.6751063087e-01 -8.1655563922e-01 3.7819465473e-01
     vertex 1.6626594630e-01 -5.1077709483e-01 2.0543907171e-01
   endloop
 endfacet
 facet normal  -9.9678450813e-01 3.6300878436e-02 7.1434519475e-02
   outer loop
     vertex 1.6626594630e-01 -5.1077709483e-01 2.0543907171e-01
     vertex 1.6751063087e-01 -8.1655563922e-01 3.7819465473e-01
     vertex 1.8268085281e-01 -3.9032415884e-01 3.7327917485e-01
   endloop
 endfacet
 facet normal  -9.9927332347e-01 3.5719063710e-02 1.3303138669e-02
   outer loop
     vertex 1.6751063087e-01 -8.1655563922e-01 3.7819465473e-01
     vertex 1.7845390187e-01 -6.2548297522e-01 6.8717302643e-01
     vertex 1.8268085281e-01 -3.9032415884e-01 3.7327917485e-01
   endloop
 endfacet
 facet normal  -9.9694426655e-01 6.8365723044e-02 3.7792291733e-02
   outer loop
     vertex 1.8268085281e-01 -3.9032415884e-01 3.7327917485e-01
     vertex 1.7845390187e-01 -6.2548297522e-01 6.8717302643e-01
     vertex 1.9909575931e-01 -2.1353029973e-01 4.8647969057e-01
   endloop
 endfacet
 facet normal  -9.9891899227e-01 4.5561331975e-02 -9.2201906721e-03
   outer loop
     vertex 1.7845390187e-01 -6.2548297522e-01 6.8717302643e-01
     vertex 1.8939717287e-01 -3.4338292781e-01 8.9556488491e-01
     vertex 1.9909575931e-01 -2.1353029973e-01 4.8647969057e-01
   endloop
 endfacet
 facet normal  -9.9923636928e-01 3.7224841031e-02 -1.1873900416e-02
   outer loop
     vertex 1.9909575931e-01 -2.1353029973e-01 4.8647969057e-01
     vertex 1.8939717287e-01 -3.4338292781e-01 8.9556488491e-01
     vertex 2.0655708044e-01 -9.9920072216e-19 5.2800000000e-01
   endloop
 endfacet
 facet normal  -9.9941181986e-01 2.0582956173e-02 -2.7429112835e-02
   outer loop
     vertex 1.8939717287e-01 -3.4338292781e-01 8.9556488491e-01
     vertex 1.9437138696e-01 -6.6613381478e-19 9.7200000000e-01
     vertex 2.0655708044e-01 -9.9920072216e-19 5.2800000000e-01
   endloop
 endfacet
 facet normal  -9.9941181986e-01 -2.0582956173e-02 -2.7429112835e-02
   outer loop
     vertex 2.0655708044e-01 -9.9920072216e-19 5.2800000000e-01
     vertex 1.9437138696e-01 -6.6613381478e-19 9.7200000000e-01
     vertex 1.8939717287e-01 3.4338292781e-01 8.9556488491e-01
   endloop
 endfacet
 facet normal  -9.9923636928e-01 -3.7224841031e-02 -1.1873900416e-02
   outer loop
     vertex 2.0655708044e-01 -9.9920072216e-19 5.2800000000e-01
     vertex 1.8939717287e-01 3.4338292781e-01 8.9556488491e-01
     vertex 1.9909575931e-01 2.1353029973e-01 4.8647969057e-01
   endloop
 endfacet
 facet normal  -9.9891899227e-01 -4.5561331975e-02 -9.2201906721e-03
   outer loop
     vertex 1.9909575931e-01 2.1353029973e-01 4.8647969057e-01
     vertex 1.8939717287e-01 3.4338292781e-01 8.9556488491e-01
     vertex 1.7845390187e-01 6.2548297522e-01 6.8717302643e-01
   endloop
 endfacet
 facet normal  -9.9694426655e-01 -6.8365723044e-02 3.7792291733e-02
   outer loop
     vertex 1.9909575931e-01 2.1353029973e-01 4.8647969057e-01
     vertex 1.7845390187e-01 6.2548297522e-01 6.8717302643e-01
     vertex 1.8268085281e-01 3.9032415884e-01 3.7327917485e-01
   endloop
 endfacet
 facet normal  -9.9927332347e-01 -3.5719063710e-02 1.3303138669e-02
   outer loop
     vertex 1.8268085281e-01 3.9032415884e-01 3.7327917485e-01
     vertex 1.7845390187e-01 6.2548297522e-01 6.8717302643e-01
     vertex 1.6751063087e-01 8.1655563922e-01 3.7819465473e-01
   endloop
 endfacet
 facet normal  -9.9678450813e-01 -3.6300878436e-02 7.1434519475e-02
   outer loop
     vertex 1.8268085281e-01 3.9032415884e-01 3.7327917485e-01
     vertex 1.6751063087e-01 8.1655563922e-01 3.7819465473e-01
     vertex 1.6626594630e-01 5.1077709483e-01 2.0543907171e-01
   endloop
 endfacet
 facet normal  -9.9991616740e-01 -3.0406267735e-03 1.2586213486e-02
   outer loop
     vertex 1.6626594630e-01 5.1077709483e-01 2.0543907171e-01
     vertex 1.6751063087e-01 8.1655563922e-01 3.7819465473e-01
     vertex 1.6253641678e-01 8.8685641678e-01 0.0000000000e+00
   endloop
 endfacet
 facet normal  -9.9918659670e-01 1.1245697775e-02 3.8725692453e-02
   outer loop
     vertex 1.6626594630e-01 5.1077709483e-01 2.0543907171e-01
     vertex 1.6253641678e-01 8.8685641678e-01 0.0000000000e+00
     vertex 1.5880462517e-01 5.5528462517e-01 0.0000000000e+00
   endloop
 endfacet
 facet normal  -9.9966149165e-01 -2.4560984733e-02 -8.5825484668e-03
   outer loop
     vertex 1.6253641678e-01 8.8685641678e-01 0.0000000000e+00
     vertex 1.5617880559e-01 1.1456188056e+00 0.0000000000e+00
     vertex 1.6751063087e-01 8.1655563922e-01 -3.7819465473e-01
   endloop
 endfacet
 facet normal  -9.9925701806e-01 -3.8385578986e-02 3.4582038966e-03
   outer loop
     vertex 1.5617880559e-01 1.1456188056e+00 0.0000000000e+00
     vertex 1.5783687696e-01 1.0553438058e+00 -5.2293581889e-01
     vertex 1.6751063087e-01 8.1655563922e-01 -3.7819465473e-01
   endloop
 endfacet
 facet normal  -9.9895703795e-01 -4.5034627483e-02 -7.5311787257e-03
   outer loop
     vertex 1.6751063087e-01 8.1655563922e-01 -3.7819465473e-01
     vertex 1.5783687696e-01 1.0553438058e+00 -5.2293581889e-01
     vertex 1.7845390187e-01 6.2548297522e-01 -6.8717302643e-01
   endloop
 endfacet
 facet normal  -9.9806501150e-01 -5.7191684964e-02 2.4399672005e-02
   outer loop
     vertex 1.5783687696e-01 1.0553438058e+00 -5.2293581889e-01
     vertex 1.6148463396e-01 8.0941723913e-01 -9.5016517234e-01
     vertex 1.7845390187e-01 6.2548297522e-01 -6.8717302643e-01
   endloop
 endfacet
 facet normal  -9.9807683311e-01 -5.6895551739e-02 2.4607547607e-02
   outer loop
     vertex 1.7845390187e-01 6.2548297522e-01 -6.8717302643e-01
     vertex 1.6148463396e-01 8.0941723913e-01 -9.5016517234e-01
     vertex 1.8939717287e-01 3.4338292781e-01 -8.9556488491e-01
   endloop
 endfacet
 facet normal  -9.9707600481e-01 -5.3303476956e-02 5.4755638696e-02
   outer loop
     vertex 1.6148463396e-01 8.0941723913e-01 -9.5016517234e-01
     vertex 1.6513239096e-01 4.4518675425e-01 -1.2383119396e+00
     vertex 1.8939717287e-01 3.4338292781e-01 -8.9556488491e-01
   endloop
 endfacet
 facet normal  -9.9766090289e-01 -2.8302498379e-02 6.2222917183e-02
   outer loop
     vertex 1.8939717287e-01 3.4338292781e-01 -8.9556488491e-01
     vertex 1.6513239096e-01 4.4518675425e-01 -1.2383119396e+00
     vertex 1.9437138696e-01 -1.5987211555e-17 -9.7200000000e-01
   endloop
 endfacet
 facet normal  -9.9703728284e-01 -2.1262753059e-02 7.3922607966e-02
   outer loop
     vertex 1.6513239096e-01 4.4518675425e-01 -1.2383119396e+00
     vertex 1.6679046232e-01 -5.3290705182e-18 -1.3440000000e+00
     vertex 1.9437138696e-01 -1.5987211555e-17 -9.7200000000e-01
   endloop
 endfacet
 facet normal  -9.9703728284e-01 2.1262753059e-02 7.3922607966e-02
   outer loop
     vertex 1.9437138696e-01 -1.5987211555e-17 -9.7200000000e-01
     vertex 1.6679046232e-01 -5.3290705182e-18 -1.3440000000e+00
     vertex 1.6513239096e-01 -4.4518675425e-01 -1.2383119396e+00
   endloop
 endfacet
 facet normal  -9.9766090289e-01 2.8302498379e-02 6.2222917183e-02
   outer loop
     vertex 1.9437138696e-01 -1.5987211555e-17 -9.7200000000e-01
     vertex 1.6513239096e-01 -4.4518675425e-01 -1.2383119396e+00
     vertex 1.8939717287e-01 -3.4338292781e-01 -8.9556488491e-01
   endloop
 endfacet
 facet normal  -9.9707600481e-01 5.3303476956e-02 5.4755638696e-02
   outer loop
     vertex 1.8939717287e-01 -3.4338292781e-01 -8.9556488491e-01
     vertex 1.6513239096e-01 -4.4518675425e-01 -1.2383119396e+00
     vertex 1.6148463396e-01 -8.0941723913e-01 -9.5016517234e-01
   endloop
 endfacet
 facet normal  -9.9807683311e-01 5.6895551739e-02 2.4607547607e-02
   outer loop
     vertex 1.8939717287e-01 -3.4338292781e-01 -8.9556488491e-01
     vertex 1.6148463396e-01 -8.0941723913e-01 -9.5016517234e-01
     vertex 1.7845390187e-01 -6.2548297522e-01 -6.8717302643e-01
   endloop
 endfacet
 facet normal  -9.9806501150e-01 5.7191684964e-02 2.4399672005e-02
   outer loop
     vertex 1.7845390187e-01 -6.2548297522e-01 -6.8717302643e-01
     vertex 1.6148463396e-01 -8.0941723913e-01 -9.5016517234e-01
     vertex 1.5783687696e-01 -1.0553438058e+00 -5.2293581889e-01
   endloop
 endfacet
 facet normal  -9.9895703795e-01 4.5034627483e-02 -7.5311787257e-03
   outer loop
     vertex 1.7845390187e-01 -6.2548297522e-01 -6.8717302643e-01
     vertex 1.5783687696e-01 -1.0553438058e+00 -5.2293581889e-01
     vertex 1.6751063087e-01 -8.1655563922e-01 -3.7819465473e-01
   endloop
 endfacet
 facet normal  -9.9925701806e-01 3.8385578986e-02 3.4582038966e-03
   outer loop
     vertex 1.6751063087e-01 -8.1655563922e-01 -3.7819465473e-01
     vertex 1.5783687696e-01 -1.0553438058e+00 -5.2293581889e-01
     vertex 1.5617880559e-01 -1.1456188056e+00 -3.1373988267e-18
   endloop
 endfacet
 facet normal  -9.9966149165e-01 2.4560984733e-02 -8.5825484668e-03
   outer loop
     vertex 1.6751063087e-01 -8.1655563922e-01 -3.7819465473e-01
     vertex 1.5617880559e-01 -1.1456188056e+00 -3.1373988267e-18
     vertex 1.6253641678e-01 -8.8685641678e-01 -9.4121964801e-18
   endloop
 endfacet
 facet normal  -9.9966149165e-01 2.4560984733e-02 8.5825484668e-03
   outer loop
     vertex 1.6253641678e-01 -8.8685641678e-01 -9.4121964801e-18
     vertex 1.5617880559e-01 -1.1456188056e+00 -3.1373988267e-18
     vertex 1.6751063087e-01 -8.1655563922e-01 3.7819465473e-01
   endloop
 endfacet
 facet normal  -9.9925701806e-01 3.8385578986e-02 -3.4582038966e-03
   outer loop
     vertex 1.5617880559e-01 -1.1456188056e+00 -3.1373988267e-18
     vertex 1.5783687696e-01 -1.0553438058e+00 5.2293581889e-01
     vertex 1.6751063087e-01 -8.1655563922e-01 3.7819465473e-01
   endloop
 endfacet
 facet normal  -9.9895703795e-01 4.5034627483e-02 7.5311787257e-03
   outer loop
     vertex 1.6751063087e-01 -8.1655563922e-01 3.7819465473e-01
     vertex 1.5783687696e-01 -1.0553438058e+00 5.2293581889e-01
     vertex 1.7845390187e-01 -6.2548297522e-01 6.8717302643e-01
   endloop
 endfacet
 facet normal  -9.9806501150e-01 5.7191684964e-02 -2.4399672005e-02
   outer loop
     vertex 1.5783687696e-01 -1.0553438058e+00 5.2293581889e-01
     vertex 1.6148463396e-01 -8.0941723913e-01 9.5016517234e-01
     vertex 1.7845390187e-01 -6.2548297522e-01 6.8717302643e-01
   endloop
 endfacet
 facet normal  -9.9807683311e-01 5.6895551739e-02 -2.4607547607e-02
   outer loop
     vertex 1.7845390187e-01 -6.2548297522e-01 6.8717302643e-01
     vertex 1.6148463396e-01 -8.0941723913e-01 9.5016517234e-01
     vertex 1.8939717287e-01 -3.4338292781e-01 8.9556488491e-01
   endloop
 endfacet
 facet normal  -9.9707600481e-01 5.3303476956e-02 -5.4755638696e-02
   outer loop
     vertex 1.6148463396e-01 -8.0941723913e-01 9.5016517234e-01
     vertex 1.6513239096e-01 -4.4518675425e-01 1.2383119396e+00
     vertex 1.8939717287e-01 -3.4338292781e-01 8.9556488491e-01
   endloop
 endfacet
 facet normal  -9.9766090289e-01 2.8302498379e-02 -6.2222917183e-02
   outer loop
     vertex 1.8939717287e-01 -3.4338292781e-01 8.9556488491e-01
     vertex 1.6513239096e-01 -4.4518675425e-01 1.2383119396e+00
     vertex 1.9437138696e-01 -6.6613381478e-19 9.7200000000e-01
   endloop
 endfacet
 facet normal  -9.9703728284e-01 2.1262753059e-02 -7.3922607966e-02
   outer loop
     vertex 1.6513239096e-01 -4.4518675425e-01 1.2383119396e+00
     vertex 1.6679046232e-01 -2.2204460493e-19 1.3440000000e+00
     vertex 1.9437138696e-01 -6.6613381478e-19 9.7200000000e-01
   endloop
 endfacet
 facet normal  -9.9703728284e-01 -2.1262753059e-02 -7.3922607966e-02
   outer loop
     vertex 1.9437138696e-01 -6.6613381478e-19 9.7200000000e-01
     vertex 1.6679046232e-01 -2.2204460493e-19 1.3440000000e+00
     vertex 1.6513239096e-01 4.4518675425e-01 1.2383119396e+00
   endloop
 endfacet
 facet normal  -9.9766090289e-01 -2.8302498379e-02 -6.2222917183e-02
   outer loop
     vertex 1.9437138696e-01 -6.6613381478e-19 9.7200000000e-01
     vertex 1.6513239096e-01 4.4518675425e-01 1.2383119396e+00
     vertex 1.8939717287e-01 3.4338292781e-01 8.9556488491e-01
   endloop
 endfacet
 facet normal  -9.9707600481e-01 -5.3303476956e-02 -5.4755638696e-02
   outer loop
     vertex 1.8939717287e-01 3.4338292781e-01 8.9556488491e-01
     vertex 1.6513239096e-01 4.4518675425e-01 1.2383119396e+00
     vertex 1.6148463396e-01 8.0941723913e-01 9.5016517234e-01
   endloop
 endfacet
 facet normal  -9.9807683311e-01 -5.6895551739e-02 -2.4607547607e-02
   outer loop
     vertex 1.8939717287e-01 3.4338292781e-01 8.9556488491e-01
     vertex 1.6148463396e-01 8.0941723913e-01 9.5016517234e-01
     vertex 1.7845390187e-01 6.2548297522e-01 6.8717302643e-01
   endloop
 endfacet
 facet normal  -9.9806501150e-01 -5.7191684964e-02 -2.4399672005e-02
   outer loop
     vertex 1.7845390187e-01 6.2548297522e-01 6.8717302643e-01
     vertex 1.6148463396e-01 8.0941723913e-01 9.5016517234e-01
     vertex 1.5783687696e-01 1.0553438058e+00 5.2293581889e-01
   endloop
 endfacet
 facet normal  -9.9895703795e-01 -4.5034627483e-02 7.5311787257e-03
   outer loop
     vertex 1.7845390187e-01 6.2548297522e-01 6.8717302643e-01
     vertex 1.5783687696e-01 1.0553438058e+00 5.2293581889e-01
     vertex 1.6751063087e-01 8.1655563922e-01 3.7819465473e-01
   endloop
 endfacet
 facet normal  -9.9925701806e-01 -3.8385578986e-02 -3.4582038966e-03
   outer loop
     vertex 1.6751063087e-01 8.1655563922e-01 3.7819465473e-01
     vertex 1.5783687696e-01 1.0553438058e+00 5.2293581889e-01
     vertex 1.5617880559e-01 1.1456188056e+00 0.0000000000e+00
   endloop
 endfacet
 facet normal  -9.9966149165e-01 -2.4560984733e-02 8.5825484668e-03
   outer loop
     vertex 1.6751063087e-01 8.1655563922e-01 3.7819465473e-01
     vertex 1.5617880559e-01 1.1456188056e+00 0.0000000000e+00
     vertex 1.6253641678e-01 8.8685641678e-01 0.0000000000e+00
   endloop
 endfacet
 facet normal  -9.9101743724e-01 1.3122138273e-01 -2.5795111827e-02
   outer loop
     vertex 1.5617880559e-01 1.1456188056e+00 0.0000000000e+00
     vertex 1.7000000000e-01 1.2500000000e+00 0.0000000000e+00
     vertex 1.5783687696e-01 1.0553438058e+00 -5.2293581889e-01
   endloop
 endfacet
 facet normal  -9.9337024099e-01 1.1336241192e-01 -1.9092612965e-02
   outer loop
     vertex 1.7000000000e-01 1.2500000000e+00 0.0000000000e+00
     vertex 1.7000000000e-01 1.1517038129e+00 -5.8363372644e-01
     vertex 1.5783687696e-01 1.0553438058e+00 -5.2293581889e-01
   endloop
 endfacet
 facet normal  -9.9434000607e-01 8.8187339018e-02 -5.9253232544e-02
   outer loop
     vertex 1.5783687696e-01 1.0553438058e+00 -5.2293581889e-01
     vertex 1.7000000000e-01 1.1517038129e+00 -5.8363372644e-01
     vertex 1.6148463396e-01 8.0941723913e-01 -9.5016517234e-01
   endloop
 endfacet
 facet normal  -9.9744100809e-01 6.2324787770e-02 -3.5029362200e-02
   outer loop
     vertex 1.7000000000e-01 1.1517038129e+00 -5.8363372644e-01
     vertex 1.7000000000e-01 8.8371016773e-01 -1.0604522013e+00
     vertex 1.6148463396e-01 8.0941723913e-01 -9.5016517234e-01
   endloop
 endfacet
 facet normal  -9.9795154774e-01 3.3245648195e-02 -5.4657435358e-02
   outer loop
     vertex 1.6148463396e-01 8.0941723913e-01 -9.5016517234e-01
     vertex 1.7000000000e-01 8.8371016773e-01 -1.0604522013e+00
     vertex 1.6513239096e-01 4.4518675425e-01 -1.2383119396e+00
   endloop
 endfacet
 facet normal  -9.9937515025e-01 2.2236406821e-02 -2.7474556916e-02
   outer loop
     vertex 1.7000000000e-01 8.8371016773e-01 -1.0604522013e+00
     vertex 1.7000000000e-01 4.8636143870e-01 -1.3820445755e+00
     vertex 1.6513239096e-01 4.4518675425e-01 -1.2383119396e+00
   endloop
 endfacet
 facet normal  -9.9945736468e-01 4.0383555517e-03 -3.2690485796e-02
   outer loop
     vertex 1.6513239096e-01 4.4518675425e-01 -1.2383119396e+00
     vertex 1.7000000000e-01 4.8636143870e-01 -1.3820445755e+00
     vertex 1.6679046232e-01 -5.3290705182e-18 -1.3440000000e+00
   endloop
 endfacet
 facet normal  -9.9977598271e-01 4.9886078215e-03 -2.0569350558e-02
   outer loop
     vertex 1.7000000000e-01 4.8636143870e-01 -1.3820445755e+00
     vertex 1.7000000000e-01 0.0000000000e+00 -1.5000000000e+00
     vertex 1.6679046232e-01 -5.3290705182e-18 -1.3440000000e+00
   endloop
 endfacet
 facet normal  -9.9977598271e-01 -4.9886078215e-03 -2.0569350558e-02
   outer loop
     vertex 1.6679046232e-01 -5.3290705182e-18 -1.3440000000e+00
     vertex 1.7000000000e-01 0.0000000000e+00 -1.5000000000e+00
     vertex 1.7000000000e-01 -4.8636143870e-01 -1.3820445755e+00
   endloop
 endfacet
 facet normal  -9.9945736468e-01 -4.0383555517e-03 -3.2690485796e-02
   outer loop
     vertex 1.6679046232e-01 -5.3290705182e-18 -1.3440000000e+00
     vertex 1.7000000000e-01 -4.8636143870e-01 -1.3820445755e+00
     vertex 1.6513239096e-01 -4.4518675425e-01 -1.2383119396e+00
   endloop
 endfacet
 facet normal  -9.9937515025e-01 -2.2236406821e-02 -2.7474556916e-02
   outer loop
     vertex 1.6513239096e-01 -4.4518675425e-01 -1.2383119396e+00
     vertex 1.7000000000e-01 -4.8636143870e-01 -1.3820445755e+00
     vertex 1.7000000000e-01 -8.8371016773e-01 -1.0604522013e+00
   endloop
 endfacet
 facet normal  -9.9795154774e-01 -3.3245648195e-02 -5.4657435358e-02
   outer loop
     vertex 1.6513239096e-01 -4.4518675425e-01 -1.2383119396e+00
     vertex 1.7000000000e-01 -8.8371016773e-01 -1.0604522013e+00
     vertex 1.6148463396e-01 -8.0941723913e-01 -9.5016517234e-01
   endloop
 endfacet
 facet normal  -9.9744100809e-01 -6.2324787770e-02 -3.5029362200e-02
   outer loop
     vertex 1.6148463396e-01 -8.0941723913e-01 -9.5016517234e-01
     vertex 1.7000000000e-01 -8.8371016773e-01 -1.0604522013e+00
     vertex 1.7000000000e-01 -1.1517038129e+00 -5.8363372644e-01
   endloop
 endfacet
 facet normal  -9.9434000607e-01 -8.8187339018e-02 -5.9253232544e-02
   outer loop
     vertex 1.6148463396e-01 -8.0941723913e-01 -9.5016517234e-01
     vertex 1.7000000000e-01 -1.1517038129e+00 -5.8363372644e-01
     vertex 1.5783687696e-01 -1.0553438058e+00 -5.2293581889e-01
   endloop
 endfacet
 facet normal  -9.9337024099e-01 -1.1336241192e-01 -1.9092612965e-02
   outer loop
     vertex 1.5783687696e-01 -1.0553438058e+00 -5.2293581889e-01
     vertex 1.7000000000e-01 -1.1517038129e+00 -5.8363372644e-01
     vertex 1.7000000000e-01 -1.2500000000e+00 0.0000000000e+00
   endloop
 endfacet
 facet normal  -9.9101743724e-01 -1.3122138273e-01 -2.5795111827e-02
   outer loop
     vertex 1.5783687696e-01 -1.0553438058e+00 -5.2293581889e-01
     vertex 1.7000000000e-01 -1.2500000000e+00 0.0000000000e+00
     vertex 1.5617880559e-01 -1.1456188056e+00 -3.1373988267e-18
   endloop
 endfacet
 facet normal  -9.9101743724e-01 -1.3122138273e-01 2.5795111827e-02
   outer loop
     vertex 1.5617880559e-01 -1.1456188056e+00 -3.1373988267e-18
     vertex 1.7000000000e-01 -1.2500000000e+00 0.0000000000e+00
     vertex 1.5783687696e-01 -1.0553438058e+00 5.2293581889e-01
   endloop
 endfacet
 facet normal  -9.9337024099e-01 -1.1336241192e-01 1.9092612965e-02
   outer loop
     vertex 1.7000000000e-01 -1.2500000000e+00 0.0000000000e+00
     vertex 1.7000000000e-01 -1.1517038129e+00 5.8363372644e-01
     vertex 1.5783687696e-01 -1.0553438058e+00 5.2293581889e-01
   endloop
 endfacet
 facet normal  -9.9434000607e-01 -8.8187339018e-02 5.9253232544e-02
   outer loop
     vertex 1.5783687696e-01 -1.0553438058e+00 5.2293581889e-01
     vertex 1.7000000000e-01 -1.1517038129e+00 5.8363372644e-01
     vertex 1.6148463396e-01 -8.0941723913e-01 9.5016517234e-01
   endloop
 endfacet
 facet normal  -9.9744100809e-01 -6.2324787770e-02 3.5029362200e-02
   outer loop
     vertex 1.7000000000e-01 -1.1517038129e+00 5.8363372644e-01
     vertex 1.7000000000e-01 -8.8371016773e-01 1.0604522013e+00
     vertex 1.6148463396e-01 -8.0941723913e-01 9.5016517234e-01
   endloop
 endfacet
 facet normal  -9.9795154774e-01 -3.3245648195e-02 5.4657435358e-02
   outer loop
     vertex 1.6148463396e-01 -8.0941723913e-01 9.5016517234e-01
     vertex 1.7000000000e-01 -8.8371016773e-01 1.0604522013e+00
     vertex 1.6513239096e-01 -4.4518675425e-01 1.2383119396e+00
   endloop
 endfacet
 facet normal  -9.9937515025e-01 -2.2236406821e-02 2.7474556916e-02
   outer loop
     vertex 1.7000000000e-01 -8.8371016773e-01 1.0604522013e+00
     vertex 1.7000000000e-01 -4.8636143870e-01 1.3820445755e+00
     vertex 1.6513239096e-01 -4.4518675425e-01 1.2383119396e+00
   endloop
 endfacet
 facet normal  -9.9945736468e-01 -4.0383555517e-03 3.2690485796e-02
   outer loop
     vertex 1.6513239096e-01 -4.4518675425e-01 1.2383119396e+00
     vertex 1.7000000000e-01 -4.8636143870e-01 1.3820445755e+00
     vertex 1.6679046232e-01 -2.2204460493e-19 1.3440000000e+00
   endloop
 endfacet
 facet normal  -9.9977598271e-01 -4.9886078215e-03 2.0569350558e-02
   outer loop
     vertex 1.7000000000e-01 -4.8636143870e-01 1.3820445755e+00
     vertex 1.7000000000e-01 0.0000000000e+00 1.5000000000e+00
     vertex 1.6679046232e-01 -2.2204460493e-19 1.3440000000e+00
   endloop
 endfacet
 facet normal  -9.9977598271e-01 4.9886078215e-03 2.0569350558e-02
   outer loop
     vertex 1.6679046232e-01 -2.2204460493e-19 1.3440000000e+00
     vertex 1.7000000000e-01 0.0000000000e+00 1.5000000000e+00
     vertex 1.7000000000e-01 4.8636143870e-01 1.3820445755e+00
   endloop
 endfacet
 facet normal  -9.9945736468e-01 4.0383555517e-03 3.2690485796e-02
   outer loop
     vertex 1.6679046232e-01 -2.2204460493e-19 1.3440000000e+00
     vertex 1.7000000000e-01 4.8636143870e-01 1.3820445755e+00
     vertex 1.6513239096e-01 4.4518675425e-01 1.2383119396e+00
   endloop
 endfacet
 facet normal  -9.9937515025e-01 2.2236406821e-02 2.7474556916e-02
   outer loop
     vertex 1.6513239096e-01 4.4518675425e-01 1.2383119396e+00
     vertex 1.7000000000e-01 4.8636143870e-01 1.3820445755e+00
     vertex 1.7000000000e-01 8.8371016773e-01 1.0604522013e+00
   endloop
 endfacet
 facet normal  -9.9795154774e-01 3.3245648195e-02 5.4657435358e-02
   outer loop
     vertex 1.6513239096e-01 4.4518675425e-01 1.2383119396e+00
     vertex 1.7000000000e-01 8.8371016773e-01 1.0604522013e+00
     vertex 1.6148463396e-01 8.0941723913e-01 9.5016517234e-01
   endloop
 endfacet
 facet normal  -9.9744100809e-01 6.2324787770e-02 3.5029362200e-02
   outer loop
     vertex 1.6148463396e-01 8.0941723913e-01 9.5016517234e-01
     vertex 1.7000000000e-01 8.8371016773e-01 1.0604522013e+00
     vertex 1.7000000000e-01 1.1517038129e+00 5.8363372644e-01
   endloop
 endfacet
 facet normal  -9.9434000607e-01 8.8187339018e-02 5.9253232544e-02
   outer loop
     vertex 1.6148463396e-01 8.0941723913e-01 9.5016517234e-01
     vertex 1.7000000000e-01 1.1517038129e+00 5.8363372644e-01
     vertex 1.5783687696e-01 1.0553438058e+00 5.2293581889e-01
   endloop
 endfacet
 facet normal  -9.9337024099e-01 1.1336241192e-01 1.9092612965e-02
   outer loop
     vertex 1.5783687696e-01 1.0553438058e+00 5.2293581889e-01
     vertex 1.7000000000e-01 1.1517038129e+00 5.8363372644e-01
     vertex 1.7000000000e-01 1.2500000000e+00 0.0000000000e+00
   endloop
 endfacet
 facet normal  -9.9101743724e-01 1.3122138273e-01 2.5795111827e-02
   outer loop
     vertex 1.5783687696e-01 1.0553438058e+00 5.2293581889e-01
     vertex 1.7000000000e-01 1.2500000000e+00 0.0000000000e+00
     vertex 1.5617880559e-01 1.1456188056e+00 0.0000000000e+00
   endloop
 endfacet
 facet normal  0.0000000000e+00 9.8611194905e-01 -1.6608197960e-01
   outer loop
     vertex 1.7000000000e-01 1.2500000000e+00 0.0000000000e+00
     vertex 2.0400000000e-01 1.2500000000e+00 0.0000000000e+00
     vertex 1.7000000000e-01 1.1517038129e+00 -5.8363372644e-01
   endloop
 endfacet
 facet normal  0.0000000000e+00 9.8611194905e-01 -1.6608197960e-01
   outer loop
     vertex 2.0400000000e-01 1.2500000000e+00 0.0000000000e+00
     vertex 2.0400000000e-01 1.1517038129e+00 -5.8363372644e-01
     vertex 1.7000000000e-01 1.1517038129e+00 -5.8363372644e-01
   endloop
 endfacet
 facet normal  0.0000000000e+00 8.7174481044e-01 -4.8996018764e-01
   outer loop
     vertex 1.7000000000e-01 1.1517038129e+00 -5.8363372644e-01
     vertex 2.0400000000e-01 1.1517038129e+00 -5.8363372644e-01
     vertex 1.7000000000e-01 8.8371016773e-01 -1.0604522013e+00
   endloop
 endfacet
 facet normal  0.0000000000e+00 8.7174481044e-01 -4.8996018764e-01
   outer loop
     vertex 2.0400000000e-01 1.1517038129e+00 -5.8363372644e-01
     vertex 2.0400000000e-01 8.8371016773e-01 -1.0604522013e+00
     vertex 1.7000000000e-01 8.8371016773e-01 -1.0604522013e+00
   endloop
 endfacet
 facet normal  0.0000000000e+00 6.2911445675e-01 -7.7731267860e-01
   outer loop
     vertex 1.7000000000e-01 8.8371016773e-01 -1.0604522013e+00
     vertex 2.0400000000e-01 8.8371016773e-01 -1.0604522013e+00
     vertex 1.7000000000e-01 4.8636143870e-01 -1.3820445755e+00
   endloop
 endfacet
 facet normal  0.0000000000e+00 6.2911445675e-01 -7.7731267860e-01
   outer loop
     vertex 2.0400000000e-01 8.8371016773e-01 -1.0604522013e+00
     vertex 2.0400000000e-01 4.8636143870e-01 -1.3820445755e+00
     vertex 1.7000000000e-01 4.8636143870e-01 -1.3820445755e+00
   endloop
 endfacet
 facet normal  0.0000000000e+00 2.3569367195e-01 -9.7182739877e-01
   outer loop
     vertex 1.7000000000e-01 4.8636143870e-01 -1.3820445755e+00
     vertex 2.0400000000e-01 4.8636143870e-01 -1.3820445755e+00
     vertex 1.7000000000e-01 0.0000000000e+00 -1.5000000000e+00
   endloop
 endfacet
 facet normal  0.0000000000e+00 2.3569367195e-01 -9.7182739877e-01
   outer loop
     vertex 2.0400000000e-01 4.8636143870e-01 -1.3820445755e+00
     vertex 2.0400000000e-01 0.0000000000e+00 -1.5000000000e+00
     vertex 1.7000000000e-01 0.0000000000e+00 -1.5000000000e+00
   endloop
 endfacet
 facet normal  -0.0000000000e+00 -2.3569367195e-01 -9.7182739877e-01
   outer loop
     vertex 1.7000000000e-01 0.0000000000e+00 -1.5000000000e+00
     vertex 2.0400000000e-01 0.0000000000e+00 -1.5000000000e+00
     vertex 2.0400000000e-01 -4.8636143870e-01 -1.3820445755e+00
   endloop
 endfacet
 facet normal  -0.0000000000e+00 -2.3569367195e-01 -9.7182739877e-01
   outer loop
     vertex 1.7000000000e-01 0.0000000000e+00 -1.5000000000e+00
     vertex 2.0400000000e-01 -4.8636143870e-01 -1.3820445755e+00
     vertex 1.7000000000e-01 -4.8636143870e-01 -1.3820445755e+00
   endloop
 endfacet
 facet normal  -0.0000000000e+00 -6.2911445675e-01 -7.7731267860e-01
   outer loop
     vertex 1.7000000000e-01 -4.8636143870e-01 -1.3820445755e+00
     vertex 2.0400000000e-01 -4.8636143870e-01 -1.3820445755e+00
     vertex 2.0400000000e-01 -8.8371016773e-01 -1.0604522013e+00
   endloop
 endfacet
 facet normal  -0.0000000000e+00 -6.2911445675e-01 -7.7731267860e-01
   outer loop
     vertex 1.7000000000e-01 -4.8636143870e-01 -1.3820445755e+00
     vertex 2.0400000000e-01 -8.8371016773e-01 -1.0604522013e+00
     vertex 1.7000000000e-01 -8.8371016773e-01 -1.0604522013e+00
   endloop
 endfacet
 facet normal  -0.0000000000e+00 -8.7174481044e-01 -4.8996018764e-01
   outer loop
     vertex 1.7000000000e-01 -8.8371016773e-01 -1.0604522013e+00
     vertex 2.0400000000e-01 -8.8371016773e-01 -1.0604522013e+00
     vertex 2.0400000000e-01 -1.1517038129e+00 -5.8363372644e-01
   endloop
 endfacet
 facet normal  -0.0000000000e+00 -8.7174481044e-01 -4.8996018764e-01
   outer loop
     vertex 1.7000000000e-01 -8.8371016773e-01 -1.0604522013e+00
     vertex 2.0400000000e-01 -1.1517038129e+00 -5.8363372644e-01
     vertex 1.7000000000e-01 -1.1517038129e+00 -5.8363372644e-01
   endloop
 endfacet
 facet normal  -0.0000000000e+00 -9.8611194905e-01 -1.6608197960e-01
   outer loop
     vertex 1.7000000000e-01 -1.1517038129e+00 -5.8363372644e-01
     vertex 2.0400000000e-01 -1.1517038129e+00 -5.8363372644e-01
     vertex 2.0400000000e-01 -1.2500000000e+00 0.0000000000e+00
   endloop
 endfacet
 facet normal  -0.0000000000e+00 -9.8611194905e-01 -1.6608197960e-01
   outer loop
     vertex 1.7000000000e-01 -1.1517038129e+00 -5.8363372644e-01
     vertex 2.0400000000e-01 -1.2500000000e+00 0.0000000000e+00
     vertex 1.7000000000e-01 -1.2500000000e+00 0.0000000000e+00
   endloop
 endfacet
 facet normal  0.0000000000e+00 -9.8611194905e-01 1.6608197960e-01
   outer loop
     vertex 1.7000000000e-01 -1.2500000000e+00 0.0000000000e+00
     vertex 2.0400000000e-01 -1.2500000000e+00 0.0000000000e+00
     vertex 1.7000000000e-01 -1.1517038129e+00 5.8363372644e-01
   endloop
 endfacet
 facet normal  0.0000000000e+00 -9.8611194905e-01 1.6608197960e-01
   outer loop
     vertex 2.0400000000e-01 -1.2500000000e+00 0.0000000000e+00
     vertex 2.0400000000e-01 -1.1517038129e+00 5.8363372644e-01
     vertex 1.7000000000e-01 -1.1517038129e+00 5.8363372644e-01
   endloop
 endfacet
 facet normal  0.0000000000e+00 -8.7174481044e-01 4.8996018764e-01
   outer loop
     vertex 1.7000000000e-01 -1.1517038129e+00 5.8363372644e-01
     vertex 2.0400000000e-01 -1.1517038129e+00 5.8363372644e-01
     vertex 1.7000000000e-01 -8.8371016773e-01 1.0604522013e+00
   endloop
 endfacet
 facet normal  0.0000000000e+00 -8.7174481044e-01 4.8996018764e-01
   outer loop
     vertex 2.0400000000e-01 -1.1517038129e+00 5.8363372644e-01
     vertex 2.0400000000e-01 -8.8371016773e-01 1.0604522013e+00
     vertex 1.7000000000e-01 -8.8371016773e-01 1.0604522013e+00
   endloop
 endfacet
 facet normal  0.0000000000e+00 -6.2911445675e-01 7.7731267860e-01
   outer loop
     vertex 1.7000000000e-01 -8.8371016773e-01 1.0604522013e+00
     vertex 2.0400000000e-01 -8.8371016773e-01 1.0604522013e+00
     vertex 1.7000000000e-01 -4.8636143870e-01 1.3820445755e+00
   endloop
 endfacet
 facet normal  0.0000000000e+00 -6.2911445675e-01 7.7731267860e-01
   outer loop
     vertex 2.0400000000e-01 -8.8371016773e-01 1.0604522013e+00
     vertex 2.0400000000e-01 -4.8636143870e-01 1.3820445755e+00
     vertex 1.7000000000e-01 -4.8636143870e-01 1.3820445755e+00
   endloop
 endfacet
 facet normal  0.0000000000e+00 -2.3569367195e-01 9.7182739877e-01
   outer loop
     vertex 1.7000000000e-01 -4.8636143870e-01 1.3820445755e+00
     vertex 2.0400000000e-01 -4.8636143870e-01 1.3820445755e+00
     vertex 1.7000000000e-01 0.0000000000e+00 1.5000000000e+00
   endloop
 endfacet
 facet normal  0.0000000000e+00 -2.3569367195e-01 9.7182739877e-01
   outer loop
     vertex 2.0400000000e-01 -4.8636143870e-01 1.3820445755e+00
     vertex 2.0400000000e-01 0.0000000000e+00 1.5000000000e+00
     vertex 1.7000000000e-01 0.0000000000e+00 1.5000000000e+00
   endloop
 endfacet
 facet normal  0.0000000000e+00 2.3569367195e-01 9.7182739877e-01
   outer loop
     vertex 1.7000000000e-01 0.0000000000e+00 1.5000000000e+00
     vertex 2.0400000000e-01 0.0000000000e+00 1.5000000000e+00
     vertex 2.0400000000e-01 4.8636143870e-01 1.3820445755e+00
   endloop
 endfacet
 facet normal  0.0000000000e+00 2.3569367195e-01 9.7182739877e-01
   outer loop
     vertex 1.7000000000e-01 0.0000000000e+00 1.5000000000e+00
     vertex 2.0400000000e-01 4.8636143870e-01 1.3820445755e+00
     vertex 1.7000000000e-01 4.8636143870e-01 1.3820445755e+00
   endloop
 endfacet
 facet normal  0.0000000000e+00 6.2911445675e-01 7.7731267860e-01
   outer loop
     vertex 1.7000000000e-01 4.8636143870e-01 1.3820445755e+00
     vertex 2.0400000000e-01 4.8636143870e-01 1.3820445755e+00
     vertex 2.0400000000e-01 8.8371016773e-01 1.0604522013e+00
   endloop
 endfacet
 facet normal  0.0000000000e+00 6.2911445675e-01 7.7731267860e-01
   outer loop
     vertex 1.7000000000e-01 4.8636143870e-01 1.3820445755e+00
     vertex 2.0400000000e-01 8.8371016773e-01 1.0604522013e+00
     vertex 1.7000000000e-01 8.8371016773e-01 1.0604522013e+00
   endloop
 endfacet
 facet normal  0.0000000000e+00 8.7174481044e-01 4.8996018764e-01
   outer loop
     vertex 1.7000000000e-01 8.8371016773e-01 1.0604522013e+00
     vertex 2.0400000000e-01 8.8371016773e-01 1.0604522013e+00
     vertex 2.0400000000e-01 1.1517038129e+00 5.8363372644e-01
   endloop
 endfacet
 facet normal  0.0000000000e+00 8.7174481044e-01 4.8996018764e-01
   outer loop
     vertex 1.7000000000e-01 8.8371016773e-01 1.0604522013e+00
     vertex 2.0400000000e-01 1.1517038129e+00 5.8363372644e-01
     vertex 1.7000000000e-01 1.1517038129e+00 5.8363372644e-01
   endloop
 endfacet
 facet normal  0.0000000000e+00 9.8611194905e-01 1.6608197960e-01
   outer loop
     vertex 1.7000000000e-01 1.1517038129e+00 5.8363372644e-01
     vertex 2.0400000000e-01 1.1517038129e+00 5.8363372644e-01
     vertex 2.0400000000e-01 1.2500000000e+00 0.0000000000e+00
   endloop
 endfacet
 facet normal  0.0000000000e+00 9.8611194905e-01 1.6608197960e-01
   outer loop
     vertex 1.7000000000e-01 1.1517038129e+00 5.8363372644e-01
     vertex 2.0400000000e-01 1.2500000000e+00 0.0000000000e+00
     vertex 1.7000000000e-01 1.2500000000e+00 0.0000000000e+00
   endloop
 endfacet
 facet normal  0.0000000000e+00 9.8611194905e-01 -1.6608197960e-01
   outer loop
     vertex 2.0400000000e-01 1.2500000000e+00 0.0000000000e+00
     vertex 2.3800000000e-01 1.2500000000e+00 0.0000000000e+00
     vertex 2.0400000000e-01 1.1517038129e+00 -5.8363372644e-01
   endloop
 endfacet
 facet normal  0.0000000000e+00 9.8611194905e-01 -1.6608197960e-01
   outer loop
     vertex 2.3800000000e-01 1.2500000000e+00 0.0000000000e+00
     vertex 2.3800000000e-01 1.1517038129e+00 -5.8363372644e-01
     vertex 2.0400000000e-01 1.1517038129e+00 -5.8363372644e-01
   endloop
 endfacet
 facet normal  0.0000000000e+00 8.7174481044e-01 -4.8996018764e-01
   outer loop
     vertex 2.0400000000e-01 1.1517038129e+00 -5.8363372644e-01
     vertex 2.3800000000e-01 1.1517038129e+00 -5.8363372644e-01
     vertex 2.0400000000e-01 8.8371016773e-01 -1.0604522013e+00
   endloop
 endfacet
 facet normal  0.0000000000e+00 8.7174481044e-01 -4.8996018764e-01
   outer loop
     vertex 2.3800000000e-01 1.1517038129e+00 -5.8363372644e-01
     vertex 2.3800000000e-01 8.8371016773e-01 -1.0604522013e+00
     vertex 2.0400000000e-01 8.8371016773e-01 -1.0604522013e+00
   endloop
 endfacet
 facet normal  0.0000000000e+00 6.2911445675e-01 -7.7731267860e-01
   outer loop
     vertex 2.0400000000e-01 8.8371016773e-01 -1.0604522013e+00
     vertex 2.3800000000e-01 8.8371016773e-01 -1.0604522013e+00
     vertex 2.0400000000e-01 4.8636143870e-01 -1.3820445755e+00
   endloop
 endfacet
 facet normal  0.0000000000e+00 6.2911445675e-01 -7.7731267860e-01
   outer loop
     vertex 2.3800000000e-01 8.8371016773e-01 -1.0604522013e+00
     vertex 2.3800000000e-01 4.8636143870e-01 -1.3820445755e+00
     vertex 2.0400000000e-01 4.8636143870e-01 -1.3820445755e+00
   endloop
 endfacet
 facet normal  0.0000000000e+00 2.3569367195e-01 -9.7182739877e-01
   outer loop
     vertex 2.0400000000e-01 4.8636143870e-01 -1.3820445755e+00
     vertex 2.3800000000e-01 4.8636143870e-01 -1.3820445755e+00
     vertex 2.0400000000e-01 0.0000000000e+00 -1.5000000000e+00
   endloop
 endfacet
 facet normal  0.0000000000e+00 2.3569367195e-01 -9.7182739877e-01
   outer loop
     vertex 2.3800000000e-01 4.8636143870e-01 -1.3820445755e+00
     vertex 2.3800000000e-01 0.0000000000e+00 -1.5000000000e+00
     vertex 2.0400000000e-01 0.0000000000e+00 -1.5000000000e+00
   endloop
 endfacet
 facet normal  -0.0000000000e+00 -2.3569367195e-01 -9.7182739877e-01
   outer loop
     vertex 2.0400000000e-01 0.0000000000e+00 -1.5000000000e+00
     vertex 2.3800000000e-01 0.0000000000e+00 -1.5000000000e+00
     vertex 2.3800000000e-01 -4.8636143870e-01 -1.3820445755e+00
   endloop
 endfacet
 facet normal  -0.0000000000e+00 -2.3569367195e-01 -9.7182739877e-01
   outer loop
     vertex 2.0400000000e-01 0.0000000000e+00 -1.5000000000e+00
     vertex 2.3800000000e-01 -4.8636143870e-01 -1.3820445755e+00
     vertex 2.0400000000e-01 -4.8636143870e-01 -1.3820445755e+00
   endloop
 endfacet
 facet normal  -0.0000000000e+00 -6.2911445675e-01 -7.7731267860e-01
   outer loop
     vertex 2.0400000000e-01 -4.8636143870e-01 -1.3820445755e+00
     vertex 2.3800000000e-01 -4.8636143870e-01 -1.3820445755e+00
     vertex 2.3800000000e-01 -8.8371016773e-01 -1.0604522013e+00
   endloop
 endfacet
 facet normal  2.0542863383e-15 -6.2911445675e-01 -7.7731267860e-01
   outer loop
     vertex 2.0400000000e-01 -4.8636143870e-01 -1.3820445755e+00
     vertex 2.3800000000e-01 -8.8371016773e-01 -1.0604522013e+00
     vertex 2.0400000000e-01 -8.8371016773e-01 -1.0604522013e+00
   endloop
 endfacet
 facet normal  2.8465622357e-15 -8.7174481044e-01 -4.8996018764e-01
   outer loop
     vertex 2.0400000000e-01 -8.8371016773e-01 -1.0604522013e+00
     vertex 2.3800000000e-01 -8.8371016773e-01 -1.0604522013e+00
     vertex 2.3800000000e-01 -1.1517038129e+00 -5.8363372644e-01
   endloop
 endfacet
 facet normal  -0.0000000000e+00 -8.7174481044e-01 -4.8996018764e-01
   outer loop
     vertex 2.0400000000e-01 -8.8371016773e-01 -1.0604522013e+00
     vertex 2.3800000000e-01 -1.1517038129e+00 -5.8363372644e-01
     vertex 2.0400000000e-01 -1.1517038129e+00 -5.8363372644e-01
   endloop
 endfacet
 facet normal  -0.0000000000e+00 -9.8611194905e-01 -1.6608197960e-01
   outer loop
     vertex 2.0400000000e-01 -1.1517038129e+00 -5.8363372644e-01
     vertex 2.3800000000e-01 -1.1517038129e+00 -5.8363372644e-01
     vertex 2.3800000000e-01 -1.2500000000e+00 0.0000000000e+00
   endloop
 endfacet
 facet normal  -0.0000000000e+00 -9.8611194905e-01 -1.6608197960e-01
   outer loop
     vertex 2.0400000000e-01 -1.1517038129e+00 -5.8363372644e-01
     vertex 2.3800000000e-01 -1.2500000000e+00 0.0000000000e+00
     vertex 2.0400000000e-01 -1.2500000000e+00 0.0000000000e+00
   endloop
 endfacet
 facet normal  0.0000000000e+00 -9.8611194905e-01 1.6608197960e-01
   outer loop
     vertex 2.0400000000e-01 -1.2500000000e+00 0.0000000000e+00
     vertex 2.3800000000e-01 -1.2500000000e+00 0.0000000000e+00
     vertex 2.0400000000e-01 -1.1517038129e+00 5.8363372644e-01
   endloop
 endfacet
 facet normal  0.0000000000e+00 -9.8611194905e-01 1.6608197960e-01
   outer loop
     vertex 2.3800000000e-01 -1.2500000000e+00 0.0000000000e+00
     vertex 2.3800000000e-01 -1.1517038129e+00 5.8363372644e-01
     vertex 2.0400000000e-01 -1.1517038129e+00 5.8363372644e-01
   endloop
 endfacet
 facet normal  0.0000000000e+00 -8.7174481044e-01 4.8996018764e-01
   outer loop
     vertex 2.0400000000e-01 -1.1517038129e+00 5.8363372644e-01
     vertex 2.3800000000e-01 -1.1517038129e+00 5.8363372644e-01
     vertex 2.0400000000e-01 -8.8371016773e-01 1.0604522013e+00
   endloop
 endfacet
 facet normal  2.8465622357e-15 -8.7174481044e-01 4.8996018764e-01
   outer loop
     vertex 2.3800000000e-01 -1.1517038129e+00 5.8363372644e-01
     vertex 2.3800000000e-01 -8.8371016773e-01 1.0604522013e+00
     vertex 2.0400000000e-01 -8.8371016773e-01 1.0604522013e+00
   endloop
 endfacet
 facet normal  2.0542863383e-15 -6.2911445675e-01 7.7731267860e-01
   outer loop
     vertex 2.0400000000e-01 -8.8371016773e-01 1.0604522013e+00
     vertex 2.3800000000e-01 -8.8371016773e-01 1.0604522013e+00
     vertex 2.0400000000e-01 -4.8636143870e-01 1.3820445755e+00
   endloop
 endfacet
 facet normal  0.0000000000e+00 -6.2911445675e-01 7.7731267860e-01
   outer loop
     vertex 2.3800000000e-01 -8.8371016773e-01 1.0604522013e+00
     vertex 2.3800000000e-01 -4.8636143870e-01 1.3820445755e+00
     vertex 2.0400000000e-01 -4.8636143870e-01 1.3820445755e+00
   endloop
 endfacet
 facet normal  0.0000000000e+00 -2.3569367195e-01 9.7182739877e-01
   outer loop
     vertex 2.0400000000e-01 -4.8636143870e-01 1.3820445755e+00
     vertex 2.3800000000e-01 -4.8636143870e-01 1.3820445755e+00
     vertex 2.0400000000e-01 0.0000000000e+00 1.5000000000e+00
   endloop
 endfacet
 facet normal  0.0000000000e+00 -2.3569367195e-01 9.7182739877e-01
   outer loop
     vertex 2.3800000000e-01 -4.8636143870e-01 1.3820445755e+00
     vertex 2.3800000000e-01 0.0000000000e+00 1.5000000000e+00
     vertex 2.0400000000e-01 0.0000000000e+00 1.5000000000e+00
   endloop
 endfacet
 facet normal  0.0000000000e+00 2.3569367195e-01 9.7182739877e-01
   outer loop
     vertex 2.0400000000e-01 0.0000000000e+00 1.5000000000e+00
     vertex 2.3800000000e-01 0.0000000000e+00 1.5000000000e+00
     vertex 2.3800000000e-01 4.8636143870e-01 1.3820445755e+00
   endloop
 endfacet
 facet normal  0.0000000000e+00 2.3569367195e-01 9.7182739877e-01
   outer loop
     vertex 2.0400000000e-01 0.0000000000e+00 1.5000000000e+00
     vertex 2.3800000000e-01 4.8636143870e-01 1.3820445755e+00
     vertex 2.0400000000e-01 4.8636143870e-01 1.3820445755e+00
   endloop
 endfacet
 facet normal  0.0000000000e+00 6.2911445675e-01 7.7731267860e-01
   outer loop
     vertex 2.0400000000e-01 4.8636143870e-01 1.3820445755e+00
     vertex 2.3800000000e-01 4.8636143870e-01 1.3820445755e+00
     vertex 2.3800000000e-01 8.8371016773e-01 1.0604522013e+00
   endloop
 endfacet
 facet normal  0.0000000000e+00 6.2911445675e-01 7.7731267860e-01
   outer loop
     vertex 2.0400000000e-01 4.8636143870e-01 1.3820445755e+00
     vertex 2.3800000000e-01 8.8371016773e-01 1.0604522013e+00
     vertex 2.0400000000e-01 8.8371016773e-01 1.0604522013e+00
   endloop
 endfacet
 facet normal  0.0000000000e+00 8.7174481044e-01 4.8996018764e-01
   outer loop
     vertex 2.0400000000e-01 8.8371016773e-01 1.0604522013e+00
     vertex 2.3800000000e-01 8.8371016773e-01 1.0604522013e+00
     vertex 2.3800000000e-01 1.1517038129e+00 5.8363372644e-01
   endloop
 endfacet
 facet normal  0.0000000000e+00 8.7174481044e-01 4.8996018764e-01
   outer loop
     vertex 2.0400000000e-01 8.8371016773e-01 1.0604522013e+00
     vertex 2.3800000000e-01 1.1517038129e+00 5.8363372644e-01
     vertex 2.0400000000e-01 1.1517038129e+00 5.8363372644e-01
   endloop
 endfacet
 facet normal  0.0000000000e+00 9.8611194905e-01 1.6608197960e-01
   outer loop
     vertex 2.0400000000e-01 1.1517038129e+00 5.8363372644e-01
     vertex 2.3800000000e-01 1.1517038129e+00 5.8363372644e-01
     vertex 2.3800000000e-01 1.2500000000e+00 0.0000000000e+00
   endloop
 endfacet
 facet normal  0.0000000000e+00 9.8611194905e-01 1.6608197960e-01
   outer loop
     vertex 2.0400000000e-01 1.1517038129e+00 5.8363372644e-01
     vertex 2.3800000000e-01 1.2500000000e+00 0.0000000000e+00
     vertex 2.0400000000e-01 1.2500000000e+00 0.0000000000e+00
   endloop
 endfacet
 facet normal  0.0000000000e+00 9.8611194905e-01 -1.6608197960e-01
   outer loop
     vertex 2.3800000000e-01 1.2500000000e+00 0.0000000000e+00
     vertex 2.7200000000e-01 1.2500000000e+00 0.0000000000e+00
     vertex 2.3800000000e-01 1.1517038129e+00 -5.8363372644e-01
   endloop
 endfacet
 facet normal  0.0000000000e+00 9.8611194905e-01 -1.6608197960e-01
   outer loop
     vertex 2.7200000000e-01 1.2500000000e+00 0.0000000000e+00
     vertex 2.7200000000e-01 1.1517038129e+00 -5.8363372644e-01
     vertex 2.3800000000e-01 1.1517038129e+00 -5.8363372644e-01
   endloop
 endfacet
 facet normal  0.0000000000e+00 8.7174481044e-01 -4.8996018764e-01
   outer loop
     vertex 2.3800000000e-01 1.1517038129e+00 -5.8363372644e-01
     vertex 2.7200000000e-01 1.1517038129e+00 -5.8363372644e-01
     vertex 2.3800000000e-01 8.8371016773e-01 -1.0604522013e+00
   endloop
 endfacet
 facet normal  0.0000000000e+00 8.7174481044e-01 -4.8996018764e-01
   outer loop
     vertex 2.7200000000e-01 1.1517038129e+00 -5.8363372644e-01
     vertex 2.7200000000e-01 8.8371016773e-01 -1.0604522013e+00
     vertex 2.3800000000e-01 8.8371016773e-01 -1.0604522013e+00
   endloop
 endfacet
 facet normal  0.0000000000e+00 6.2911445675e-01 -7.7731267860e-01
   outer loop
     vertex 2.3800000000e-01 8.8371016773e-01 -1.0604522013e+00
     vertex 2.7200000000e-01 8.8371016773e-01 -1.0604522013e+00
     vertex 2.3800000000e-01 4.8636143870e-01 -1.3820445755e+00
   endloop
 endfacet
 facet normal  0.0000000000e+00 6.2911445675e-01 -7.7731267860e-01
   outer loop
     vertex 2.7200000000e-01 8.8371016773e-01 -1.0604522013e+00
     vertex 2.7200000000e-01 4.8636143870e-01 -1.3820445755e+00
     vertex 2.3800000000e-01 4.8636143870e-01 -1.3820445755e+00
   endloop
 endfacet
 facet normal  0.0000000000e+00 2.3569367195e-01 -9.7182739877e-01
   outer loop
     vertex 2.3800000000e-01 4.8636143870e-01 -1.3820445755e+00
     vertex 2.7200000000e-01 4.8636143870e-01 -1.3820445755e+00
     vertex 2.3800000000e-01 0.0000000000e+00 -1.5000000000e+00
   endloop
 endfacet
 facet normal  0.0000000000e+00 2.3569367195e-01 -9.7182739877e-01
   outer loop
     vertex 2.7200000000e-01 4.8636143870e-01 -1.3820445755e+00
     vertex 2.7200000000e-01 0.0000000000e+00 -1.5000000000e+00
     vertex 2.3800000000e-01 0.0000000000e+00 -1.5000000000e+00
   endloop
 endfacet
 facet normal  -0.0000000000e+00 -2.3569367195e-01 -9.7182739877e-01
   outer loop
     vertex 2.3800000000e-01 0.0000000000e+00 -1.5000000000e+00
     vertex 2.7200000000e-01 0.0000000000e+00 -1.5000000000e+00
     vertex 2.7200000000e-01 -4.8636143870e-01 -1.3820445755e+00
   endloop
 endfacet
 facet normal  -0.0000000000e+00 -2.3569367195e-01 -9.7182739877e-01
   outer loop
     vertex 2.3800000000e-01 0.0000000000e+00 -1.5000000000e+00
     vertex 2.7200000000e-01 -4.8636143870e-01 -1.3820445755e+00
     vertex 2.3800000000e-01 -4.8636143870e-01 -1.3820445755e+00
   endloop
 endfacet
 facet normal  -0.0000000000e+00 -6.2911445675e-01 -7.7731267860e-01
   outer loop
     vertex 2.3800000000e-01 -4.8636143870e-01 -1.3820445755e+00
     vertex 2.7200000000e-01 -4.8636143870e-01 -1.3820445755e+00
     vertex 2.7200000000e-01 -8.8371016773e-01 -1.0604522013e+00
   endloop
 endfacet
 facet normal  -0.0000000000e+00 -6.2911445675e-01 -7.7731267860e-01
   outer loop
     vertex 2.3800000000e-01 -4.8636143870e-01 -1.3820445755e+00
     vertex 2.7200000000e-01 -8.8371016773e-01 -1.0604522013e+00
     vertex 2.3800000000e-01 -8.8371016773e-01 -1.0604522013e+00
   endloop
 endfacet
 facet normal  -0.0000000000e+00 -8.7174481044e-01 -4.8996018764e-01
   outer loop
     vertex 2.3800000000e-01 -8.8371016773e-01 -1.0604522013e+00
     vertex 2.7200000000e-01 -8.8371016773e-01 -1.0604522013e+00
     vertex 2.7200000000e-01 -1.1517038129e+00 -5.8363372644e-01
   endloop
 endfacet
 facet normal  -0.0000000000e+00 -8.7174481044e-01 -4.8996018764e-01
   outer loop
     vertex 2.3800000000e-01 -8.8371016773e-01 -1.0604522013e+00
     vertex 2.7200000000e-01 -1.1517038129e+00 -5.8363372644e-01
     vertex 2.3800000000e-01 -1.1517038129e+00 -5.8363372644e-01
   endloop
 endfacet
 facet normal  -0.0000000000e+00 -9.8611194905e-01 -1.6608197960e-01
   outer loop
     vertex 2.3800000000e-01 -1.1517038129e+00 -5.8363372644e-01
     vertex 2.7200000000e-01 -1.1517038129e+00 -5.8363372644e-01
     vertex 2.7200000000e-01 -1.2500000000e+00 0.0000000000e+00
   endloop
 endfacet
 facet normal  -0.0000000000e+00 -9.8611194905e-01 -1.6608197960e-01
   outer loop
     vertex 2.3800000000e-01 -1.1517038129e+00 -5.8363372644e-01
     vertex 2.7200000000e-01 -1.2500000000e+00 0.0000000000e+00
     vertex 2.3800000000e-01 -1.2500000000e+00 0.0000000000e+00
   endloop
 endfacet
 facet normal  0.0000000000e+00 -9.8611194905e-01 1.6608197960e-01
   outer loop
     vertex 2.3800000000e-01 -1.2500000000e+00 0.0000000000e+00
     vertex 2.7200000000e-01 -1.2500000000e+00 0.0000000000e+00
     vertex 2.3800000000e-01 -1.1517038129e+00 5.8363372644e-01
   endloop
 endfacet
 facet normal  0.0000000000e+00 -9.8611194905e-01 1.6608197960e-01
   outer loop
     vertex 2.7200000000e-01 -1.2500000000e+00 0.0000000000e+00
     vertex 2.7200000000e-01 -1.1517038129e+00 5.8363372644e-01
     vertex 2.3800000000e-01 -1.1517038129e+00 5.8363372644e-01
   endloop
 endfacet
 facet normal  0.0000000000e+00 -8.7174481044e-01 4.8996018764e-01
   outer loop
     vertex 2.3800000000e-01 -1.1517038129e+00 5.8363372644e-01
     vertex 2.7200000000e-01 -1.1517038129e+00 5.8363372644e-01
     vertex 2.3800000000e-01 -8.8371016773e-01 1.0604522013e+00
   endloop
 endfacet
 facet normal  0.0000000000e+00 -8.7174481044e-01 4.8996018764e-01
   outer loop
     vertex 2.7200000000e-01 -1.1517038129e+00 5.8363372644e-01
     vertex 2.7200000000e-01 -8.8371016773e-01 1.0604522013e+00
     vertex 2.3800000000e-01 -8.8371016773e-01 1.0604522013e+00
   endloop
 endfacet
 facet normal  0.0000000000e+00 -6.2911445675e-01 7.7731267860e-01
   outer loop
     vertex 2.3800000000e-01 -8.8371016773e-01 1.0604522013e+00
     vertex 2.7200000000e-01 -8.8371016773e-01 1.0604522013e+00
     vertex 2.3800000000e-01 -4.8636143870e-01 1.3820445755e+00
   endloop
 endfacet
 facet normal  0.0000000000e+00 -6.2911445675e-01 7.7731267860e-01
   outer loop
     vertex 2.7200000000e-01 -8.8371016773e-01 1.0604522013e+00
     vertex 2.7200000000e-01 -4.8636143870e-01 1.3820445755e+00
     vertex 2.3800000000e-01 -4.8636143870e-01 1.3820445755e+00
   endloop
 endfacet
 facet normal  0.0000000000e+00 -2.3569367195e-01 9.7182739877e-01
   outer loop
     vertex 2.3800000000e-01 -4.8636143870e-01 1.3820445755e+00
     vertex 2.7200000000e-01 -4.8636143870e-01 1.3820445755e+00
     vertex 2.3800000000e-01 0.0000000000e+00 1.5000000000e+00
   endloop
 endfacet
 facet normal  0.0000000000e+00 -2.3569367195e-01 9.7182739877e-01
   outer loop
     vertex 2.7200000000e-01 -4.8636143870e-01 1.3820445755e+00
     vertex 2.7200000000e-01 0.0000000000e+00 1.5000000000e+00
     vertex 2.3800000000e-01 0.0000000000e+00 1.5000000000e+00
   endloop
 endfacet
 facet normal  0.0000000000e+00 2.3569367195e-01 9.7182739877e-01
   outer loop
     vertex 2.3800000000e-01 0.0000000000e+00 1.5000000000e+00
     vertex 2.7200000000e-01 0.0000000000e+00 1.5000000000e+00
     vertex 2.7200000000e-01 4.8636143870e-01 1.3820445755e+00
   endloop
 endfacet
 facet normal  0.0000000000e+00 2.3569367195e-01 9.7182739877e-01
   outer loop
     vertex 2.3800000000e-01 0.0000000000e+00 1.5000000000e+00
     vertex 2.7200000000e-01 4.8636143870e-01 1.3820445755e+00
     vertex 2.3800000000e-01 4.8636143870e-01 1.3820445755e+00
   endloop
 endfacet
 facet normal  0.0000000000e+00 6.2911445675e-01 7.7731267860e-01
   outer loop
     vertex 2.3800000000e-01 4.8636143870e-01 1.3820445755e+00
     vertex 2.7200000000e-01 4.8636143870e-01 1.3820445755e+00
     vertex 2.7200000000e-01 8.8371016773e-01 1.0604522013e+00
   endloop
 endfacet
 facet normal  0.0000000000e+00 6.2911445675e-01 7.7731267860e-01
   outer loop
     vertex 2.3800000000e-01 4.8636143870e-01 1.3820445755e+00
     vertex 2.7200000000e-01 8.8371016773e-01 1.0604522013e+00
     vertex 2.3800000000e-01 8.8371016773e-01 1.0604522013e+00
   endloop
 endfacet
 facet normal  0.0000000000e+00 8.7174481044e-01 4.8996018764e-01
   outer loop
     vertex 2.3800000000e-01 8.8371016773e-01 1.0604522013e+00
     vertex 2.7200000000e-01 8.8371016773e-01 1.0604522013e+00
     vertex 2.7200000000e-01 1.1517038129e+00 5.8363372644e-01
   endloop
 endfacet
 facet normal  0.0000000000e+00 8.7174481044e-01 4.8996018764e-01
   outer loop
     vertex 2.3800000000e-01 8.8371016773e-01 1.0604522013e+00
     vertex 2.7200000000e-01 1.1517038129e+00 5.8363372644e-01
     vertex 2.3800000000e-01 1.1517038129e+00 5.8363372644e-01
   endloop
 endfacet
 facet normal  0.0000000000e+00 9.8611194905e-01 1.6608197960e-01
   outer loop
     vertex 2.3800000000e-01 1.1517038129e+00 5.8363372644e-01
     vertex 2.7200000000e-01 1.1517038129e+00 5.8363372644e-01
     vertex 2.7200000000e-01 1.2500000000e+00 0.0000000000e+00
   endloop
 endfacet
 facet normal  0.0000000000e+00 9.8611194905e-01 1.6608197960e-01
   outer loop
     vertex 2.3800000000e-01 1.1517038129e+00 5.8363372644e-01
     vertex 2.7200000000e-01 1.2500000000e+00 0.0000000000e+00
     vertex 2.3800000000e-01 1.2500000000e+00 0.0000000000e+00
   endloop
 endfacet
 facet normal  0.0000000000e+00 9.8611194905e-01 -1.6608197960e-01
   outer loop
     vertex 2.7200000000e-01 1.2500000000e+00 0.0000000000e+00
     vertex 3.0600000000e-01 1.2500000000e+00 0.0000000000e+00
     vertex 2.7200000000e-01 1.1517038129e+00 -5.8363372644e-01
   endloop
 endfacet
 facet normal  0.0000000000e+00 9.8611194905e-01 -1.6608197960e-01
   outer loop
     vertex 3.0600000000e-01 1.2500000000e+00 0.0000000000e+00
     vertex 3.0600000000e-01 1.1517038129e+00 -5.8363372644e-01
     vertex 2.7200000000e-01 1.1517038129e+00 -5.8363372644e-01
   endloop
 endfacet
 facet normal  0.0000000000e+00 8.7174481044e-01 -4.8996018764e-01
   outer loop
     vertex 2.7200000000e-01 1.1517038129e+00 -5.8363372644e-01
     vertex 3.0600000000e-01 1.1517038129e+00 -5.8363372644e-01
     vertex 2.7200000000e-01 8.8371016773e-01 -1.0604522013e+00
   endloop
 endfacet
 facet normal  0.0000000000e+00 8.7174481044e-01 -4.8996018764e-01
   outer loop
     vertex 3.0600000000e-01 1.1517038129e+00 -5.8363372644e-01
     vertex 3.0600000000e-01 8.8371016773e-01 -1.0604522013e+00
     vertex 2.7200000000e-01 8.8371016773e-01 -1.0604522013e+00
   endloop
 endfacet
 facet normal  0.0000000000e+00 6.2911445675e-01 -7.7731267860e-01
   outer loop
     vertex 2.7200000000e-01 8.8371016773e-01 -1.0604522013e+00
     vertex 3.0600000000e-01 8.8371016773e-01 -1.0604522013e+00
     vertex 2.7200000000e-01 4.8636143870e-01 -1.3820445755e+00
   endloop
 endfacet
 facet normal  0.0000000000e+00 6.2911445675e-01 -7.7731267860e-01
   outer loop
     vertex 3.0600000000e-01 8.8371016773e-01 -1.0604522013e+00
     vertex 3.0600000000e-01 4.8636143870e-01 -1.3820445755e+00
     vertex 2.7200000000e-01 4.8636143870e-01 -1.3820445755e+00
   endloop
 endfacet
 facet normal  0.0000000000e+00 2.3569367195e-01 -9.7182739877e-01
   outer loop
     vertex 2.7200000000e-01 4.8636143870e-01 -1.3820445755e+00
     vertex 3.0600000000e-01 4.8636143870e-01 -1.3820445755e+00
     vertex 2.7200000000e-01 0.0000000000e+00 -1.5000000000e+00
   endloop
 endfacet
 facet normal  0.0000000000e+00 2.3569367195e-01 -9.7182739877e-01
   outer loop
     vertex 3.0600000000e-01 4.8636143870e-01 -1.3820445755e+00
     vertex 3.0600000000e-01 0.0000000000e+00 -1.5000000000e+00
     vertex 2.7200000000e-01 0.0000000000e+00 -1.5000000000e+00
   endloop
 endfacet
 facet normal  -0.0000000000e+00 -2.3569367195e-01 -9.7182739877e-01
   outer loop
     vertex 2.7200000000e-01 0.0000000000e+00 -1.5000000000e+00
     vertex 3.0600000000e-01 0.0000000000e+00 -1.5000000000e+00
     vertex 3.0600000000e-01 -4.8636143870e-01 -1.3820445755e+00
   endloop
 endfacet
 facet normal  -0.0000000000e+00 -2.3569367195e-01 -9.7182739877e-01
   outer loop
     vertex 2.7200000000e-01 0.0000000000e+00 -1.5000000000e+00
     vertex 3.0600000000e-01 -4.8636143870e-01 -1.3820445755e+00
     vertex 2.7200000000e-01 -4.8636143870e-01 -1.3820445755e+00
   endloop
 endfacet
 facet normal  -0.0000000000e+00 -6.2911445675e-01 -7.7731267860e-01
   outer loop
     vertex 2.7200000000e-01 -4.8636143870e-01 -1.3820445755e+00
     vertex 3.0600000000e-01 -4.8636143870e-01 -1.3820445755e+00
     vertex 3.0600000000e-01 -8.8371016773e-01 -1.0604522013e+00
   endloop
 endfacet
 facet normal  -2.0542863383e-15 -6.2911445675e-01 -7.7731267860e-01
   outer loop
     vertex 2.7200000000e-01 -4.8636143870e-01 -1.3820445755e+00
     vertex 3.0600000000e-01 -8.8371016773e-01 -1.0604522013e+00
     vertex 2.7200000000e-01 -8.8371016773e-01 -1.0604522013e+00
   endloop
 endfacet
 facet normal  -2.8465622357e-15 -8.7174481044e-01 -4.8996018764e-01
   outer loop
     vertex 2.7200000000e-01 -8.8371016773e-01 -1.0604522013e+00
     vertex 3.0600000000e-01 -8.8371016773e-01 -1.0604522013e+00
     vertex 3.0600000000e-01 -1.1517038129e+00 -5.8363372644e-01
   endloop
 endfacet
 facet normal  -0.0000000000e+00 -8.7174481044e-01 -4.8996018764e-01
   outer loop
     vertex 2.7200000000e-01 -8.8371016773e-01 -1.0604522013e+00
     vertex 3.0600000000e-01 -1.1517038129e+00 -5.8363372644e-01
     vertex 2.7200000000e-01 -1.1517038129e+00 -5.8363372644e-01
   endloop
 endfacet
 facet normal  -0.0000000000e+00 -9.8611194905e-01 -1.6608197960e-01
   outer loop
     vertex 2.7200000000e-01 -1.1517038129e+00 -5.8363372644e-01
     vertex 3.0600000000e-01 -1.1517038129e+00 -5.8363372644e-01
     vertex 3.0600000000e-01 -1.2500000000e+00 0.0000000000e+00
   endloop
 endfacet
 facet normal  -0.0000000000e+00 -9.8611194905e-01 -1.6608197960e-01
   outer loop
     vertex 2.7200000000e-01 -1.1517038129e+00 -5.8363372644e-01
     vertex 3.0600000000e-01 -1.2500000000e+00 0.0000000000e+00
     vertex 2.7200000000e-01 -1.2500000000e+00 0.0000000000e+00
   endloop
 endfacet
 facet normal  0.0000000000e+00 -9.8611194905e-01 1.6608197960e-01
   outer loop
     vertex 2.7200000000e-01 -1.2500000000e+00 0.0000000000e+00
     vertex 3.0600000000e-01 -1.2500000000e+00 0.0000000000e+00
     vertex 2.7200000000e-01 -1.1517038129e+00 5.8363372644e-01
   endloop
 endfacet
 facet normal  0.0000000000e+00 -9.8611194905e-01 1.6608197960e-01
   outer loop
     vertex 3.0600000000e-01 -1.2500000000e+00 0.0000000000e+00
     vertex 3.0600000000e-01 -1.1517038129e+00 5.8363372644e-01
     vertex 2.7200000000e-01 -1.1517038129e+00 5.8363372644e-01
   endloop
 endfacet
 facet normal  0.0000000000e+00 -8.7174481044e-01 4.8996018764e-01
   outer loop
     vertex 2.7200000000e-01 -1.1517038129e+00 5.8363372644e-01
     vertex 3.0600000000e-01 -1.1517038129e+00 5.8363372644e-01
     vertex 2.7200000000e-01 -8.8371016773e-01 1.0604522013e+00
   endloop
 endfacet
 facet normal  -2.8465622357e-15 -8.7174481044e-01 4.8996018764e-01
   outer loop
     vertex 3.0600000000e-01 -1.1517038129e+00 5.8363372644e-01
     vertex 3.0600000000e-01 -8.8371016773e-01 1.0604522013e+00
     vertex 2.7200000000e-01 -8.8371016773e-01 1.0604522013e+00
   endloop
 endfacet
 facet normal  -2.0542863383e-15 -6.2911445675e-01 7.7731267860e-01
   outer loop
     vertex 2.7200000000e-01 -8.8371016773e-01 1.0604522013e+00
     vertex 3.0600000000e-01 -8.8371016773e-01 1.0604522013e+00
     vertex 2.7200000000e-01 -4.8636143870e-01 1.3820445755e+00
   endloop
 endfacet
 facet normal  0.0000000000e+00 -6.2911445675e-01 7.7731267860e-01
   outer loop
     vertex 3.0600000000e-01 -8.8371016773e-01 1.0604522013e+00
     vertex 3.0600000000e-01 -4.8636143870e-01 1.3820445755e+00
     vertex 2.7200000000e-01 -4.8636143870e-01 1.3820445755e+00
   endloop
 endfacet
 facet normal  0.0000000000e+00 -2.3569367195e-01 9.7182739877e-01
   outer loop
     vertex 2.7200000000e-01 -4.8636143870e-01 1.3820445755e+00
     vertex 3.0600000000e-01 -4.8636143870e-01 1.3820445755e+00
     vertex 2.7200000000e-01 0.0000000000e+00 1.5000000000e+00
   endloop
 endfacet
 facet normal  0.0000000000e+00 -2.3569367195e-01 9.7182739877e-01
   outer loop
     vertex 3.0600000000e-01 -4.8636143870e-01 1.3820445755e+00
     vertex 3.0600000000e-01 0.0000000000e+00 1.5000000000e+00
     vertex 2.7200000000e-01 0.0000000000e+00 1.5000000000e+00
   endloop
 endfacet
 facet normal  0.0000000000e+00 2.3569367195e-01 9.7182739877e-01
   outer loop
     vertex 2.7200000000e-01 0.0000000000e+00 1.5000000000e+00
     vertex 3.0600000000e-01 0.0000000000e+00 1.5000000000e+00
     vertex 3.0600000000e-01 4.8636143870e-01 1.3820445755e+00
   endloop
 endfacet
 facet normal  0.0000000000e+00 2.3569367195e-01 9.7182739877e-01
   outer loop
     vertex 2.7200000000e-01 0.0000000000e+00 1.5000000000e+00
     vertex 3.0600000000e-01 4.8636143870e-01 1.3820445755e+00
     vertex 2.7200000000e-01 4.8636143870e-01 1.3820445755e+00
   endloop
 endfacet
 facet normal  0.0000000000e+00 6.2911445675e-01 7.7731267860e-01
   outer loop
     vertex 2.7200000000e-01 4.8636143870e-01 1.3820445755e+00
     vertex 3.0600000000e-01 4.8636143870e-01 1.3820445755e+00
     vertex 3.0600000000e-01 8.8371016773e-01 1.0604522013e+00
   endloop
 endfacet
 facet normal  0.0000000000e+00 6.2911445675e-01 7.7731267860e-01
   outer loop
     vertex 2.7200000000e-01 4.8636143870e-01 1.3820445755e+00
     vertex 3.0600000000e-01 8.8371016773e-01 1.0604522013e+00
     vertex 2.7200000000e-01 8.8371016773e-01 1.0604522013e+00
   endloop
 endfacet
 facet normal  0.0000000000e+00 8.7174481044e-01 4.8996018764e-01
   outer loop
     vertex 2.7200000000e-01 8.8371016773e-01 1.0604522013e+00
     vertex 3.0600000000e-01 8.8371016773e-01 1.0604522013e+00
     vertex 3.0600000000e-01 1.1517038129e+00 5.8363372644e-01
   endloop
 endfacet
 facet normal  0.0000000000e+00 8.7174481044e-01 4.8996018764e-01
   outer loop
     vertex 2.7200000000e-01 8.8371016773e-01 1.0604522013e+00
     vertex 3.0600000000e-01 1.1517038129e+00 5.8363372644e-01
     vertex 2.7200000000e-01 1.1517038129e+00 5.8363372644e-01
   endloop
 endfacet
 facet normal  0.0000000000e+00 9.8611194905e-01 1.6608197960e-01
   outer loop
     vertex 2.7200000000e-01 1.1517038129e+00 5.8363372644e-01
     vertex 3.0600000000e-01 1.1517038129e+00 5.8363372644e-01
     vertex 3.0600000000e-01 1.2500000000e+00 0.0000000000e+00
   endloop
 endfacet
 facet normal  0.0000000000e+00 9.8611194905e-01 1.6608197960e-01
   outer loop
     vertex 2.7200000000e-01 1.1517038129e+00 5.8363372644e-01
     vertex 3.0600000000e-01 1.2500000000e+00 0.0000000000e+00
     vertex 2.7200000000e-01 1.2500000000e+00 0.0000000000e+00
   endloop
 endfacet
 facet normal  0.0000000000e+00 9.8611194905e-01 -1.6608197960e-01
   outer loop
     vertex 3.0600000000e-01 1.2500000000e+00 0.0000000000e+00
     vertex 3.4000000000e-01 1.2500000000e+00 0.0000000000e+00
     vertex 3.0600000000e-01 1.1517038129e+00 -5.8363372644e-01
   endloop
 endfacet
 facet normal  0.0000000000e+00 9.8611194905e-01 -1.6608197960e-01
   outer loop
     vertex 3.4000000000e-01 1.2500000000e+00 0.0000000000e+00
     vertex 3.4000000000e-01 1.1517038129e+00 -5.8363372644e-01
     vertex 3.0600000000e-01 1.1517038129e+00 -5.8363372644e-01
   endloop
 endfacet
 facet normal  0.0000000000e+00 8.7174481044e-01 -4.8996018764e-01
   outer loop
     vertex 3.0600000000e-01 1.1517038129e+00 -5.8363372644e-01
     vertex 3.4000000000e-01 1.1517038129e+00 -5.8363372644e-01
     vertex 3.0600000000e-01 8.8371016773e-01 -1.0604522013e+00
   endloop
 endfacet
 facet normal  0.0000000000e+00 8.7174481044e-01 -4.8996018764e-01
   outer loop
     vertex 3.4000000000e-01 1.1517038129e+00 -5.8363372644e-01
     vertex 3.4000000000e-01 8.8371016773e-01 -1.0604522013e+00
     vertex 3.0600000000e-01 8.8371016773e-01 -1.0604522013e+00
   endloop
 endfacet
 facet normal  0.0000000000e+00 6.2911445675e-01 -7.7731267860e-01
   outer loop
     vertex 3.0600000000e-01 8.8371016773e-01 -1.0604522013e+00
     vertex 3.4000000000e-01 8.8371016773e-01 -1.0604522013e+00
     vertex 3.0600000000e-01 4.8636143870e-01 -1.3820445755e+00
   endloop
 endfacet
 facet normal  0.0000000000e+00 6.2911445675e-01 -7.7731267860e-01
   outer loop
     vertex 3.4000000000e-01 8.8371016773e-01 -1.0604522013e+00
     vertex 3.4000000000e-01 4.8636143870e-01 -1.3820445755e+00
     vertex 3.0600000000e-01 4.8636143870e-01 -1.3820445755e+00
   endloop
 endfacet
 facet normal  0.0000000000e+00 2.3569367195e-01 -9.7182739877e-01
   outer loop
     vertex 3.0600000000e-01 4.8636143870e-01 -1.3820445755e+00
     vertex 3.4000000000e-01 4.8636143870e-01 -1.3820445755e+00
     vertex 3.0600000000e-01 0.0000000000e+00 -1.5000000000e+00
   endloop
 endfacet
 facet normal  0.0000000000e+00 2.3569367195e-01 -9.7182739877e-01
   outer loop
     vertex 3.4000000000e-01 4.8636143870e-01 -1.3820445755e+00
     vertex 3.4000000000e-01 0.0000000000e+00 -1.5000000000e+00
     vertex 3.0600000000e-01 0.0000000000e+00 -1.5000000000e+00
   endloop
 endfacet
 facet normal  -0.0000000000e+00 -2.3569367195e-01 -9.7182739877e-01
   outer loop
     vertex 3.0600000000e-01 0.0000000000e+00 -1.5000000000e+00
     vertex 3.4000000000e-01 0.0000000000e+00 -1.5000000000e+00
     vertex 3.4000000000e-01 -4.8636143870e-01 -1.3820445755e+00
   endloop
 endfacet
 facet normal  -0.0000000000e+00 -2.3569367195e-01 -9.7182739877e-01
   outer loop
     vertex 3.0600000000e-01 0.0000000000e+00 -1.5000000000e+00
     vertex 3.4000000000e-01 -4.8636143870e-01 -1.3820445755e+00
     vertex 3.0600000000e-01 -4.8636143870e-01 -1.3820445755e+00
   endloop
 endfacet
 facet normal  -0.0000000000e+00 -6.2911445675e-01 -7.7731267860e-01
   outer loop
     vertex 3.0600000000e-01 -4.8636143870e-01 -1.3820445755e+00
     vertex 3.4000000000e-01 -4.8636143870e-01 -1.3820445755e+00
     vertex 3.4000000000e-01 -8.8371016773e-01 -1.0604522013e+00
   endloop
 endfacet
 facet normal  -0.0000000000e+00 -6.2911445675e-01 -7.7731267860e-01
   outer loop
     vertex 3.0600000000e-01 -4.8636143870e-01 -1.3820445755e+00
     vertex 3.4000000000e-01 -8.8371016773e-01 -1.0604522013e+00
     vertex 3.0600000000e-01 -8.8371016773e-01 -1.0604522013e+00
   endloop
 endfacet
 facet normal  -0.0000000000e+00 -8.7174481044e-01 -4.8996018764e-01
   outer loop
     vertex 3.0600000000e-01 -8.8371016773e-01 -1.0604522013e+00
     vertex 3.4000000000e-01 -8.8371016773e-01 -1.0604522013e+00
     vertex 3.4000000000e-01 -1.1517038129e+00 -5.8363372644e-01
   endloop
 endfacet
 facet normal  -0.0000000000e+00 -8.7174481044e-01 -4.8996018764e-01
   outer loop
     vertex 3.0600000000e-01 -8.8371016773e-01 -1.0604522013e+00
     vertex 3.4000000000e-01 -1.1517038129e+00 -5.8363372644e-01
     vertex 3.0600000000e-01 -1.1517038129e+00 -5.8363372644e-01
   endloop
 endfacet
 facet normal  -0.0000000000e+00 -9.8611194905e-01 -1.6608197960e-01
   outer loop
     vertex 3.0600000000e-01 -1.1517038129e+00 -5.8363372644e-01
     vertex 3.4000000000e-01 -1.1517038129e+00 -5.8363372644e-01
     vertex 3.4000000000e-01 -1.2500000000e+00 0.0000000000e+00
   endloop
 endfacet
 facet normal  -0.0000000000e+00 -9.8611194905e-01 -1.6608197960e-01
   outer loop
     vertex 3.0600000000e-01 -1.1517038129e+00 -5.8363372644e-01
     vertex 3.4000000000e-01 -1.2500000000e+00 0.0000000000e+00
     vertex 3.0600000000e-01 -1.2500000000e+00 0.0000000000e+00
   endloop
 endfacet
 facet normal  0.0000000000e+00 -9.8611194905e-01 1.6608197960e-01
   outer loop
     vertex 3.0600000000e-01 -1.2500000000e+00 0.0000000000e+00
     vertex 3.4000000000e-01 -1.2500000000e+00 0.0000000000e+00
     vertex 3.0600000000e-01 -1.1517038129e+00 5.8363372644e-01
   endloop
 endfacet
 facet normal  0.0000000000e+00 -9.8611194905e-01 1.6608197960e-01
   outer loop
     vertex 3.4000000000e-01 -1.2500000000e+00 0.0000000000e+00
     vertex 3.4000000000e-01 -1.1517038129e+00 5.8363372644e-01
     vertex 3.0600000000e-01 -1.1517038129e+00 5.8363372644e-01
   endloop
 endfacet
 facet normal  0.0000000000e+00 -8.7174481044e-01 4.8996018764e-01
   outer loop
     vertex 3.0600000000e-01 -1.1517038129e+00 5.8363372644e-01
     vertex 3.4000000000e-01 -1.1517038129e+00 5.8363372644e-01
     vertex 3.0600000000e-01 -8.8371016773e-01 1.0604522013e+00
   endloop
 endfacet
 facet normal  0.0000000000e+00 -8.7174481044e-01 4.8996018764e-01
   outer loop
     vertex 3.4000000000e-01 -1.1517038129e+00 5.8363372644e-01
     vertex 3.4000000000e-01 -8.8371016773e-01 1.0604522013e+00
     vertex 3.0600000000e-01 -8.8371016773e-01 1.0604522013e+00
   endloop
 endfacet
 facet normal  0.0000000000e+00 -6.2911445675e-01 7.7731267860e-01
   outer loop
     vertex 3.0600000000e-01 -8.8371016773e-01 1.0604522013e+00
     vertex 3.4000000000e-01 -8.8371016773e-01 1.0604522013e+00
     vertex 3.0600000000e-01 -4.8636143870e-01 1.3820445755e+00
   endloop
 endfacet
 facet normal  0.0000000000e+00 -6.2911445675e-01 7.7731267860e-01
   outer loop
     vertex 3.4000000000e-01 -8.8371016773e-01 1.0604522013e+00
     vertex 3.4000000000e-01 -4.8636143870e-01 1.3820445755e+00
     vertex 3.0600000000e-01 -4.8636143870e-01 1.3820445755e+00
   endloop
 endfacet
 facet normal  0.0000000000e+00 -2.3569367195e-01 9.7182739877e-01
   outer loop
     vertex 3.0600000000e-01 -4.8636143870e-01 1.3820445755e+00
     vertex 3.4000000000e-01 -4.8636143870e-01 1.3820445755e+00
     vertex 3.0600000000e-01 0.0000000000e+00 1.5000000000e+00
   endloop
 endfacet
 facet normal  0.0000000000e+00 -2.3569367195e-01 9.7182739877e-01
   outer loop
     vertex 3.4000000000e-01 -4.8636143870e-01 1.3820445755e+00
     vertex 3.4000000000e-01 0.0000000000e+00 1.5000000000e+00
     vertex 3.0600000000e-01 0.0000000000e+00 1.5000000000e+00
   endloop
 endfacet
 facet normal  0.0000000000e+00 2.3569367195e-01 9.7182739877e-01
   outer loop
     vertex 3.0600000000e-01 0.0000000000e+00 1.5000000000e+00
     vertex 3.4000000000e-01 0.0000000000e+00 1.5000000000e+00
     vertex 3.4000000000e-01 4.8636143870e-01 1.3820445755e+00
   endloop
 endfacet
 facet normal  0.0000000000e+00 2.3569367195e-01 9.7182739877e-01
   outer loop
     vertex 3.0600000000e-01 0.0000000000e+00 1.5000000000e+00
     vertex 3.4000000000e-01 4.8636143870e-01 1.3820445755e+00
     vertex 3.0600000000e-01 4.8636143870e-01 1.3820445755e+00
   endloop
 endfacet
 facet normal  0.0000000000e+00 6.2911445675e-01 7.7731267860e-01
   outer loop
     vertex 3.0600000000e-01 4.8636143870e-01 1.3820445755e+00
     vertex 3.4000000000e-01 4.8636143870e-01 1.3820445755e+00
     vertex 3.4000000000e-01 8.8371016773e-01 1.0604522013e+00
   endloop
 endfacet
 facet normal  0.0000000000e+00 6.2911445675e-01 7.7731267860e-01
   outer loop
     vertex 3.0600000000e-01 4.8636143870e-01 1.3820445755e+00
     vertex 3.4000000000e-01 8.8371016773e-01 1.0604522013e+00
     vertex 3.0600000000e-01 8.8371016773e-01 1.0604522013e+00
   endloop
 endfacet
 facet normal  0.0000000000e+00 8.7174481044e-01 4.8996018764e-01
   outer loop
     vertex 3.0600000000e-01 8.8371016773e-01 1.0604522013e+00
     vertex 3.4000000000e-01 8.8371016773e-01 1.0604522013e+00
     vertex 3.4000000000e-01 1.1517038129e+00 5.8363372644e-01
   endloop
 endfacet
 facet normal  0.0000000000e+00 8.7174481044e-01 4.8996018764e-01
   outer loop
     vertex 3.0600000000e-01 8.8371016773e-01 1.0604522013e+00
     vertex 3.4000000000e-01 1.1517038129e+00 5.8363372644e-01
     vertex 3.0600000000e-01 1.1517038129e+00 5.8363372644e-01
   endloop
 endfacet
 facet normal  0.0000000000e+00 9.8611194905e-01 1.6608197960e-01
   outer loop
     vertex 3.0600000000e-01 1.1517038129e+00 5.8363372644e-01
     vertex 3.4000000000e-01 1.1517038129e+00 5.8363372644e-01
     vertex 3.4000000000e-01 1.2500000000e+00 0.0000000000e+00
   endloop
 endfacet
 facet normal  0.0000000000e+00 9.8611194905e-01 1.6608197960e-01
   outer loop
     vertex 3.0600000000e-01 1.1517038129e+00 5.8363372644e-01
     vertex 3.4000000000e-01 1.2500000000e+00 0.0000000000e+00
     vertex 3.0600000000e-01 1.2500000000e+00 0.0000000000e+00
   endloop
 endfacet
 facet normal  0.0000000000e+00 9.8611194905e-01 -1.6608197960e-01
   outer loop
     vertex 3.4000000000e-01 1.2500000000e+00 0.0000000000e+00
     vertex 3.7400000000e-01 1.2500000000e+00 0.0000000000e+00
     vertex 3.7400000000e-01 1.1517038129e+00 -5.8363372644e-01
   endloop
 endfacet
 facet normal  0.0000000000e+00 9.8611194905e-01 -1.6608197960e-01
   outer loop
     vertex 3.4000000000e-01 1.2500000000e+00 0.0000000000e+00
     vertex 3.7400000000e-01 1.1517038129e+00 -5.8363372644e-01
     vertex 3.4000000000e-01 1.1517038129e+00 -5.8363372644e-01
   endloop
 endfacet
 facet normal  0.0000000000e+00 8.7174481044e-01 -4.8996018764e-01
   outer loop
     vertex 3.4000000000e-01 1.1517038129e+00 -5.8363372644e-01
     vertex 3.7400000000e-01 1.1517038129e+00 -5.8363372644e-01
     vertex 3.7400000000e-01 8.8371016773e-01 -1.0604522013e+00
   endloop
 endfacet
 facet normal  0.0000000000e+00 8.7174481044e-01 -4.8996018764e-01
   outer loop
     vertex 3.4000000000e-01 1.1517038129e+00 -5.8363372644e-01
     vertex 3.7400000000e-01 8.8371016773e-01 -1.0604522013e+00
     vertex 3.4000000000e-01 8.8371016773e-01 -1.0604522013e+00
   endloop
 endfacet
 facet normal  0.0000000000e+00 6.2911445675e-01 -7.7731267860e-01
   outer loop
     vertex 3.4000000000e-01 8.8371016773e-01 -1.0604522013e+00
     vertex 3.7400000000e-01 8.8371016773e-01 -1.0604522013e+00
     vertex 3.7400000000e-01 4.8636143870e-01 -1.3820445755e+00
   endloop
 endfacet
 facet normal  0.0000000000e+00 6.2911445675e-01 -7.7731267860e-01
   outer loop
     vertex 3.4000000000e-01 8.8371016773e-01 -1.0604522013e+00
     vertex 3.7400000000e-01 4.8636143870e-01 -1.3820445755e+00
     vertex 3.4000000000e-01 4.8636143870e-01 -1.3820445755e+00
   endloop
 endfacet
 facet normal  0.0000000000e+00 2.3569367195e-01 -9.7182739877e-01
   outer loop
     vertex 3.4000000000e-01 4.8636143870e-01 -1.3820445755e+00
     vertex 3.7400000000e-01 4.8636143870e-01 -1.3820445755e+00
     vertex 3.7400000000e-01 0.0000000000e+00 -1.5000000000e+00
   endloop
 endfacet
 facet normal  0.0000000000e+00 2.3569367195e-01 -9.7182739877e-01
   outer loop
     vertex 3.4000000000e-01 4.8636143870e-01 -1.3820445755e+00
     vertex 3.7400000000e-01 0.0000000000e+00 -1.5000000000e+00
     vertex 3.4000000000e-01 0.0000000000e+00 -1.5000000000e+00
   endloop
 endfacet
 facet normal  -0.0000000000e+00 -2.3569367195e-01 -9.7182739877e-01
   outer loop
     vertex 3.4000000000e-01 0.0000000000e+00 -1.5000000000e+00
     vertex 3.7400000000e-01 0.0000000000e+00 -1.5000000000e+00
     vertex 3.4000000000e-01 -4.8636143870e-01 -1.3820445755e+00
   endloop
 endfacet
 facet normal  -0.0000000000e+00 -2.3569367195e-01 -9.7182739877e-01
   outer loop
     vertex 3.7400000000e-01 0.0000000000e+00 -1.5000000000e+00
     vertex 3.7400000000e-01 -4.8636143870e-01 -1.3820445755e+00
     vertex 3.4000000000e-01 -4.8636143870e-01 -1.3820445755e+00
   endloop
 endfacet
 facet normal  -0.0000000000e+00 -6.2911445675e-01 -7.7731267860e-01
   outer loop
     vertex 3.4000000000e-01 -4.8636143870e-01 -1.3820445755e+00
     vertex 3.7400000000e-01 -4.8636143870e-01 -1.3820445755e+00
     vertex 3.4000000000e-01 -8.8371016773e-01 -1.0604522013e+00
   endloop
 endfacet
 facet normal  2.0542863383e-15 -6.2911445675e-01 -7.7731267860e-01
   outer loop
     vertex 3.7400000000e-01 -4.8636143870e-01 -1.3820445755e+00
     vertex 3.7400000000e-01 -8.8371016773e-01 -1.0604522013e+00
     vertex 3.4000000000e-01 -8.8371016773e-01 -1.0604522013e+00
   endloop
 endfacet
 facet normal  2.8465622357e-15 -8.7174481044e-01 -4.8996018764e-01
   outer loop
     vertex 3.4000000000e-01 -8.8371016773e-01 -1.0604522013e+00
     vertex 3.7400000000e-01 -8.8371016773e-01 -1.0604522013e+00
     vertex 3.4000000000e-01 -1.1517038129e+00 -5.8363372644e-01
   endloop
 endfacet
 facet normal  -0.0000000000e+00 -8.7174481044e-01 -4.8996018764e-01
   outer loop
     vertex 3.7400000000e-01 -8.8371016773e-01 -1.0604522013e+00
     vertex 3.7400000000e-01 -1.1517038129e+00 -5.8363372644e-01
     vertex 3.4000000000e-01 -1.1517038129e+00 -5.8363372644e-01
   endloop
 endfacet
 facet normal  -0.0000000000e+00 -9.8611194905e-01 -1.6608197960e-01
   outer loop
     vertex 3.4000000000e-01 -1.1517038129e+00 -5.8363372644e-01
     vertex 3.7400000000e-01 -1.1517038129e+00 -5.8363372644e-01
     vertex 3.4000000000e-01 -1.2500000000e+00 0.0000000000e+00
   endloop
 endfacet
 facet normal  -0.0000000000e+00 -9.8611194905e-01 -1.6608197960e-01
   outer loop
     vertex 3.7400000000e-01 -1.1517038129e+00 -5.8363372644e-01
     vertex 3.7400000000e-01 -1.2500000000e+00 0.0000000000e+00
     vertex 3.4000000000e-01 -1.2500000000e+00 0.0000000000e+00
   endloop
 endfacet
 facet normal  0.0000000000e+00 -9.8611194905e-01 1.6608197960e-01
   outer loop
     vertex 3.4000000000e-01 -1.2500000000e+00 0.0000000000e+00
     vertex 3.7400000000e-01 -1.2500000000e+00 0.0000000000e+00
     vertex 3.7400000000e-01 -1.1517038129e+00 5.8363372644e-01
   endloop
 endfacet
 facet normal  0.0000000000e+00 -9.8611194905e-01 1.6608197960e-01
   outer loop
     vertex 3.4000000000e-01 -1.2500000000e+00 0.0000000000e+00
     vertex 3.7400000000e-01 -1.1517038129e+00 5.8363372644e-01
     vertex 3.4000000000e-01 -1.1517038129e+00 5.8363372644e-01
   endloop
 endfacet
 facet normal  0.0000000000e+00 -8.7174481044e-01 4.8996018764e-01
   outer loop
     vertex 3.4000000000e-01 -1.1517038129e+00 5.8363372644e-01
     vertex 3.7400000000e-01 -1.1517038129e+00 5.8363372644e-01
     vertex 3.7400000000e-01 -8.8371016773e-01 1.0604522013e+00
   endloop
 endfacet
 facet normal  2.8465622357e-15 -8.7174481044e-01 4.8996018764e-01
   outer loop
     vertex 3.4000000000e-01 -1.1517038129e+00 5.8363372644e-01
     vertex 3.7400000000e-01 -8.8371016773e-01 1.0604522013e+00
     vertex 3.4000000000e-01 -8.8371016773e-01 1.0604522013e+00
   endloop
 endfacet
 facet normal  2.0542863383e-15 -6.2911445675e-01 7.7731267860e-01
   outer loop
     vertex 3.4000000000e-01 -8.8371016773e-01 1.0604522013e+00
     vertex 3.7400000000e-01 -8.8371016773e-01 1.0604522013e+00
     vertex 3.7400000000e-01 -4.8636143870e-01 1.3820445755e+00
   endloop
 endfacet
 facet normal  0.0000000000e+00 -6.2911445675e-01 7.7731267860e-01
   outer loop
     vertex 3.4000000000e-01 -8.8371016773e-01 1.0604522013e+00
     vertex 3.7400000000e-01 -4.8636143870e-01 1.3820445755e+00
     vertex 3.4000000000e-01 -4.8636143870e-01 1.3820445755e+00
   endloop
 endfacet
 facet normal  0.0000000000e+00 -2.3569367195e-01 9.7182739877e-01
   outer loop
     vertex 3.4000000000e-01 -4.8636143870e-01 1.3820445755e+00
     vertex 3.7400000000e-01 -4.8636143870e-01 1.3820445755e+00
     vertex 3.7400000000e-01 0.0000000000e+00 1.5000000000e+00
   endloop
 endfacet
 facet normal  0.0000000000e+00 -2.3569367195e-01 9.7182739877e-01
   outer loop
     vertex 3.4000000000e-01 -4.8636143870e-01 1.3820445755e+00
     vertex 3.7400000000e-01 0.0000000000e+00 1.5000000000e+00
     vertex 3.4000000000e-01 0.0000000000e+00 1.5000000000e+00
   endloop
 endfacet
 facet normal  0.0000000000e+00 2.3569367195e-01 9.7182739877e-01
   outer loop
     vertex 3.4000000000e-01 0.0000000000e+00 1.5000000000e+00
     vertex 3.7400000000e-01 0.0000000000e+00 1.5000000000e+00
     vertex 3.4000000000e-01 4.8636143870e-01 1.3820445755e+00
   endloop
 endfacet
 facet normal  0.0000000000e+00 2.3569367195e-01 9.7182739877e-01
   outer loop
     vertex 3.7400000000e-01 0.0000000000e+00 1.5000000000e+00
     vertex 3.7400000000e-01 4.8636143870e-01 1.3820445755e+00
     vertex 3.4000000000e-01 4.8636143870e-01 1.3820445755e+00
   endloop
 endfacet
 facet normal  0.0000000000e+00 6.2911445675e-01 7.7731267860e-01
   outer loop
     vertex 3.4000000000e-01 4.8636143870e-01 1.3820445755e+00
     vertex 3.7400000000e-01 4.8636143870e-01 1.3820445755e+00
     vertex 3.4000000000e-01 8.8371016773e-01 1.0604522013e+00
   endloop
 endfacet
 facet normal  0.0000000000e+00 6.2911445675e-01 7.7731267860e-01
   outer loop
     vertex 3.7400000000e-01 4.8636143870e-01 1.3820445755e+00
     vertex 3.7400000000e-01 8.8371016773e-01 1.0604522013e+00
     vertex 3.4000000000e-01 8.8371016773e-01 1.0604522013e+00
   endloop
 endfacet
 facet normal  0.0000000000e+00 8.7174481044e-01 4.8996018764e-01
   outer loop
     vertex 3.4000000000e-01 8.8371016773e-01 1.0604522013e+00
     vertex 3.7400000000e-01 8.8371016773e-01 1.0604522013e+00
     vertex 3.4000000000e-01 1.1517038129e+00 5.8363372644e-01
   endloop
 endfacet
 facet normal  0.0000000000e+00 8.7174481044e-01 4.8996018764e-01
   outer loop
     vertex 3.7400000000e-01 8.8371016773e-01 1.0604522013e+00
     vertex 3.7400000000e-01 1.1517038129e+00 5.8363372644e-01
     vertex 3.4000000000e-01 1.1517038129e+00 5.8363372644e-01
   endloop
 endfacet
 facet normal  0.0000000000e+00 9.8611194905e-01 1.6608197960e-01
   outer loop
     vertex 3.4000000000e-01 1.1517038129e+00 5.8363372644e-01
     vertex 3.7400000000e-01 1.1517038129e+00 5.8363372644e-01
     vertex 3.4000000000e-01 1.2500000000e+00 0.0000000000e+00
   endloop
 endfacet
 facet normal  0.0000000000e+00 9.8611194905e-01 1.6608197960e-01
   outer loop
     vertex 3.7400000000e-01 1.1517038129e+00 5.8363372644e-01
     vertex 3.7400000000e-01 1.2500000000e+00 0.0000000000e+00
     vertex 3.4000000000e-01 1.2500000000e+00 0.0000000000e+00
   endloop
 endfacet
 facet normal  0.0000000000e+00 9.8611194905e-01 -1.6608197960e-01
   outer loop
     vertex 3.7400000000e-01 1.2500000000e+00 0.0000000000e+00
     vertex 4.0800000000e-01 1.2500000000e+00 0.0000000000e+00
     vertex 4.0800000000e-01 1.1517038129e+00 -5.8363372644e-01
   endloop
 endfacet
 facet normal  0.0000000000e+00 9.8611194905e-01 -1.6608197960e-01
   outer loop
     vertex 3.7400000000e-01 1.2500000000e+00 0.0000000000e+00
     vertex 4.0800000000e-01 1.1517038129e+00 -5.8363372644e-01
     vertex 3.7400000000e-01 1.1517038129e+00 -5.8363372644e-01
   endloop
 endfacet
 facet normal  0.0000000000e+00 8.7174481044e-01 -4.8996018764e-01
   outer loop
     vertex 3.7400000000e-01 1.1517038129e+00 -5.8363372644e-01
     vertex 4.0800000000e-01 1.1517038129e+00 -5.8363372644e-01
     vertex 4.0800000000e-01 8.8371016773e-01 -1.0604522013e+00
   endloop
 endfacet
 facet normal  0.0000000000e+00 8.7174481044e-01 -4.8996018764e-01
   outer loop
     vertex 3.7400000000e-01 1.1517038129e+00 -5.8363372644e-01
     vertex 4.0800000000e-01 8.8371016773e-01 -1.0604522013e+00
     vertex 3.7400000000e-01 8.8371016773e-01 -1.0604522013e+00
   endloop
 endfacet
 facet normal  0.0000000000e+00 6.2911445675e-01 -7.7731267860e-01
   outer loop
     vertex 3.7400000000e-01 8.8371016773e-01 -1.0604522013e+00
     vertex 4.0800000000e-01 8.8371016773e-01 -1.0604522013e+00
     vertex 4.0800000000e-01 4.8636143870e-01 -1.3820445755e+00
   endloop
 endfacet
 facet normal  0.0000000000e+00 6.2911445675e-01 -7.7731267860e-01
   outer loop
     vertex 3.7400000000e-01 8.8371016773e-01 -1.0604522013e+00
     vertex 4.0800000000e-01 4.8636143870e-01 -1.3820445755e+00
     vertex 3.7400000000e-01 4.8636143870e-01 -1.3820445755e+00
   endloop
 endfacet
 facet normal  0.0000000000e+00 2.3569367195e-01 -9.7182739877e-01
   outer loop
     vertex 3.7400000000e-01 4.8636143870e-01 -1.3820445755e+00
     vertex 4.0800000000e-01 4.8636143870e-01 -1.3820445755e+00
     vertex 4.0800000000e-01 0.0000000000e+00 -1.5000000000e+00
   endloop
 endfacet
 facet normal  0.0000000000e+00 2.3569367195e-01 -9.7182739877e-01
   outer loop
     vertex 3.7400000000e-01 4.8636143870e-01 -1.3820445755e+00
     vertex 4.0800000000e-01 0.0000000000e+00 -1.5000000000e+00
     vertex 3.7400000000e-01 0.0000000000e+00 -1.5000000000e+00
   endloop
 endfacet
 facet normal  -0.0000000000e+00 -2.3569367195e-01 -9.7182739877e-01
   outer loop
     vertex 3.7400000000e-01 0.0000000000e+00 -1.5000000000e+00
     vertex 4.0800000000e-01 0.0000000000e+00 -1.5000000000e+00
     vertex 3.7400000000e-01 -4.8636143870e-01 -1.3820445755e+00
   endloop
 endfacet
 facet normal  -0.0000000000e+00 -2.3569367195e-01 -9.7182739877e-01
   outer loop
     vertex 4.0800000000e-01 0.0000000000e+00 -1.5000000000e+00
     vertex 4.0800000000e-01 -4.8636143870e-01 -1.3820445755e+00
     vertex 3.7400000000e-01 -4.8636143870e-01 -1.3820445755e+00
   endloop
 endfacet
 facet normal  -0.0000000000e+00 -6.2911445675e-01 -7.7731267860e-01
   outer loop
     vertex 3.7400000000e-01 -4.8636143870e-01 -1.3820445755e+00
     vertex 4.0800000000e-01 -4.8636143870e-01 -1.3820445755e+00
     vertex 3.7400000000e-01 -8.8371016773e-01 -1.0604522013e+00
   endloop
 endfacet
 facet normal  -0.0000000000e+00 -6.2911445675e-01 -7.7731267860e-01
   outer loop
     vertex 4.0800000000e-01 -4.8636143870e-01 -1.3820445755e+00
     vertex 4.0800000000e-01 -8.8371016773e-01 -1.0604522013e+00
     vertex 3.7400000000e-01 -8.8371016773e-01 -1.0604522013e+00
   endloop
 endfacet
 facet normal  -0.0000000000e+00 -8.7174481044e-01 -4.8996018764e-01
   outer loop
     vertex 3.7400000000e-01 -8.8371016773e-01 -1.0604522013e+00
     vertex 4.0800000000e-01 -8.8371016773e-01 -1.0604522013e+00
     vertex 3.7400000000e-01 -1.1517038129e+00 -5.8363372644e-01
   endloop
 endfacet
 facet normal  -0.0000000000e+00 -8.7174481044e-01 -4.8996018764e-01
   outer loop
     vertex 4.0800000000e-01 -8.8371016773e-01 -1.0604522013e+00
     vertex 4.0800000000e-01 -1.1517038129e+00 -5.8363372644e-01
     vertex 3.7400000000e-01 -1.1517038129e+00 -5.8363372644e-01
   endloop
 endfacet
 facet normal  -0.0000000000e+00 -9.8611194905e-01 -1.6608197960e-01
   outer loop
     vertex 3.7400000000e-01 -1.1517038129e+00 -5.8363372644e-01
     vertex 4.0800000000e-01 -1.1517038129e+00 -5.8363372644e-01
     vertex 3.7400000000e-01 -1.2500000000e+00 0.0000000000e+00
   endloop
 endfacet
 facet normal  -0.0000000000e+00 -9.8611194905e-01 -1.6608197960e-01
   outer loop
     vertex 4.0800000000e-01 -1.1517038129e+00 -5.8363372644e-01
     vertex 4.0800000000e-01 -1.2500000000e+00 0.0000000000e+00
     vertex 3.7400000000e-01 -1.2500000000e+00 0.0000000000e+00
   endloop
 endfacet
 facet normal  0.0000000000e+00 -9.8611194905e-01 1.6608197960e-01
   outer loop
     vertex 3.7400000000e-01 -1.2500000000e+00 0.0000000000e+00
     vertex 4.0800000000e-01 -1.2500000000e+00 0.0000000000e+00
     vertex 4.0800000000e-01 -1.1517038129e+00 5.8363372644e-01
   endloop
 endfacet
 facet normal  0.0000000000e+00 -9.8611194905e-01 1.6608197960e-01
   outer loop
     vertex 3.7400000000e-01 -1.2500000000e+00 0.0000000000e+00
     vertex 4.0800000000e-01 -1.1517038129e+00 5.8363372644e-01
     vertex 3.7400000000e-01 -1.1517038129e+00 5.8363372644e-01
   endloop
 endfacet
 facet normal  0.0000000000e+00 -8.7174481044e-01 4.8996018764e-01
   outer loop
     vertex 3.7400000000e-01 -1.1517038129e+00 5.8363372644e-01
     vertex 4.0800000000e-01 -1.1517038129e+00 5.8363372644e-01
     vertex 4.0800000000e-01 -8.8371016773e-01 1.0604522013e+00
   endloop
 endfacet
 facet normal  0.0000000000e+00 -8.7174481044e-01 4.8996018764e-01
   outer loop
     vertex 3.7400000000e-01 -1.1517038129e+00 5.8363372644e-01
     vertex 4.0800000000e-01 -8.8371016773e-01 1.0604522013e+00
     vertex 3.7400000000e-01 -8.8371016773e-01 1.0604522013e+00
   endloop
 endfacet
 facet normal  0.0000000000e+00 -6.2911445675e-01 7.7731267860e-01
   outer loop
     vertex 3.7400000000e-01 -8.8371016773e-01 1.0604522013e+00
     vertex 4.0800000000e-01 -8.8371016773e-01 1.0604522013e+00
     vertex 4.0800000000e-01 -4.8636143870e-01 1.3820445755e+00
   endloop
 endfacet
 facet normal  0.0000000000e+00 -6.2911445675e-01 7.7731267860e-01
   outer loop
     vertex 3.7400000000e-01 -8.8371016773e-01 1.0604522013e+00
     vertex 4.0800000000e-01 -4.8636143870e-01 1.3820445755e+00
     vertex 3.7400000000e-01 -4.8636143870e-01 1.3820445755e+00
   endloop
 endfacet
 facet normal  0.0000000000e+00 -2.3569367195e-01 9.7182739877e-01
   outer loop
     vertex 3.7400000000e-01 -4.8636143870e-01 1.3820445755e+00
     vertex 4.0800000000e-01 -4.8636143870e-01 1.3820445755e+00
     vertex 4.0800000000e-01 0.0000000000e+00 1.5000000000e+00
   endloop
 endfacet
 facet normal  0.0000000000e+00 -2.3569367195e-01 9.7182739877e-01
   outer loop
     vertex 3.7400000000e-01 -4.8636143870e-01 1.3820445755e+00
     vertex 4.0800000000e-01 0.0000000000e+00 1.5000000000e+00
     vertex 3.7400000000e-01 0.0000000000e+00 1.5000000000e+00
   endloop
 endfacet
 facet normal  0.0000000000e+00 2.3569367195e-01 9.7182739877e-01
   outer loop
     vertex 3.7400000000e-01 0.0000000000e+00 1.5000000000e+00
     vertex 4.0800000000e-01 0.0000000000e+00 1.5000000000e+00
     vertex 3.7400000000e-01 4.8636143870e-01 1.3820445755e+00
   endloop
 endfacet
 facet normal  0.0000000000e+00 2.3569367195e-01 9.7182739877e-01
   outer loop
     vertex 4.0800000000e-01 0.0000000000e+00 1.5000000000e+00
     vertex 4.0800000000e-01 4.8636143870e-01 1.3820445755e+00
     vertex 3.7400000000e-01 4.8636143870e-01 1.3820445755e+00
   endloop
 endfacet
 facet normal  0.0000000000e+00 6.2911445675e-01 7.7731267860e-01
   outer loop
     vertex 3.7400000000e-01 4.8636143870e-01 1.3820445755e+00
     vertex 4.0800000000e-01 4.8636143870e-01 1.3820445755e+00
     vertex 3.7400000000e-01 8.8371016773e-01 1.0604522013e+00
   endloop
 endfacet
 facet normal  0.0000000000e+00 6.2911445675e-01 7.7731267860e-01
   outer loop
     vertex 4.0800000000e-01 4.8636143870e-01 1.3820445755e+00
     vertex 4.0800000000e-01 8.8371016773e-01 1.0604522013e+00
     vertex 3.7400000000e-01 8.8371016773e-01 1.0604522013e+00
   endloop
 endfacet
 facet normal  0.0000000000e+00 8.7174481044e-01 4.8996018764e-01
   outer loop
     vertex 3.7400000000e-01 8.8371016773e-01 1.0604522013e+00
     vertex 4.0800000000e-01 8.8371016773e-01 1.0604522013e+00
     vertex 3.7400000000e-01 1.1517038129e+00 5.8363372644e-01
   endloop
 endfacet
 facet normal  0.0000000000e+00 8.7174481044e-01 4.8996018764e-01
   outer loop
     vertex 4.0800000000e-01 8.8371016773e-01 1.0604522013e+00
     vertex 4.0800000000e-01 1.1517038129e+00 5.8363372644e-01
     vertex 3.7400000000e-01 1.1517038129e+00 5.8363372644e-01
   endloop
 endfacet
 facet normal  0.0000000000e+00 9.8611194905e-01 1.6608197960e-01
   outer loop
     vertex 3.7400000000e-01 1.1517038129e+00 5.8363372644e-01
     vertex 4.0800000000e-01 1.1517038129e+00 5.8363372644e-01
     vertex 3.7400000000e-01 1.2500000000e+00 0.0000000000e+00
   endloop
 endfacet
 facet normal  0.0000000000e+00 9.8611194905e-01 1.6608197960e-01
   outer loop
     vertex 4.0800000000e-01 1.1517038129e+00 5.8363372644e-01
     vertex 4.0800000000e-01 1.2500000000e+00 0.0000000000e+00
     vertex 3.7400000000e-01 1.2500000000e+00 0.0000000000e+00
   endloop
 endfacet
 facet normal  0.0000000000e+00 9.8611194905e-01 -1.6608197960e-01
   outer loop
     vertex 4.0800000000e-01 1.2500000000e+00 0.0000000000e+00
     vertex 4.4200000000e-01 1.2500000000e+00 0.0000000000e+00
     vertex 4.4200000000e-01 1.1517038129e+00 -5.8363372644e-01
   endloop
 endfacet
 facet normal  0.0000000000e+00 9.8611194905e-01 -1.6608197960e-01
   outer loop
     vertex 4.0800000000e-01 1.2500000000e+00 0.0000000000e+00
     vertex 4.4200000000e-01 1.1517038129e+00 -5.8363372644e-01
     vertex 4.0800000000e-01 1.1517038129e+00 -5.8363372644e-01
   endloop
 endfacet
 facet normal  0.0000000000e+00 8.7174481044e-01 -4.8996018764e-01
   outer loop
     vertex 4.0800000000e-01 1.1517038129e+00 -5.8363372644e-01
     vertex 4.4200000000e-01 1.1517038129e+00 -5.8363372644e-01
     vertex 4.4200000000e-01 8.8371016773e-01 -1.0604522013e+00
   endloop
 endfacet
 facet normal  0.0000000000e+00 8.7174481044e-01 -4.8996018764e-01
   outer loop
     vertex 4.0800000000e-01 1.1517038129e+00 -5.8363372644e-01
     vertex 4.4200000000e-01 8.8371016773e-01 -1.0604522013e+00
     vertex 4.0800000000e-01 8.8371016773e-01 -1.0604522013e+00
   endloop
 endfacet
 facet normal  0.0000000000e+00 6.2911445675e-01 -7.7731267860e-01
   outer loop
     vertex 4.0800000000e-01 8.8371016773e-01 -1.0604522013e+00
     vertex 4.4200000000e-01 8.8371016773e-01 -1.0604522013e+00
     vertex 4.4200000000e-01 4.8636143870e-01 -1.3820445755e+00
   endloop
 endfacet
 facet normal  0.0000000000e+00 6.2911445675e-01 -7.7731267860e-01
   outer loop
     vertex 4.0800000000e-01 8.8371016773e-01 -1.0604522013e+00
     vertex 4.4200000000e-01 4.8636143870e-01 -1.3820445755e+00
     vertex 4.0800000000e-01 4.8636143870e-01 -1.3820445755e+00
   endloop
 endfacet
 facet normal  0.0000000000e+00 2.3569367195e-01 -9.7182739877e-01
   outer loop
     vertex 4.0800000000e-01 4.8636143870e-01 -1.3820445755e+00
     vertex 4.4200000000e-01 4.8636143870e-01 -1.3820445755e+00
     vertex 4.4200000000e-01 0.0000000000e+00 -1.5000000000e+00
   endloop
 endfacet
 facet normal  0.0000000000e+00 2.3569367195e-01 -9.7182739877e-01
   outer loop
     vertex 4.0800000000e-01 4.8636143870e-01 -1.3820445755e+00
     vertex 4.4200000000e-01 0.0000000000e+00 -1.5000000000e+00
     vertex 4.0800000000e-01 0.0000000000e+00 -1.5000000000e+00
   endloop
 endfacet
 facet normal  -0.0000000000e+00 -2.3569367195e-01 -9.7182739877e-01
   outer loop
     vertex 4.0800000000e-01 0.0000000000e+00 -1.5000000000e+00
     vertex 4.4200000000e-01 0.0000000000e+00 -1.5000000000e+00
     vertex 4.0800000000e-01 -4.8636143870e-01 -1.3820445755e+00
   endloop
 endfacet
 facet normal  -0.0000000000e+00 -2.3569367195e-01 -9.7182739877e-01
   outer loop
     vertex 4.4200000000e-01 0.0000000000e+00 -1.5000000000e+00
     vertex 4.4200000000e-01 -4.8636143870e-01 -1.3820445755e+00
     vertex 4.0800000000e-01 -4.8636143870e-01 -1.3820445755e+00
   endloop
 endfacet
 facet normal  -0.0000000000e+00 -6.2911445675e-01 -7.7731267860e-01
   outer loop
     vertex 4.0800000000e-01 -4.8636143870e-01 -1.3820445755e+00
     vertex 4.4200000000e-01 -4.8636143870e-01 -1.3820445755e+00
     vertex 4.0800000000e-01 -8.8371016773e-01 -1.0604522013e+00
   endloop
 endfacet
 facet normal  -0.0000000000e+00 -6.2911445675e-01 -7.7731267860e-01
   outer loop
     vertex 4.4200000000e-01 -4.8636143870e-01 -1.3820445755e+00
     vertex 4.4200000000e-01 -8.8371016773e-01 -1.0604522013e+00
     vertex 4.0800000000e-01 -8.8371016773e-01 -1.0604522013e+00
   endloop
 endfacet
 facet normal  -0.0000000000e+00 -8.7174481044e-01 -4.8996018764e-01
   outer loop
     vertex 4.0800000000e-01 -8.8371016773e-01 -1.0604522013e+00
     vertex 4.4200000000e-01 -8.8371016773e-01 -1.0604522013e+00
     vertex 4.0800000000e-01 -1.1517038129e+00 -5.8363372644e-01
   endloop
 endfacet
 facet normal  -0.0000000000e+00 -8.7174481044e-01 -4.8996018764e-01
   outer loop
     vertex 4.4200000000e-01 -8.8371016773e-01 -1.0604522013e+00
     vertex 4.4200000000e-01 -1.1517038129e+00 -5.8363372644e-01
     vertex 4.0800000000e-01 -1.1517038129e+00 -5.8363372644e-01
   endloop
 endfacet
 facet normal  -0.0000000000e+00 -9.8611194905e-01 -1.6608197960e-01
   outer loop
     vertex 4.0800000000e-01 -1.1517038129e+00 -5.8363372644e-01
     vertex 4.4200000000e-01 -1.1517038129e+00 -5.8363372644e-01
     vertex 4.0800000000e-01 -1.2500000000e+00 0.0000000000e+00
   endloop
 endfacet
 facet normal  -0.0000000000e+00 -9.8611194905e-01 -1.6608197960e-01
   outer loop
     vertex 4.4200000000e-01 -1.1517038129e+00 -5.8363372644e-01
     vertex 4.4200000000e-01 -1.2500000000e+00 0.0000000000e+00
     vertex 4.0800000000e-01 -1.2500000000e+00 0.0000000000e+00
   endloop
 endfacet
 facet normal  0.0000000000e+00 -9.8611194905e-01 1.6608197960e-01
   outer loop
     vertex 4.0800000000e-01 -1.2500000000e+00 0.0000000000e+00
     vertex 4.4200000000e-01 -1.2500000000e+00 0.0000000000e+00
     vertex 4.4200000000e-01 -1.1517038129e+00 5.8363372644e-01
   endloop
 endfacet
 facet normal  0.0000000000e+00 -9.8611194905e-01 1.6608197960e-01
   outer loop
     vertex 4.0800000000e-01 -1.2500000000e+00 0.0000000000e+00
     vertex 4.4200000000e-01 -1.1517038129e+00 5.8363372644e-01
     vertex 4.0800000000e-01 -1.1517038129e+00 5.8363372644e-01
   endloop
 endfacet
 facet normal  0.0000000000e+00 -8.7174481044e-01 4.8996018764e-01
   outer loop
     vertex 4.0800000000e-01 -1.1517038129e+00 5.8363372644e-01
     vertex 4.4200000000e-01 -1.1517038129e+00 5.8363372644e-01
     vertex 4.4200000000e-01 -8.8371016773e-01 1.0604522013e+00
   endloop
 endfacet
 facet normal  0.0000000000e+00 -8.7174481044e-01 4.8996018764e-01
   outer loop
     vertex 4.0800000000e-01 -1.1517038129e+00 5.8363372644e-01
     vertex 4.4200000000e-01 -8.8371016773e-01 1.0604522013e+00
     vertex 4.0800000000e-01 -8.8371016773e-01 1.0604522013e+00
   endloop
 endfacet
 facet normal  0.0000000000e+00 -6.2911445675e-01 7.7731267860e-01
   outer loop
     vertex 4.0800000000e-01 -8.8371016773e-01 1.0604522013e+00
     vertex 4.4200000000e-01 -8.8371016773e-01 1.0604522013e+00
     vertex 4.4200000000e-01 -4.8636143870e-01 1.3820445755e+00
   endloop
 endfacet
 facet normal  0.0000000000e+00 -6.2911445675e-01 7.7731267860e-01
   outer loop
     vertex 4.0800000000e-01 -8.8371016773e-01 1.0604522013e+00
     vertex 4.4200000000e-01 -4.8636143870e-01 1.3820445755e+00
     vertex 4.0800000000e-01 -4.8636143870e-01 1.3820445755e+00
   endloop
 endfacet
 facet normal  0.0000000000e+00 -2.3569367195e-01 9.7182739877e-01
   outer loop
     vertex 4.0800000000e-01 -4.8636143870e-01 1.3820445755e+00
     vertex 4.4200000000e-01 -4.8636143870e-01 1.3820445755e+00
     vertex 4.4200000000e-01 0.0000000000e+00 1.5000000000e+00
   endloop
 endfacet
 facet normal  0.0000000000e+00 -2.3569367195e-01 9.7182739877e-01
   outer loop
     vertex 4.0800000000e-01 -4.8636143870e-01 1.3820445755e+00
     vertex 4.4200000000e-01 0.0000000000e+00 1.5000000000e+00
     vertex 4.0800000000e-01 0.0000000000e+00 1.5000000000e+00
   endloop
 endfacet
 facet normal  0.0000000000e+00 2.3569367195e-01 9.7182739877e-01
   outer loop
     vertex 4.0800000000e-01 0.0000000000e+00 1.5000000000e+00
     vertex 4.4200000000e-01 0.0000000000e+00 1.5000000000e+00
     vertex 4.0800000000e-01 4.8636143870e-01 1.3820445755e+00
   endloop
 endfacet
 facet normal  0.0000000000e+00 2.3569367195e-01 9.7182739877e-01
   outer loop
     vertex 4.4200000000e-01 0.0000000000e+00 1.5000000000e+00
     vertex 4.4200000000e-01 4.8636143870e-01 1.3820445755e+00
     vertex 4.0800000000e-01 4.8636143870e-01 1.3820445755e+00
   endloop
 endfacet
 facet normal  0.0000000000e+00 6.2911445675e-01 7.7731267860e-01
   outer loop
     vertex 4.0800000000e-01 4.8636143870e-01 1.3820445755e+00
     vertex 4.4200000000e-01 4.8636143870e-01 1.3820445755e+00
     vertex 4.0800000000e-01 8.8371016773e-01 1.0604522013e+00
   endloop
 endfacet
 facet normal  0.0000000000e+00 6.2911445675e-01 7.7731267860e-01
   outer loop
     vertex 4.4200000000e-01 4.8636143870e-01 1.3820445755e+00
     vertex 4.4200000000e-01 8.8371016773e-01 1.0604522013e+00
     vertex 4.0800000000e-01 8.8371016773e-01 1.0604522013e+00
   endloop
 endfacet
 facet normal  0.0000000000e+00 8.7174481044e-01 4.8996018764e-01
   outer loop
     vertex 4.0800000000e-01 8.8371016773e-01 1.0604522013e+00
     vertex 4.4200000000e-01 8.8371016773e-01 1.0604522013e+00
     vertex 4.0800000000e-01 1.1517038129e+00 5.8363372644e-01
   endloop
 endfacet
 facet normal  0.0000000000e+00 8.7174481044e-01 4.8996018764e-01
   outer loop
     vertex 4.4200000000e-01 8.8371016773e-01 1.0604522013e+00
     vertex 4.4200000000e-01 1.1517038129e+00 5.8363372644e-01
     vertex 4.0800000000e-01 1.1517038129e+00 5.8363372644e-01
   endloop
 endfacet
 facet normal  0.0000000000e+00 9.8611194905e-01 1.6608197960e-01
   outer loop
     vertex 4.0800000000e-01 1.1517038129e+00 5.8363372644e-01
     vertex 4.4200000000e-01 1.1517038129e+00 5.8363372644e-01
     vertex 4.0800000000e-01 1.2500000000e+00 0.0000000000e+00
   endloop
 endfacet
 facet normal  0.0000000000e+00 9.8611194905e-01 1.6608197960e-01
   outer loop
     vertex 4.4200000000e-01 1.1517038129e+00 5.8363372644e-01
     vertex 4.4200000000e-01 1.2500000000e+00 0.0000000000e+00
     vertex 4.0800000000e-01 1.2500000000e+00 0.0000000000e+00
   endloop
 endfacet
 facet normal  0.0000000000e+00 9.8611194905e-01 -1.6608197960e-01
   outer loop
     vertex 4.4200000000e-01 1.2500000000e+00 0.0000000000e+00
     vertex 4.7600000000e-01 1.2500000000e+00 0.0000000000e+00
     vertex 4.7600000000e-01 1.1517038129e+00 -5.8363372644e-01
   endloop
 endfacet
 facet normal  0.0000000000e+00 9.8611194905e-01 -1.6608197960e-01
   outer loop
     vertex 4.4200000000e-01 1.2500000000e+00 0.0000000000e+00
     vertex 4.7600000000e-01 1.1517038129e+00 -5.8363372644e-01
     vertex 4.4200000000e-01 1.1517038129e+00 -5.8363372644e-01
   endloop
 endfacet
 facet normal  0.0000000000e+00 8.7174481044e-01 -4.8996018764e-01
   outer loop
     vertex 4.4200000000e-01 1.1517038129e+00 -5.8363372644e-01
     vertex 4.7600000000e-01 1.1517038129e+00 -5.8363372644e-01
     vertex 4.7600000000e-01 8.8371016773e-01 -1.0604522013e+00
   endloop
 endfacet
 facet normal  0.0000000000e+00 8.7174481044e-01 -4.8996018764e-01
   outer loop
     vertex 4.4200000000e-01 1.1517038129e+00 -5.8363372644e-01
     vertex 4.7600000000e-01 8.8371016773e-01 -1.0604522013e+00
     vertex 4.4200000000e-01 8.8371016773e-01 -1.0604522013e+00
   endloop
 endfacet
 facet normal  0.0000000000e+00 6.2911445675e-01 -7.7731267860e-01
   outer loop
     vertex 4.4200000000e-01 8.8371016773e-01 -1.0604522013e+00
     vertex 4.7600000000e-01 8.8371016773e-01 -1.0604522013e+00
     vertex 4.7600000000e-01 4.8636143870e-01 -1.3820445755e+00
   endloop
 endfacet
 facet normal  0.0000000000e+00 6.2911445675e-01 -7.7731267860e-01
   outer loop
     vertex 4.4200000000e-01 8.8371016773e-01 -1.0604522013e+00
     vertex 4.7600000000e-01 4.8636143870e-01 -1.3820445755e+00
     vertex 4.4200000000e-01 4.8636143870e-01 -1.3820445755e+00
   endloop
 endfacet
 facet normal  0.0000000000e+00 2.3569367195e-01 -9.7182739877e-01
   outer loop
     vertex 4.4200000000e-01 4.8636143870e-01 -1.3820445755e+00
     vertex 4.7600000000e-01 4.8636143870e-01 -1.3820445755e+00
     vertex 4.7600000000e-01 0.0000000000e+00 -1.5000000000e+00
   endloop
 endfacet
 facet normal  0.0000000000e+00 2.3569367195e-01 -9.7182739877e-01
   outer loop
     vertex 4.4200000000e-01 4.8636143870e-01 -1.3820445755e+00
     vertex 4.7600000000e-01 0.0000000000e+00 -1.5000000000e+00
     vertex 4.4200000000e-01 0.0000000000e+00 -1.5000000000e+00
   endloop
 endfacet
 facet normal  -0.0000000000e+00 -2.3569367195e-01 -9.7182739877e-01
   outer loop
     vertex 4.4200000000e-01 0.0000000000e+00 -1.5000000000e+00
     vertex 4.7600000000e-01 0.0000000000e+00 -1.5000000000e+00
     vertex 4.4200000000e-01 -4.8636143870e-01 -1.3820445755e+00
   endloop
 endfacet
 facet normal  -0.0000000000e+00 -2.3569367195e-01 -9.7182739877e-01
   outer loop
     vertex 4.7600000000e-01 0.0000000000e+00 -1.5000000000e+00
     vertex 4.7600000000e-01 -4.8636143870e-01 -1.3820445755e+00
     vertex 4.4200000000e-01 -4.8636143870e-01 -1.3820445755e+00
   endloop
 endfacet
 facet normal  -0.0000000000e+00 -6.2911445675e-01 -7.7731267860e-01
   outer loop
     vertex 4.4200000000e-01 -4.8636143870e-01 -1.3820445755e+00
     vertex 4.7600000000e-01 -4.8636143870e-01 -1.3820445755e+00
     vertex 4.4200000000e-01 -8.8371016773e-01 -1.0604522013e+00
   endloop
 endfacet
 facet normal  -0.0000000000e+00 -6.2911445675e-01 -7.7731267860e-01
   outer loop
     vertex 4.7600000000e-01 -4.8636143870e-01 -1.3820445755e+00
     vertex 4.7600000000e-01 -8.8371016773e-01 -1.0604522013e+00
     vertex 4.4200000000e-01 -8.8371016773e-01 -1.0604522013e+00
   endloop
 endfacet
 facet normal  -0.0000000000e+00 -8.7174481044e-01 -4.8996018764e-01
   outer loop
     vertex 4.4200000000e-01 -8.8371016773e-01 -1.0604522013e+00
     vertex 4.7600000000e-01 -8.8371016773e-01 -1.0604522013e+00
     vertex 4.4200000000e-01 -1.1517038129e+00 -5.8363372644e-01
   endloop
 endfacet
 facet normal  -0.0000000000e+00 -8.7174481044e-01 -4.8996018764e-01
   outer loop
     vertex 4.7600000000e-01 -8.8371016773e-01 -1.0604522013e+00
     vertex 4.7600000000e-01 -1.1517038129e+00 -5.8363372644e-01
     vertex 4.4200000000e-01 -1.1517038129e+00 -5.8363372644e-01
   endloop
 endfacet
 facet normal  -0.0000000000e+00 -9.8611194905e-01 -1.6608197960e-01
   outer loop
     vertex 4.4200000000e-01 -1.1517038129e+00 -5.8363372644e-01
     vertex 4.7600000000e-01 -1.1517038129e+00 -5.8363372644e-01
     vertex 4.4200000000e-01 -1.2500000000e+00 0.0000000000e+00
   endloop
 endfacet
 facet normal  -0.0000000000e+00 -9.8611194905e-01 -1.6608197960e-01
   outer loop
     vertex 4.7600000000e-01 -1.1517038129e+00 -5.8363372644e-01
     vertex 4.7600000000e-01 -1.2500000000e+00 0.0000000000e+00
     vertex 4.4200000000e-01 -1.2500000000e+00 0.0000000000e+00
   endloop
 endfacet
 facet normal  0.0000000000e+00 -9.8611194905e-01 1.6608197960e-01
   outer loop
     vertex 4.4200000000e-01 -1.2500000000e+00 0.0000000000e+00
     vertex 4.7600000000e-01 -1.2500000000e+00 0.0000000000e+00
     vertex 4.7600000000e-01 -1.1517038129e+00 5.8363372644e-01
   endloop
 endfacet
 facet normal  0.0000000000e+00 -9.8611194905e-01 1.6608197960e-01
   outer loop
     vertex 4.4200000000e-01 -1.2500000000e+00 0.0000000000e+00
     vertex 4.7600000000e-01 -1.1517038129e+00 5.8363372644e-01
     vertex 4.4200000000e-01 -1.1517038129e+00 5.8363372644e-01
   endloop
 endfacet
 facet normal  0.0000000000e+00 -8.7174481044e-01 4.8996018764e-01
   outer loop
     vertex 4.4200000000e-01 -1.1517038129e+00 5.8363372644e-01
     vertex 4.7600000000e-01 -1.1517038129e+00 5.8363372644e-01
     vertex 4.7600000000e-01 -8.8371016773e-01 1.0604522013e+00
   endloop
 endfacet
 facet normal  0.0000000000e+00 -8.7174481044e-01 4.8996018764e-01
   outer loop
     vertex 4.4200000000e-01 -1.1517038129e+00 5.8363372644e-01
     vertex 4.7600000000e-01 -8.8371016773e-01 1.0604522013e+00
     vertex 4.4200000000e-01 -8.8371016773e-01 1.0604522013e+00
   endloop
 endfacet
 facet normal  0.0000000000e+00 -6.2911445675e-01 7.7731267860e-01
   outer loop
     vertex 4.4200000000e-01 -8.8371016773e-01 1.0604522013e+00
     vertex 4.7600000000e-01 -8.8371016773e-01 1.0604522013e+00
     vertex 4.7600000000e-01 -4.8636143870e-01 1.3820445755e+00
   endloop
 endfacet
 facet normal  0.0000000000e+00 -6.2911445675e-01 7.7731267860e-01
   outer loop
     vertex 4.4200000000e-01 -8.8371016773e-01 1.0604522013e+00
     vertex 4.7600000000e-01 -4.8636143870e-01 1.3820445755e+00
     vertex 4.4200000000e-01 -4.8636143870e-01 1.3820445755e+00
   endloop
 endfacet
 facet normal  0.0000000000e+00 -2.3569367195e-01 9.7182739877e-01
   outer loop
     vertex 4.4200000000e-01 -4.8636143870e-01 1.3820445755e+00
     vertex 4.7600000000e-01 -4.8636143870e-01 1.3820445755e+00
     vertex 4.7600000000e-01 0.0000000000e+00 1.5000000000e+00
   endloop
 endfacet
 facet normal  0.0000000000e+00 -2.3569367195e-01 9.7182739877e-01
   outer loop
     vertex 4.4200000000e-01 -4.8636143870e-01 1.3820445755e+00
     vertex 4.7600000000e-01 0.0000000000e+00 1.5000000000e+00
     vertex 4.4200000000e-01 0.0000000000e+00 1.5000000000e+00
   endloop
 endfacet
 facet normal  0.0000000000e+00 2.3569367195e-01 9.7182739877e-01
   outer loop
     vertex 4.4200000000e-01 0.0000000000e+00 1.5000000000e+00
     vertex 4.7600000000e-01 0.0000000000e+00 1.5000000000e+00
     vertex 4.4200000000e-01 4.8636143870e-01 1.3820445755e+00
   endloop
 endfacet
 facet normal  0.0000000000e+00 2.3569367195e-01 9.7182739877e-01
   outer loop
     vertex 4.7600000000e-01 0.0000000000e+00 1.5000000000e+00
     vertex 4.7600000000e-01 4.8636143870e-01 1.3820445755e+00
     vertex 4.4200000000e-01 4.8636143870e-01 1.3820445755e+00
   endloop
 endfacet
 facet normal  0.0000000000e+00 6.2911445675e-01 7.7731267860e-01
   outer loop
     vertex 4.4200000000e-01 4.8636143870e-01 1.3820445755e+00
     vertex 4.7600000000e-01 4.8636143870e-01 1.3820445755e+00
     vertex 4.4200000000e-01 8.8371016773e-01 1.0604522013e+00
   endloop
 endfacet
 facet normal  0.0000000000e+00 6.2911445675e-01 7.7731267860e-01
   outer loop
     vertex 4.7600000000e-01 4.8636143870e-01 1.3820445755e+00
     vertex 4.7600000000e-01 8.8371016773e-01 1.0604522013e+00
     vertex 4.4200000000e-01 8.8371016773e-01 1.0604522013e+00
   endloop
 endfacet
 facet normal  0.0000000000e+00 8.7174481044e-01 4.8996018764e-01
   outer loop
     vertex 4.4200000000e-01 8.8371016773e-01 1.0604522013e+00
     vertex 4.7600000000e-01 8.8371016773e-01 1.0604522013e+00
     vertex 4.4200000000e-01 1.1517038129e+00 5.8363372644e-01
   endloop
 endfacet
 facet normal  0.0000000000e+00 8.7174481044e-01 4.8996018764e-01
   outer loop
     vertex 4.7600000000e-01 8.8371016773e-01 1.0604522013e+00
     vertex 4.7600000000e-01 1.1517038129e+00 5.8363372644e-01
     vertex 4.4200000000e-01 1.1517038129e+00 5.8363372644e-01
   endloop
 endfacet
 facet normal  0.0000000000e+00 9.8611194905e-01 1.6608197960e-01
   outer loop
     vertex 4.4200000000e-01 1.1517038129e+00 5.8363372644e-01
     vertex 4.7600000000e-01 1.1517038129e+00 5.8363372644e-01
     vertex 4.4200000000e-01 1.2500000000e+00 0.0000000000e+00
   endloop
 endfacet
 facet normal  0.0000000000e+00 9.8611194905e-01 1.6608197960e-01
   outer loop
     vertex 4.7600000000e-01 1.1517038129e+00 5.8363372644e-01
     vertex 4.7600000000e-01 1.2500000000e+00 0.0000000000e+00
     vertex 4.4200000000e-01 1.2500000000e+00 0.0000000000e+00
   endloop
 endfacet
 facet normal  0.0000000000e+00 9.8611194905e-01 -1.6608197960e-01
   outer loop
     vertex 4.7600000000e-01 1.2500000000e+00 0.0000000000e+00
     vertex 5.1000000000e-01 1.2500000000e+00 0.0000000000e+00
     vertex 5.1000000000e-01 1.1517038129e+00 -5.8363372644e-01
   endloop
 endfacet
 facet normal  0.0000000000e+00 9.8611194905e-01 -1.6608197960e-01
   outer loop
     vertex 4.7600000000e-01 1.2500000000e+00 0.0000000000e+00
     vertex 5.1000000000e-01 1.1517038129e+00 -5.8363372644e-01
     vertex 4.7600000000e-01 1.1517038129e+00 -5.8363372644e-01
   endloop
 endfacet
 facet normal  0.0000000000e+00 8.7174481044e-01 -4.8996018764e-01
   outer loop
     vertex 4.7600000000e-01 1.1517038129e+00 -5.8363372644e-01
     vertex 5.1000000000e-01 1.1517038129e+00 -5.8363372644e-01
     vertex 5.1000000000e-01 8.8371016773e-01 -1.0604522013e+00
   endloop
 endfacet
 facet normal  0.0000000000e+00 8.7174481044e-01 -4.8996018764e-01
   outer loop
     vertex 4.7600000000e-01 1.1517038129e+00 -5.8363372644e-01
     vertex 5.1000000000e-01 8.8371016773e-01 -1.0604522013e+00
     vertex 4.7600000000e-01 8.8371016773e-01 -1.0604522013e+00
   endloop
 endfacet
 facet normal  0.0000000000e+00 6.2911445675e-01 -7.7731267860e-01
   outer loop
     vertex 4.7600000000e-01 8.8371016773e-01 -1.0604522013e+00
     vertex 5.1000000000e-01 8.8371016773e-01 -1.0604522013e+00
     vertex 5.1000000000e-01 4.8636143870e-01 -1.3820445755e+00
   endloop
 endfacet
 facet normal  0.0000000000e+00 6.2911445675e-01 -7.7731267860e-01
   outer loop
     vertex 4.7600000000e-01 8.8371016773e-01 -1.0604522013e+00
     vertex 5.1000000000e-01 4.8636143870e-01 -1.3820445755e+00
     vertex 4.7600000000e-01 4.8636143870e-01 -1.3820445755e+00
   endloop
 endfacet
 facet normal  0.0000000000e+00 2.3569367195e-01 -9.7182739877e-01
   outer loop
     vertex 4.7600000000e-01 4.8636143870e-01 -1.3820445755e+00
     vertex 5.1000000000e-01 4.8636143870e-01 -1.3820445755e+00
     vertex 5.1000000000e-01 0.0000000000e+00 -1.5000000000e+00
   endloop
 endfacet
 facet normal  0.0000000000e+00 2.3569367195e-01 -9.7182739877e-01
   outer loop
     vertex 4.7600000000e-01 4.8636143870e-01 -1.3820445755e+00
     vertex 5.1000000000e-01 0.0000000000e+00 -1.5000000000e+00
     vertex 4.7600000000e-01 0.0000000000e+00 -1.5000000000e+00
   endloop
 endfacet
 facet normal  -0.0000000000e+00 -2.3569367195e-01 -9.7182739877e-01
   outer loop
     vertex 4.7600000000e-01 0.0000000000e+00 -1.5000000000e+00
     vertex 5.1000000000e-01 0.0000000000e+00 -1.5000000000e+00
     vertex 4.7600000000e-01 -4.8636143870e-01 -1.3820445755e+00
   endloop
 endfacet
 facet normal  -0.0000000000e+00 -2.3569367195e-01 -9.7182739877e-01
   outer loop
     vertex 5.1000000000e-01 0.0000000000e+00 -1.5000000000e+00
     vertex 5.1000000000e-01 -4.8636143870e-01 -1.3820445755e+00
     vertex 4.7600000000e-01 -4.8636143870e-01 -1.3820445755e+00
   endloop
 endfacet
 facet normal  -0.0000000000e+00 -6.2911445675e-01 -7.7731267860e-01
   outer loop
     vertex 4.7600000000e-01 -4.8636143870e-01 -1.3820445755e+00
     vertex 5.1000000000e-01 -4.8636143870e-01 -1.3820445755e+00
     vertex 4.7600000000e-01 -8.8371016773e-01 -1.0604522013e+00
   endloop
 endfacet
 facet normal  -2.0542863383e-15 -6.2911445675e-01 -7.7731267860e-01
   outer loop
     vertex 5.1000000000e-01 -4.8636143870e-01 -1.3820445755e+00
     vertex 5.1000000000e-01 -8.8371016773e-01 -1.0604522013e+00
     vertex 4.7600000000e-01 -8.8371016773e-01 -1.0604522013e+00
   endloop
 endfacet
 facet normal  -2.8465622357e-15 -8.7174481044e-01 -4.8996018764e-01
   outer loop
     vertex 4.7600000000e-01 -8.8371016773e-01 -1.0604522013e+00
     vertex 5.1000000000e-01 -8.8371016773e-01 -1.0604522013e+00
     vertex 4.7600000000e-01 -1.1517038129e+00 -5.8363372644e-01
   endloop
 endfacet
 facet normal  -0.0000000000e+00 -8.7174481044e-01 -4.8996018764e-01
   outer loop
     vertex 5.1000000000e-01 -8.8371016773e-01 -1.0604522013e+00
     vertex 5.1000000000e-01 -1.1517038129e+00 -5.8363372644e-01
     vertex 4.7600000000e-01 -1.1517038129e+00 -5.8363372644e-01
   endloop
 endfacet
 facet normal  -0.0000000000e+00 -9.8611194905e-01 -1.6608197960e-01
   outer loop
     vertex 4.7600000000e-01 -1.1517038129e+00 -5.8363372644e-01
     vertex 5.1000000000e-01 -1.1517038129e+00 -5.8363372644e-01
     vertex 4.7600000000e-01 -1.2500000000e+00 0.0000000000e+00
   endloop
 endfacet
 facet normal  -0.0000000000e+00 -9.8611194905e-01 -1.6608197960e-01
   outer loop
     vertex 5.1000000000e-01 -1.1517038129e+00 -5.8363372644e-01
     vertex 5.1000000000e-01 -1.2500000000e+00 0.0000000000e+00
     vertex 4.7600000000e-01 -1.2500000000e+00 0.0000000000e+00
   endloop
 endfacet
 facet normal  0.0000000000e+00 -9.8611194905e-01 1.6608197960e-01
   outer loop
     vertex 4.7600000000e-01 -1.2500000000e+00 0.0000000000e+00
     vertex 5.1000000000e-01 -1.2500000000e+00 0.0000000000e+00
     vertex 5.1000000000e-01 -1.1517038129e+00 5.8363372644e-01
   endloop
 endfacet
 facet normal  0.0000000000e+00 -9.8611194905e-01 1.6608197960e-01
   outer loop
     vertex 4.7600000000e-01 -1.2500000000e+00 0.0000000000e+00
     vertex 5.1000000000e-01 -1.1517038129e+00 5.8363372644e-01
     vertex 4.7600000000e-01 -1.1517038129e+00 5.8363372644e-01
   endloop
 endfacet
 facet normal  0.0000000000e+00 -8.7174481044e-01 4.8996018764e-01
   outer loop
     vertex 4.7600000000e-01 -1.1517038129e+00 5.8363372644e-01
     vertex 5.1000000000e-01 -1.1517038129e+00 5.8363372644e-01
     vertex 5.1000000000e-01 -8.8371016773e-01 1.0604522013e+00
   endloop
 endfacet
 facet normal  -2.8465622357e-15 -8.7174481044e-01 4.8996018764e-01
   outer loop
     vertex 4.7600000000e-01 -1.1517038129e+00 5.8363372644e-01
     vertex 5.1000000000e-01 -8.8371016773e-01 1.0604522013e+00
     vertex 4.7600000000e-01 -8.8371016773e-01 1.0604522013e+00
   endloop
 endfacet
 facet normal  -2.0542863383e-15 -6.2911445675e-01 7.7731267860e-01
   outer loop
     vertex 4.7600000000e-01 -8.8371016773e-01 1.0604522013e+00
     vertex 5.1000000000e-01 -8.8371016773e-01 1.0604522013e+00
     vertex 5.1000000000e-01 -4.8636143870e-01 1.3820445755e+00
   endloop
 endfacet
 facet normal  0.0000000000e+00 -6.2911445675e-01 7.7731267860e-01
   outer loop
     vertex 4.7600000000e-01 -8.8371016773e-01 1.0604522013e+00
     vertex 5.1000000000e-01 -4.8636143870e-01 1.3820445755e+00
     vertex 4.7600000000e-01 -4.8636143870e-01 1.3820445755e+00
   endloop
 endfacet
 facet normal  0.0000000000e+00 -2.3569367195e-01 9.7182739877e-01
   outer loop
     vertex 4.7600000000e-01 -4.8636143870e-01 1.3820445755e+00
     vertex 5.1000000000e-01 -4.8636143870e-01 1.3820445755e+00
     vertex 5.1000000000e-01 0.0000000000e+00 1.5000000000e+00
   endloop
 endfacet
 facet normal  0.0000000000e+00 -2.3569367195e-01 9.7182739877e-01
   outer loop
     vertex 4.7600000000e-01 -4.8636143870e-01 1.3820445755e+00
     vertex 5.1000000000e-01 0.0000000000e+00 1.5000000000e+00
     vertex 4.7600000000e-01 0.0000000000e+00 1.5000000000e+00
   endloop
 endfacet
 facet normal  0.0000000000e+00 2.3569367195e-01 9.7182739877e-01
   outer loop
     vertex 4.7600000000e-01 0.0000000000e+00 1.5000000000e+00
     vertex 5.1000000000e-01 0.0000000000e+00 1.5000000000e+00
     vertex 4.7600000000e-01 4.8636143870e-01 1.3820445755e+00
   endloop
 endfacet
 facet normal  0.0000000000e+00 2.3569367195e-01 9.7182739877e-01
   outer loop
     vertex 5.1000000000e-01 0.0000000000e+00 1.5000000000e+00
     vertex 5.1000000000e-01 4.8636143870e-01 1.3820445755e+00
     vertex 4.7600000000e-01 4.8636143870e-01 1.3820445755e+00
   endloop
 endfacet
 facet normal  0.0000000000e+00 6.2911445675e-01 7.7731267860e-01
   outer loop
     vertex 4.7600000000e-01 4.8636143870e-01 1.3820445755e+00
     vertex 5.1000000000e-01 4.8636143870e-01 1.3820445755e+00
     vertex 4.7600000000e-01 8.8371016773e-01 1.0604522013e+00
   endloop
 endfacet
 facet normal  0.0000000000e+00 6.2911445675e-01 7.7731267860e-01
   outer loop
     vertex 5.1000000000e-01 4.8636143870e-01 1.3820445755e+00
     vertex 5.1000000000e-01 8.8371016773e-01 1.0604522013e+00
     vertex 4.7600000000e-01 8.8371016773e-01 1.0604522013e+00
   endloop
 endfacet
 facet normal  0.0000000000e+00 8.7174481044e-01 4.8996018764e-01
   outer loop
     vertex 4.7600000000e-01 8.8371016773e-01 1.0604522013e+00
     vertex 5.1000000000e-01 8.8371016773e-01 1.0604522013e+00
     vertex 4.7600000000e-01 1.1517038129e+00 5.8363372644e-01
   endloop
 endfacet
 facet normal  0.0000000000e+00 8.7174481044e-01 4.8996018764e-01
   outer loop
     vertex 5.1000000000e-01 8.8371016773e-01 1.0604522013e+00
     vertex 5.1000000000e-01 1.1517038129e+00 5.8363372644e-01
     vertex 4.7600000000e-01 1.1517038129e+00 5.8363372644e-01
   endloop
 endfacet
 facet normal  0.0000000000e+00 9.8611194905e-01 1.6608197960e-01
   outer loop
     vertex 4.7600000000e-01 1.1517038129e+00 5.8363372644e-01
     vertex 5.1000000000e-01 1.1517038129e+00 5.8363372644e-01
     vertex 4.7600000000e-01 1.2500000000e+00 0.0000000000e+00
   endloop
 endfacet
 facet normal  0.0000000000e+00 9.8611194905e-01 1.6608197960e-01
   outer loop
     vertex 5.1000000000e-01 1.1517038129e+00 5.8363372644e-01
     vertex 5.1000000000e-01 1.2500000000e+00 0.0000000000e+00
     vertex 4.7600000000e-01 1.2500000000e+00 0.0000000000e+00
   endloop
 endfacet
 facet normal  9.6938003145e-01 2.4210827278e-01 -4.1060186061e-02
   outer loop
     vertex 5.1000000000e-01 1.2500000000e+00 0.0000000000e+00
     vertex 5.3599277878e-01 1.1459272212e+00 0.0000000000e+00
     vertex 5.3599277878e-01 1.0556257170e+00 -5.3245597043e-01
   endloop
 endfacet
 facet normal  9.6973912827e-01 2.4075277117e-01 -4.0547827118e-02
   outer loop
     vertex 5.1000000000e-01 1.2500000000e+00 0.0000000000e+00
     vertex 5.3599277878e-01 1.0556257170e+00 -5.3245597043e-01
     vertex 5.1000000000e-01 1.1517038129e+00 -5.8363372644e-01
   endloop
 endfacet
 facet normal  9.7264081263e-01 2.0227885388e-01 -1.1425022926e-01
   outer loop
     vertex 5.1000000000e-01 1.1517038129e+00 -5.8363372644e-01
     vertex 5.3599277878e-01 1.0556257170e+00 -5.3245597043e-01
     vertex 5.3599277878e-01 8.0962927487e-01 -9.6799013693e-01
   endloop
 endfacet
 facet normal  9.7314378985e-01 2.0067399722e-01 -1.1278790324e-01
   outer loop
     vertex 5.1000000000e-01 1.1517038129e+00 -5.8363372644e-01
     vertex 5.3599277878e-01 8.0962927487e-01 -9.6799013693e-01
     vertex 5.1000000000e-01 8.8371016773e-01 -1.0604522013e+00
   endloop
 endfacet
 facet normal  9.7676952210e-01 1.3458007411e-01 -1.6676181922e-01
   outer loop
     vertex 5.1000000000e-01 8.8371016773e-01 -1.0604522013e+00
     vertex 5.3599277878e-01 8.0962927487e-01 -9.6799013693e-01
     vertex 5.3599277878e-01 4.4530000061e-01 -1.2620110403e+00
   endloop
 endfacet
 facet normal  9.7701664222e-01 1.3410394894e-01 -1.6569433216e-01
   outer loop
     vertex 5.1000000000e-01 8.8371016773e-01 -1.0604522013e+00
     vertex 5.3599277878e-01 4.4530000061e-01 -1.2620110403e+00
     vertex 5.1000000000e-01 4.8636143870e-01 -1.3820445755e+00
   endloop
 endfacet
 facet normal  9.7948136629e-01 4.7466911618e-02 -1.9586512039e-01
   outer loop
     vertex 5.1000000000e-01 4.8636143870e-01 -1.3820445755e+00
     vertex 5.3599277878e-01 4.4530000061e-01 -1.2620110403e+00
     vertex 5.3599277878e-01 -2.6645352591e-18 -1.3699272212e+00
   endloop
 endfacet
 facet normal  9.7950668834e-01 4.7471448291e-02 -1.9573734724e-01
   outer loop
     vertex 5.1000000000e-01 4.8636143870e-01 -1.3820445755e+00
     vertex 5.3599277878e-01 -2.6645352591e-18 -1.3699272212e+00
     vertex 5.1000000000e-01 0.0000000000e+00 -1.5000000000e+00
   endloop
 endfacet
 facet normal  9.7950668834e-01 -4.7471448291e-02 -1.9573734724e-01
   outer loop
     vertex 5.1000000000e-01 0.0000000000e+00 -1.5000000000e+00
     vertex 5.3599277878e-01 -2.6645352591e-18 -1.3699272212e+00
     vertex 5.1000000000e-01 -4.8636143870e-01 -1.3820445755e+00
   endloop
 endfacet
 facet normal  9.7948136629e-01 -4.7466911618e-02 -1.9586512039e-01
   outer loop
     vertex 5.3599277878e-01 -2.6645352591e-18 -1.3699272212e+00
     vertex 5.3599277878e-01 -4.4530000061e-01 -1.2620110403e+00
     vertex 5.1000000000e-01 -4.8636143870e-01 -1.3820445755e+00
   endloop
 endfacet
 facet normal  9.7701664222e-01 -1.3410394894e-01 -1.6569433216e-01
   outer loop
     vertex 5.1000000000e-01 -4.8636143870e-01 -1.3820445755e+00
     vertex 5.3599277878e-01 -4.4530000061e-01 -1.2620110403e+00
     vertex 5.1000000000e-01 -8.8371016773e-01 -1.0604522013e+00
   endloop
 endfacet
 facet normal  9.7676952210e-01 -1.3458007411e-01 -1.6676181922e-01
   outer loop
     vertex 5.3599277878e-01 -4.4530000061e-01 -1.2620110403e+00
     vertex 5.3599277878e-01 -8.0962927487e-01 -9.6799013693e-01
     vertex 5.1000000000e-01 -8.8371016773e-01 -1.0604522013e+00
   endloop
 endfacet
 facet normal  9.7314378985e-01 -2.0067399722e-01 -1.1278790324e-01
   outer loop
     vertex 5.1000000000e-01 -8.8371016773e-01 -1.0604522013e+00
     vertex 5.3599277878e-01 -8.0962927487e-01 -9.6799013693e-01
     vertex 5.1000000000e-01 -1.1517038129e+00 -5.8363372644e-01
   endloop
 endfacet
 facet normal  9.7264081263e-01 -2.0227885388e-01 -1.1425022926e-01
   outer loop
     vertex 5.3599277878e-01 -8.0962927487e-01 -9.6799013693e-01
     vertex 5.3599277878e-01 -1.0556257170e+00 -5.3245597043e-01
     vertex 5.1000000000e-01 -1.1517038129e+00 -5.8363372644e-01
   endloop
 endfacet
 facet normal  9.6973912827e-01 -2.4075277117e-01 -4.0547827118e-02
   outer loop
     vertex 5.1000000000e-01 -1.1517038129e+00 -5.8363372644e-01
     vertex 5.3599277878e-01 -1.0556257170e+00 -5.3245597043e-01
     vertex 5.1000000000e-01 -1.2500000000e+00 0.0000000000e+00
   endloop
 endfacet
 facet normal  9.6938003145e-01 -2.4210827278e-01 -4.1060186061e-02
   outer loop
     vertex 5.3599277878e-01 -1.0556257170e+00 -5.3245597043e-01
     vertex 5.3599277878e-01 -1.1459272212e+00 -3.5527136788e-18
     vertex 5.1000000000e-01 -1.2500000000e+00 0.0000000000e+00
   endloop
 endfacet
 facet normal  9.6938003145e-01 -2.4210827278e-01 4.1060186061e-02
   outer loop
     vertex 5.1000000000e-01 -1.2500000000e+00 0.0000000000e+00
     vertex 5.3599277878e-01 -1.1459272212e+00 -3.5527136788e-18
     vertex 5.3599277878e-01 -1.0556257170e+00 5.3245597043e-01
   endloop
 endfacet
 facet normal  9.6973912827e-01 -2.4075277117e-01 4.0547827118e-02
   outer loop
     vertex 5.1000000000e-01 -1.2500000000e+00 0.0000000000e+00
     vertex 5.3599277878e-01 -1.0556257170e+00 5.3245597043e-01
     vertex 5.1000000000e-01 -1.1517038129e+00 5.8363372644e-01
   endloop
 endfacet
 facet normal  9.7264081263e-01 -2.0227885388e-01 1.1425022926e-01
   outer loop
     vertex 5.1000000000e-01 -1.1517038129e+00 5.8363372644e-01
     vertex 5.3599277878e-01 -1.0556257170e+00 5.3245597043e-01
     vertex 5.3599277878e-01 -8.0962927487e-01 9.6799013693e-01
   endloop
 endfacet
 facet normal  9.7314378985e-01 -2.0067399722e-01 1.1278790324e-01
   outer loop
     vertex 5.1000000000e-01 -1.1517038129e+00 5.8363372644e-01
     vertex 5.3599277878e-01 -8.0962927487e-01 9.6799013693e-01
     vertex 5.1000000000e-01 -8.8371016773e-01 1.0604522013e+00
   endloop
 endfacet
 facet normal  9.7676952210e-01 -1.3458007411e-01 1.6676181922e-01
   outer loop
     vertex 5.1000000000e-01 -8.8371016773e-01 1.0604522013e+00
     vertex 5.3599277878e-01 -8.0962927487e-01 9.6799013693e-01
     vertex 5.3599277878e-01 -4.4530000061e-01 1.2620110403e+00
   endloop
 endfacet
 facet normal  9.7701664222e-01 -1.3410394894e-01 1.6569433216e-01
   outer loop
     vertex 5.1000000000e-01 -8.8371016773e-01 1.0604522013e+00
     vertex 5.3599277878e-01 -4.4530000061e-01 1.2620110403e+00
     vertex 5.1000000000e-01 -4.8636143870e-01 1.3820445755e+00
   endloop
 endfacet
 facet normal  9.7948136629e-01 -4.7466911618e-02 1.9586512039e-01
   outer loop
     vertex 5.1000000000e-01 -4.8636143870e-01 1.3820445755e+00
     vertex 5.3599277878e-01 -4.4530000061e-01 1.2620110403e+00
     vertex 5.3599277878e-01 -2.8865798640e-18 1.3699272212e+00
   endloop
 endfacet
 facet normal  9.7950668834e-01 -4.7471448291e-02 1.9573734724e-01
   outer loop
     vertex 5.1000000000e-01 -4.8636143870e-01 1.3820445755e+00
     vertex 5.3599277878e-01 -2.8865798640e-18 1.3699272212e+00
     vertex 5.1000000000e-01 0.0000000000e+00 1.5000000000e+00
   endloop
 endfacet
 facet normal  9.7950668834e-01 4.7471448291e-02 1.9573734724e-01
   outer loop
     vertex 5.1000000000e-01 0.0000000000e+00 1.5000000000e+00
     vertex 5.3599277878e-01 -2.8865798640e-18 1.3699272212e+00
     vertex 5.1000000000e-01 4.8636143870e-01 1.3820445755e+00
   endloop
 endfacet
 facet normal  9.7948136629e-01 4.7466911618e-02 1.9586512039e-01
   outer loop
     vertex 5.3599277878e-01 -2.8865798640e-18 1.3699272212e+00
     vertex 5.3599277878e-01 4.4530000061e-01 1.2620110403e+00
     vertex 5.1000000000e-01 4.8636143870e-01 1.3820445755e+00
   endloop
 endfacet
 facet normal  9.7701664222e-01 1.3410394894e-01 1.6569433216e-01
   outer loop
     vertex 5.1000000000e-01 4.8636143870e-01 1.3820445755e+00
     vertex 5.3599277878e-01 4.4530000061e-01 1.2620110403e+00
     vertex 5.1000000000e-01 8.8371016773e-01 1.0604522013e+00
   endloop
 endfacet
 facet normal  9.7676952210e-01 1.3458007411e-01 1.6676181922e-01
   outer loop
     vertex 5.3599277878e-01 4.4530000061e-01 1.2620110403e+00
     vertex 5.3599277878e-01 8.0962927487e-01 9.6799013693e-01
     vertex 5.1000000000e-01 8.8371016773e-01 1.0604522013e+00
   endloop
 endfacet
 facet normal  9.7314378985e-01 2.0067399722e-01 1.1278790324e-01
   outer loop
     vertex 5.1000000000e-01 8.8371016773e-01 1.0604522013e+00
     vertex 5.3599277878e-01 8.0962927487e-01 9.6799013693e-01
     vertex 5.1000000000e-01 1.1517038129e+00 5.8363372644e-01
   endloop
 endfacet
 facet normal  9.7264081263e-01 2.0227885388e-01 1.1425022926e-01
   outer loop
     vertex 5.3599277878e-01 8.0962927487e-01 9.6799013693e-01
     vertex 5.3599277878e-01 1.0556257170e+00 5.3245597043e-01
     vertex 5.1000000000e-01 1.1517038129e+00 5.8363372644e-01
   endloop
 endfacet
 facet normal  9.6973912827e-01 2.4075277117e-01 4.0547827118e-02
   outer loop
     vertex 5.1000000000e-01 1.1517038129e+00 5.8363372644e-01
     vertex 5.3599277878e-01 1.0556257170e+00 5.3245597043e-01
     vertex 5.1000000000e-01 1.2500000000e+00 0.0000000000e+00
   endloop
 endfacet
 facet normal  9.6938003145e-01 2.4210827278e-01 4.1060186061e-02
   outer loop
     vertex 5.3599277878e-01 1.0556257170e+00 5.3245597043e-01
     vertex 5.3599277878e-01 1.1459272212e+00 0.0000000000e+00
     vertex 5.1000000000e-01 1.2500000000e+00 0.0000000000e+00
   endloop
 endfacet
 facet normal  9.9601188753e-01 8.7914300811e-02 -1.5211693543e-02
   outer loop
     vertex 5.3599277878e-01 1.1459272212e+00 0.0000000000e+00
     vertex 5.5877833635e-01 8.8778166365e-01 0.0000000000e+00
     vertex 5.5877833635e-01 8.1740137269e-01 -4.0675510935e-01
   endloop
 endfacet
 facet normal  9.9605893055e-01 8.7445248862e-02 -1.4830216858e-02
   outer loop
     vertex 5.3599277878e-01 1.1459272212e+00 0.0000000000e+00
     vertex 5.5877833635e-01 8.1740137269e-01 -4.0675510935e-01
     vertex 5.3599277878e-01 1.0556257170e+00 -5.3245597043e-01
   endloop
 endfacet
 facet normal  9.9643680072e-01 7.3184059380e-02 -4.1926073377e-02
   outer loop
     vertex 5.3599277878e-01 1.0556257170e+00 -5.3245597043e-01
     vertex 5.5877833635e-01 8.1740137269e-01 -4.0675510935e-01
     vertex 5.5877833635e-01 6.2611908245e-01 -7.4064792019e-01
   endloop
 endfacet
 facet normal  9.9649911934e-01 7.2794420866e-02 -4.1115416234e-02
   outer loop
     vertex 5.3599277878e-01 1.0556257170e+00 -5.3245597043e-01
     vertex 5.5877833635e-01 6.2611908245e-01 -7.4064792019e-01
     vertex 5.3599277878e-01 8.0962927487e-01 -9.6799013693e-01
   endloop
 endfacet
 facet normal  9.9697263772e-01 4.8584767888e-02 -6.0704859499e-02
   outer loop
     vertex 5.3599277878e-01 8.0962927487e-01 -9.6799013693e-01
     vertex 5.5877833635e-01 6.2611908245e-01 -7.4064792019e-01
     vertex 5.5877833635e-01 3.4372266690e-01 -9.6666218684e-01
   endloop
 endfacet
 facet normal  9.9700272926e-01 4.8587660594e-02 -6.0206287788e-02
   outer loop
     vertex 5.3599277878e-01 8.0962927487e-01 -9.6799013693e-01
     vertex 5.5877833635e-01 3.4372266690e-01 -9.6666218684e-01
     vertex 5.3599277878e-01 4.4530000061e-01 -1.2620110403e+00
   endloop
 endfacet
 facet normal  9.9732598346e-01 1.7177514366e-02 -7.1033905352e-02
   outer loop
     vertex 5.3599277878e-01 4.4530000061e-01 -1.2620110403e+00
     vertex 5.5877833635e-01 3.4372266690e-01 -9.6666218684e-01
     vertex 5.5877833635e-01 -7.9936057773e-18 -1.0497816636e+00
   endloop
 endfacet
 facet normal  9.9732922413e-01 1.7202223959e-02 -7.0982407573e-02
   outer loop
     vertex 5.3599277878e-01 4.4530000061e-01 -1.2620110403e+00
     vertex 5.5877833635e-01 -7.9936057773e-18 -1.0497816636e+00
     vertex 5.3599277878e-01 -2.6645352591e-18 -1.3699272212e+00
   endloop
 endfacet
 facet normal  9.9732922413e-01 -1.7202223959e-02 -7.0982407573e-02
   outer loop
     vertex 5.3599277878e-01 -2.6645352591e-18 -1.3699272212e+00
     vertex 5.5877833635e-01 -7.9936057773e-18 -1.0497816636e+00
     vertex 5.3599277878e-01 -4.4530000061e-01 -1.2620110403e+00
   endloop
 endfacet
 facet normal  9.9732598346e-01 -1.7177514366e-02 -7.1033905352e-02
   outer loop
     vertex 5.5877833635e-01 -7.9936057773e-18 -1.0497816636e+00
     vertex 5.5877833635e-01 -3.4372266690e-01 -9.6666218684e-01
     vertex 5.3599277878e-01 -4.4530000061e-01 -1.2620110403e+00
   endloop
 endfacet
 facet normal  9.9700272926e-01 -4.8587660594e-02 -6.0206287788e-02
   outer loop
     vertex 5.3599277878e-01 -4.4530000061e-01 -1.2620110403e+00
     vertex 5.5877833635e-01 -3.4372266690e-01 -9.6666218684e-01
     vertex 5.3599277878e-01 -8.0962927487e-01 -9.6799013693e-01
   endloop
 endfacet
 facet normal  9.9697263772e-01 -4.8584767888e-02 -6.0704859499e-02
   outer loop
     vertex 5.5877833635e-01 -3.4372266690e-01 -9.6666218684e-01
     vertex 5.5877833635e-01 -6.2611908245e-01 -7.4064792019e-01
     vertex 5.3599277878e-01 -8.0962927487e-01 -9.6799013693e-01
   endloop
 endfacet
 facet normal  9.9649911934e-01 -7.2794420866e-02 -4.1115416234e-02
   outer loop
     vertex 5.3599277878e-01 -8.0962927487e-01 -9.6799013693e-01
     vertex 5.5877833635e-01 -6.2611908245e-01 -7.4064792019e-01
     vertex 5.3599277878e-01 -1.0556257170e+00 -5.3245597043e-01
   endloop
 endfacet
 facet normal  9.9643680072e-01 -7.3184059380e-02 -4.1926073377e-02
   outer loop
     vertex 5.5877833635e-01 -6.2611908245e-01 -7.4064792019e-01
     vertex 5.5877833635e-01 -8.1740137269e-01 -4.0675510935e-01
     vertex 5.3599277878e-01 -1.0556257170e+00 -5.3245597043e-01
   endloop
 endfacet
 facet normal  9.9605893055e-01 -8.7445248862e-02 -1.4830216858e-02
   outer loop
     vertex 5.3599277878e-01 -1.0556257170e+00 -5.3245597043e-01
     vertex 5.5877833635e-01 -8.1740137269e-01 -4.0675510935e-01
     vertex 5.3599277878e-01 -1.1459272212e+00 -3.5527136788e-18
   endloop
 endfacet
 facet normal  9.9601188753e-01 -8.7914300811e-02 -1.5211693543e-02
   outer loop
     vertex 5.5877833635e-01 -8.1740137269e-01 -4.0675510935e-01
     vertex 5.5877833635e-01 -8.8778166365e-01 -1.0658141036e-17
     vertex 5.3599277878e-01 -1.1459272212e+00 -3.5527136788e-18
   endloop
 endfacet
 facet normal  9.9601188753e-01 -8.7914300811e-02 1.5211693543e-02
   outer loop
     vertex 5.3599277878e-01 -1.1459272212e+00 -3.5527136788e-18
     vertex 5.5877833635e-01 -8.8778166365e-01 -1.0658141036e-17
     vertex 5.5877833635e-01 -8.1740137269e-01 4.0675510935e-01
   endloop
 endfacet
 facet normal  9.9605893055e-01 -8.7445248862e-02 1.4830216858e-02
   outer loop
     vertex 5.3599277878e-01 -1.1459272212e+00 -3.5527136788e-18
     vertex 5.5877833635e-01 -8.1740137269e-01 4.0675510935e-01
     vertex 5.3599277878e-01 -1.0556257170e+00 5.3245597043e-01
   endloop
 endfacet
 facet normal  9.9643680072e-01 -7.3184059380e-02 4.1926073377e-02
   outer loop
     vertex 5.3599277878e-01 -1.0556257170e+00 5.3245597043e-01
     vertex 5.5877833635e-01 -8.1740137269e-01 4.0675510935e-01
     vertex 5.5877833635e-01 -6.2611908245e-01 7.4064792019e-01
   endloop
 endfacet
 facet normal  9.9649911934e-01 -7.2794420866e-02 4.1115416234e-02
   outer loop
     vertex 5.3599277878e-01 -1.0556257170e+00 5.3245597043e-01
     vertex 5.5877833635e-01 -6.2611908245e-01 7.4064792019e-01
     vertex 5.3599277878e-01 -8.0962927487e-01 9.6799013693e-01
   endloop
 endfacet
 facet normal  9.9697263772e-01 -4.8584767888e-02 6.0704859499e-02
   outer loop
     vertex 5.3599277878e-01 -8.0962927487e-01 9.6799013693e-01
     vertex 5.5877833635e-01 -6.2611908245e-01 7.4064792019e-01
     vertex 5.5877833635e-01 -3.4372266690e-01 9.6666218684e-01
   endloop
 endfacet
 facet normal  9.9700272926e-01 -4.8587660594e-02 6.0206287788e-02
   outer loop
     vertex 5.3599277878e-01 -8.0962927487e-01 9.6799013693e-01
     vertex 5.5877833635e-01 -3.4372266690e-01 9.6666218684e-01
     vertex 5.3599277878e-01 -4.4530000061e-01 1.2620110403e+00
   endloop
 endfacet
 facet normal  9.9732598346e-01 -1.7177514366e-02 7.1033905352e-02
   outer loop
     vertex 5.3599277878e-01 -4.4530000061e-01 1.2620110403e+00
     vertex 5.5877833635e-01 -3.4372266690e-01 9.6666218684e-01
     vertex 5.5877833635e-01 -8.6597395921e-18 1.0497816636e+00
   endloop
 endfacet
 facet normal  9.9732922413e-01 -1.7202223959e-02 7.0982407573e-02
   outer loop
     vertex 5.3599277878e-01 -4.4530000061e-01 1.2620110403e+00
     vertex 5.5877833635e-01 -8.6597395921e-18 1.0497816636e+00
     vertex 5.3599277878e-01 -2.8865798640e-18 1.3699272212e+00
   endloop
 endfacet
 facet normal  9.9732922413e-01 1.7202223959e-02 7.0982407573e-02
   outer loop
     vertex 5.3599277878e-01 -2.8865798640e-18 1.3699272212e+00
     vertex 5.5877833635e-01 -8.6597395921e-18 1.0497816636e+00
     vertex 5.3599277878e-01 4.4530000061e-01 1.2620110403e+00
   endloop
 endfacet
 facet normal  9.9732598346e-01 1.7177514366e-02 7.1033905352e-02
   outer loop
     vertex 5.5877833635e-01 -8.6597395921e-18 1.0497816636e+00
     vertex 5.5877833635e-01 3.4372266690e-01 9.6666218684e-01
     vertex 5.3599277878e-01 4.4530000061e-01 1.2620110403e+00
   endloop
 endfacet
 facet normal  9.9700272926e-01 4.8587660594e-02 6.0206287788e-02
   outer loop
     vertex 5.3599277878e-01 4.4530000061e-01 1.2620110403e+00
     vertex 5.5877833635e-01 3.4372266690e-01 9.6666218684e-01
     vertex 5.3599277878e-01 8.0962927487e-01 9.6799013693e-01
   endloop
 endfacet
 facet normal  9.9697263772e-01 4.8584767888e-02 6.0704859499e-02
   outer loop
     vertex 5.5877833635e-01 3.4372266690e-01 9.6666218684e-01
     vertex 5.5877833635e-01 6.2611908245e-01 7.4064792019e-01
     vertex 5.3599277878e-01 8.0962927487e-01 9.6799013693e-01
   endloop
 endfacet
 facet normal  9.9649911934e-01 7.2794420866e-02 4.1115416234e-02
   outer loop
     vertex 5.3599277878e-01 8.0962927487e-01 9.6799013693e-01
     vertex 5.5877833635e-01 6.2611908245e-01 7.4064792019e-01
     vertex 5.3599277878e-01 1.0556257170e+00 5.3245597043e-01
   endloop
 endfacet
 facet normal  9.9643680072e-01 7.3184059380e-02 4.1926073377e-02
   outer loop
     vertex 5.5877833635e-01 6.2611908245e-01 7.4064792019e-01
     vertex 5.5877833635e-01 8.1740137269e-01 4.0675510935e-01
     vertex 5.3599277878e-01 1.0556257170e+00 5.3245597043e-01
   endloop
 endfacet
 facet normal  9.9605893055e-01 8.7445248862e-02 1.4830216858e-02
   outer loop
     vertex 5.3599277878e-01 1.0556257170e+00 5.3245597043e-01
     vertex 5.5877833635e-01 8.1740137269e-01 4.0675510935e-01
     vertex 5.3599277878e-01 1.1459272212e+00 0.0000000000e+00
   endloop
 endfacet
 facet normal  9.9601188753e-01 8.7914300811e-02 1.5211693543e-02
   outer loop
     vertex 5.5877833635e-01 8.1740137269e-01 4.0675510935e-01
     vertex 5.5877833635e-01 8.8778166365e-01 0.0000000000e+00
     vertex 5.3599277878e-01 1.1459272212e+00 0.0000000000e+00
   endloop
 endfacet
 facet normal  9.9299072846e-01 1.1632805149e-01 -2.0909271348e-02
   outer loop
     vertex 5.5877833635e-01 8.8778166365e-01 0.0000000000e+00
     vertex 5.9756750453e-01 5.5667249547e-01 0.0000000000e+00
     vertex 5.9756750453e-01 5.1204569503e-01 -2.4827975364e-01
   endloop
 endfacet
 facet normal  9.9307582217e-01 1.1575513951e-01 -2.0028956519e-02
   outer loop
     vertex 5.5877833635e-01 8.8778166365e-01 0.0000000000e+00
     vertex 5.9756750453e-01 5.1204569503e-01 -2.4827975364e-01
     vertex 5.5877833635e-01 8.1740137269e-01 -4.0675510935e-01
   endloop
 endfacet
 facet normal  9.9368606491e-01 9.6694569511e-02 -5.6904873608e-02
   outer loop
     vertex 5.5877833635e-01 8.1740137269e-01 -4.0675510935e-01
     vertex 5.9756750453e-01 5.1204569503e-01 -2.4827975364e-01
     vertex 5.9756750453e-01 3.9127831968e-01 -4.5349151549e-01
   endloop
 endfacet
 facet normal  9.9379286315e-01 9.6528228196e-02 -5.5299605031e-02
   outer loop
     vertex 5.5877833635e-01 8.1740137269e-01 -4.0675510935e-01
     vertex 5.9756750453e-01 3.9127831968e-01 -4.5349151549e-01
     vertex 5.5877833635e-01 6.2611908245e-01 -7.4064792019e-01
   endloop
 endfacet
 facet normal  9.9457570025e-01 6.4369813512e-02 -8.1704978931e-02
   outer loop
     vertex 5.5877833635e-01 6.2611908245e-01 -7.4064792019e-01
     vertex 5.9756750453e-01 3.9127831968e-01 -4.5349151549e-01
     vertex 5.9756750453e-01 2.1403990835e-01 -5.9312564346e-01
   endloop
 endfacet
 facet normal  9.9462675663e-01 6.4689076797e-02 -8.0826594194e-02
   outer loop
     vertex 5.5877833635e-01 6.2611908245e-01 -7.4064792019e-01
     vertex 5.9756750453e-01 2.1403990835e-01 -5.9312564346e-01
     vertex 5.5877833635e-01 3.4372266690e-01 -9.6666218684e-01
   endloop
 endfacet
 facet normal  9.9517704514e-01 2.2967421371e-02 -9.5368476900e-02
   outer loop
     vertex 5.5877833635e-01 3.4372266690e-01 -9.6666218684e-01
     vertex 5.9756750453e-01 2.1403990835e-01 -5.9312564346e-01
     vertex 5.9756750453e-01 -1.1990408666e-17 -6.4467249547e-01
   endloop
 endfacet
 facet normal  9.9518294538e-01 2.3042836980e-02 -9.5288681833e-02
   outer loop
     vertex 5.5877833635e-01 3.4372266690e-01 -9.6666218684e-01
     vertex 5.9756750453e-01 -1.1990408666e-17 -6.4467249547e-01
     vertex 5.5877833635e-01 -7.9936057773e-18 -1.0497816636e+00
   endloop
 endfacet
 facet normal  9.9518294538e-01 -2.3042836980e-02 -9.5288681833e-02
   outer loop
     vertex 5.5877833635e-01 -7.9936057773e-18 -1.0497816636e+00
     vertex 5.9756750453e-01 -1.1990408666e-17 -6.4467249547e-01
     vertex 5.5877833635e-01 -3.4372266690e-01 -9.6666218684e-01
   endloop
 endfacet
 facet normal  9.9517704514e-01 -2.2967421371e-02 -9.5368476900e-02
   outer loop
     vertex 5.9756750453e-01 -1.1990408666e-17 -6.4467249547e-01
     vertex 5.9756750453e-01 -2.1403990835e-01 -5.9312564346e-01
     vertex 5.5877833635e-01 -3.4372266690e-01 -9.6666218684e-01
   endloop
 endfacet
 facet normal  9.9462675663e-01 -6.4689076797e-02 -8.0826594194e-02
   outer loop
     vertex 5.5877833635e-01 -3.4372266690e-01 -9.6666218684e-01
     vertex 5.9756750453e-01 -2.1403990835e-01 -5.9312564346e-01
     vertex 5.5877833635e-01 -6.2611908245e-01 -7.4064792019e-01
   endloop
 endfacet
 facet normal  9.9457570025e-01 -6.4369813512e-02 -8.1704978931e-02
   outer loop
     vertex 5.9756750453e-01 -2.1403990835e-01 -5.9312564346e-01
     vertex 5.9756750453e-01 -3.9127831968e-01 -4.5349151549e-01
     vertex 5.5877833635e-01 -6.2611908245e-01 -7.4064792019e-01
   endloop
 endfacet
 facet normal  9.9379286315e-01 -9.6528228196e-02 -5.5299605031e-02
   outer loop
     vertex 5.5877833635e-01 -6.2611908245e-01 -7.4064792019e-01
     vertex 5.9756750453e-01 -3.9127831968e-01 -4.5349151549e-01
     vertex 5.5877833635e-01 -8.1740137269e-01 -4.0675510935e-01
   endloop
 endfacet
 facet normal  9.9368606491e-01 -9.6694569511e-02 -5.6904873608e-02
   outer loop
     vertex 5.9756750453e-01 -3.9127831968e-01 -4.5349151549e-01
     vertex 5.9756750453e-01 -5.1204569503e-01 -2.4827975364e-01
     vertex 5.5877833635e-01 -8.1740137269e-01 -4.0675510935e-01
   endloop
 endfacet
 facet normal  9.9307582217e-01 -1.1575513951e-01 -2.0028956519e-02
   outer loop
     vertex 5.5877833635e-01 -8.1740137269e-01 -4.0675510935e-01
     vertex 5.9756750453e-01 -5.1204569503e-01 -2.4827975364e-01
     vertex 5.5877833635e-01 -8.8778166365e-01 -1.0658141036e-17
   endloop
 endfacet
 facet normal  9.9299072846e-01 -1.1632805149e-01 -2.0909271348e-02
   outer loop
     vertex 5.9756750453e-01 -5.1204569503e-01 -2.4827975364e-01
     vertex 5.9756750453e-01 -5.5667249547e-01 -1.5987211555e-17
     vertex 5.5877833635e-01 -8.8778166365e-01 -1.0658141036e-17
   endloop
 endfacet
 facet normal  9.9299072846e-01 -1.1632805149e-01 2.0909271348e-02
   outer loop
     vertex 5.5877833635e-01 -8.8778166365e-01 -1.0658141036e-17
     vertex 5.9756750453e-01 -5.5667249547e-01 -1.5987211555e-17
     vertex 5.9756750453e-01 -5.1204569503e-01 2.4827975364e-01
   endloop
 endfacet
 facet normal  9.9307582217e-01 -1.1575513951e-01 2.0028956519e-02
   outer loop
     vertex 5.5877833635e-01 -8.8778166365e-01 -1.0658141036e-17
     vertex 5.9756750453e-01 -5.1204569503e-01 2.4827975364e-01
     vertex 5.5877833635e-01 -8.1740137269e-01 4.0675510935e-01
   endloop
 endfacet
 facet normal  9.9368606491e-01 -9.6694569511e-02 5.6904873608e-02
   outer loop
     vertex 5.5877833635e-01 -8.1740137269e-01 4.0675510935e-01
     vertex 5.9756750453e-01 -5.1204569503e-01 2.4827975364e-01
     vertex 5.9756750453e-01 -3.9127831968e-01 4.5349151549e-01
   endloop
 endfacet
 facet normal  9.9379286315e-01 -9.6528228196e-02 5.5299605031e-02
   outer loop
     vertex 5.5877833635e-01 -8.1740137269e-01 4.0675510935e-01
     vertex 5.9756750453e-01 -3.9127831968e-01 4.5349151549e-01
     vertex 5.5877833635e-01 -6.2611908245e-01 7.4064792019e-01
   endloop
 endfacet
 facet normal  9.9457570025e-01 -6.4369813512e-02 8.1704978931e-02
   outer loop
     vertex 5.5877833635e-01 -6.2611908245e-01 7.4064792019e-01
     vertex 5.9756750453e-01 -3.9127831968e-01 4.5349151549e-01
     vertex 5.9756750453e-01 -2.1403990835e-01 5.9312564346e-01
   endloop
 endfacet
 facet normal  9.9462675663e-01 -6.4689076797e-02 8.0826594194e-02
   outer loop
     vertex 5.5877833635e-01 -6.2611908245e-01 7.4064792019e-01
     vertex 5.9756750453e-01 -2.1403990835e-01 5.9312564346e-01
     vertex 5.5877833635e-01 -3.4372266690e-01 9.6666218684e-01
   endloop
 endfacet
 facet normal  9.9517704514e-01 -2.2967421371e-02 9.5368476900e-02
   outer loop
     vertex 5.5877833635e-01 -3.4372266690e-01 9.6666218684e-01
     vertex 5.9756750453e-01 -2.1403990835e-01 5.9312564346e-01
     vertex 5.9756750453e-01 -1.2989609388e-17 6.4467249547e-01
   endloop
 endfacet
 facet normal  9.9518294538e-01 -2.3042836980e-02 9.5288681833e-02
   outer loop
     vertex 5.5877833635e-01 -3.4372266690e-01 9.6666218684e-01
     vertex 5.9756750453e-01 -1.2989609388e-17 6.4467249547e-01
     vertex 5.5877833635e-01 -8.6597395921e-18 1.0497816636e+00
   endloop
 endfacet
 facet normal  9.9518294538e-01 2.3042836980e-02 9.5288681833e-02
   outer loop
     vertex 5.5877833635e-01 -8.6597395921e-18 1.0497816636e+00
     vertex 5.9756750453e-01 -1.2989609388e-17 6.4467249547e-01
     vertex 5.5877833635e-01 3.4372266690e-01 9.6666218684e-01
   endloop
 endfacet
 facet normal  9.9517704514e-01 2.2967421371e-02 9.5368476900e-02
   outer loop
     vertex 5.9756750453e-01 -1.2989609388e-17 6.4467249547e-01
     vertex 5.9756750453e-01 2.1403990835e-01 5.9312564346e-01
     vertex 5.5877833635e-01 3.4372266690e-01 9.6666218684e-01
   endloop
 endfacet
 facet normal  9.9462675663e-01 6.4689076797e-02 8.0826594194e-02
   outer loop
     vertex 5.5877833635e-01 3.4372266690e-01 9.6666218684e-01
     vertex 5.9756750453e-01 2.1403990835e-01 5.9312564346e-01
     vertex 5.5877833635e-01 6.2611908245e-01 7.4064792019e-01
   endloop
 endfacet
 facet normal  9.9457570025e-01 6.4369813512e-02 8.1704978931e-02
   outer loop
     vertex 5.9756750453e-01 2.1403990835e-01 5.9312564346e-01
     vertex 5.9756750453e-01 3.9127831968e-01 4.5349151549e-01
     vertex 5.5877833635e-01 6.2611908245e-01 7.4064792019e-01
   endloop
 endfacet
 facet normal  9.9379286315e-01 9.6528228196e-02 5.5299605031e-02
   outer loop
     vertex 5.5877833635e-01 6.2611908245e-01 7.4064792019e-01
     vertex 5.9756750453e-01 3.9127831968e-01 4.5349151549e-01
     vertex 5.5877833635e-01 8.1740137269e-01 4.0675510935e-01
   endloop
 endfacet
 facet normal  9.9368606491e-01 9.6694569511e-02 5.6904873608e-02
   outer loop
     vertex 5.9756750453e-01 3.9127831968e-01 4.5349151549e-01
     vertex 5.9756750453e-01 5.1204569503e-01 2.4827975364e-01
     vertex 5.5877833635e-01 8.1740137269e-01 4.0675510935e-01
   endloop
 endfacet
 facet normal  9.9307582217e-01 1.1575513951e-01 2.0028956519e-02
   outer loop
     vertex 5.5877833635e-01 8.1740137269e-01 4.0675510935e-01
     vertex 5.9756750453e-01 5.1204569503e-01 2.4827975364e-01
     vertex 5.5877833635e-01 8.8778166365e-01 0.0000000000e+00
   endloop
 endfacet
 facet normal  9.9299072846e-01 1.1632805149e-01 2.0909271348e-02
   outer loop
     vertex 5.9756750453e-01 5.1204569503e-01 2.4827975364e-01
     vertex 5.9756750453e-01 5.5667249547e-01 0.0000000000e+00
     vertex 5.5877833635e-01 8.8778166365e-01 0.0000000000e+00
   endloop
 endfacet
 facet normal  9.7382705131e-01 2.2314191301e-01 -4.3226852766e-02
   outer loop
     vertex 5.9756750453e-01 5.5667249547e-01 0.0000000000e+00
     vertex 6.7157111513e-01 2.3370888487e-01 0.0000000000e+00
     vertex 6.7157111513e-01 2.1457359911e-01 -9.8778513711e-02
   endloop
 endfacet
 facet normal  9.7416635361e-01 2.2226961655e-01 -3.9951633898e-02
   outer loop
     vertex 5.9756750453e-01 5.5667249547e-01 0.0000000000e+00
     vertex 6.7157111513e-01 2.1457359911e-01 -9.8778513711e-02
     vertex 5.9756750453e-01 5.1204569503e-01 -2.4827975364e-01
   endloop
 endfacet
 facet normal  9.7598959979e-01 1.8509663844e-01 -1.1481957824e-01
   outer loop
     vertex 5.9756750453e-01 5.1204569503e-01 -2.4827975364e-01
     vertex 6.7157111513e-01 2.1457359911e-01 -9.8778513711e-02
     vertex 6.7157111513e-01 1.6320571579e-01 -1.8158688728e-01
   endloop
 endfacet
 facet normal  9.7638610246e-01 1.8618443619e-01 -1.0956977070e-01
   outer loop
     vertex 5.9756750453e-01 5.1204569503e-01 -2.4827975364e-01
     vertex 6.7157111513e-01 1.6320571579e-01 -1.8158688728e-01
     vertex 5.9756750453e-01 3.9127831968e-01 -4.5349151549e-01
   endloop
 endfacet
 facet normal  9.7890069797e-01 1.2403940635e-01 -1.6238118481e-01
   outer loop
     vertex 5.9756750453e-01 3.9127831968e-01 -4.5349151549e-01
     vertex 6.7157111513e-01 1.6320571579e-01 -1.8158688728e-01
     vertex 6.7157111513e-01 8.8662195786e-02 -2.3852903842e-01
   endloop
 endfacet
 facet normal  9.7908454464e-01 1.2590732129e-01 -1.5981489571e-01
   outer loop
     vertex 5.9756750453e-01 3.9127831968e-01 -4.5349151549e-01
     vertex 6.7157111513e-01 8.8662195786e-02 -2.3852903842e-01
     vertex 5.9756750453e-01 2.1403990835e-01 -5.9312564346e-01
   endloop
 endfacet
 facet normal  9.8098263954e-01 4.5097136146e-02 -1.8878376314e-01
   outer loop
     vertex 5.9756750453e-01 2.1403990835e-01 -5.9312564346e-01
     vertex 6.7157111513e-01 8.8662195786e-02 -2.3852903842e-01
     vertex 6.7157111513e-01 -1.0658141036e-17 -2.5970888487e-01
   endloop
 endfacet
 facet normal  9.8100631844e-01 4.5416370742e-02 -1.8858408326e-01
   outer loop
     vertex 5.9756750453e-01 2.1403990835e-01 -5.9312564346e-01
     vertex 6.7157111513e-01 -1.0658141036e-17 -2.5970888487e-01
     vertex 5.9756750453e-01 -1.1990408666e-17 -6.4467249547e-01
   endloop
 endfacet
 facet normal  9.8100631844e-01 -4.5416370742e-02 -1.8858408326e-01
   outer loop
     vertex 5.9756750453e-01 -1.1990408666e-17 -6.4467249547e-01
     vertex 6.7157111513e-01 -1.0658141036e-17 -2.5970888487e-01
     vertex 5.9756750453e-01 -2.1403990835e-01 -5.9312564346e-01
   endloop
 endfacet
 facet normal  9.8098263954e-01 -4.5097136146e-02 -1.8878376314e-01
   outer loop
     vertex 6.7157111513e-01 -1.0658141036e-17 -2.5970888487e-01
     vertex 6.7157111513e-01 -8.8662195786e-02 -2.3852903842e-01
     vertex 5.9756750453e-01 -2.1403990835e-01 -5.9312564346e-01
   endloop
 endfacet
 facet normal  9.7908454464e-01 -1.2590732129e-01 -1.5981489571e-01
   outer loop
     vertex 5.9756750453e-01 -2.1403990835e-01 -5.9312564346e-01
     vertex 6.7157111513e-01 -8.8662195786e-02 -2.3852903842e-01
     vertex 5.9756750453e-01 -3.9127831968e-01 -4.5349151549e-01
   endloop
 endfacet
 facet normal  9.7890069797e-01 -1.2403940635e-01 -1.6238118481e-01
   outer loop
     vertex 6.7157111513e-01 -8.8662195786e-02 -2.3852903842e-01
     vertex 6.7157111513e-01 -1.6320571579e-01 -1.8158688728e-01
     vertex 5.9756750453e-01 -3.9127831968e-01 -4.5349151549e-01
   endloop
 endfacet
 facet normal  9.7638610246e-01 -1.8618443619e-01 -1.0956977070e-01
   outer loop
     vertex 5.9756750453e-01 -3.9127831968e-01 -4.5349151549e-01
     vertex 6.7157111513e-01 -1.6320571579e-01 -1.8158688728e-01
     vertex 5.9756750453e-01 -5.1204569503e-01 -2.4827975364e-01
   endloop
 endfacet
 facet normal  9.7598959979e-01 -1.8509663844e-01 -1.1481957824e-01
   outer loop
     vertex 6.7157111513e-01 -1.6320571579e-01 -1.8158688728e-01
     vertex 6.7157111513e-01 -2.1457359911e-01 -9.8778513711e-02
     vertex 5.9756750453e-01 -5.1204569503e-01 -2.4827975364e-01
   endloop
 endfacet
 facet normal  9.7416635361e-01 -2.2226961655e-01 -3.9951633898e-02
   outer loop
     vertex 5.9756750453e-01 -5.1204569503e-01 -2.4827975364e-01
     vertex 6.7157111513e-01 -2.1457359911e-01 -9.8778513711e-02
     vertex 5.9756750453e-01 -5.5667249547e-01 -1.5987211555e-17
   endloop
 endfacet
 facet normal  9.7382705131e-01 -2.2314191301e-01 -4.3226852766e-02
   outer loop
     vertex 6.7157111513e-01 -2.1457359911e-01 -9.8778513711e-02
     vertex 6.7157111513e-01 -2.3370888487e-01 -1.4210854715e-17
     vertex 5.9756750453e-01 -5.5667249547e-01 -1.5987211555e-17
   endloop
 endfacet
 facet normal  9.7382705131e-01 -2.2314191301e-01 4.3226852766e-02
   outer loop
     vertex 5.9756750453e-01 -5.5667249547e-01 -1.5987211555e-17
     vertex 6.7157111513e-01 -2.3370888487e-01 -1.4210854715e-17
     vertex 6.7157111513e-01 -2.1457359911e-01 9.8778513711e-02
   endloop
 endfacet
 facet normal  9.7416635361e-01 -2.2226961655e-01 3.9951633898e-02
   outer loop
     vertex 5.9756750453e-01 -5.5667249547e-01 -1.5987211555e-17
     vertex 6.7157111513e-01 -2.1457359911e-01 9.8778513711e-02
     vertex 5.9756750453e-01 -5.1204569503e-01 2.4827975364e-01
   endloop
 endfacet
 facet normal  9.7598959979e-01 -1.8509663844e-01 1.1481957824e-01
   outer loop
     vertex 5.9756750453e-01 -5.1204569503e-01 2.4827975364e-01
     vertex 6.7157111513e-01 -2.1457359911e-01 9.8778513711e-02
     vertex 6.7157111513e-01 -1.6320571579e-01 1.8158688728e-01
   endloop
 endfacet
 facet normal  9.7638610246e-01 -1.8618443619e-01 1.0956977070e-01
   outer loop
     vertex 5.9756750453e-01 -5.1204569503e-01 2.4827975364e-01
     vertex 6.7157111513e-01 -1.6320571579e-01 1.8158688728e-01
     vertex 5.9756750453e-01 -3.9127831968e-01 4.5349151549e-01
   endloop
 endfacet
 facet normal  9.7890069797e-01 -1.2403940635e-01 1.6238118481e-01
   outer loop
     vertex 5.9756750453e-01 -3.9127831968e-01 4.5349151549e-01
     vertex 6.7157111513e-01 -1.6320571579e-01 1.8158688728e-01
     vertex 6.7157111513e-01 -8.8662195786e-02 2.3852903842e-01
   endloop
 endfacet
 facet normal  9.7908454464e-01 -1.2590732129e-01 1.5981489571e-01
   outer loop
     vertex 5.9756750453e-01 -3.9127831968e-01 4.5349151549e-01
     vertex 6.7157111513e-01 -8.8662195786e-02 2.3852903842e-01
     vertex 5.9756750453e-01 -2.1403990835e-01 5.9312564346e-01
   endloop
 endfacet
 facet normal  9.8098263954e-01 -4.5097136146e-02 1.8878376314e-01
   outer loop
     vertex 5.9756750453e-01 -2.1403990835e-01 5.9312564346e-01
     vertex 6.7157111513e-01 -8.8662195786e-02 2.3852903842e-01
     vertex 6.7157111513e-01 -1.1546319456e-17 2.5970888487e-01
   endloop
 endfacet
 facet normal  9.8100631844e-01 -4.5416370742e-02 1.8858408326e-01
   outer loop
     vertex 5.9756750453e-01 -2.1403990835e-01 5.9312564346e-01
     vertex 6.7157111513e-01 -1.1546319456e-17 2.5970888487e-01
     vertex 5.9756750453e-01 -1.2989609388e-17 6.4467249547e-01
   endloop
 endfacet
 facet normal  9.8100631844e-01 4.5416370742e-02 1.8858408326e-01
   outer loop
     vertex 5.9756750453e-01 -1.2989609388e-17 6.4467249547e-01
     vertex 6.7157111513e-01 -1.1546319456e-17 2.5970888487e-01
     vertex 5.9756750453e-01 2.1403990835e-01 5.9312564346e-01
   endloop
 endfacet
 facet normal  9.8098263954e-01 4.5097136146e-02 1.8878376314e-01
   outer loop
     vertex 6.7157111513e-01 -1.1546319456e-17 2.5970888487e-01
     vertex 6.7157111513e-01 8.8662195786e-02 2.3852903842e-01
     vertex 5.9756750453e-01 2.1403990835e-01 5.9312564346e-01
   endloop
 endfacet
 facet normal  9.7908454464e-01 1.2590732129e-01 1.5981489571e-01
   outer loop
     vertex 5.9756750453e-01 2.1403990835e-01 5.9312564346e-01
     vertex 6.7157111513e-01 8.8662195786e-02 2.3852903842e-01
     vertex 5.9756750453e-01 3.9127831968e-01 4.5349151549e-01
   endloop
 endfacet
 facet normal  9.7890069797e-01 1.2403940635e-01 1.6238118481e-01
   outer loop
     vertex 6.7157111513e-01 8.8662195786e-02 2.3852903842e-01
     vertex 6.7157111513e-01 1.6320571579e-01 1.8158688728e-01
     vertex 5.9756750453e-01 3.9127831968e-01 4.5349151549e-01
   endloop
 endfacet
 facet normal  9.7638610246e-01 1.8618443619e-01 1.0956977070e-01
   outer loop
     vertex 5.9756750453e-01 3.9127831968e-01 4.5349151549e-01
     vertex 6.7157111513e-01 1.6320571579e-01 1.8158688728e-01
     vertex 5.9756750453e-01 5.1204569503e-01 2.4827975364e-01
   endloop
 endfacet
 facet normal  9.7598959979e-01 1.8509663844e-01 1.1481957824e-01
   outer loop
     vertex 6.7157111513e-01 1.6320571579e-01 1.8158688728e-01
     vertex 6.7157111513e-01 2.1457359911e-01 9.8778513711e-02
     vertex 5.9756750453e-01 5.1204569503e-01 2.4827975364e-01
   endloop
 endfacet
 facet normal  9.7416635361e-01 2.2226961655e-01 3.9951633898e-02
   outer loop
     vertex 5.9756750453e-01 5.1204569503e-01 2.4827975364e-01
     vertex 6.7157111513e-01 2.1457359911e-01 9.8778513711e-02
     vertex 5.9756750453e-01 5.5667249547e-01 0.0000000000e+00
   endloop
 endfacet
 facet normal  9.7382705131e-01 2.2314191301e-01 4.3226852766e-02
   outer loop
     vertex 6.7157111513e-01 2.1457359911e-01 9.8778513711e-02
     vertex 6.7157111513e-01 2.3370888487e-01 0.0000000000e+00
     vertex 5.9756750453e-01 5.5667249547e-01 0.0000000000e+00
   endloop
 endfacet
 facet normal  8.7260230235e-01 4.7951681720e-01 -9.2891571001e-02
   outer loop
     vertex 6.7157111513e-01 2.3370888487e-01 0.0000000000e+00
     vertex 8.0000000000e-01 0.0000000000e+00 0.0000000000e+00
     vertex 6.7157111513e-01 2.1457359911e-01 -9.8778513711e-02
   endloop
 endfacet
 facet normal  8.7699949441e-01 4.0831189395e-01 -2.5328498587e-01
   outer loop
     vertex 6.7157111513e-01 2.1457359911e-01 -9.8778513711e-02
     vertex 8.0000000000e-01 0.0000000000e+00 0.0000000000e+00
     vertex 6.7157111513e-01 1.6320571579e-01 -1.8158688728e-01
   endloop
 endfacet
 facet normal  8.8441263184e-01 2.8330668655e-01 -3.7087951951e-01
   outer loop
     vertex 6.7157111513e-01 1.6320571579e-01 -1.8158688728e-01
     vertex 8.0000000000e-01 0.0000000000e+00 0.0000000000e+00
     vertex 6.7157111513e-01 8.8662195786e-02 -2.3852903842e-01
   endloop
 endfacet
 facet normal  8.9140305912e-01 1.0530144933e-01 -4.4080856497e-01
   outer loop
     vertex 6.7157111513e-01 8.8662195786e-02 -2.3852903842e-01
     vertex 8.0000000000e-01 0.0000000000e+00 0.0000000000e+00
     vertex 6.7157111513e-01 -1.0658141036e-17 -2.5970888487e-01
   endloop
 endfacet
 facet normal  8.9140305912e-01 -1.0530144933e-01 -4.4080856497e-01
   outer loop
     vertex 6.7157111513e-01 -1.0658141036e-17 -2.5970888487e-01
     vertex 8.0000000000e-01 0.0000000000e+00 0.0000000000e+00
     vertex 6.7157111513e-01 -8.8662195786e-02 -2.3852903842e-01
   endloop
 endfacet
 facet normal  8.8441263184e-01 -2.8330668655e-01 -3.7087951951e-01
   outer loop
     vertex 6.7157111513e-01 -8.8662195786e-02 -2.3852903842e-01
     vertex 8.0000000000e-01 0.0000000000e+00 0.0000000000e+00
     vertex 6.7157111513e-01 -1.6320571579e-01 -1.8158688728e-01
   endloop
 endfacet
 facet normal  8.7699949441e-01 -4.0831189395e-01 -2.5328498587e-01
   outer loop
     vertex 6.7157111513e-01 -1.6320571579e-01 -1.8158688728e-01
     vertex 8.0000000000e-01 0.0000000000e+00 0.0000000000e+00
     vertex 6.7157111513e-01 -2.1457359911e-01 -9.8778513711e-02
   endloop
 endfacet
 facet normal  8.7260230235e-01 -4.7951681720e-01 -9.2891571001e-02
   outer loop
     vertex 6.7157111513e-01 -2.1457359911e-01 -9.8778513711e-02
     vertex 8.0000000000e-01 0.0000000000e+00 0.0000000000e+00
     vertex 6.7157111513e-01 -2.3370888487e-01 -1.4210854715e-17
   endloop
 endfacet
 facet normal  8.7260230235e-01 -4.7951681720e-01 9.2891571001e-02
   outer loop
     vertex 6.7157111513e-01 -2.3370888487e-01 -1.4210854715e-17
     vertex 8.0000000000e-01 0.0000000000e+00 0.0000000000e+00
     vertex 6.7157111513e-01 -2.1457359911e-01 9.8778513711e-02
   endloop
 endfacet
 facet normal  8.7699949441e-01 -4.0831189395e-01 2.5328498587e-01
   outer loop
     vertex 6.7157111513e-01 -2.1457359911e-01 9.8778513711e-02
     vertex 8.0000000000e-01 0.0000000000e+00 0.0000000000e+00
     vertex 6.7157111513e-01 -1.6320571579e-01 1.8158688728e-01
   endloop
 endfacet
 facet normal  8.8441263184e-01 -2.8330668655e-01 3.7087951951e-01
   outer loop
     vertex 6.7157111513e-01 -1.6320571579e-01 1.8158688728e-01
     vertex 8.0000000000e-01 0.0000000000e+00 0.0000000000e+00
     vertex 6.7157111513e-01 -8.8662195786e-02 2.3852903842e-01
   endloop
 endfacet
 facet normal  8.9140305912e-01 -1.0530144933e-01 4.4080856497e-01
   outer loop
     vertex 6.7157111513e-01 -8.8662195786e-02 2.3852903842e-01
     vertex 8.0000000000e-01 0.0000000000e+00 0.0000000000e+00
     vertex 6.7157111513e-01 -1.1546319456e-17 2.5970888487e-01
   endloop
 endfacet
 facet normal  8.9140305912e-01 1.0530144933e-01 4.4080856497e-01
   outer loop
     vertex 6.7157111513e-01 -1.1546319456e-17 2.5970888487e-01
     vertex 8.0000000000e-01 0.0000000000e+00 0.0000000000e+00
     vertex 6.7157111513e-01 8.8662195786e-02 2.3852903842e-01
   endloop
 endfacet
 facet normal  8.8441263184e-01 2.8330668655e-01 3.7087951951e-01
   outer loop
     vertex 6.7157111513e-01 8.8662195786e-02 2.3852903842e-01
     vertex 8.0000000000e-01 0.0000000000e+00 0.0000000000e+00
     vertex 6.7157111513e-01 1.6320571579e-01 1.8158688728e-01
   endloop
 endfacet
 facet normal  8.7699949441e-01 4.0831189395e-01 2.5328498587e-01
   outer loop
     vertex 6.7157111513e-01 1.6320571579e-01 1.8158688728e-01
     vertex 8.0000000000e-01 0.0000000000e+00 0.0000000000e+00
     vertex 6.7157111513e-01 2.1457359911e-01 9.8778513711e-02
   endloop
 endfacet
 facet normal  8.7260230235e-01 4.7951681720e-01 9.2891571001e-02
   outer loop
     vertex 6.7157111513e-01 2.1457359911e-01 9.8778513711e-02
     vertex 8.0000000000e-01 0.0000000000e+00 0.0000000000e+00
     vertex 6.7157111513e-01 2.3370888487e-01 0.0000000000e+00
   endloop
 endfacet
 facet normal  1.1329381854e-01 9.8580542136e-02 -9.8865888323e-01
   outer loop
     vertex 6.3294117647e-01 0.0000000000e+00 0.0000000000e+00
     vertex 6.1651684149e-01 0.0000000000e+00 -1.8821209811e-03
     vertex 6.1700282131e-01 1.4942920471e-01 1.3073361412e-02
   endloop
 endfacet
 facet normal  1.1331149586e-01 9.8580284460e-02 -9.8865688306e-01
   outer loop
     vertex 6.1700282131e-01 1.4942920471e-01 1.3073361412e-02
     vertex 6.1651684149e-01 0.0000000000e+00 -1.8821209811e-03
     vertex 6.0156394642e-01 1.4945208260e-01 1.1306169245e-02
   endloop
 endfacet
 facet normal  1.0561756533e-01 9.7891668979e-02 -9.8957675349e-01
   outer loop
     vertex 6.1651684149e-01 0.0000000000e+00 -1.8821209811e-03
     vertex 5.8423577146e-01 0.0000000000e+00 -5.3274808387e-03
     vertex 6.0156394642e-01 1.4945208260e-01 1.1306169245e-02
   endloop
 endfacet
 facet normal  1.0563302366e-01 9.7889714546e-02 -9.8957529683e-01
   outer loop
     vertex 6.0156394642e-01 1.4945208260e-01 1.1306169245e-02
     vertex 5.8423577146e-01 0.0000000000e+00 -5.3274808387e-03
     vertex 5.7121974060e-01 1.4949396223e-01 8.0711949721e-03
   endloop
 endfacet
 facet normal  9.2448147299e-02 9.6868926389e-02 -9.9099432448e-01
   outer loop
     vertex 5.8423577146e-01 0.0000000000e+00 -5.3274808387e-03
     vertex 5.2917140549e-01 0.0000000000e+00 -1.0464340345e-02
     vertex 5.7121974060e-01 1.4949396223e-01 8.0711949721e-03
   endloop
 endfacet
 facet normal  9.2460335399e-02 9.6865399982e-02 -9.9099353210e-01
   outer loop
     vertex 5.7121974060e-01 1.4949396223e-01 8.0711949721e-03
     vertex 5.2917140549e-01 0.0000000000e+00 -1.0464340345e-02
     vertex 5.1945923658e-01 1.4955640267e-01 3.2480098668e-03
   endloop
 endfacet
 facet normal  6.9600676175e-02 9.5563678871e-02 -9.9298707401e-01
   outer loop
     vertex 5.2917140549e-01 0.0000000000e+00 -1.0464340345e-02
     vertex 4.5459996794e-01 0.0000000000e+00 -1.5691218531e-02
     vertex 5.1945923658e-01 1.4955640267e-01 3.2480098668e-03
   endloop
 endfacet
 facet normal  6.9608532792e-02 9.5560243755e-02 -9.9298685388e-01
   outer loop
     vertex 5.1945923658e-01 1.4955640267e-01 3.2480098668e-03
     vertex 4.5459996794e-01 0.0000000000e+00 -1.5691218531e-02
     vertex 4.4936208529e-01 1.4961993732e-01 -1.6596970666e-03
   endloop
 endfacet
 facet normal  2.6757224527e-02 9.4266474554e-02 -9.9518736061e-01
   outer loop
     vertex 4.5459996794e-01 0.0000000000e+00 -1.5691218531e-02
     vertex 3.7912664811e-01 1.4964435432e-01 -3.5457777507e-03
     vertex 4.4936208529e-01 1.4961993732e-01 -1.6596970666e-03
   endloop
 endfacet
 facet normal  2.6754726854e-02 9.4265229868e-02 -9.9518754566e-01
   outer loop
     vertex 4.5459996794e-01 0.0000000000e+00 -1.5691218531e-02
     vertex 3.7988141775e-01 0.0000000000e+00 -1.7699959909e-02
     vertex 3.7912664811e-01 1.4964435432e-01 -3.5457777507e-03
   endloop
 endfacet
 facet normal  -4.8940787044e-02 9.3807692122e-02 -9.9438670358e-01
   outer loop
     vertex 3.7988141775e-01 0.0000000000e+00 -1.7699959909e-02
     vertex 3.2722553883e-01 1.4961132541e-01 -9.9447375429e-04
     vertex 3.7912664811e-01 1.4964435432e-01 -3.5457777507e-03
   endloop
 endfacet
 facet normal  -4.8936456581e-02 9.3809223896e-02 -9.9438677220e-01
   outer loop
     vertex 3.7988141775e-01 0.0000000000e+00 -1.7699959909e-02
     vertex 3.2466747171e-01 0.0000000000e+00 -1.4982732620e-02
     vertex 3.2722553883e-01 1.4961132541e-01 -9.9447375429e-04
   endloop
 endfacet
 facet normal  -1.7966103010e-01 9.4621388823e-02 -9.7916735395e-01
   outer loop
     vertex 3.2466747171e-01 0.0000000000e+00 -1.4982732620e-02
     vertex 2.9725095054e-01 1.4954021401e-01 4.4984960928e-03
     vertex 3.2722553883e-01 1.4961132541e-01 -9.9447375429e-04
   endloop
 endfacet
 facet normal  -1.7964040397e-01 9.4625610249e-02 -9.7917073034e-01
   outer loop
     vertex 3.2466747171e-01 0.0000000000e+00 -1.4982732620e-02
     vertex 2.9277961182e-01 0.0000000000e+00 -9.1325291213e-03
     vertex 2.9725095054e-01 1.4954021401e-01 4.4984960928e-03
   endloop
 endfacet
 facet normal  -5.7911982632e-01 9.1161674282e-02 -8.1012948095e-01
   outer loop
     vertex 2.9277961182e-01 0.0000000000e+00 -9.1325291213e-03
     vertex 2.8523811542e-01 1.4942920471e-01 1.3073361412e-02
     vertex 2.9725095054e-01 1.4954021401e-01 4.4984960928e-03
   endloop
 endfacet
 facet normal  -5.7899472543e-01 9.1180952867e-02 -8.1021672518e-01
   outer loop
     vertex 2.9277961182e-01 0.0000000000e+00 -9.1325291213e-03
     vertex 2.8000000000e-01 0.0000000000e+00 0.0000000000e+00
     vertex 2.8523811542e-01 1.4942920471e-01 1.3073361412e-02
   endloop
 endfacet
 facet normal  -5.8066793824e-01 -5.0734797944e-02 8.1255813686e-01
   outer loop
     vertex 2.8000000000e-01 0.0000000000e+00 0.0000000000e+00
     vertex 2.9277961182e-01 0.0000000000e+00 9.1325291213e-03
     vertex 2.8523811542e-01 1.4942920471e-01 1.3073361412e-02
   endloop
 endfacet
 facet normal  -5.8054346423e-01 -5.0730867868e-02 8.1264731907e-01
   outer loop
     vertex 2.8523811542e-01 1.4942920471e-01 1.3073361412e-02
     vertex 2.9277961182e-01 0.0000000000e+00 9.1325291213e-03
     vertex 2.9725095054e-01 1.4931819542e-01 2.1648226732e-02
   endloop
 endfacet
 facet normal  -1.7991697581e-01 -7.6811822104e-02 9.8067824785e-01
   outer loop
     vertex 2.9277961182e-01 0.0000000000e+00 9.1325291213e-03
     vertex 3.2466747171e-01 0.0000000000e+00 1.4982732620e-02
     vertex 2.9725095054e-01 1.4931819542e-01 2.1648226732e-02
   endloop
 endfacet
 facet normal  -1.7989639167e-01 -7.6808223768e-02 9.8068230586e-01
   outer loop
     vertex 2.9725095054e-01 1.4931819542e-01 2.1648226732e-02
     vertex 3.2466747171e-01 0.0000000000e+00 1.4982732620e-02
     vertex 3.2722553883e-01 1.4924708402e-01 2.7141196579e-02
   endloop
 endfacet
 facet normal  -4.8994624584e-02 -8.0264584252e-02 9.9556874362e-01
   outer loop
     vertex 3.2466747171e-01 0.0000000000e+00 1.4982732620e-02
     vertex 3.7988141775e-01 0.0000000000e+00 1.7699959909e-02
     vertex 3.2722553883e-01 1.4924708402e-01 2.7141196579e-02
   endloop
 endfacet
 facet normal  -4.8990289533e-02 -8.0263075989e-02 9.9556907855e-01
   outer loop
     vertex 3.2722553883e-01 1.4924708402e-01 2.7141196579e-02
     vertex 3.7988141775e-01 0.0000000000e+00 1.7699959909e-02
     vertex 3.7912664811e-01 1.4921405511e-01 2.9692500575e-02
   endloop
 endfacet
 facet normal  2.6788367747e-02 -7.9949671531e-02 9.9643887589e-01
   outer loop
     vertex 3.7988141775e-01 0.0000000000e+00 1.7699959909e-02
     vertex 4.5459996794e-01 0.0000000000e+00 1.5691218531e-02
     vertex 3.7912664811e-01 1.4921405511e-01 2.9692500575e-02
   endloop
 endfacet
 facet normal  2.6785854689e-02 -7.9950939443e-02 9.9643884171e-01
   outer loop
     vertex 3.7912664811e-01 1.4921405511e-01 2.9692500575e-02
     vertex 4.5459996794e-01 0.0000000000e+00 1.5691218531e-02
     vertex 4.4936208529e-01 1.4923847211e-01 2.7806419891e-02
   endloop
 endfacet
 facet normal  6.9698221138e-02 -7.8286741398e-02 9.9449150026e-01
   outer loop
     vertex 4.5459996794e-01 0.0000000000e+00 1.5691218531e-02
     vertex 5.1945923658e-01 1.4930200676e-01 2.2898712958e-02
     vertex 4.4936208529e-01 1.4923847211e-01 2.7806419891e-02
   endloop
 endfacet
 facet normal  6.9706067624e-02 -7.8290110689e-02 9.9449068508e-01
   outer loop
     vertex 4.5459996794e-01 0.0000000000e+00 1.5691218531e-02
     vertex 5.2917140549e-01 0.0000000000e+00 1.0464340345e-02
     vertex 5.1945923658e-01 1.4930200676e-01 2.2898712958e-02
   endloop
 endfacet
 facet normal  9.2599471930e-02 -7.6655773612e-02 9.9274832167e-01
   outer loop
     vertex 5.2917140549e-01 0.0000000000e+00 1.0464340345e-02
     vertex 5.7121974060e-01 1.4936444720e-01 1.8075527852e-02
     vertex 5.1945923658e-01 1.4930200676e-01 2.2898712958e-02
   endloop
 endfacet
 facet normal  9.2611644563e-02 -7.6659129326e-02 9.9274692706e-01
   outer loop
     vertex 5.2917140549e-01 0.0000000000e+00 1.0464340345e-02
     vertex 5.8423577146e-01 0.0000000000e+00 5.3274808387e-03
     vertex 5.7121974060e-01 1.4936444720e-01 1.8075527852e-02
   endloop
 endfacet
 facet normal  1.0580966646e-01 -7.5404582734e-02 9.9152330451e-01
   outer loop
     vertex 5.8423577146e-01 0.0000000000e+00 5.3274808387e-03
     vertex 6.0156394642e-01 1.4940632683e-01 1.4840553579e-02
     vertex 5.7121974060e-01 1.4936444720e-01 1.8075527852e-02
   endloop
 endfacet
 facet normal  1.0582513101e-01 -7.5406263093e-02 9.9152152631e-01
   outer loop
     vertex 5.8423577146e-01 0.0000000000e+00 5.3274808387e-03
     vertex 6.1651684149e-01 0.0000000000e+00 1.8821209811e-03
     vertex 6.0156394642e-01 1.4940632683e-01 1.4840553579e-02
   endloop
 endfacet
 facet normal  1.1351368776e-01 -7.4568486224e-02 9.9073416392e-01
   outer loop
     vertex 6.1651684149e-01 0.0000000000e+00 1.8821209811e-03
     vertex 6.1700282131e-01 1.4942920471e-01 1.3073361412e-02
     vertex 6.0156394642e-01 1.4940632683e-01 1.4840553579e-02
   endloop
 endfacet
 facet normal  1.1353140031e-01 -7.4568392357e-02 9.9073214140e-01
   outer loop
     vertex 6.1651684149e-01 0.0000000000e+00 1.8821209811e-03
     vertex 6.3294117647e-01 0.0000000000e+00 0.0000000000e+00
     vertex 6.1700282131e-01 1.4942920471e-01 1.3073361412e-02
   endloop
 endfacet
 facet normal  1.1331147675e-01 9.8582233783e-02 -9.8865669088e-01
   outer loop
     vertex 6.1700282131e-01 1.4942920471e-01 1.3073361412e-02
     vertex 6.0156394642e-01 1.4945208260e-01 1.1306169245e-02
     vertex 6.0106446614e-01 2.9885840943e-01 2.6146722824e-02
   endloop
 endfacet
 facet normal  1.1333156647e-01 9.8582073800e-02 -9.8865440411e-01
   outer loop
     vertex 6.0106446614e-01 2.9885840943e-01 2.6146722824e-02
     vertex 6.0156394642e-01 1.4945208260e-01 1.1306169245e-02
     vertex 5.8661105136e-01 2.9890416519e-01 2.4494459471e-02
   endloop
 endfacet
 facet normal  1.0563299338e-01 9.7893055160e-02 -9.8957496960e-01
   outer loop
     vertex 6.0156394642e-01 1.4945208260e-01 1.1306169245e-02
     vertex 5.7121974060e-01 1.4949396223e-01 8.0711949721e-03
     vertex 5.8661105136e-01 2.9890416519e-01 2.4494459471e-02
   endloop
 endfacet
 facet normal  1.0565055710e-01 9.7891061432e-02 -9.8957329182e-01
   outer loop
     vertex 5.8661105136e-01 2.9890416519e-01 2.4494459471e-02
     vertex 5.7121974060e-01 1.4949396223e-01 8.0711949721e-03
     vertex 5.5820370973e-01 2.9898792446e-01 2.1469870783e-02
   endloop
 endfacet
 facet normal  9.2460300345e-02 9.6869874595e-02 -9.9099309799e-01
   outer loop
     vertex 5.7121974060e-01 1.4949396223e-01 8.0711949721e-03
     vertex 5.1945923658e-01 1.4955640267e-01 3.2480098668e-03
     vertex 5.5820370973e-01 2.9898792446e-01 2.1469870783e-02
   endloop
 endfacet
 facet normal  9.2474144571e-02 9.6866171693e-02 -9.9099216817e-01
   outer loop
     vertex 5.5820370973e-01 2.9898792446e-01 2.1469870783e-02
     vertex 5.1945923658e-01 1.4955640267e-01 3.2480098668e-03
     vertex 5.0974706767e-01 2.9911280534e-01 1.6960360079e-02
   endloop
 endfacet
 facet normal  6.9608510221e-02 9.5564133255e-02 -9.9298648115e-01
   outer loop
     vertex 5.1945923658e-01 1.4955640267e-01 3.2480098668e-03
     vertex 4.4936208529e-01 1.4961993732e-01 -1.6596970666e-03
     vertex 5.0974706767e-01 2.9911280534e-01 1.6960360079e-02
   endloop
 endfacet
 facet normal  6.9617433467e-02 9.5560494568e-02 -9.9298620576e-01
   outer loop
     vertex 5.0974706767e-01 2.9911280534e-01 1.6960360079e-02
     vertex 4.4936208529e-01 1.4961993732e-01 -1.6596970666e-03
     vertex 4.4412420264e-01 2.9923987464e-01 1.2371824398e-02
   endloop
 endfacet
 facet normal  2.6760066233e-02 9.4266566057e-02 -9.9518727553e-01
   outer loop
     vertex 4.4936208529e-01 1.4961993732e-01 -1.6596970666e-03
     vertex 3.7837187847e-01 2.9928870864e-01 1.0608404407e-02
     vertex 4.4412420264e-01 2.9923987464e-01 1.2371824398e-02
   endloop
 endfacet
 facet normal  2.6757227245e-02 9.4265236065e-02 -9.9518747785e-01
   outer loop
     vertex 4.4936208529e-01 1.4961993732e-01 -1.6596970666e-03
     vertex 3.7912664811e-01 1.4964435432e-01 -3.5457777507e-03
     vertex 3.7837187847e-01 2.9928870864e-01 1.0608404407e-02
   endloop
 endfacet
 facet normal  -4.8945700146e-02 9.3807644891e-02 -9.9438646622e-01
   outer loop
     vertex 3.7912664811e-01 1.4964435432e-01 -3.5457777507e-03
     vertex 3.2978360595e-01 2.9922265082e-01 1.2993785111e-02
     vertex 3.7837187847e-01 2.9928870864e-01 1.0608404407e-02
   endloop
 endfacet
 facet normal  -4.8940780717e-02 9.3809277461e-02 -9.9438655434e-01
   outer loop
     vertex 3.7912664811e-01 1.4964435432e-01 -3.5457777507e-03
     vertex 3.2722553883e-01 1.4961132541e-01 -9.9447375429e-04
     vertex 3.2978360595e-01 2.9922265082e-01 1.2993785111e-02
   endloop
 endfacet
 facet normal  -1.7968438837e-01 9.4621387474e-02 -9.7916306794e-01
   outer loop
     vertex 3.2722553883e-01 1.4961132541e-01 -9.9447375429e-04
     vertex 3.0172228925e-01 2.9908042801e-01 1.8129521307e-02
     vertex 3.2978360595e-01 2.9922265082e-01 1.2993785111e-02
   endloop
 endfacet
 facet normal  -1.7966096348e-01 9.4625878786e-02 -9.7916693228e-01
   outer loop
     vertex 3.2722553883e-01 1.4961132541e-01 -9.9447375429e-04
     vertex 2.9725095054e-01 1.4954021401e-01 4.4984960928e-03
     vertex 3.0172228925e-01 2.9908042801e-01 1.8129521307e-02
   endloop
 endfacet
 facet normal  -5.7926111673e-01 9.1156741297e-02 -8.1002901625e-01
   outer loop
     vertex 2.9725095054e-01 1.4954021401e-01 4.4984960928e-03
     vertex 2.9047623085e-01 2.9885840943e-01 2.6146722824e-02
     vertex 3.0172228925e-01 2.9908042801e-01 1.8129521307e-02
   endloop
 endfacet
 facet normal  -5.7911907812e-01 9.1177569360e-02 -8.1012822701e-01
   outer loop
     vertex 2.9725095054e-01 1.4954021401e-01 4.4984960928e-03
     vertex 2.8523811542e-01 1.4942920471e-01 1.3073361412e-02
     vertex 2.9047623085e-01 2.9885840943e-01 2.6146722824e-02
   endloop
 endfacet
 facet normal  -5.8054308884e-01 -5.0746912685e-02 8.1264658546e-01
   outer loop
     vertex 2.8523811542e-01 1.4942920471e-01 1.3073361412e-02
     vertex 2.9725095054e-01 1.4931819542e-01 2.1648226732e-02
     vertex 2.9047623085e-01 2.9885840943e-01 2.6146722824e-02
   endloop
 endfacet
 facet normal  -5.8040154420e-01 -5.0743547788e-02 8.1274789440e-01
   outer loop
     vertex 2.9047623085e-01 2.9885840943e-01 2.6146722824e-02
     vertex 2.9725095054e-01 1.4931819542e-01 2.1648226732e-02
     vertex 3.0172228925e-01 2.9863639084e-01 3.4163924342e-02
   endloop
 endfacet
 facet normal  -1.7989633919e-01 -7.6812751291e-02 9.8068196088e-01
   outer loop
     vertex 2.9725095054e-01 1.4931819542e-01 2.1648226732e-02
     vertex 3.2722553883e-01 1.4924708402e-01 2.7141196579e-02
     vertex 3.0172228925e-01 2.9863639084e-01 3.4163924342e-02
   endloop
 endfacet
 facet normal  -1.7987293510e-01 -7.6808971550e-02 9.8068654988e-01
   outer loop
     vertex 3.0172228925e-01 2.9863639084e-01 3.4163924342e-02
     vertex 3.2722553883e-01 1.4924708402e-01 2.7141196579e-02
     vertex 3.2978360595e-01 2.9849416804e-01 3.9299660537e-02
   endloop
 endfacet
 facet normal  -4.8990284225e-02 -8.0264675446e-02 9.9556894986e-01
   outer loop
     vertex 3.2722553883e-01 1.4924708402e-01 2.7141196579e-02
     vertex 3.7912664811e-01 1.4921405511e-01 2.9692500575e-02
     vertex 3.2978360595e-01 2.9849416804e-01 3.9299660537e-02
   endloop
 endfacet
 facet normal  -4.8985356539e-02 -8.0263070580e-02 9.9556932172e-01
   outer loop
     vertex 3.2978360595e-01 2.9849416804e-01 3.9299660537e-02
     vertex 3.7912664811e-01 1.4921405511e-01 2.9692500575e-02
     vertex 3.7837187847e-01 2.9842811022e-01 4.1685041241e-02
   endloop
 endfacet
 facet normal  2.6785856946e-02 -7.9949689540e-02 9.9643894194e-01
   outer loop
     vertex 3.7912664811e-01 1.4921405511e-01 2.9692500575e-02
     vertex 4.4936208529e-01 1.4923847211e-01 2.7806419891e-02
     vertex 3.7837187847e-01 2.9842811022e-01 4.1685041241e-02
   endloop
 endfacet
 facet normal  2.6783001893e-02 -7.9951045106e-02 9.9643890992e-01
   outer loop
     vertex 3.7837187847e-01 2.9842811022e-01 4.1685041241e-02
     vertex 4.4936208529e-01 1.4923847211e-01 2.7806419891e-02
     vertex 4.4412420264e-01 2.9847694422e-01 3.9921621250e-02
   endloop
 endfacet
 facet normal  6.9689282255e-02 -7.8287103669e-02 9.9449209818e-01
   outer loop
     vertex 4.4936208529e-01 1.4923847211e-01 2.7806419891e-02
     vertex 5.0974706767e-01 2.9860401352e-01 3.5333085570e-02
     vertex 4.4412420264e-01 2.9847694422e-01 3.9921621250e-02
   endloop
 endfacet
 facet normal  6.9698203159e-02 -7.8290664552e-02 9.9449119268e-01
   outer loop
     vertex 4.4936208529e-01 1.4923847211e-01 2.7806419891e-02
     vertex 5.1945923658e-01 1.4930200676e-01 2.2898712958e-02
     vertex 5.0974706767e-01 2.9860401352e-01 3.5333085570e-02
   endloop
 endfacet
 facet normal  9.2585607270e-02 -7.6656776761e-02 9.9274953735e-01
   outer loop
     vertex 5.1945923658e-01 1.4930200676e-01 2.2898712958e-02
     vertex 5.5820370973e-01 2.9872889440e-01 3.0823574866e-02
     vertex 5.0974706767e-01 2.9860401352e-01 3.5333085570e-02
   endloop
 endfacet
 facet normal  9.2599445162e-02 -7.6660281945e-02 9.9274797604e-01
   outer loop
     vertex 5.1945923658e-01 1.4930200676e-01 2.2898712958e-02
     vertex 5.7121974060e-01 1.4936444720e-01 1.8075527852e-02
     vertex 5.5820370973e-01 2.9872889440e-01 3.0823574866e-02
   endloop
 endfacet
 facet normal  1.0579206872e-01 -7.5406265593e-02 9.9152505430e-01
   outer loop
     vertex 5.7121974060e-01 1.4936444720e-01 1.8075527852e-02
     vertex 5.8661105136e-01 2.9881265366e-01 2.7798986177e-02
     vertex 5.5820370973e-01 2.9872889440e-01 3.0823574866e-02
   endloop
 endfacet
 facet normal  1.0580964410e-01 -7.5407945311e-02 9.9152305117e-01
   outer loop
     vertex 5.7121974060e-01 1.4936444720e-01 1.8075527852e-02
     vertex 6.0156394642e-01 1.4940632683e-01 1.4840553579e-02
     vertex 5.8661105136e-01 2.9881265366e-01 2.7798986177e-02
   endloop
 endfacet
 facet normal  1.1349354826e-01 -7.4570687572e-02 9.9073630551e-01
   outer loop
     vertex 6.0156394642e-01 1.4940632683e-01 1.4840553579e-02
     vertex 6.0106446614e-01 2.9885840943e-01 2.6146722824e-02
     vertex 5.8661105136e-01 2.9881265366e-01 2.7798986177e-02
   endloop
 endfacet
 facet normal  1.1351367395e-01 -7.4570447251e-02 9.9073401790e-01
   outer loop
     vertex 6.0156394642e-01 1.4940632683e-01 1.4840553579e-02
     vertex 6.1700282131e-01 1.4942920471e-01 1.3073361412e-02
     vertex 6.0106446614e-01 2.9885840943e-01 2.6146722824e-02
   endloop
 endfacet
 facet normal  1.1333154954e-01 9.8584156711e-02 -9.8865419835e-01
   outer loop
     vertex 6.0106446614e-01 2.9885840943e-01 2.6146722824e-02
     vertex 5.8661105136e-01 2.9890416519e-01 2.4494459471e-02
     vertex 5.8512611098e-01 4.4828761414e-01 3.9220084236e-02
   endloop
 endfacet
 facet normal  1.1335458238e-01 9.8584125675e-02 -9.8865156087e-01
   outer loop
     vertex 5.8512611098e-01 4.4828761414e-01 3.9220084236e-02
     vertex 5.8661105136e-01 2.9890416519e-01 2.4494459471e-02
     vertex 5.7165815629e-01 4.4835624779e-01 3.7682749698e-02
   endloop
 endfacet
 facet normal  1.0565053033e-01 9.7894630796e-02 -9.8957294158e-01
   outer loop
     vertex 5.8661105136e-01 2.9890416519e-01 2.4494459471e-02
     vertex 5.5820370973e-01 2.9898792446e-01 2.1469870783e-02
     vertex 5.7165815629e-01 4.4835624779e-01 3.7682749698e-02
   endloop
 endfacet
 facet normal  1.0567066218e-01 9.7892605831e-02 -9.8957099234e-01
   outer loop
     vertex 5.7165815629e-01 4.4835624779e-01 3.7682749698e-02
     vertex 5.5820370973e-01 2.9898792446e-01 2.1469870783e-02
     vertex 5.4518767887e-01 4.4848188668e-01 3.4868546594e-02
   endloop
 endfacet
 facet normal  9.2474113671e-02 9.6870952322e-02 -9.9099170375e-01
   outer loop
     vertex 5.5820370973e-01 2.9898792446e-01 2.1469870783e-02
     vertex 5.0974706767e-01 2.9911280534e-01 1.6960360079e-02
     vertex 5.4518767887e-01 4.4848188668e-01 3.4868546594e-02
   endloop
 endfacet
 facet normal  9.2489977554e-02 9.6867056480e-02 -9.9099060410e-01
   outer loop
     vertex 5.4518767887e-01 4.4848188668e-01 3.4868546594e-02
     vertex 5.0974706767e-01 2.9911280534e-01 1.6960360079e-02
     vertex 5.0003489877e-01 4.4866920800e-01 3.0672710291e-02
   endloop
 endfacet
 facet normal  6.9617413649e-02 9.5564649657e-02 -9.9298580728e-01
   outer loop
     vertex 5.0974706767e-01 2.9911280534e-01 1.6960360079e-02
     vertex 4.4412420264e-01 2.9923987464e-01 1.2371824398e-02
     vertex 5.0003489877e-01 4.4866920800e-01 3.0672710291e-02
   endloop
 endfacet
 facet normal  6.9627637448e-02 9.5560782098e-02 -9.9298546265e-01
   outer loop
     vertex 5.0003489877e-01 4.4866920800e-01 3.0672710291e-02
     vertex 4.4412420264e-01 2.9923987464e-01 1.2371824398e-02
     vertex 4.3888631998e-01 4.4885981196e-01 2.6403345863e-02
   endloop
 endfacet
 facet normal  2.6763323893e-02 9.4266670954e-02 -9.9518717799e-01
   outer loop
     vertex 4.4412420264e-01 2.9923987464e-01 1.2371824398e-02
     vertex 3.7761710883e-01 4.4893306296e-01 2.4762586565e-02
     vertex 4.3888631998e-01 4.4885981196e-01 2.6403345863e-02
   endloop
 endfacet
 facet normal  2.6760068609e-02 9.4265243107e-02 -9.9518740078e-01
   outer loop
     vertex 4.4412420264e-01 2.9923987464e-01 1.2371824398e-02
     vertex 3.7837187847e-01 2.9928870864e-01 1.0608404407e-02
     vertex 3.7761710883e-01 4.4893306296e-01 2.4762586565e-02
   endloop
 endfacet
 facet normal  -4.8951332189e-02 9.3807590745e-02 -9.9438619409e-01
   outer loop
     vertex 3.7837187847e-01 2.9928870864e-01 1.0608404407e-02
     vertex 3.3234167307e-01 4.4883397623e-01 2.6982043977e-02
     vertex 3.7761710883e-01 4.4893306296e-01 2.4762586565e-02
   endloop
 endfacet
 facet normal  -4.8945694618e-02 9.3809338329e-02 -9.9438630673e-01
   outer loop
     vertex 3.7837187847e-01 2.9928870864e-01 1.0608404407e-02
     vertex 3.2978360595e-01 2.9922265082e-01 1.2993785111e-02
     vertex 3.3234167307e-01 4.4883397623e-01 2.6982043977e-02
   endloop
 endfacet
 facet normal  -1.7971116719e-01 9.4621385861e-02 -9.7915815358e-01
   outer loop
     vertex 3.2978360595e-01 2.9922265082e-01 1.2993785111e-02
     vertex 3.0619362796e-01 4.4862064202e-01 3.1760546521e-02
     vertex 3.3234167307e-01 4.4883397623e-01 2.6982043977e-02
   endloop
 endfacet
 facet normal  -1.7968432981e-01 9.4626183935e-02 -9.7916261516e-01
   outer loop
     vertex 3.2978360595e-01 2.9922265082e-01 1.2993785111e-02
     vertex 3.0172228925e-01 2.9908042801e-01 1.8129521307e-02
     vertex 3.0619362796e-01 4.4862064202e-01 3.1760546521e-02
   endloop
 endfacet
 facet normal  -5.7942312844e-01 9.1151080728e-02 -8.0991377239e-01
   outer loop
     vertex 3.0172228925e-01 2.9908042801e-01 1.8129521307e-02
     vertex 2.9571434627e-01 4.4828761414e-01 3.9220084236e-02
     vertex 3.0619362796e-01 4.4862064202e-01 3.1760546521e-02
   endloop
 endfacet
 facet normal  -5.7926043646e-01 9.1173720120e-02 -8.1002759182e-01
   outer loop
     vertex 3.0172228925e-01 2.9908042801e-01 1.8129521307e-02
     vertex 2.9047623085e-01 2.9885840943e-01 2.6146722824e-02
     vertex 2.9571434627e-01 4.4828761414e-01 3.9220084236e-02
   endloop
 endfacet
 facet normal  -5.8040126308e-01 -5.0760671664e-02 8.1274702585e-01
   outer loop
     vertex 2.9047623085e-01 2.9885840943e-01 2.6146722824e-02
     vertex 3.0172228925e-01 2.9863639084e-01 3.4163924342e-02
     vertex 2.9571434627e-01 4.4828761414e-01 3.9220084236e-02
   endloop
 endfacet
 facet normal  -5.8023890021e-01 -5.0758075466e-02 8.1286311053e-01
   outer loop
     vertex 2.9571434627e-01 4.4828761414e-01 3.9220084236e-02
     vertex 3.0172228925e-01 2.9863639084e-01 3.4163924342e-02
     vertex 3.0619362796e-01 4.4795458626e-01 4.6679621952e-02
   endloop
 endfacet
 facet normal  -1.7987289175e-01 -7.6813806992e-02 9.8068617910e-01
   outer loop
     vertex 3.0172228925e-01 2.9863639084e-01 3.4163924342e-02
     vertex 3.2978360595e-01 2.9849416804e-01 3.9299660537e-02
     vertex 3.0619362796e-01 4.4795458626e-01 4.6679621952e-02
   endloop
 endfacet
 facet normal  -1.7984604816e-01 -7.6809828631e-02 9.8069141384e-01
   outer loop
     vertex 3.0619362796e-01 4.4795458626e-01 4.6679621952e-02
     vertex 3.2978360595e-01 2.9849416804e-01 3.9299660537e-02
     vertex 3.3234167307e-01 4.4774125206e-01 5.1458124496e-02
   endloop
 endfacet
 facet normal  -4.8985352110e-02 -8.0264779072e-02 9.9556918420e-01
   outer loop
     vertex 3.2978360595e-01 2.9849416804e-01 3.9299660537e-02
     vertex 3.7837187847e-01 2.9842811022e-01 4.1685041241e-02
     vertex 3.3234167307e-01 4.4774125206e-01 5.1458124496e-02
   endloop
 endfacet
 facet normal  -4.8979701594e-02 -8.0263064377e-02 9.9556960044e-01
   outer loop
     vertex 3.3234167307e-01 4.4774125206e-01 5.1458124496e-02
     vertex 3.7837187847e-01 2.9842811022e-01 4.1685041241e-02
     vertex 3.7761710883e-01 4.4764216533e-01 5.3677581907e-02
   endloop
 endfacet
 facet normal  2.6783003773e-02 -7.9949710004e-02 9.9643901699e-01
   outer loop
     vertex 3.7837187847e-01 2.9842811022e-01 4.1685041241e-02
     vertex 4.4412420264e-01 2.9847694422e-01 3.9921621250e-02
     vertex 3.7761710883e-01 4.4764216533e-01 5.3677581907e-02
   endloop
 endfacet
 facet normal  2.6779731710e-02 -7.9951166227e-02 9.9643898809e-01
   outer loop
     vertex 3.7761710883e-01 4.4764216533e-01 5.3677581907e-02
     vertex 4.4412420264e-01 2.9847694422e-01 3.9921621250e-02
     vertex 4.3888631998e-01 4.4771541633e-01 5.2036822610e-02
   endloop
 endfacet
 facet normal  6.9679036019e-02 -7.8287518915e-02 9.9449278344e-01
   outer loop
     vertex 4.4412420264e-01 2.9847694422e-01 3.9921621250e-02
     vertex 5.0003489877e-01 4.4790602028e-01 4.7767458182e-02
     vertex 4.3888631998e-01 4.4771541633e-01 5.2036822610e-02
   endloop
 endfacet
 facet normal  6.9689267377e-02 -7.8291293856e-02 9.9449176936e-01
   outer loop
     vertex 4.4412420264e-01 2.9847694422e-01 3.9921621250e-02
     vertex 5.0974706767e-01 2.9860401352e-01 3.5333085570e-02
     vertex 5.0003489877e-01 4.4790602028e-01 4.7767458182e-02
   endloop
 endfacet
 facet normal  9.2569716612e-02 -7.6657926477e-02 9.9275093043e-01
   outer loop
     vertex 5.0974706767e-01 2.9860401352e-01 3.5333085570e-02
     vertex 5.4518767887e-01 4.4809334160e-01 4.3571621879e-02
     vertex 5.0003489877e-01 4.4790602028e-01 4.7767458182e-02
   endloop
 endfacet
 facet normal  9.2585585269e-02 -7.6661591434e-02 9.9274916761e-01
   outer loop
     vertex 5.0974706767e-01 2.9860401352e-01 3.5333085570e-02
     vertex 5.5820370973e-01 2.9872889440e-01 3.0823574866e-02
     vertex 5.4518767887e-01 4.4809334160e-01 4.3571621879e-02
   endloop
 endfacet
 facet normal  1.0577190148e-01 -7.5408194136e-02 9.9152705919e-01
   outer loop
     vertex 5.5820370973e-01 2.9872889440e-01 3.0823574866e-02
     vertex 5.7165815629e-01 4.4821898050e-01 4.0757418775e-02
     vertex 5.4518767887e-01 4.4809334160e-01 4.3571621879e-02
   endloop
 endfacet
 facet normal  1.0579205043e-01 -7.5409856342e-02 9.9152478317e-01
   outer loop
     vertex 5.5820370973e-01 2.9872889440e-01 3.0823574866e-02
     vertex 5.8661105136e-01 2.9881265366e-01 2.7798986177e-02
     vertex 5.7165815629e-01 4.4821898050e-01 4.0757418775e-02
   endloop
 endfacet
 facet normal  1.1347046971e-01 -7.4573210131e-02 9.9073875913e-01
   outer loop
     vertex 5.8661105136e-01 2.9881265366e-01 2.7798986177e-02
     vertex 5.8512611098e-01 4.4828761414e-01 3.9220084236e-02
     vertex 5.7165815629e-01 4.4821898050e-01 4.0757418775e-02
   endloop
 endfacet
 facet normal  1.1349353702e-01 -7.4572781551e-02 9.9073614919e-01
   outer loop
     vertex 5.8661105136e-01 2.9881265366e-01 2.7798986177e-02
     vertex 6.0106446614e-01 2.9885840943e-01 2.6146722824e-02
     vertex 5.8512611098e-01 4.4828761414e-01 3.9220084236e-02
   endloop
 endfacet
 facet normal  1.1335456851e-01 9.8586361831e-02 -9.8865133948e-01
   outer loop
     vertex 5.8512611098e-01 4.4828761414e-01 3.9220084236e-02
     vertex 5.7165815629e-01 4.4835624779e-01 3.7682749698e-02
     vertex 5.6918775581e-01 5.9771681886e-01 5.2293445649e-02
   endloop
 endfacet
 facet normal  1.1338124326e-01 9.8586502441e-02 -9.8864826668e-01
   outer loop
     vertex 5.6918775581e-01 5.9771681886e-01 5.2293445649e-02
     vertex 5.7165815629e-01 4.4835624779e-01 3.7682749698e-02
     vertex 5.5670526122e-01 5.9780833038e-01 5.0871039924e-02
   endloop
 endfacet
 facet normal  1.0567064031e-01 9.7896437575e-02 -9.8957061561e-01
   outer loop
     vertex 5.7165815629e-01 4.4835624779e-01 3.7682749698e-02
     vertex 5.4518767887e-01 4.4848188668e-01 3.4868546594e-02
     vertex 5.5670526122e-01 5.9780833038e-01 5.0871039924e-02
   endloop
 endfacet
 facet normal  1.0569394944e-01 9.7894394628e-02 -9.8956832839e-01
   outer loop
     vertex 5.5670526122e-01 5.9780833038e-01 5.0871039924e-02
     vertex 5.4518767887e-01 4.4848188668e-01 3.4868546594e-02
     vertex 5.3217164801e-01 5.9797584891e-01 4.8267222405e-02
   endloop
 endfacet
 facet normal  9.2489952448e-02 9.6872188055e-02 -9.9099010483e-01
   outer loop
     vertex 5.4518767887e-01 4.4848188668e-01 3.4868546594e-02
     vertex 5.0003489877e-01 4.4866920800e-01 3.0672710291e-02
     vertex 5.3217164801e-01 5.9797584891e-01 4.8267222405e-02
   endloop
 endfacet
 facet normal  9.2508314428e-02 9.6868081162e-02 -9.9098879238e-01
   outer loop
     vertex 5.3217164801e-01 5.9797584891e-01 4.8267222405e-02
     vertex 5.0003489877e-01 4.4866920800e-01 3.0672710291e-02
     vertex 4.9032272986e-01 5.9822561067e-01 4.4385060502e-02
   endloop
 endfacet
 facet normal  6.9627621462e-02 9.5565241705e-02 -9.9298503458e-01
   outer loop
     vertex 5.0003489877e-01 4.4866920800e-01 3.0672710291e-02
     vertex 4.3888631998e-01 4.4885981196e-01 2.6403345863e-02
     vertex 4.9032272986e-01 5.9822561067e-01 4.4385060502e-02
   endloop
 endfacet
 facet normal  6.9639453611e-02 9.5561115044e-02 -9.9298460199e-01
   outer loop
     vertex 4.9032272986e-01 5.9822561067e-01 4.4385060502e-02
     vertex 4.3888631998e-01 4.4885981196e-01 2.6403345863e-02
     vertex 4.3364843733e-01 5.9847974928e-01 4.0434867328e-02
   endloop
 endfacet
 facet normal  2.6767096049e-02 9.4266792416e-02 -9.9518706504e-01
   outer loop
     vertex 4.3888631998e-01 4.4885981196e-01 2.6403345863e-02
     vertex 3.7686233919e-01 5.9857741727e-01 3.8916768723e-02
     vertex 4.3364843733e-01 5.9847974928e-01 4.0434867328e-02
   endloop
 endfacet
 facet normal  2.6763325796e-02 9.4265251178e-02 -9.9518731243e-01
   outer loop
     vertex 4.3888631998e-01 4.4885981196e-01 2.6403345863e-02
     vertex 3.7761710883e-01 4.4893306296e-01 2.4762586565e-02
     vertex 3.7686233919e-01 5.9857741727e-01 3.8916768723e-02
   endloop
 endfacet
 facet normal  -4.8957853437e-02 9.3807528046e-02 -9.9438587896e-01
   outer loop
     vertex 3.7761710883e-01 4.4893306296e-01 2.4762586565e-02
     vertex 3.3489974020e-01 5.9844530164e-01 4.0970302842e-02
     vertex 3.7686233919e-01 5.9857741727e-01 3.8916768723e-02
   endloop
 endfacet
 facet normal  -4.8951327772e-02 9.3809408103e-02 -9.9438602286e-01
   outer loop
     vertex 3.7761710883e-01 4.4893306296e-01 2.4762586565e-02
     vertex 3.3234167307e-01 4.4883397623e-01 2.6982043977e-02
     vertex 3.3489974020e-01 5.9844530164e-01 4.0970302842e-02
   endloop
 endfacet
 facet normal  -1.7974217728e-01 9.4621383906e-02 -9.7915246178e-01
   outer loop
     vertex 3.3234167307e-01 4.4883397623e-01 2.6982043977e-02
     vertex 3.1066496668e-01 5.9816085603e-01 4.5391571735e-02
     vertex 3.3489974020e-01 5.9844530164e-01 4.0970302842e-02
   endloop
 endfacet
 facet normal  -1.7971111986e-01 9.4626533732e-02 -9.7915766479e-01
   outer loop
     vertex 3.3234167307e-01 4.4883397623e-01 2.6982043977e-02
     vertex 3.0619362796e-01 4.4862064202e-01 3.1760546521e-02
     vertex 3.1066496668e-01 5.9816085603e-01 4.5391571735e-02
   endloop
 endfacet
 facet normal  -5.7961078054e-01 9.1144518794e-02 -8.0978022931e-01
   outer loop
     vertex 3.0619362796e-01 4.4862064202e-01 3.1760546521e-02
     vertex 3.0095246170e-01 5.9771681886e-01 5.2293445649e-02
     vertex 3.1066496668e-01 5.9816085603e-01 4.5391571735e-02
   endloop
 endfacet
 facet normal  -5.7942254482e-01 9.1169301882e-02 -8.0991213903e-01
   outer loop
     vertex 3.0619362796e-01 4.4862064202e-01 3.1760546521e-02
     vertex 2.9571434627e-01 4.4828761414e-01 3.9220084236e-02
     vertex 3.0095246170e-01 5.9771681886e-01 5.2293445649e-02
   endloop
 endfacet
 facet normal  -5.8023874588e-01 -5.0776433986e-02 8.1286207411e-01
   outer loop
     vertex 2.9571434627e-01 4.4828761414e-01 3.9220084236e-02
     vertex 3.0619362796e-01 4.4795458626e-01 4.6679621952e-02
     vertex 3.0095246170e-01 5.9771681886e-01 5.2293445649e-02
   endloop
 endfacet
 facet normal  -5.8005063542e-01 -5.0774886529e-02 8.1299641528e-01
   outer loop
     vertex 3.0095246170e-01 5.9771681886e-01 5.2293445649e-02
     vertex 3.0619362796e-01 4.4795458626e-01 4.6679621952e-02
     vertex 3.1066496668e-01 5.9727278168e-01 5.9195319562e-02
   endloop
 endfacet
 facet normal  -1.7984601726e-01 -7.6815016934e-02 9.8069101314e-01
   outer loop
     vertex 3.0619362796e-01 4.4795458626e-01 4.6679621952e-02
     vertex 3.3234167307e-01 4.4774125206e-01 5.1458124496e-02
     vertex 3.1066496668e-01 5.9727278168e-01 5.9195319562e-02
   endloop
 endfacet
 facet normal  -1.7981491896e-01 -7.6810820868e-02 9.8069704431e-01
   outer loop
     vertex 3.1066496668e-01 5.9727278168e-01 5.9195319562e-02
     vertex 3.3234167307e-01 4.4774125206e-01 5.1458124496e-02
     vertex 3.3489974020e-01 5.9698833607e-01 6.3616588455e-02
   endloop
 endfacet
 facet normal  -4.8979698368e-02 -8.0264897856e-02 9.9556945279e-01
   outer loop
     vertex 3.3234167307e-01 4.4774125206e-01 5.1458124496e-02
     vertex 3.7761710883e-01 4.4764216533e-01 5.3677581907e-02
     vertex 3.3489974020e-01 5.9698833607e-01 6.3616588455e-02
   endloop
 endfacet
 facet normal  -4.8973153698e-02 -8.0263057192e-02 9.9556992314e-01
   outer loop
     vertex 3.3489974020e-01 5.9698833607e-01 6.3616588455e-02
     vertex 3.7761710883e-01 4.4764216533e-01 5.3677581907e-02
     vertex 3.7686233919e-01 5.9685622044e-01 6.5670122574e-02
   endloop
 endfacet
 facet normal  2.6779733075e-02 -7.9949733462e-02 9.9643910301e-01
   outer loop
     vertex 3.7761710883e-01 4.4764216533e-01 5.3677581907e-02
     vertex 4.3888631998e-01 4.4771541633e-01 5.2036822610e-02
     vertex 3.7686233919e-01 5.9685622044e-01 6.5670122574e-02
   endloop
 endfacet
 facet normal  2.6775945313e-02 -7.9951306467e-02 9.9643907859e-01
   outer loop
     vertex 3.7686233919e-01 5.9685622044e-01 6.5670122574e-02
     vertex 4.3888631998e-01 4.4771541633e-01 5.2036822610e-02
     vertex 4.3364843733e-01 5.9695388843e-01 6.4152023970e-02
   endloop
 endfacet
 facet normal  6.9667172990e-02 -7.8287999674e-02 9.9449357671e-01
   outer loop
     vertex 4.3888631998e-01 4.4771541633e-01 5.2036822610e-02
     vertex 4.9032272986e-01 5.9720802704e-01 6.0201830795e-02
     vertex 4.3364843733e-01 5.9695388843e-01 6.4152023970e-02
   endloop
 endfacet
 facet normal  6.9679025373e-02 -7.8292015143e-02 9.9449243023e-01
   outer loop
     vertex 4.3888631998e-01 4.4771541633e-01 5.2036822610e-02
     vertex 5.0003489877e-01 4.4790602028e-01 4.7767458182e-02
     vertex 4.9032272986e-01 5.9720802704e-01 6.0201830795e-02
   endloop
 endfacet
 facet normal  9.2551320876e-02 -7.6659257413e-02 9.9275254281e-01
   outer loop
     vertex 5.0003489877e-01 4.4790602028e-01 4.7767458182e-02
     vertex 5.3217164801e-01 5.9745778880e-01 5.6319668893e-02
     vertex 4.9032272986e-01 5.9720802704e-01 6.0201830795e-02
   endloop
 endfacet
 facet normal  9.2569701110e-02 -7.6663092155e-02 9.9275053298e-01
   outer loop
     vertex 5.0003489877e-01 4.4790602028e-01 4.7767458182e-02
     vertex 5.4518767887e-01 4.4809334160e-01 4.3571621879e-02
     vertex 5.3217164801e-01 5.9745778880e-01 5.6319668893e-02
   endloop
 endfacet
 facet normal  1.0574855769e-01 -7.5410426402e-02 9.9152937936e-01
   outer loop
     vertex 5.4518767887e-01 4.4809334160e-01 4.3571621879e-02
     vertex 5.5670526122e-01 5.9762530733e-01 5.3715851373e-02
     vertex 5.3217164801e-01 5.9745778880e-01 5.6319668893e-02
   endloop
 endfacet
 facet normal  1.0577188876e-01 -7.5412046277e-02 9.9152676758e-01
   outer loop
     vertex 5.4518767887e-01 4.4809334160e-01 4.3571621879e-02
     vertex 5.7165815629e-01 4.4821898050e-01 4.0757418775e-02
     vertex 5.5670526122e-01 5.9762530733e-01 5.3715851373e-02
   endloop
 endfacet
 facet normal  1.1344375809e-01 -7.4576129736e-02 9.9074159831e-01
   outer loop
     vertex 5.7165815629e-01 4.4821898050e-01 4.0757418775e-02
     vertex 5.6918775581e-01 5.9771681886e-01 5.2293445649e-02
     vertex 5.5670526122e-01 5.9762530733e-01 5.3715851373e-02
   endloop
 endfacet
 facet normal  1.1347046196e-01 -7.4575456399e-02 9.9073859093e-01
   outer loop
     vertex 5.7165815629e-01 4.4821898050e-01 4.0757418775e-02
     vertex 5.8512611098e-01 4.4828761414e-01 3.9220084236e-02
     vertex 5.6918775581e-01 5.9771681886e-01 5.2293445649e-02
   endloop
 endfacet
 facet normal  1.1338123365e-01 9.8588916181e-02 -9.8864802709e-01
   outer loop
     vertex 5.6918775581e-01 5.9771681886e-01 5.2293445649e-02
     vertex 5.5670526122e-01 5.9780833038e-01 5.0871039924e-02
     vertex 5.5324940065e-01 7.4714602357e-01 6.5366807061e-02
   endloop
 endfacet
 facet normal  1.1341248942e-01 9.8589287894e-02 -9.8864440501e-01
   outer loop
     vertex 5.5324940065e-01 7.4714602357e-01 6.5366807061e-02
     vertex 5.5670526122e-01 5.9780833038e-01 5.0871039924e-02
     vertex 5.4175236616e-01 7.4726041298e-01 6.4059330150e-02
   endloop
 endfacet
 facet normal  1.0569393443e-01 9.7898530387e-02 -9.8956792085e-01
   outer loop
     vertex 5.5670526122e-01 5.9780833038e-01 5.0871039924e-02
     vertex 5.3217164801e-01 5.9797584891e-01 4.8267222405e-02
     vertex 5.4175236616e-01 7.4726041298e-01 6.4059330150e-02
   endloop
 endfacet
 facet normal  1.0572123931e-01 9.7896490820e-02 -9.8956520586e-01
   outer loop
     vertex 5.4175236616e-01 7.4726041298e-01 6.4059330150e-02
     vertex 5.3217164801e-01 5.9797584891e-01 4.8267222405e-02
     vertex 5.1915561714e-01 7.4746981114e-01 6.1665898215e-02
   endloop
 endfacet
 facet normal  9.2508297408e-02 9.6873619291e-02 -9.9098825260e-01
   outer loop
     vertex 5.3217164801e-01 5.9797584891e-01 4.8267222405e-02
     vertex 4.9032272986e-01 5.9822561067e-01 4.4385060502e-02
     vertex 5.1915561714e-01 7.4746981114e-01 6.1665898215e-02
   endloop
 endfacet
 facet normal  9.2529800155e-02 9.6869281766e-02 -9.9098666910e-01
   outer loop
     vertex 5.1915561714e-01 7.4746981114e-01 6.1665898215e-02
     vertex 4.9032272986e-01 5.9822561067e-01 4.4385060502e-02
     vertex 4.8061056096e-01 7.4778201334e-01 5.8097410714e-02
   endloop
 endfacet
 facet normal  6.9639442962e-02 9.5565927334e-02 -9.9298413961e-01
   outer loop
     vertex 4.9032272986e-01 5.9822561067e-01 4.4385060502e-02
     vertex 4.3364843733e-01 5.9847974928e-01 4.0434867328e-02
     vertex 4.8061056096e-01 7.4778201334e-01 5.8097410714e-02
   endloop
 endfacet
 facet normal  6.9653296801e-02 9.5561505089e-02 -9.9298359351e-01
   outer loop
     vertex 4.8061056096e-01 7.4778201334e-01 5.8097410714e-02
     vertex 4.3364843733e-01 5.9847974928e-01 4.0434867328e-02
     vertex 4.2841055468e-01 7.4809968659e-01 5.4466388792e-02
   endloop
 endfacet
 facet normal  2.6771515034e-02 9.4266934704e-02 -9.9518693269e-01
   outer loop
     vertex 4.3364843733e-01 5.9847974928e-01 4.0434867328e-02
     vertex 3.7610756955e-01 7.4822177159e-01 5.3070950882e-02
     vertex 4.2841055468e-01 7.4809968659e-01 5.4466388792e-02
   endloop
 endfacet
 facet normal  2.6767097292e-02 9.4265260523e-02 -9.9518721011e-01
   outer loop
     vertex 4.3364843733e-01 5.9847974928e-01 4.0434867328e-02
     vertex 3.7686233919e-01 5.9857741727e-01 3.8916768723e-02
     vertex 3.7610756955e-01 7.4822177159e-01 5.3070950882e-02
   endloop
 endfacet
 facet normal  -4.8965492526e-02 9.3807454595e-02 -9.9438550975e-01
   outer loop
     vertex 3.7686233919e-01 5.9857741727e-01 3.8916768723e-02
     vertex 3.3745780732e-01 7.4805662704e-01 5.4958561708e-02
     vertex 3.7610756955e-01 7.4822177159e-01 5.3070950882e-02
   endloop
 endfacet
 facet normal  -4.8957850565e-02 9.3809488894e-02 -9.9438569412e-01
   outer loop
     vertex 3.7686233919e-01 5.9857741727e-01 3.8916768723e-02
     vertex 3.3489974020e-01 5.9844530164e-01 4.0970302842e-02
     vertex 3.3745780732e-01 7.4805662704e-01 5.4958561708e-02
   endloop
 endfacet
 facet normal  -1.7977850753e-01 9.4621381496e-02 -9.7914579221e-01
   outer loop
     vertex 3.3489974020e-01 5.9844530164e-01 4.0970302842e-02
     vertex 3.1513630539e-01 7.4770107003e-01 5.9022596949e-02
     vertex 3.3745780732e-01 7.4805662704e-01 5.4958561708e-02
   endloop
 endfacet
 facet normal  -1.7974214560e-01 9.4626938748e-02 -9.7915193078e-01
   outer loop
     vertex 3.3489974020e-01 5.9844530164e-01 4.0970302842e-02
     vertex 3.1066496668e-01 5.9816085603e-01 4.5391571735e-02
     vertex 3.1513630539e-01 7.4770107003e-01 5.9022596949e-02
   endloop
 endfacet
 facet normal  -5.7983068288e-01 9.1136821584e-02 -8.0962365266e-01
   outer loop
     vertex 3.1066496668e-01 5.9816085603e-01 4.5391571735e-02
     vertex 3.0619057712e-01 7.4714602357e-01 6.5366807061e-02
     vertex 3.1513630539e-01 7.4770107003e-01 5.9022596949e-02
   endloop
 endfacet
 facet normal  -5.7961033390e-01 9.1164178420e-02 -8.0977833597e-01
   outer loop
     vertex 3.1066496668e-01 5.9816085603e-01 4.5391571735e-02
     vertex 3.0095246170e-01 5.9771681886e-01 5.2293445649e-02
     vertex 3.0619057712e-01 7.4714602357e-01 6.5366807061e-02
   endloop
 endfacet
 facet normal  -5.8005065286e-01 -5.0794671543e-02 8.1299516694e-01
   outer loop
     vertex 3.0095246170e-01 5.9771681886e-01 5.2293445649e-02
     vertex 3.1066496668e-01 5.9727278168e-01 5.9195319562e-02
     vertex 3.0619057712e-01 7.4714602357e-01 6.5366807061e-02
   endloop
 endfacet
 facet normal  -5.7983017830e-01 -5.0794565225e-02 8.1315243127e-01
   outer loop
     vertex 3.0619057712e-01 7.4714602357e-01 6.5366807061e-02
     vertex 3.1066496668e-01 5.9727278168e-01 5.9195319562e-02
     vertex 3.1513630539e-01 7.4659097711e-01 7.1711017172e-02
   endloop
 endfacet
 facet normal  -1.7981490514e-01 -7.6816417583e-02 9.8069660848e-01
   outer loop
     vertex 3.1066496668e-01 5.9727278168e-01 5.9195319562e-02
     vertex 3.3489974020e-01 5.9698833607e-01 6.3616588455e-02
     vertex 3.1513630539e-01 7.4659097711e-01 7.1711017172e-02
   endloop
 endfacet
 facet normal  -1.7977845751e-01 -7.6811982963e-02 9.8070363795e-01
   outer loop
     vertex 3.1513630539e-01 7.4659097711e-01 7.1711017172e-02
     vertex 3.3489974020e-01 5.9698833607e-01 6.3616588455e-02
     vertex 3.3745780732e-01 7.4623542009e-01 7.5775052414e-02
   endloop
 endfacet
 facet normal  -4.8973152125e-02 -8.0265035389e-02 9.9556976374e-01
   outer loop
     vertex 3.3489974020e-01 5.9698833607e-01 6.3616588455e-02
     vertex 3.7686233919e-01 5.9685622044e-01 6.5670122574e-02
     vertex 3.3745780732e-01 7.4623542009e-01 7.5775052414e-02
   endloop
 endfacet
 facet normal  -4.8965483217e-02 -8.0263048770e-02 9.9557030111e-01
   outer loop
     vertex 3.3745780732e-01 7.4623542009e-01 7.5775052414e-02
     vertex 3.7686233919e-01 5.9685622044e-01 6.5670122574e-02
     vertex 3.7610756955e-01 7.4607027554e-01 7.7662663240e-02
   endloop
 endfacet
 facet normal  2.6775945969e-02 -7.9949760623e-02 9.9643920261e-01
   outer loop
     vertex 3.7686233919e-01 5.9685622044e-01 6.5670122574e-02
     vertex 4.3364843733e-01 5.9695388843e-01 6.4152023970e-02
     vertex 3.7610756955e-01 7.4607027554e-01 7.7662663240e-02
   endloop
 endfacet
 facet normal  2.6771509994e-02 -7.9951470740e-02 9.9643918459e-01
   outer loop
     vertex 3.7610756955e-01 7.4607027554e-01 7.7662663240e-02
     vertex 4.3364843733e-01 5.9695388843e-01 6.4152023970e-02
     vertex 4.2841055468e-01 7.4619236054e-01 7.6267225329e-02
   endloop
 endfacet
 facet normal  6.9653277709e-02 -7.8288562777e-02 9.9449450569e-01
   outer loop
     vertex 4.3364843733e-01 5.9695388843e-01 6.4152023970e-02
     vertex 4.8061056096e-01 7.4651003380e-01 7.2636203407e-02
     vertex 4.2841055468e-01 7.4619236054e-01 7.6267225329e-02
   endloop
 endfacet
 facet normal  6.9667168149e-02 -7.8292850171e-02 9.9449319520e-01
   outer loop
     vertex 4.3364843733e-01 5.9695388843e-01 6.4152023970e-02
     vertex 4.9032272986e-01 5.9720802704e-01 6.0201830795e-02
     vertex 4.8061056096e-01 7.4651003380e-01 7.2636203407e-02
   endloop
 endfacet
 facet normal  9.2529777004e-02 -7.6660816081e-02 9.9275443069e-01
   outer loop
     vertex 4.9032272986e-01 5.9720802704e-01 6.0201830795e-02
     vertex 5.1915561714e-01 7.4682223600e-01 6.9067715906e-02
     vertex 4.8061056096e-01 7.4651003380e-01 7.2636203407e-02
   endloop
 endfacet
 facet normal  9.2551314273e-02 -7.6664829301e-02 9.9275211316e-01
   outer loop
     vertex 4.9032272986e-01 5.9720802704e-01 6.0201830795e-02
     vertex 5.3217164801e-01 5.9745778880e-01 5.6319668893e-02
     vertex 5.1915561714e-01 7.4682223600e-01 6.9067715906e-02
   endloop
 endfacet
 facet normal  1.0572122264e-01 -7.5413040274e-02 9.9153209552e-01
   outer loop
     vertex 5.3217164801e-01 5.9745778880e-01 5.6319668893e-02
     vertex 5.4175236616e-01 7.4703163416e-01 6.6674283971e-02
     vertex 5.1915561714e-01 7.4682223600e-01 6.9067715906e-02
   endloop
 endfacet
 facet normal  1.0574855258e-01 -7.5414580980e-02 9.9152906392e-01
   outer loop
     vertex 5.3217164801e-01 5.9745778880e-01 5.6319668893e-02
     vertex 5.5670526122e-01 5.9762530733e-01 5.3715851373e-02
     vertex 5.4175236616e-01 7.4703163416e-01 6.6674283971e-02
   endloop
 endfacet
 facet normal  1.1341248222e-01 -7.4579548137e-02 9.9074492170e-01
   outer loop
     vertex 5.5670526122e-01 5.9762530733e-01 5.3715851373e-02
     vertex 5.5324940065e-01 7.4714602357e-01 6.5366807061e-02
     vertex 5.4175236616e-01 7.4703163416e-01 6.6674283971e-02
   endloop
 endfacet
 facet normal  1.1344375511e-01 -7.4578552182e-02 9.9074141630e-01
   outer loop
     vertex 5.5670526122e-01 5.9762530733e-01 5.3715851373e-02
     vertex 5.6918775581e-01 5.9771681886e-01 5.2293445649e-02
     vertex 5.5324940065e-01 7.4714602357e-01 6.5366807061e-02
   endloop
 endfacet
 facet normal  -9.1989312262e-15 9.9619469809e-01 8.7155742748e-02
   outer loop
     vertex 5.5324940065e-01 7.4714602357e-01 6.5366807061e-02
     vertex 5.4175236616e-01 7.4726041298e-01 6.4059330150e-02
     vertex 5.4175236616e-01 7.4720321827e-01 6.4713068606e-02
   endloop
 endfacet
 facet normal  -2.3285664737e-15 9.9619469809e-01 8.7155742748e-02
   outer loop
     vertex 5.4175236616e-01 7.4726041298e-01 6.4059330150e-02
     vertex 5.1915561714e-01 7.4730791735e-01 6.3516352638e-02
     vertex 5.4175236616e-01 7.4720321827e-01 6.4713068606e-02
   endloop
 endfacet
 facet normal  -2.7242938084e-16 9.9619469809e-01 8.7155742748e-02
   outer loop
     vertex 5.4175236616e-01 7.4726041298e-01 6.4059330150e-02
     vertex 5.1915561714e-01 7.4746981114e-01 6.1665898215e-02
     vertex 5.1915561714e-01 7.4730791735e-01 6.3516352638e-02
   endloop
 endfacet
 facet normal  -2.6141368111e-15 9.9619469809e-01 8.7155742748e-02
   outer loop
     vertex 5.1915561714e-01 7.4746981114e-01 6.1665898215e-02
     vertex 4.8061056096e-01 7.4746401845e-01 6.1732108887e-02
     vertex 5.1915561714e-01 7.4730791735e-01 6.3516352638e-02
   endloop
 endfacet
 facet normal  -2.6094324883e-15 9.9619469809e-01 8.7155742748e-02
   outer loop
     vertex 5.1915561714e-01 7.4746981114e-01 6.1665898215e-02
     vertex 4.8061056096e-01 7.4778201334e-01 5.8097410714e-02
     vertex 4.8061056096e-01 7.4746401845e-01 6.1732108887e-02
   endloop
 endfacet
 facet normal  -6.4876362328e-16 9.9619469809e-01 8.7155742748e-02
   outer loop
     vertex 4.8061056096e-01 7.4778201334e-01 5.8097410714e-02
     vertex 4.2841055468e-01 7.4762285508e-01 5.9916597927e-02
     vertex 4.8061056096e-01 7.4746401845e-01 6.1732108887e-02
   endloop
 endfacet
 facet normal  -8.5715359271e-16 9.9619469809e-01 8.7155742748e-02
   outer loop
     vertex 4.8061056096e-01 7.4778201334e-01 5.8097410714e-02
     vertex 4.2841055468e-01 7.4809968659e-01 5.4466388792e-02
     vertex 4.2841055468e-01 7.4762285508e-01 5.9916597927e-02
   endloop
 endfacet
 facet normal  3.4488746238e-15 9.9619469809e-01 8.7155742748e-02
   outer loop
     vertex 4.2841055468e-01 7.4809968659e-01 5.4466388792e-02
     vertex 3.7610756955e-01 7.4822177159e-01 5.3070950882e-02
     vertex 4.2841055468e-01 7.4762285508e-01 5.9916597927e-02
   endloop
 endfacet
 facet normal  2.7120628828e-15 9.9619469809e-01 8.7155742748e-02
   outer loop
     vertex 4.2841055468e-01 7.4762285508e-01 5.9916597927e-02
     vertex 3.7610756955e-01 7.4822177159e-01 5.3070950882e-02
     vertex 3.7610756955e-01 7.4768389758e-01 5.9218878971e-02
   endloop
 endfacet
 facet normal  -1.6512843955e-15 9.9619469809e-01 8.7155742748e-02
   outer loop
     vertex 3.7610756955e-01 7.4822177159e-01 5.3070950882e-02
     vertex 3.3745780732e-01 7.4805662704e-01 5.4958561708e-02
     vertex 3.7610756955e-01 7.4768389758e-01 5.9218878971e-02
   endloop
 endfacet
 facet normal  -2.1521252481e-15 9.9619469809e-01 8.7155742748e-02
   outer loop
     vertex 3.7610756955e-01 7.4768389758e-01 5.9218878971e-02
     vertex 3.3745780732e-01 7.4805662704e-01 5.4958561708e-02
     vertex 3.3745780732e-01 7.4760132531e-01 6.0162684384e-02
   endloop
 endfacet
 facet normal  -1.8968021960e-15 9.9619469809e-01 8.7155742748e-02
   outer loop
     vertex 3.3745780732e-01 7.4805662704e-01 5.4958561708e-02
     vertex 3.1513630539e-01 7.4770107003e-01 5.9022596949e-02
     vertex 3.3745780732e-01 7.4760132531e-01 6.0162684384e-02
   endloop
 endfacet
 facet normal  -6.6587251710e-16 9.9619469809e-01 8.7155742748e-02
   outer loop
     vertex 3.3745780732e-01 7.4760132531e-01 6.0162684384e-02
     vertex 3.1513630539e-01 7.4770107003e-01 5.9022596949e-02
     vertex 3.1513630539e-01 7.4742354680e-01 6.2194702005e-02
   endloop
 endfacet
 facet normal  0.0000000000e+00 9.9619469809e-01 8.7155742748e-02
   outer loop
     vertex 3.1513630539e-01 7.4770107003e-01 5.9022596949e-02
     vertex 3.0619057712e-01 7.4714602357e-01 6.5366807061e-02
     vertex 3.1513630539e-01 7.4742354680e-01 6.2194702005e-02
   endloop
 endfacet
 facet normal  1.2362705476e-14 9.9619469809e-01 8.7155742748e-02
   outer loop
     vertex 3.0619057712e-01 7.4714602357e-01 6.5366807061e-02
     vertex 3.1513630539e-01 7.4659097711e-01 7.1711017172e-02
     vertex 3.1513630539e-01 7.4686850034e-01 6.8538912117e-02
   endloop
 endfacet
 facet normal  3.7237468112e-15 9.9619469809e-01 8.7155742748e-02
   outer loop
     vertex 3.1513630539e-01 7.4659097711e-01 7.1711017172e-02
     vertex 3.3745780732e-01 7.4669072183e-01 7.0570929737e-02
     vertex 3.1513630539e-01 7.4686850034e-01 6.8538912117e-02
   endloop
 endfacet
 facet normal  5.6368348649e-15 9.9619469809e-01 8.7155742748e-02
   outer loop
     vertex 3.1513630539e-01 7.4659097711e-01 7.1711017172e-02
     vertex 3.3745780732e-01 7.4623542009e-01 7.5775052414e-02
     vertex 3.3745780732e-01 7.4669072183e-01 7.0570929737e-02
   endloop
 endfacet
 facet normal  5.5465469661e-15 9.9619469809e-01 8.7155742748e-02
   outer loop
     vertex 3.3745780732e-01 7.4623542009e-01 7.5775052414e-02
     vertex 3.7610756955e-01 7.4660814956e-01 7.1514735150e-02
     vertex 3.3745780732e-01 7.4669072183e-01 7.0570929737e-02
   endloop
 endfacet
 facet normal  7.4068095223e-15 9.9619469809e-01 8.7155742748e-02
   outer loop
     vertex 3.3745780732e-01 7.4623542009e-01 7.5775052414e-02
     vertex 3.7610756955e-01 7.4607027554e-01 7.7662663240e-02
     vertex 3.7610756955e-01 7.4660814956e-01 7.1514735150e-02
   endloop
 endfacet
 facet normal  -4.8346752335e-15 9.9619469809e-01 8.7155742748e-02
   outer loop
     vertex 3.7610756955e-01 7.4607027554e-01 7.7662663240e-02
     vertex 4.2841055468e-01 7.4666919206e-01 7.0817016195e-02
     vertex 3.7610756955e-01 7.4660814956e-01 7.1514735150e-02
   endloop
 endfacet
 facet normal  -5.5953097373e-15 9.9619469809e-01 8.7155742748e-02
   outer loop
     vertex 3.7610756955e-01 7.4607027554e-01 7.7662663240e-02
     vertex 4.2841055468e-01 7.4619236054e-01 7.6267225329e-02
     vertex 4.2841055468e-01 7.4666919206e-01 7.0817016195e-02
   endloop
 endfacet
 facet normal  2.9837249629e-15 9.9619469809e-01 8.7155742748e-02
   outer loop
     vertex 4.2841055468e-01 7.4619236054e-01 7.6267225329e-02
     vertex 4.8061056096e-01 7.4651003380e-01 7.2636203407e-02
     vertex 4.2841055468e-01 7.4666919206e-01 7.0817016195e-02
   endloop
 endfacet
 facet normal  2.7673910169e-15 9.9619469809e-01 8.7155742748e-02
   outer loop
     vertex 4.2841055468e-01 7.4666919206e-01 7.0817016195e-02
     vertex 4.8061056096e-01 7.4651003380e-01 7.2636203407e-02
     vertex 4.8061056096e-01 7.4682802868e-01 6.9001505234e-02
   endloop
 endfacet
 facet normal  -2.2849473751e-16 9.9619469809e-01 8.7155742748e-02
   outer loop
     vertex 4.8061056096e-01 7.4651003380e-01 7.2636203407e-02
     vertex 5.1915561714e-01 7.4682223600e-01 6.9067715906e-02
     vertex 4.8061056096e-01 7.4682802868e-01 6.9001505234e-02
   endloop
 endfacet
 facet normal  -2.2382922580e-16 9.9619469809e-01 8.7155742748e-02
   outer loop
     vertex 4.8061056096e-01 7.4682802868e-01 6.9001505234e-02
     vertex 5.1915561714e-01 7.4682223600e-01 6.9067715906e-02
     vertex 5.1915561714e-01 7.4698412978e-01 6.7217261483e-02
   endloop
 endfacet
 facet normal  -1.0279164138e-16 9.9619469809e-01 8.7155742748e-02
   outer loop
     vertex 5.1915561714e-01 7.4682223600e-01 6.9067715906e-02
     vertex 5.4175236616e-01 7.4703163416e-01 6.6674283971e-02
     vertex 5.1915561714e-01 7.4698412978e-01 6.7217261483e-02
   endloop
 endfacet
 facet normal  1.9978903992e-15 9.9619469809e-01 8.7155742748e-02
   outer loop
     vertex 5.1915561714e-01 7.4698412978e-01 6.7217261483e-02
     vertex 5.4175236616e-01 7.4703163416e-01 6.6674283971e-02
     vertex 5.4175236616e-01 7.4708882887e-01 6.6020545516e-02
   endloop
 endfacet
 facet normal  1.0146189590e-14 9.9619469809e-01 8.7155742748e-02
   outer loop
     vertex 5.4175236616e-01 7.4703163416e-01 6.6674283971e-02
     vertex 5.5324940065e-01 7.4714602357e-01 6.5366807061e-02
     vertex 5.4175236616e-01 7.4708882887e-01 6.6020545516e-02
   endloop
 endfacet
 facet normal  5.2625464681e-16 9.9619469809e-01 8.7155742748e-02
   outer loop
     vertex 5.5324940065e-01 7.4714602357e-01 6.5366807061e-02
     vertex 5.4175236616e-01 7.4720321827e-01 6.4713068606e-02
     vertex 5.4175236616e-01 7.4714602357e-01 6.5366807061e-02
   endloop
 endfacet
 facet normal  -2.1410671121e-16 9.9619469809e-01 8.7155742748e-02
   outer loop
     vertex 5.4175236616e-01 7.4720321827e-01 6.4713068606e-02
     vertex 5.1915561714e-01 7.4714602357e-01 6.5366807061e-02
     vertex 5.4175236616e-01 7.4714602357e-01 6.5366807061e-02
   endloop
 endfacet
 facet normal  2.2387136620e-15 9.9619469809e-01 8.7155742748e-02
   outer loop
     vertex 5.4175236616e-01 7.4720321827e-01 6.4713068606e-02
     vertex 5.1915561714e-01 7.4730791735e-01 6.3516352638e-02
     vertex 5.1915561714e-01 7.4714602357e-01 6.5366807061e-02
   endloop
 endfacet
 facet normal  -0.0000000000e+00 9.9619469809e-01 8.7155742748e-02
   outer loop
     vertex 5.1915561714e-01 7.4730791735e-01 6.3516352638e-02
     vertex 4.8061056096e-01 7.4714602357e-01 6.5366807061e-02
     vertex 5.1915561714e-01 7.4714602357e-01 6.5366807061e-02
   endloop
 endfacet
 facet normal  -1.3152563638e-15 9.9619469809e-01 8.7155742748e-02
   outer loop
     vertex 5.1915561714e-01 7.4730791735e-01 6.3516352638e-02
     vertex 4.8061056096e-01 7.4746401845e-01 6.1732108887e-02
     vertex 4.8061056096e-01 7.4714602357e-01 6.5366807061e-02
   endloop
 endfacet
 facet normal  -2.3171049015e-17 9.9619469809e-01 8.7155742748e-02
   outer loop
     vertex 4.8061056096e-01 7.4746401845e-01 6.1732108887e-02
     vertex 4.2841055468e-01 7.4714602357e-01 6.5366807061e-02
     vertex 4.8061056096e-01 7.4714602357e-01 6.5366807061e-02
   endloop
 endfacet
 facet normal  2.6545068009e-16 9.9619469809e-01 8.7155742748e-02
   outer loop
     vertex 4.8061056096e-01 7.4746401845e-01 6.1732108887e-02
     vertex 4.2841055468e-01 7.4762285508e-01 5.9916597927e-02
     vertex 4.2841055468e-01 7.4714602357e-01 6.5366807061e-02
   endloop
 endfacet
 facet normal  3.0581427707e-15 9.9619469809e-01 8.7155742748e-02
   outer loop
     vertex 4.2841055468e-01 7.4762285508e-01 5.9916597927e-02
     vertex 3.7610756955e-01 7.4768389758e-01 5.9218878971e-02
     vertex 4.2841055468e-01 7.4714602357e-01 6.5366807061e-02
   endloop
 endfacet
 facet normal  0.0000000000e+00 9.9619469809e-01 8.7155742748e-02
   outer loop
     vertex 4.2841055468e-01 7.4714602357e-01 6.5366807061e-02
     vertex 3.7610756955e-01 7.4768389758e-01 5.9218878971e-02
     vertex 3.7610756955e-01 7.4714602357e-01 6.5366807061e-02
   endloop
 endfacet
 facet normal  -2.2620820644e-15 9.9619469809e-01 8.7155742748e-02
   outer loop
     vertex 3.7610756955e-01 7.4768389758e-01 5.9218878971e-02
     vertex 3.3745780732e-01 7.4760132531e-01 6.0162684384e-02
     vertex 3.7610756955e-01 7.4714602357e-01 6.5366807061e-02
   endloop
 endfacet
 facet normal  0.0000000000e+00 9.9619469809e-01 8.7155742748e-02
   outer loop
     vertex 3.7610756955e-01 7.4714602357e-01 6.5366807061e-02
     vertex 3.3745780732e-01 7.4760132531e-01 6.0162684384e-02
     vertex 3.3745780732e-01 7.4714602357e-01 6.5366807061e-02
   endloop
 endfacet
 facet normal  -4.0587390216e-16 9.9619469809e-01 8.7155742748e-02
   outer loop
     vertex 3.3745780732e-01 7.4760132531e-01 6.0162684384e-02
     vertex 3.1513630539e-01 7.4742354680e-01 6.2194702005e-02
     vertex 3.3745780732e-01 7.4714602357e-01 6.5366807061e-02
   endloop
 endfacet
 facet normal  -4.9545682145e-15 9.9619469809e-01 8.7155742748e-02
   outer loop
     vertex 3.3745780732e-01 7.4714602357e-01 6.5366807061e-02
     vertex 3.1513630539e-01 7.4742354680e-01 6.2194702005e-02
     vertex 3.1513630539e-01 7.4714602357e-01 6.5366807061e-02
   endloop
 endfacet
 facet normal  1.2363423713e-14 9.9619469809e-01 8.7155742748e-02
   outer loop
     vertex 3.1513630539e-01 7.4742354680e-01 6.2194702005e-02
     vertex 3.0619057712e-01 7.4714602357e-01 6.5366807061e-02
     vertex 3.1513630539e-01 7.4714602357e-01 6.5366807061e-02
   endloop
 endfacet
 facet normal  0.0000000000e+00 9.9619469809e-01 8.7155742748e-02
   outer loop
     vertex 3.0619057712e-01 7.4714602357e-01 6.5366807061e-02
     vertex 3.1513630539e-01 7.4686850034e-01 6.8538912117e-02
     vertex 3.1513630539e-01 7.4714602357e-01 6.5366807061e-02
   endloop
 endfacet
 facet normal  0.0000000000e+00 9.9619469809e-01 8.7155742748e-02
   outer loop
     vertex 3.1513630539e-01 7.4686850034e-01 6.8538912117e-02
     vertex 3.3745780732e-01 7.4714602357e-01 6.5366807061e-02
     vertex 3.1513630539e-01 7.4714602357e-01 6.5366807061e-02
   endloop
 endfacet
 facet normal  3.3505026823e-16 9.9619469809e-01 8.7155742748e-02
   outer loop
     vertex 3.1513630539e-01 7.4686850034e-01 6.8538912117e-02
     vertex 3.3745780732e-01 7.4669072183e-01 7.0570929737e-02
     vertex 3.3745780732e-01 7.4714602357e-01 6.5366807061e-02
   endloop
 endfacet
 facet normal  2.8615914485e-15 9.9619469809e-01 8.7155742748e-02
   outer loop
     vertex 3.3745780732e-01 7.4669072183e-01 7.0570929737e-02
     vertex 3.7610756955e-01 7.4714602357e-01 6.5366807061e-02
     vertex 3.3745780732e-01 7.4714602357e-01 6.5366807061e-02
   endloop
 endfacet
 facet normal  5.1389568405e-15 9.9619469809e-01 8.7155742748e-02
   outer loop
     vertex 3.3745780732e-01 7.4669072183e-01 7.0570929737e-02
     vertex 3.7610756955e-01 7.4660814956e-01 7.1514735150e-02
     vertex 3.7610756955e-01 7.4714602357e-01 6.5366807061e-02
   endloop
 endfacet
 facet normal  -2.1145987901e-15 9.9619469809e-01 8.7155742748e-02
   outer loop
     vertex 3.7610756955e-01 7.4660814956e-01 7.1514735150e-02
     vertex 4.2841055468e-01 7.4714602357e-01 6.5366807061e-02
     vertex 3.7610756955e-01 7.4714602357e-01 6.5366807061e-02
   endloop
 endfacet
 facet normal  -5.1858923174e-15 9.9619469809e-01 8.7155742748e-02
   outer loop
     vertex 3.7610756955e-01 7.4660814956e-01 7.1514735150e-02
     vertex 4.2841055468e-01 7.4666919206e-01 7.0817016195e-02
     vertex 4.2841055468e-01 7.4714602357e-01 6.5366807061e-02
   endloop
 endfacet
 facet normal  1.8377639961e-15 9.9619469809e-01 8.7155742748e-02
   outer loop
     vertex 4.2841055468e-01 7.4666919206e-01 7.0817016195e-02
     vertex 4.8061056096e-01 7.4682802868e-01 6.9001505234e-02
     vertex 4.2841055468e-01 7.4714602357e-01 6.5366807061e-02
   endloop
 endfacet
 facet normal  -2.2236970806e-17 9.9619469809e-01 8.7155742748e-02
   outer loop
     vertex 4.2841055468e-01 7.4714602357e-01 6.5366807061e-02
     vertex 4.8061056096e-01 7.4682802868e-01 6.9001505234e-02
     vertex 4.8061056096e-01 7.4714602357e-01 6.5366807061e-02
   endloop
 endfacet
 facet normal  -9.8248972799e-17 9.9619469809e-01 8.7155742748e-02
   outer loop
     vertex 4.8061056096e-01 7.4682802868e-01 6.9001505234e-02
     vertex 5.1915561714e-01 7.4698412978e-01 6.7217261483e-02
     vertex 4.8061056096e-01 7.4714602357e-01 6.5366807061e-02
   endloop
 endfacet
 facet normal  0.0000000000e+00 9.9619469809e-01 8.7155742748e-02
   outer loop
     vertex 4.8061056096e-01 7.4714602357e-01 6.5366807061e-02
     vertex 5.1915561714e-01 7.4698412978e-01 6.7217261483e-02
     vertex 5.1915561714e-01 7.4714602357e-01 6.5366807061e-02
   endloop
 endfacet
 facet normal  -2.5981690950e-15 9.9619469809e-01 8.7155742748e-02
   outer loop
     vertex 5.1915561714e-01 7.4698412978e-01 6.7217261483e-02
     vertex 5.4175236616e-01 7.4708882887e-01 6.6020545516e-02
     vertex 5.1915561714e-01 7.4714602357e-01 6.5366807061e-02
   endloop
 endfacet
 facet normal  -2.1420312522e-16 9.9619469809e-01 8.7155742748e-02
   outer loop
     vertex 5.1915561714e-01 7.4714602357e-01 6.5366807061e-02
     vertex 5.4175236616e-01 7.4708882887e-01 6.6020545516e-02
     vertex 5.4175236616e-01 7.4714602357e-01 6.5366807061e-02
   endloop
 endfacet
 facet normal  5.2601777669e-16 9.9619469809e-01 8.7155742748e-02
   outer loop
     vertex 5.4175236616e-01 7.4708882887e-01 6.6020545516e-02
     vertex 5.5324940065e-01 7.4714602357e-01 6.5366807061e-02
     vertex 5.4175236616e-01 7.4714602357e-01 6.5366807061e-02
   endloop
 endfacet
 facet normal  1.1329381854e-01 -9.8580542136e-02 -9.8865888323e-01
   outer loop
     vertex 6.3294117647e-01 0.0000000000e+00 0.0000000000e+00
     vertex 6.1700282131e-01 -1.4942920471e-01 1.3073361412e-02
     vertex 6.1651684149e-01 0.0000000000e+00 -1.8821209811e-03
   endloop
 endfacet
 facet normal  1.1331149586e-01 -9.8580284460e-02 -9.8865688306e-01
   outer loop
     vertex 6.1700282131e-01 -1.4942920471e-01 1.3073361412e-02
     vertex 6.0156394642e-01 -1.4945208260e-01 1.1306169245e-02
     vertex 6.1651684149e-01 0.0000000000e+00 -1.8821209811e-03
   endloop
 endfacet
 facet normal  1.0561756533e-01 -9.7891668979e-02 -9.8957675349e-01
   outer loop
     vertex 6.1651684149e-01 0.0000000000e+00 -1.8821209811e-03
     vertex 6.0156394642e-01 -1.4945208260e-01 1.1306169245e-02
     vertex 5.8423577146e-01 0.0000000000e+00 -5.3274808387e-03
   endloop
 endfacet
 facet normal  1.0563302366e-01 -9.7889714546e-02 -9.8957529683e-01
   outer loop
     vertex 6.0156394642e-01 -1.4945208260e-01 1.1306169245e-02
     vertex 5.7121974060e-01 -1.4949396223e-01 8.0711949721e-03
     vertex 5.8423577146e-01 0.0000000000e+00 -5.3274808387e-03
   endloop
 endfacet
 facet normal  9.2448147299e-02 -9.6868926389e-02 -9.9099432448e-01
   outer loop
     vertex 5.8423577146e-01 0.0000000000e+00 -5.3274808387e-03
     vertex 5.7121974060e-01 -1.4949396223e-01 8.0711949721e-03
     vertex 5.2917140549e-01 0.0000000000e+00 -1.0464340345e-02
   endloop
 endfacet
 facet normal  9.2460335399e-02 -9.6865399982e-02 -9.9099353210e-01
   outer loop
     vertex 5.7121974060e-01 -1.4949396223e-01 8.0711949721e-03
     vertex 5.1945923658e-01 -1.4955640267e-01 3.2480098668e-03
     vertex 5.2917140549e-01 0.0000000000e+00 -1.0464340345e-02
   endloop
 endfacet
 facet normal  6.9600676175e-02 -9.5563678871e-02 -9.9298707401e-01
   outer loop
     vertex 5.2917140549e-01 0.0000000000e+00 -1.0464340345e-02
     vertex 5.1945923658e-01 -1.4955640267e-01 3.2480098668e-03
     vertex 4.5459996794e-01 0.0000000000e+00 -1.5691218531e-02
   endloop
 endfacet
 facet normal  6.9608532792e-02 -9.5560243755e-02 -9.9298685388e-01
   outer loop
     vertex 5.1945923658e-01 -1.4955640267e-01 3.2480098668e-03
     vertex 4.4936208529e-01 -1.4961993732e-01 -1.6596970666e-03
     vertex 4.5459996794e-01 0.0000000000e+00 -1.5691218531e-02
   endloop
 endfacet
 facet normal  2.6757224527e-02 -9.4266474554e-02 -9.9518736061e-01
   outer loop
     vertex 4.5459996794e-01 0.0000000000e+00 -1.5691218531e-02
     vertex 4.4936208529e-01 -1.4961993732e-01 -1.6596970666e-03
     vertex 3.7912664811e-01 -1.4964435432e-01 -3.5457777507e-03
   endloop
 endfacet
 facet normal  2.6754726854e-02 -9.4265229868e-02 -9.9518754566e-01
   outer loop
     vertex 4.5459996794e-01 0.0000000000e+00 -1.5691218531e-02
     vertex 3.7912664811e-01 -1.4964435432e-01 -3.5457777507e-03
     vertex 3.7988141775e-01 0.0000000000e+00 -1.7699959909e-02
   endloop
 endfacet
 facet normal  -4.8940787044e-02 -9.3807692122e-02 -9.9438670358e-01
   outer loop
     vertex 3.7988141775e-01 0.0000000000e+00 -1.7699959909e-02
     vertex 3.7912664811e-01 -1.4964435432e-01 -3.5457777507e-03
     vertex 3.2722553883e-01 -1.4961132541e-01 -9.9447375429e-04
   endloop
 endfacet
 facet normal  -4.8936456581e-02 -9.3809223896e-02 -9.9438677220e-01
   outer loop
     vertex 3.7988141775e-01 0.0000000000e+00 -1.7699959909e-02
     vertex 3.2722553883e-01 -1.4961132541e-01 -9.9447375429e-04
     vertex 3.2466747171e-01 0.0000000000e+00 -1.4982732620e-02
   endloop
 endfacet
 facet normal  -1.7966103010e-01 -9.4621388823e-02 -9.7916735395e-01
   outer loop
     vertex 3.2466747171e-01 0.0000000000e+00 -1.4982732620e-02
     vertex 3.2722553883e-01 -1.4961132541e-01 -9.9447375429e-04
     vertex 2.9725095054e-01 -1.4954021401e-01 4.4984960928e-03
   endloop
 endfacet
 facet normal  -1.7964040397e-01 -9.4625610249e-02 -9.7917073034e-01
   outer loop
     vertex 3.2466747171e-01 0.0000000000e+00 -1.4982732620e-02
     vertex 2.9725095054e-01 -1.4954021401e-01 4.4984960928e-03
     vertex 2.9277961182e-01 0.0000000000e+00 -9.1325291213e-03
   endloop
 endfacet
 facet normal  -5.7911982632e-01 -9.1161674282e-02 -8.1012948095e-01
   outer loop
     vertex 2.9277961182e-01 0.0000000000e+00 -9.1325291213e-03
     vertex 2.9725095054e-01 -1.4954021401e-01 4.4984960928e-03
     vertex 2.8523811542e-01 -1.4942920471e-01 1.3073361412e-02
   endloop
 endfacet
 facet normal  -5.7899472543e-01 -9.1180952867e-02 -8.1021672518e-01
   outer loop
     vertex 2.9277961182e-01 0.0000000000e+00 -9.1325291213e-03
     vertex 2.8523811542e-01 -1.4942920471e-01 1.3073361412e-02
     vertex 2.8000000000e-01 0.0000000000e+00 0.0000000000e+00
   endloop
 endfacet
 facet normal  -5.8066793824e-01 5.0734797944e-02 8.1255813686e-01
   outer loop
     vertex 2.8000000000e-01 0.0000000000e+00 0.0000000000e+00
     vertex 2.8523811542e-01 -1.4942920471e-01 1.3073361412e-02
     vertex 2.9277961182e-01 0.0000000000e+00 9.1325291213e-03
   endloop
 endfacet
 facet normal  -5.8054346423e-01 5.0730867868e-02 8.1264731907e-01
   outer loop
     vertex 2.8523811542e-01 -1.4942920471e-01 1.3073361412e-02
     vertex 2.9725095054e-01 -1.4931819542e-01 2.1648226732e-02
     vertex 2.9277961182e-01 0.0000000000e+00 9.1325291213e-03
   endloop
 endfacet
 facet normal  -1.7991697581e-01 7.6811822104e-02 9.8067824785e-01
   outer loop
     vertex 2.9277961182e-01 0.0000000000e+00 9.1325291213e-03
     vertex 2.9725095054e-01 -1.4931819542e-01 2.1648226732e-02
     vertex 3.2466747171e-01 0.0000000000e+00 1.4982732620e-02
   endloop
 endfacet
 facet normal  -1.7989639167e-01 7.6808223768e-02 9.8068230586e-01
   outer loop
     vertex 2.9725095054e-01 -1.4931819542e-01 2.1648226732e-02
     vertex 3.2722553883e-01 -1.4924708402e-01 2.7141196579e-02
     vertex 3.2466747171e-01 0.0000000000e+00 1.4982732620e-02
   endloop
 endfacet
 facet normal  -4.8994624584e-02 8.0264584252e-02 9.9556874362e-01
   outer loop
     vertex 3.2466747171e-01 0.0000000000e+00 1.4982732620e-02
     vertex 3.2722553883e-01 -1.4924708402e-01 2.7141196579e-02
     vertex 3.7988141775e-01 0.0000000000e+00 1.7699959909e-02
   endloop
 endfacet
 facet normal  -4.8990289533e-02 8.0263075989e-02 9.9556907855e-01
   outer loop
     vertex 3.2722553883e-01 -1.4924708402e-01 2.7141196579e-02
     vertex 3.7912664811e-01 -1.4921405511e-01 2.9692500575e-02
     vertex 3.7988141775e-01 0.0000000000e+00 1.7699959909e-02
   endloop
 endfacet
 facet normal  2.6788367747e-02 7.9949671531e-02 9.9643887589e-01
   outer loop
     vertex 3.7988141775e-01 0.0000000000e+00 1.7699959909e-02
     vertex 3.7912664811e-01 -1.4921405511e-01 2.9692500575e-02
     vertex 4.5459996794e-01 0.0000000000e+00 1.5691218531e-02
   endloop
 endfacet
 facet normal  2.6785854689e-02 7.9950939443e-02 9.9643884171e-01
   outer loop
     vertex 3.7912664811e-01 -1.4921405511e-01 2.9692500575e-02
     vertex 4.4936208529e-01 -1.4923847211e-01 2.7806419891e-02
     vertex 4.5459996794e-01 0.0000000000e+00 1.5691218531e-02
   endloop
 endfacet
 facet normal  6.9698221138e-02 7.8286741398e-02 9.9449150026e-01
   outer loop
     vertex 4.5459996794e-01 0.0000000000e+00 1.5691218531e-02
     vertex 4.4936208529e-01 -1.4923847211e-01 2.7806419891e-02
     vertex 5.1945923658e-01 -1.4930200676e-01 2.2898712958e-02
   endloop
 endfacet
 facet normal  6.9706067624e-02 7.8290110689e-02 9.9449068508e-01
   outer loop
     vertex 4.5459996794e-01 0.0000000000e+00 1.5691218531e-02
     vertex 5.1945923658e-01 -1.4930200676e-01 2.2898712958e-02
     vertex 5.2917140549e-01 0.0000000000e+00 1.0464340345e-02
   endloop
 endfacet
 facet normal  9.2599471930e-02 7.6655773612e-02 9.9274832167e-01
   outer loop
     vertex 5.2917140549e-01 0.0000000000e+00 1.0464340345e-02
     vertex 5.1945923658e-01 -1.4930200676e-01 2.2898712958e-02
     vertex 5.7121974060e-01 -1.4936444720e-01 1.8075527852e-02
   endloop
 endfacet
 facet normal  9.2611644563e-02 7.6659129326e-02 9.9274692706e-01
   outer loop
     vertex 5.2917140549e-01 0.0000000000e+00 1.0464340345e-02
     vertex 5.7121974060e-01 -1.4936444720e-01 1.8075527852e-02
     vertex 5.8423577146e-01 0.0000000000e+00 5.3274808387e-03
   endloop
 endfacet
 facet normal  1.0580966646e-01 7.5404582734e-02 9.9152330451e-01
   outer loop
     vertex 5.8423577146e-01 0.0000000000e+00 5.3274808387e-03
     vertex 5.7121974060e-01 -1.4936444720e-01 1.8075527852e-02
     vertex 6.0156394642e-01 -1.4940632683e-01 1.4840553579e-02
   endloop
 endfacet
 facet normal  1.0582513101e-01 7.5406263093e-02 9.9152152631e-01
   outer loop
     vertex 5.8423577146e-01 0.0000000000e+00 5.3274808387e-03
     vertex 6.0156394642e-01 -1.4940632683e-01 1.4840553579e-02
     vertex 6.1651684149e-01 0.0000000000e+00 1.8821209811e-03
   endloop
 endfacet
 facet normal  1.1351368776e-01 7.4568486224e-02 9.9073416392e-01
   outer loop
     vertex 6.1651684149e-01 0.0000000000e+00 1.8821209811e-03
     vertex 6.0156394642e-01 -1.4940632683e-01 1.4840553579e-02
     vertex 6.1700282131e-01 -1.4942920471e-01 1.3073361412e-02
   endloop
 endfacet
 facet normal  1.1353140031e-01 7.4568392357e-02 9.9073214140e-01
   outer loop
     vertex 6.1651684149e-01 0.0000000000e+00 1.8821209811e-03
     vertex 6.1700282131e-01 -1.4942920471e-01 1.3073361412e-02
     vertex 6.3294117647e-01 0.0000000000e+00 0.0000000000e+00
   endloop
 endfacet
 facet normal  1.1331147675e-01 -9.8582233783e-02 -9.8865669088e-01
   outer loop
     vertex 6.1700282131e-01 -1.4942920471e-01 1.3073361412e-02
     vertex 6.0106446614e-01 -2.9885840943e-01 2.6146722824e-02
     vertex 6.0156394642e-01 -1.4945208260e-01 1.1306169245e-02
   endloop
 endfacet
 facet normal  1.1333156647e-01 -9.8582073800e-02 -9.8865440411e-01
   outer loop
     vertex 6.0106446614e-01 -2.9885840943e-01 2.6146722824e-02
     vertex 5.8661105136e-01 -2.9890416519e-01 2.4494459471e-02
     vertex 6.0156394642e-01 -1.4945208260e-01 1.1306169245e-02
   endloop
 endfacet
 facet normal  1.0563299338e-01 -9.7893055160e-02 -9.8957496960e-01
   outer loop
     vertex 6.0156394642e-01 -1.4945208260e-01 1.1306169245e-02
     vertex 5.8661105136e-01 -2.9890416519e-01 2.4494459471e-02
     vertex 5.7121974060e-01 -1.4949396223e-01 8.0711949721e-03
   endloop
 endfacet
 facet normal  1.0565055710e-01 -9.7891061432e-02 -9.8957329182e-01
   outer loop
     vertex 5.8661105136e-01 -2.9890416519e-01 2.4494459471e-02
     vertex 5.5820370973e-01 -2.9898792446e-01 2.1469870783e-02
     vertex 5.7121974060e-01 -1.4949396223e-01 8.0711949721e-03
   endloop
 endfacet
 facet normal  9.2460300345e-02 -9.6869874595e-02 -9.9099309799e-01
   outer loop
     vertex 5.7121974060e-01 -1.4949396223e-01 8.0711949721e-03
     vertex 5.5820370973e-01 -2.9898792446e-01 2.1469870783e-02
     vertex 5.1945923658e-01 -1.4955640267e-01 3.2480098668e-03
   endloop
 endfacet
 facet normal  9.2474144571e-02 -9.6866171693e-02 -9.9099216817e-01
   outer loop
     vertex 5.5820370973e-01 -2.9898792446e-01 2.1469870783e-02
     vertex 5.0974706767e-01 -2.9911280534e-01 1.6960360079e-02
     vertex 5.1945923658e-01 -1.4955640267e-01 3.2480098668e-03
   endloop
 endfacet
 facet normal  6.9608510221e-02 -9.5564133255e-02 -9.9298648115e-01
   outer loop
     vertex 5.1945923658e-01 -1.4955640267e-01 3.2480098668e-03
     vertex 5.0974706767e-01 -2.9911280534e-01 1.6960360079e-02
     vertex 4.4936208529e-01 -1.4961993732e-01 -1.6596970666e-03
   endloop
 endfacet
 facet normal  6.9617433467e-02 -9.5560494568e-02 -9.9298620576e-01
   outer loop
     vertex 5.0974706767e-01 -2.9911280534e-01 1.6960360079e-02
     vertex 4.4412420264e-01 -2.9923987464e-01 1.2371824398e-02
     vertex 4.4936208529e-01 -1.4961993732e-01 -1.6596970666e-03
   endloop
 endfacet
 facet normal  2.6760066233e-02 -9.4266566057e-02 -9.9518727553e-01
   outer loop
     vertex 4.4936208529e-01 -1.4961993732e-01 -1.6596970666e-03
     vertex 4.4412420264e-01 -2.9923987464e-01 1.2371824398e-02
     vertex 3.7837187847e-01 -2.9928870864e-01 1.0608404407e-02
   endloop
 endfacet
 facet normal  2.6757227245e-02 -9.4265236065e-02 -9.9518747785e-01
   outer loop
     vertex 4.4936208529e-01 -1.4961993732e-01 -1.6596970666e-03
     vertex 3.7837187847e-01 -2.9928870864e-01 1.0608404407e-02
     vertex 3.7912664811e-01 -1.4964435432e-01 -3.5457777507e-03
   endloop
 endfacet
 facet normal  -4.8945700146e-02 -9.3807644891e-02 -9.9438646622e-01
   outer loop
     vertex 3.7912664811e-01 -1.4964435432e-01 -3.5457777507e-03
     vertex 3.7837187847e-01 -2.9928870864e-01 1.0608404407e-02
     vertex 3.2978360595e-01 -2.9922265082e-01 1.2993785111e-02
   endloop
 endfacet
 facet normal  -4.8940780717e-02 -9.3809277461e-02 -9.9438655434e-01
   outer loop
     vertex 3.7912664811e-01 -1.4964435432e-01 -3.5457777507e-03
     vertex 3.2978360595e-01 -2.9922265082e-01 1.2993785111e-02
     vertex 3.2722553883e-01 -1.4961132541e-01 -9.9447375429e-04
   endloop
 endfacet
 facet normal  -1.7968438837e-01 -9.4621387474e-02 -9.7916306794e-01
   outer loop
     vertex 3.2722553883e-01 -1.4961132541e-01 -9.9447375429e-04
     vertex 3.2978360595e-01 -2.9922265082e-01 1.2993785111e-02
     vertex 3.0172228925e-01 -2.9908042801e-01 1.8129521307e-02
   endloop
 endfacet
 facet normal  -1.7966096348e-01 -9.4625878786e-02 -9.7916693228e-01
   outer loop
     vertex 3.2722553883e-01 -1.4961132541e-01 -9.9447375429e-04
     vertex 3.0172228925e-01 -2.9908042801e-01 1.8129521307e-02
     vertex 2.9725095054e-01 -1.4954021401e-01 4.4984960928e-03
   endloop
 endfacet
 facet normal  -5.7926111673e-01 -9.1156741297e-02 -8.1002901625e-01
   outer loop
     vertex 2.9725095054e-01 -1.4954021401e-01 4.4984960928e-03
     vertex 3.0172228925e-01 -2.9908042801e-01 1.8129521307e-02
     vertex 2.9047623085e-01 -2.9885840943e-01 2.6146722824e-02
   endloop
 endfacet
 facet normal  -5.7911907812e-01 -9.1177569360e-02 -8.1012822701e-01
   outer loop
     vertex 2.9725095054e-01 -1.4954021401e-01 4.4984960928e-03
     vertex 2.9047623085e-01 -2.9885840943e-01 2.6146722824e-02
     vertex 2.8523811542e-01 -1.4942920471e-01 1.3073361412e-02
   endloop
 endfacet
 facet normal  -5.8054308884e-01 5.0746912685e-02 8.1264658546e-01
   outer loop
     vertex 2.8523811542e-01 -1.4942920471e-01 1.3073361412e-02
     vertex 2.9047623085e-01 -2.9885840943e-01 2.6146722824e-02
     vertex 2.9725095054e-01 -1.4931819542e-01 2.1648226732e-02
   endloop
 endfacet
 facet normal  -5.8040154420e-01 5.0743547788e-02 8.1274789440e-01
   outer loop
     vertex 2.9047623085e-01 -2.9885840943e-01 2.6146722824e-02
     vertex 3.0172228925e-01 -2.9863639084e-01 3.4163924342e-02
     vertex 2.9725095054e-01 -1.4931819542e-01 2.1648226732e-02
   endloop
 endfacet
 facet normal  -1.7989633919e-01 7.6812751291e-02 9.8068196088e-01
   outer loop
     vertex 2.9725095054e-01 -1.4931819542e-01 2.1648226732e-02
     vertex 3.0172228925e-01 -2.9863639084e-01 3.4163924342e-02
     vertex 3.2722553883e-01 -1.4924708402e-01 2.7141196579e-02
   endloop
 endfacet
 facet normal  -1.7987293510e-01 7.6808971550e-02 9.8068654988e-01
   outer loop
     vertex 3.0172228925e-01 -2.9863639084e-01 3.4163924342e-02
     vertex 3.2978360595e-01 -2.9849416804e-01 3.9299660537e-02
     vertex 3.2722553883e-01 -1.4924708402e-01 2.7141196579e-02
   endloop
 endfacet
 facet normal  -4.8990284225e-02 8.0264675446e-02 9.9556894986e-01
   outer loop
     vertex 3.2722553883e-01 -1.4924708402e-01 2.7141196579e-02
     vertex 3.2978360595e-01 -2.9849416804e-01 3.9299660537e-02
     vertex 3.7912664811e-01 -1.4921405511e-01 2.9692500575e-02
   endloop
 endfacet
 facet normal  -4.8985356539e-02 8.0263070580e-02 9.9556932172e-01
   outer loop
     vertex 3.2978360595e-01 -2.9849416804e-01 3.9299660537e-02
     vertex 3.7837187847e-01 -2.9842811022e-01 4.1685041241e-02
     vertex 3.7912664811e-01 -1.4921405511e-01 2.9692500575e-02
   endloop
 endfacet
 facet normal  2.6785856946e-02 7.9949689540e-02 9.9643894194e-01
   outer loop
     vertex 3.7912664811e-01 -1.4921405511e-01 2.9692500575e-02
     vertex 3.7837187847e-01 -2.9842811022e-01 4.1685041241e-02
     vertex 4.4936208529e-01 -1.4923847211e-01 2.7806419891e-02
   endloop
 endfacet
 facet normal  2.6783001893e-02 7.9951045106e-02 9.9643890992e-01
   outer loop
     vertex 3.7837187847e-01 -2.9842811022e-01 4.1685041241e-02
     vertex 4.4412420264e-01 -2.9847694422e-01 3.9921621250e-02
     vertex 4.4936208529e-01 -1.4923847211e-01 2.7806419891e-02
   endloop
 endfacet
 facet normal  6.9689282255e-02 7.8287103669e-02 9.9449209818e-01
   outer loop
     vertex 4.4936208529e-01 -1.4923847211e-01 2.7806419891e-02
     vertex 4.4412420264e-01 -2.9847694422e-01 3.9921621250e-02
     vertex 5.0974706767e-01 -2.9860401352e-01 3.5333085570e-02
   endloop
 endfacet
 facet normal  6.9698203159e-02 7.8290664552e-02 9.9449119268e-01
   outer loop
     vertex 4.4936208529e-01 -1.4923847211e-01 2.7806419891e-02
     vertex 5.0974706767e-01 -2.9860401352e-01 3.5333085570e-02
     vertex 5.1945923658e-01 -1.4930200676e-01 2.2898712958e-02
   endloop
 endfacet
 facet normal  9.2585607270e-02 7.6656776761e-02 9.9274953735e-01
   outer loop
     vertex 5.1945923658e-01 -1.4930200676e-01 2.2898712958e-02
     vertex 5.0974706767e-01 -2.9860401352e-01 3.5333085570e-02
     vertex 5.5820370973e-01 -2.9872889440e-01 3.0823574866e-02
   endloop
 endfacet
 facet normal  9.2599445162e-02 7.6660281945e-02 9.9274797604e-01
   outer loop
     vertex 5.1945923658e-01 -1.4930200676e-01 2.2898712958e-02
     vertex 5.5820370973e-01 -2.9872889440e-01 3.0823574866e-02
     vertex 5.7121974060e-01 -1.4936444720e-01 1.8075527852e-02
   endloop
 endfacet
 facet normal  1.0579206872e-01 7.5406265593e-02 9.9152505430e-01
   outer loop
     vertex 5.7121974060e-01 -1.4936444720e-01 1.8075527852e-02
     vertex 5.5820370973e-01 -2.9872889440e-01 3.0823574866e-02
     vertex 5.8661105136e-01 -2.9881265366e-01 2.7798986177e-02
   endloop
 endfacet
 facet normal  1.0580964410e-01 7.5407945311e-02 9.9152305117e-01
   outer loop
     vertex 5.7121974060e-01 -1.4936444720e-01 1.8075527852e-02
     vertex 5.8661105136e-01 -2.9881265366e-01 2.7798986177e-02
     vertex 6.0156394642e-01 -1.4940632683e-01 1.4840553579e-02
   endloop
 endfacet
 facet normal  1.1349354826e-01 7.4570687572e-02 9.9073630551e-01
   outer loop
     vertex 6.0156394642e-01 -1.4940632683e-01 1.4840553579e-02
     vertex 5.8661105136e-01 -2.9881265366e-01 2.7798986177e-02
     vertex 6.0106446614e-01 -2.9885840943e-01 2.6146722824e-02
   endloop
 endfacet
 facet normal  1.1351367395e-01 7.4570447251e-02 9.9073401790e-01
   outer loop
     vertex 6.0156394642e-01 -1.4940632683e-01 1.4840553579e-02
     vertex 6.0106446614e-01 -2.9885840943e-01 2.6146722824e-02
     vertex 6.1700282131e-01 -1.4942920471e-01 1.3073361412e-02
   endloop
 endfacet
 facet normal  1.1333154954e-01 -9.8584156711e-02 -9.8865419835e-01
   outer loop
     vertex 6.0106446614e-01 -2.9885840943e-01 2.6146722824e-02
     vertex 5.8512611098e-01 -4.4828761414e-01 3.9220084236e-02
     vertex 5.8661105136e-01 -2.9890416519e-01 2.4494459471e-02
   endloop
 endfacet
 facet normal  1.1335458238e-01 -9.8584125675e-02 -9.8865156087e-01
   outer loop
     vertex 5.8512611098e-01 -4.4828761414e-01 3.9220084236e-02
     vertex 5.7165815629e-01 -4.4835624779e-01 3.7682749698e-02
     vertex 5.8661105136e-01 -2.9890416519e-01 2.4494459471e-02
   endloop
 endfacet
 facet normal  1.0565053033e-01 -9.7894630796e-02 -9.8957294158e-01
   outer loop
     vertex 5.8661105136e-01 -2.9890416519e-01 2.4494459471e-02
     vertex 5.7165815629e-01 -4.4835624779e-01 3.7682749698e-02
     vertex 5.5820370973e-01 -2.9898792446e-01 2.1469870783e-02
   endloop
 endfacet
 facet normal  1.0567066218e-01 -9.7892605831e-02 -9.8957099234e-01
   outer loop
     vertex 5.7165815629e-01 -4.4835624779e-01 3.7682749698e-02
     vertex 5.4518767887e-01 -4.4848188668e-01 3.4868546594e-02
     vertex 5.5820370973e-01 -2.9898792446e-01 2.1469870783e-02
   endloop
 endfacet
 facet normal  9.2474113671e-02 -9.6870952322e-02 -9.9099170375e-01
   outer loop
     vertex 5.5820370973e-01 -2.9898792446e-01 2.1469870783e-02
     vertex 5.4518767887e-01 -4.4848188668e-01 3.4868546594e-02
     vertex 5.0974706767e-01 -2.9911280534e-01 1.6960360079e-02
   endloop
 endfacet
 facet normal  9.2489977554e-02 -9.6867056480e-02 -9.9099060410e-01
   outer loop
     vertex 5.4518767887e-01 -4.4848188668e-01 3.4868546594e-02
     vertex 5.0003489877e-01 -4.4866920800e-01 3.0672710291e-02
     vertex 5.0974706767e-01 -2.9911280534e-01 1.6960360079e-02
   endloop
 endfacet
 facet normal  6.9617413649e-02 -9.5564649657e-02 -9.9298580728e-01
   outer loop
     vertex 5.0974706767e-01 -2.9911280534e-01 1.6960360079e-02
     vertex 5.0003489877e-01 -4.4866920800e-01 3.0672710291e-02
     vertex 4.4412420264e-01 -2.9923987464e-01 1.2371824398e-02
   endloop
 endfacet
 facet normal  6.9627637448e-02 -9.5560782098e-02 -9.9298546265e-01
   outer loop
     vertex 5.0003489877e-01 -4.4866920800e-01 3.0672710291e-02
     vertex 4.3888631998e-01 -4.4885981196e-01 2.6403345863e-02
     vertex 4.4412420264e-01 -2.9923987464e-01 1.2371824398e-02
   endloop
 endfacet
 facet normal  2.6763323893e-02 -9.4266670954e-02 -9.9518717799e-01
   outer loop
     vertex 4.4412420264e-01 -2.9923987464e-01 1.2371824398e-02
     vertex 4.3888631998e-01 -4.4885981196e-01 2.6403345863e-02
     vertex 3.7761710883e-01 -4.4893306296e-01 2.4762586565e-02
   endloop
 endfacet
 facet normal  2.6760068609e-02 -9.4265243107e-02 -9.9518740078e-01
   outer loop
     vertex 4.4412420264e-01 -2.9923987464e-01 1.2371824398e-02
     vertex 3.7761710883e-01 -4.4893306296e-01 2.4762586565e-02
     vertex 3.7837187847e-01 -2.9928870864e-01 1.0608404407e-02
   endloop
 endfacet
 facet normal  -4.8951332189e-02 -9.3807590745e-02 -9.9438619409e-01
   outer loop
     vertex 3.7837187847e-01 -2.9928870864e-01 1.0608404407e-02
     vertex 3.7761710883e-01 -4.4893306296e-01 2.4762586565e-02
     vertex 3.3234167307e-01 -4.4883397623e-01 2.6982043977e-02
   endloop
 endfacet
 facet normal  -4.8945694618e-02 -9.3809338329e-02 -9.9438630673e-01
   outer loop
     vertex 3.7837187847e-01 -2.9928870864e-01 1.0608404407e-02
     vertex 3.3234167307e-01 -4.4883397623e-01 2.6982043977e-02
     vertex 3.2978360595e-01 -2.9922265082e-01 1.2993785111e-02
   endloop
 endfacet
 facet normal  -1.7971116719e-01 -9.4621385861e-02 -9.7915815358e-01
   outer loop
     vertex 3.2978360595e-01 -2.9922265082e-01 1.2993785111e-02
     vertex 3.3234167307e-01 -4.4883397623e-01 2.6982043977e-02
     vertex 3.0619362796e-01 -4.4862064202e-01 3.1760546521e-02
   endloop
 endfacet
 facet normal  -1.7968432981e-01 -9.4626183935e-02 -9.7916261516e-01
   outer loop
     vertex 3.2978360595e-01 -2.9922265082e-01 1.2993785111e-02
     vertex 3.0619362796e-01 -4.4862064202e-01 3.1760546521e-02
     vertex 3.0172228925e-01 -2.9908042801e-01 1.8129521307e-02
   endloop
 endfacet
 facet normal  -5.7942312844e-01 -9.1151080728e-02 -8.0991377239e-01
   outer loop
     vertex 3.0172228925e-01 -2.9908042801e-01 1.8129521307e-02
     vertex 3.0619362796e-01 -4.4862064202e-01 3.1760546521e-02
     vertex 2.9571434627e-01 -4.4828761414e-01 3.9220084236e-02
   endloop
 endfacet
 facet normal  -5.7926043646e-01 -9.1173720120e-02 -8.1002759182e-01
   outer loop
     vertex 3.0172228925e-01 -2.9908042801e-01 1.8129521307e-02
     vertex 2.9571434627e-01 -4.4828761414e-01 3.9220084236e-02
     vertex 2.9047623085e-01 -2.9885840943e-01 2.6146722824e-02
   endloop
 endfacet
 facet normal  -5.8040126308e-01 5.0760671664e-02 8.1274702585e-01
   outer loop
     vertex 2.9047623085e-01 -2.9885840943e-01 2.6146722824e-02
     vertex 2.9571434627e-01 -4.4828761414e-01 3.9220084236e-02
     vertex 3.0172228925e-01 -2.9863639084e-01 3.4163924342e-02
   endloop
 endfacet
 facet normal  -5.8023890021e-01 5.0758075466e-02 8.1286311053e-01
   outer loop
     vertex 2.9571434627e-01 -4.4828761414e-01 3.9220084236e-02
     vertex 3.0619362796e-01 -4.4795458626e-01 4.6679621952e-02
     vertex 3.0172228925e-01 -2.9863639084e-01 3.4163924342e-02
   endloop
 endfacet
 facet normal  -1.7987289175e-01 7.6813806992e-02 9.8068617910e-01
   outer loop
     vertex 3.0172228925e-01 -2.9863639084e-01 3.4163924342e-02
     vertex 3.0619362796e-01 -4.4795458626e-01 4.6679621952e-02
     vertex 3.2978360595e-01 -2.9849416804e-01 3.9299660537e-02
   endloop
 endfacet
 facet normal  -1.7984604816e-01 7.6809828631e-02 9.8069141384e-01
   outer loop
     vertex 3.0619362796e-01 -4.4795458626e-01 4.6679621952e-02
     vertex 3.3234167307e-01 -4.4774125206e-01 5.1458124496e-02
     vertex 3.2978360595e-01 -2.9849416804e-01 3.9299660537e-02
   endloop
 endfacet
 facet normal  -4.8985352110e-02 8.0264779072e-02 9.9556918420e-01
   outer loop
     vertex 3.2978360595e-01 -2.9849416804e-01 3.9299660537e-02
     vertex 3.3234167307e-01 -4.4774125206e-01 5.1458124496e-02
     vertex 3.7837187847e-01 -2.9842811022e-01 4.1685041241e-02
   endloop
 endfacet
 facet normal  -4.8979701594e-02 8.0263064377e-02 9.9556960044e-01
   outer loop
     vertex 3.3234167307e-01 -4.4774125206e-01 5.1458124496e-02
     vertex 3.7761710883e-01 -4.4764216533e-01 5.3677581907e-02
     vertex 3.7837187847e-01 -2.9842811022e-01 4.1685041241e-02
   endloop
 endfacet
 facet normal  2.6783003773e-02 7.9949710004e-02 9.9643901699e-01
   outer loop
     vertex 3.7837187847e-01 -2.9842811022e-01 4.1685041241e-02
     vertex 3.7761710883e-01 -4.4764216533e-01 5.3677581907e-02
     vertex 4.4412420264e-01 -2.9847694422e-01 3.9921621250e-02
   endloop
 endfacet
 facet normal  2.6779731710e-02 7.9951166227e-02 9.9643898809e-01
   outer loop
     vertex 3.7761710883e-01 -4.4764216533e-01 5.3677581907e-02
     vertex 4.3888631998e-01 -4.4771541633e-01 5.2036822610e-02
     vertex 4.4412420264e-01 -2.9847694422e-01 3.9921621250e-02
   endloop
 endfacet
 facet normal  6.9679036019e-02 7.8287518915e-02 9.9449278344e-01
   outer loop
     vertex 4.4412420264e-01 -2.9847694422e-01 3.9921621250e-02
     vertex 4.3888631998e-01 -4.4771541633e-01 5.2036822610e-02
     vertex 5.0003489877e-01 -4.4790602028e-01 4.7767458182e-02
   endloop
 endfacet
 facet normal  6.9689267377e-02 7.8291293856e-02 9.9449176936e-01
   outer loop
     vertex 4.4412420264e-01 -2.9847694422e-01 3.9921621250e-02
     vertex 5.0003489877e-01 -4.4790602028e-01 4.7767458182e-02
     vertex 5.0974706767e-01 -2.9860401352e-01 3.5333085570e-02
   endloop
 endfacet
 facet normal  9.2569716612e-02 7.6657926477e-02 9.9275093043e-01
   outer loop
     vertex 5.0974706767e-01 -2.9860401352e-01 3.5333085570e-02
     vertex 5.0003489877e-01 -4.4790602028e-01 4.7767458182e-02
     vertex 5.4518767887e-01 -4.4809334160e-01 4.3571621879e-02
   endloop
 endfacet
 facet normal  9.2585585269e-02 7.6661591434e-02 9.9274916761e-01
   outer loop
     vertex 5.0974706767e-01 -2.9860401352e-01 3.5333085570e-02
     vertex 5.4518767887e-01 -4.4809334160e-01 4.3571621879e-02
     vertex 5.5820370973e-01 -2.9872889440e-01 3.0823574866e-02
   endloop
 endfacet
 facet normal  1.0577190148e-01 7.5408194136e-02 9.9152705919e-01
   outer loop
     vertex 5.5820370973e-01 -2.9872889440e-01 3.0823574866e-02
     vertex 5.4518767887e-01 -4.4809334160e-01 4.3571621879e-02
     vertex 5.7165815629e-01 -4.4821898050e-01 4.0757418775e-02
   endloop
 endfacet
 facet normal  1.0579205043e-01 7.5409856342e-02 9.9152478317e-01
   outer loop
     vertex 5.5820370973e-01 -2.9872889440e-01 3.0823574866e-02
     vertex 5.7165815629e-01 -4.4821898050e-01 4.0757418775e-02
     vertex 5.8661105136e-01 -2.9881265366e-01 2.7798986177e-02
   endloop
 endfacet
 facet normal  1.1347046971e-01 7.4573210131e-02 9.9073875913e-01
   outer loop
     vertex 5.8661105136e-01 -2.9881265366e-01 2.7798986177e-02
     vertex 5.7165815629e-01 -4.4821898050e-01 4.0757418775e-02
     vertex 5.8512611098e-01 -4.4828761414e-01 3.9220084236e-02
   endloop
 endfacet
 facet normal  1.1349353702e-01 7.4572781551e-02 9.9073614919e-01
   outer loop
     vertex 5.8661105136e-01 -2.9881265366e-01 2.7798986177e-02
     vertex 5.8512611098e-01 -4.4828761414e-01 3.9220084236e-02
     vertex 6.0106446614e-01 -2.9885840943e-01 2.6146722824e-02
   endloop
 endfacet
 facet normal  1.1335456851e-01 -9.8586361831e-02 -9.8865133948e-01
   outer loop
     vertex 5.8512611098e-01 -4.4828761414e-01 3.9220084236e-02
     vertex 5.6918775581e-01 -5.9771681886e-01 5.2293445649e-02
     vertex 5.7165815629e-01 -4.4835624779e-01 3.7682749698e-02
   endloop
 endfacet
 facet normal  1.1338124326e-01 -9.8586502441e-02 -9.8864826668e-01
   outer loop
     vertex 5.6918775581e-01 -5.9771681886e-01 5.2293445649e-02
     vertex 5.5670526122e-01 -5.9780833038e-01 5.0871039924e-02
     vertex 5.7165815629e-01 -4.4835624779e-01 3.7682749698e-02
   endloop
 endfacet
 facet normal  1.0567064031e-01 -9.7896437575e-02 -9.8957061561e-01
   outer loop
     vertex 5.7165815629e-01 -4.4835624779e-01 3.7682749698e-02
     vertex 5.5670526122e-01 -5.9780833038e-01 5.0871039924e-02
     vertex 5.4518767887e-01 -4.4848188668e-01 3.4868546594e-02
   endloop
 endfacet
 facet normal  1.0569394944e-01 -9.7894394628e-02 -9.8956832839e-01
   outer loop
     vertex 5.5670526122e-01 -5.9780833038e-01 5.0871039924e-02
     vertex 5.3217164801e-01 -5.9797584891e-01 4.8267222405e-02
     vertex 5.4518767887e-01 -4.4848188668e-01 3.4868546594e-02
   endloop
 endfacet
 facet normal  9.2489952448e-02 -9.6872188055e-02 -9.9099010483e-01
   outer loop
     vertex 5.4518767887e-01 -4.4848188668e-01 3.4868546594e-02
     vertex 5.3217164801e-01 -5.9797584891e-01 4.8267222405e-02
     vertex 5.0003489877e-01 -4.4866920800e-01 3.0672710291e-02
   endloop
 endfacet
 facet normal  9.2508314428e-02 -9.6868081162e-02 -9.9098879238e-01
   outer loop
     vertex 5.3217164801e-01 -5.9797584891e-01 4.8267222405e-02
     vertex 4.9032272986e-01 -5.9822561067e-01 4.4385060502e-02
     vertex 5.0003489877e-01 -4.4866920800e-01 3.0672710291e-02
   endloop
 endfacet
 facet normal  6.9627621462e-02 -9.5565241705e-02 -9.9298503458e-01
   outer loop
     vertex 5.0003489877e-01 -4.4866920800e-01 3.0672710291e-02
     vertex 4.9032272986e-01 -5.9822561067e-01 4.4385060502e-02
     vertex 4.3888631998e-01 -4.4885981196e-01 2.6403345863e-02
   endloop
 endfacet
 facet normal  6.9639453611e-02 -9.5561115044e-02 -9.9298460199e-01
   outer loop
     vertex 4.9032272986e-01 -5.9822561067e-01 4.4385060502e-02
     vertex 4.3364843733e-01 -5.9847974928e-01 4.0434867328e-02
     vertex 4.3888631998e-01 -4.4885981196e-01 2.6403345863e-02
   endloop
 endfacet
 facet normal  2.6767096049e-02 -9.4266792416e-02 -9.9518706504e-01
   outer loop
     vertex 4.3888631998e-01 -4.4885981196e-01 2.6403345863e-02
     vertex 4.3364843733e-01 -5.9847974928e-01 4.0434867328e-02
     vertex 3.7686233919e-01 -5.9857741727e-01 3.8916768723e-02
   endloop
 endfacet
 facet normal  2.6763325796e-02 -9.4265251178e-02 -9.9518731243e-01
   outer loop
     vertex 4.3888631998e-01 -4.4885981196e-01 2.6403345863e-02
     vertex 3.7686233919e-01 -5.9857741727e-01 3.8916768723e-02
     vertex 3.7761710883e-01 -4.4893306296e-01 2.4762586565e-02
   endloop
 endfacet
 facet normal  -4.8957853437e-02 -9.3807528046e-02 -9.9438587896e-01
   outer loop
     vertex 3.7761710883e-01 -4.4893306296e-01 2.4762586565e-02
     vertex 3.7686233919e-01 -5.9857741727e-01 3.8916768723e-02
     vertex 3.3489974020e-01 -5.9844530164e-01 4.0970302842e-02
   endloop
 endfacet
 facet normal  -4.8951327772e-02 -9.3809408103e-02 -9.9438602286e-01
   outer loop
     vertex 3.7761710883e-01 -4.4893306296e-01 2.4762586565e-02
     vertex 3.3489974020e-01 -5.9844530164e-01 4.0970302842e-02
     vertex 3.3234167307e-01 -4.4883397623e-01 2.6982043977e-02
   endloop
 endfacet
 facet normal  -1.7974217728e-01 -9.4621383906e-02 -9.7915246178e-01
   outer loop
     vertex 3.3234167307e-01 -4.4883397623e-01 2.6982043977e-02
     vertex 3.3489974020e-01 -5.9844530164e-01 4.0970302842e-02
     vertex 3.1066496668e-01 -5.9816085603e-01 4.5391571735e-02
   endloop
 endfacet
 facet normal  -1.7971111986e-01 -9.4626533732e-02 -9.7915766479e-01
   outer loop
     vertex 3.3234167307e-01 -4.4883397623e-01 2.6982043977e-02
     vertex 3.1066496668e-01 -5.9816085603e-01 4.5391571735e-02
     vertex 3.0619362796e-01 -4.4862064202e-01 3.1760546521e-02
   endloop
 endfacet
 facet normal  -5.7961078054e-01 -9.1144518794e-02 -8.0978022931e-01
   outer loop
     vertex 3.0619362796e-01 -4.4862064202e-01 3.1760546521e-02
     vertex 3.1066496668e-01 -5.9816085603e-01 4.5391571735e-02
     vertex 3.0095246170e-01 -5.9771681886e-01 5.2293445649e-02
   endloop
 endfacet
 facet normal  -5.7942254482e-01 -9.1169301882e-02 -8.0991213903e-01
   outer loop
     vertex 3.0619362796e-01 -4.4862064202e-01 3.1760546521e-02
     vertex 3.0095246170e-01 -5.9771681886e-01 5.2293445649e-02
     vertex 2.9571434627e-01 -4.4828761414e-01 3.9220084236e-02
   endloop
 endfacet
 facet normal  -5.8023874588e-01 5.0776433986e-02 8.1286207411e-01
   outer loop
     vertex 2.9571434627e-01 -4.4828761414e-01 3.9220084236e-02
     vertex 3.0095246170e-01 -5.9771681886e-01 5.2293445649e-02
     vertex 3.0619362796e-01 -4.4795458626e-01 4.6679621952e-02
   endloop
 endfacet
 facet normal  -5.8005063542e-01 5.0774886529e-02 8.1299641528e-01
   outer loop
     vertex 3.0095246170e-01 -5.9771681886e-01 5.2293445649e-02
     vertex 3.1066496668e-01 -5.9727278168e-01 5.9195319562e-02
     vertex 3.0619362796e-01 -4.4795458626e-01 4.6679621952e-02
   endloop
 endfacet
 facet normal  -1.7984601726e-01 7.6815016934e-02 9.8069101314e-01
   outer loop
     vertex 3.0619362796e-01 -4.4795458626e-01 4.6679621952e-02
     vertex 3.1066496668e-01 -5.9727278168e-01 5.9195319562e-02
     vertex 3.3234167307e-01 -4.4774125206e-01 5.1458124496e-02
   endloop
 endfacet
 facet normal  -1.7981491896e-01 7.6810820868e-02 9.8069704431e-01
   outer loop
     vertex 3.1066496668e-01 -5.9727278168e-01 5.9195319562e-02
     vertex 3.3489974020e-01 -5.9698833607e-01 6.3616588455e-02
     vertex 3.3234167307e-01 -4.4774125206e-01 5.1458124496e-02
   endloop
 endfacet
 facet normal  -4.8979698368e-02 8.0264897856e-02 9.9556945279e-01
   outer loop
     vertex 3.3234167307e-01 -4.4774125206e-01 5.1458124496e-02
     vertex 3.3489974020e-01 -5.9698833607e-01 6.3616588455e-02
     vertex 3.7761710883e-01 -4.4764216533e-01 5.3677581907e-02
   endloop
 endfacet
 facet normal  -4.8973153698e-02 8.0263057192e-02 9.9556992314e-01
   outer loop
     vertex 3.3489974020e-01 -5.9698833607e-01 6.3616588455e-02
     vertex 3.7686233919e-01 -5.9685622044e-01 6.5670122574e-02
     vertex 3.7761710883e-01 -4.4764216533e-01 5.3677581907e-02
   endloop
 endfacet
 facet normal  2.6779733075e-02 7.9949733462e-02 9.9643910301e-01
   outer loop
     vertex 3.7761710883e-01 -4.4764216533e-01 5.3677581907e-02
     vertex 3.7686233919e-01 -5.9685622044e-01 6.5670122574e-02
     vertex 4.3888631998e-01 -4.4771541633e-01 5.2036822610e-02
   endloop
 endfacet
 facet normal  2.6775945313e-02 7.9951306467e-02 9.9643907859e-01
   outer loop
     vertex 3.7686233919e-01 -5.9685622044e-01 6.5670122574e-02
     vertex 4.3364843733e-01 -5.9695388843e-01 6.4152023970e-02
     vertex 4.3888631998e-01 -4.4771541633e-01 5.2036822610e-02
   endloop
 endfacet
 facet normal  6.9667172990e-02 7.8287999674e-02 9.9449357671e-01
   outer loop
     vertex 4.3888631998e-01 -4.4771541633e-01 5.2036822610e-02
     vertex 4.3364843733e-01 -5.9695388843e-01 6.4152023970e-02
     vertex 4.9032272986e-01 -5.9720802704e-01 6.0201830795e-02
   endloop
 endfacet
 facet normal  6.9679025373e-02 7.8292015143e-02 9.9449243023e-01
   outer loop
     vertex 4.3888631998e-01 -4.4771541633e-01 5.2036822610e-02
     vertex 4.9032272986e-01 -5.9720802704e-01 6.0201830795e-02
     vertex 5.0003489877e-01 -4.4790602028e-01 4.7767458182e-02
   endloop
 endfacet
 facet normal  9.2551320876e-02 7.6659257413e-02 9.9275254281e-01
   outer loop
     vertex 5.0003489877e-01 -4.4790602028e-01 4.7767458182e-02
     vertex 4.9032272986e-01 -5.9720802704e-01 6.0201830795e-02
     vertex 5.3217164801e-01 -5.9745778880e-01 5.6319668893e-02
   endloop
 endfacet
 facet normal  9.2569701110e-02 7.6663092155e-02 9.9275053298e-01
   outer loop
     vertex 5.0003489877e-01 -4.4790602028e-01 4.7767458182e-02
     vertex 5.3217164801e-01 -5.9745778880e-01 5.6319668893e-02
     vertex 5.4518767887e-01 -4.4809334160e-01 4.3571621879e-02
   endloop
 endfacet
 facet normal  1.0574855769e-01 7.5410426402e-02 9.9152937936e-01
   outer loop
     vertex 5.4518767887e-01 -4.4809334160e-01 4.3571621879e-02
     vertex 5.3217164801e-01 -5.9745778880e-01 5.6319668893e-02
     vertex 5.5670526122e-01 -5.9762530733e-01 5.3715851373e-02
   endloop
 endfacet
 facet normal  1.0577188876e-01 7.5412046277e-02 9.9152676758e-01
   outer loop
     vertex 5.4518767887e-01 -4.4809334160e-01 4.3571621879e-02
     vertex 5.5670526122e-01 -5.9762530733e-01 5.3715851373e-02
     vertex 5.7165815629e-01 -4.4821898050e-01 4.0757418775e-02
   endloop
 endfacet
 facet normal  1.1344375809e-01 7.4576129736e-02 9.9074159831e-01
   outer loop
     vertex 5.7165815629e-01 -4.4821898050e-01 4.0757418775e-02
     vertex 5.5670526122e-01 -5.9762530733e-01 5.3715851373e-02
     vertex 5.6918775581e-01 -5.9771681886e-01 5.2293445649e-02
   endloop
 endfacet
 facet normal  1.1347046196e-01 7.4575456399e-02 9.9073859093e-01
   outer loop
     vertex 5.7165815629e-01 -4.4821898050e-01 4.0757418775e-02
     vertex 5.6918775581e-01 -5.9771681886e-01 5.2293445649e-02
     vertex 5.8512611098e-01 -4.4828761414e-01 3.9220084236e-02
   endloop
 endfacet
 facet normal  1.1338123365e-01 -9.8588916181e-02 -9.8864802709e-01
   outer loop
     vertex 5.6918775581e-01 -5.9771681886e-01 5.2293445649e-02
     vertex 5.5324940065e-01 -7.4714602357e-01 6.5366807061e-02
     vertex 5.5670526122e-01 -5.9780833038e-01 5.0871039924e-02
   endloop
 endfacet
 facet normal  1.1341248942e-01 -9.8589287894e-02 -9.8864440501e-01
   outer loop
     vertex 5.5324940065e-01 -7.4714602357e-01 6.5366807061e-02
     vertex 5.4175236616e-01 -7.4726041298e-01 6.4059330150e-02
     vertex 5.5670526122e-01 -5.9780833038e-01 5.0871039924e-02
   endloop
 endfacet
 facet normal  1.0569393443e-01 -9.7898530387e-02 -9.8956792085e-01
   outer loop
     vertex 5.5670526122e-01 -5.9780833038e-01 5.0871039924e-02
     vertex 5.4175236616e-01 -7.4726041298e-01 6.4059330150e-02
     vertex 5.3217164801e-01 -5.9797584891e-01 4.8267222405e-02
   endloop
 endfacet
 facet normal  1.0572123931e-01 -9.7896490820e-02 -9.8956520586e-01
   outer loop
     vertex 5.4175236616e-01 -7.4726041298e-01 6.4059330150e-02
     vertex 5.1915561714e-01 -7.4746981114e-01 6.1665898215e-02
     vertex 5.3217164801e-01 -5.9797584891e-01 4.8267222405e-02
   endloop
 endfacet
 facet normal  9.2508297408e-02 -9.6873619291e-02 -9.9098825260e-01
   outer loop
     vertex 5.3217164801e-01 -5.9797584891e-01 4.8267222405e-02
     vertex 5.1915561714e-01 -7.4746981114e-01 6.1665898215e-02
     vertex 4.9032272986e-01 -5.9822561067e-01 4.4385060502e-02
   endloop
 endfacet
 facet normal  9.2529800155e-02 -9.6869281766e-02 -9.9098666910e-01
   outer loop
     vertex 5.1915561714e-01 -7.4746981114e-01 6.1665898215e-02
     vertex 4.8061056096e-01 -7.4778201334e-01 5.8097410714e-02
     vertex 4.9032272986e-01 -5.9822561067e-01 4.4385060502e-02
   endloop
 endfacet
 facet normal  6.9639442962e-02 -9.5565927334e-02 -9.9298413961e-01
   outer loop
     vertex 4.9032272986e-01 -5.9822561067e-01 4.4385060502e-02
     vertex 4.8061056096e-01 -7.4778201334e-01 5.8097410714e-02
     vertex 4.3364843733e-01 -5.9847974928e-01 4.0434867328e-02
   endloop
 endfacet
 facet normal  6.9653296801e-02 -9.5561505089e-02 -9.9298359351e-01
   outer loop
     vertex 4.8061056096e-01 -7.4778201334e-01 5.8097410714e-02
     vertex 4.2841055468e-01 -7.4809968659e-01 5.4466388792e-02
     vertex 4.3364843733e-01 -5.9847974928e-01 4.0434867328e-02
   endloop
 endfacet
 facet normal  2.6771515034e-02 -9.4266934704e-02 -9.9518693269e-01
   outer loop
     vertex 4.3364843733e-01 -5.9847974928e-01 4.0434867328e-02
     vertex 4.2841055468e-01 -7.4809968659e-01 5.4466388792e-02
     vertex 3.7610756955e-01 -7.4822177159e-01 5.3070950882e-02
   endloop
 endfacet
 facet normal  2.6767097292e-02 -9.4265260523e-02 -9.9518721011e-01
   outer loop
     vertex 4.3364843733e-01 -5.9847974928e-01 4.0434867328e-02
     vertex 3.7610756955e-01 -7.4822177159e-01 5.3070950882e-02
     vertex 3.7686233919e-01 -5.9857741727e-01 3.8916768723e-02
   endloop
 endfacet
 facet normal  -4.8965492526e-02 -9.3807454595e-02 -9.9438550975e-01
   outer loop
     vertex 3.7686233919e-01 -5.9857741727e-01 3.8916768723e-02
     vertex 3.7610756955e-01 -7.4822177159e-01 5.3070950882e-02
     vertex 3.3745780732e-01 -7.4805662704e-01 5.4958561708e-02
   endloop
 endfacet
 facet normal  -4.8957850565e-02 -9.3809488894e-02 -9.9438569412e-01
   outer loop
     vertex 3.7686233919e-01 -5.9857741727e-01 3.8916768723e-02
     vertex 3.3745780732e-01 -7.4805662704e-01 5.4958561708e-02
     vertex 3.3489974020e-01 -5.9844530164e-01 4.0970302842e-02
   endloop
 endfacet
 facet normal  -1.7977850753e-01 -9.4621381496e-02 -9.7914579221e-01
   outer loop
     vertex 3.3489974020e-01 -5.9844530164e-01 4.0970302842e-02
     vertex 3.3745780732e-01 -7.4805662704e-01 5.4958561708e-02
     vertex 3.1513630539e-01 -7.4770107003e-01 5.9022596949e-02
   endloop
 endfacet
 facet normal  -1.7974214560e-01 -9.4626938748e-02 -9.7915193078e-01
   outer loop
     vertex 3.3489974020e-01 -5.9844530164e-01 4.0970302842e-02
     vertex 3.1513630539e-01 -7.4770107003e-01 5.9022596949e-02
     vertex 3.1066496668e-01 -5.9816085603e-01 4.5391571735e-02
   endloop
 endfacet
 facet normal  -5.7983068288e-01 -9.1136821584e-02 -8.0962365266e-01
   outer loop
     vertex 3.1066496668e-01 -5.9816085603e-01 4.5391571735e-02
     vertex 3.1513630539e-01 -7.4770107003e-01 5.9022596949e-02
     vertex 3.0619057712e-01 -7.4714602357e-01 6.5366807061e-02
   endloop
 endfacet
 facet normal  -5.7961033390e-01 -9.1164178420e-02 -8.0977833597e-01
   outer loop
     vertex 3.1066496668e-01 -5.9816085603e-01 4.5391571735e-02
     vertex 3.0619057712e-01 -7.4714602357e-01 6.5366807061e-02
     vertex 3.0095246170e-01 -5.9771681886e-01 5.2293445649e-02
   endloop
 endfacet
 facet normal  -5.8005065286e-01 5.0794671543e-02 8.1299516694e-01
   outer loop
     vertex 3.0095246170e-01 -5.9771681886e-01 5.2293445649e-02
     vertex 3.0619057712e-01 -7.4714602357e-01 6.5366807061e-02
     vertex 3.1066496668e-01 -5.9727278168e-01 5.9195319562e-02
   endloop
 endfacet
 facet normal  -5.7983017830e-01 5.0794565225e-02 8.1315243127e-01
   outer loop
     vertex 3.0619057712e-01 -7.4714602357e-01 6.5366807061e-02
     vertex 3.1513630539e-01 -7.4659097711e-01 7.1711017172e-02
     vertex 3.1066496668e-01 -5.9727278168e-01 5.9195319562e-02
   endloop
 endfacet
 facet normal  -1.7981490514e-01 7.6816417583e-02 9.8069660848e-01
   outer loop
     vertex 3.1066496668e-01 -5.9727278168e-01 5.9195319562e-02
     vertex 3.1513630539e-01 -7.4659097711e-01 7.1711017172e-02
     vertex 3.3489974020e-01 -5.9698833607e-01 6.3616588455e-02
   endloop
 endfacet
 facet normal  -1.7977845751e-01 7.6811982963e-02 9.8070363795e-01
   outer loop
     vertex 3.1513630539e-01 -7.4659097711e-01 7.1711017172e-02
     vertex 3.3745780732e-01 -7.4623542009e-01 7.5775052414e-02
     vertex 3.3489974020e-01 -5.9698833607e-01 6.3616588455e-02
   endloop
 endfacet
 facet normal  -4.8973152125e-02 8.0265035389e-02 9.9556976374e-01
   outer loop
     vertex 3.3489974020e-01 -5.9698833607e-01 6.3616588455e-02
     vertex 3.3745780732e-01 -7.4623542009e-01 7.5775052414e-02
     vertex 3.7686233919e-01 -5.9685622044e-01 6.5670122574e-02
   endloop
 endfacet
 facet normal  -4.8965483217e-02 8.0263048770e-02 9.9557030111e-01
   outer loop
     vertex 3.3745780732e-01 -7.4623542009e-01 7.5775052414e-02
     vertex 3.7610756955e-01 -7.4607027554e-01 7.7662663240e-02
     vertex 3.7686233919e-01 -5.9685622044e-01 6.5670122574e-02
   endloop
 endfacet
 facet normal  2.6775945969e-02 7.9949760623e-02 9.9643920261e-01
   outer loop
     vertex 3.7686233919e-01 -5.9685622044e-01 6.5670122574e-02
     vertex 3.7610756955e-01 -7.4607027554e-01 7.7662663240e-02
     vertex 4.3364843733e-01 -5.9695388843e-01 6.4152023970e-02
   endloop
 endfacet
 facet normal  2.6771509994e-02 7.9951470740e-02 9.9643918459e-01
   outer loop
     vertex 3.7610756955e-01 -7.4607027554e-01 7.7662663240e-02
     vertex 4.2841055468e-01 -7.4619236054e-01 7.6267225329e-02
     vertex 4.3364843733e-01 -5.9695388843e-01 6.4152023970e-02
   endloop
 endfacet
 facet normal  6.9653277709e-02 7.8288562777e-02 9.9449450569e-01
   outer loop
     vertex 4.3364843733e-01 -5.9695388843e-01 6.4152023970e-02
     vertex 4.2841055468e-01 -7.4619236054e-01 7.6267225329e-02
     vertex 4.8061056096e-01 -7.4651003380e-01 7.2636203407e-02
   endloop
 endfacet
 facet normal  6.9667168149e-02 7.8292850171e-02 9.9449319520e-01
   outer loop
     vertex 4.3364843733e-01 -5.9695388843e-01 6.4152023970e-02
     vertex 4.8061056096e-01 -7.4651003380e-01 7.2636203407e-02
     vertex 4.9032272986e-01 -5.9720802704e-01 6.0201830795e-02
   endloop
 endfacet
 facet normal  9.2529777004e-02 7.6660816081e-02 9.9275443069e-01
   outer loop
     vertex 4.9032272986e-01 -5.9720802704e-01 6.0201830795e-02
     vertex 4.8061056096e-01 -7.4651003380e-01 7.2636203407e-02
     vertex 5.1915561714e-01 -7.4682223600e-01 6.9067715906e-02
   endloop
 endfacet
 facet normal  9.2551314273e-02 7.6664829301e-02 9.9275211316e-01
   outer loop
     vertex 4.9032272986e-01 -5.9720802704e-01 6.0201830795e-02
     vertex 5.1915561714e-01 -7.4682223600e-01 6.9067715906e-02
     vertex 5.3217164801e-01 -5.9745778880e-01 5.6319668893e-02
   endloop
 endfacet
 facet normal  1.0572122264e-01 7.5413040274e-02 9.9153209552e-01
   outer loop
     vertex 5.3217164801e-01 -5.9745778880e-01 5.6319668893e-02
     vertex 5.1915561714e-01 -7.4682223600e-01 6.9067715906e-02
     vertex 5.4175236616e-01 -7.4703163416e-01 6.6674283971e-02
   endloop
 endfacet
 facet normal  1.0574855258e-01 7.5414580980e-02 9.9152906392e-01
   outer loop
     vertex 5.3217164801e-01 -5.9745778880e-01 5.6319668893e-02
     vertex 5.4175236616e-01 -7.4703163416e-01 6.6674283971e-02
     vertex 5.5670526122e-01 -5.9762530733e-01 5.3715851373e-02
   endloop
 endfacet
 facet normal  1.1341248222e-01 7.4579548137e-02 9.9074492170e-01
   outer loop
     vertex 5.5670526122e-01 -5.9762530733e-01 5.3715851373e-02
     vertex 5.4175236616e-01 -7.4703163416e-01 6.6674283971e-02
     vertex 5.5324940065e-01 -7.4714602357e-01 6.5366807061e-02
   endloop
 endfacet
 facet normal  1.1344375511e-01 7.4578552182e-02 9.9074141630e-01
   outer loop
     vertex 5.5670526122e-01 -5.9762530733e-01 5.3715851373e-02
     vertex 5.5324940065e-01 -7.4714602357e-01 6.5366807061e-02
     vertex 5.6918775581e-01 -5.9771681886e-01 5.2293445649e-02
   endloop
 endfacet
 facet normal  -9.1989312262e-15 -9.9619469809e-01 8.7155742748e-02
   outer loop
     vertex 5.5324940065e-01 -7.4714602357e-01 6.5366807061e-02
     vertex 5.4175236616e-01 -7.4720321827e-01 6.4713068606e-02
     vertex 5.4175236616e-01 -7.4726041298e-01 6.4059330150e-02
   endloop
 endfacet
 facet normal  -2.3285664737e-15 -9.9619469809e-01 8.7155742748e-02
   outer loop
     vertex 5.4175236616e-01 -7.4726041298e-01 6.4059330150e-02
     vertex 5.4175236616e-01 -7.4720321827e-01 6.4713068606e-02
     vertex 5.1915561714e-01 -7.4730791735e-01 6.3516352638e-02
   endloop
 endfacet
 facet normal  -2.7179875727e-16 -9.9619469809e-01 8.7155742748e-02
   outer loop
     vertex 5.4175236616e-01 -7.4726041298e-01 6.4059330150e-02
     vertex 5.1915561714e-01 -7.4730791735e-01 6.3516352638e-02
     vertex 5.1915561714e-01 -7.4746981114e-01 6.1665898215e-02
   endloop
 endfacet
 facet normal  -2.6137671128e-15 -9.9619469809e-01 8.7155742748e-02
   outer loop
     vertex 5.1915561714e-01 -7.4746981114e-01 6.1665898215e-02
     vertex 5.1915561714e-01 -7.4730791735e-01 6.3516352638e-02
     vertex 4.8061056096e-01 -7.4746401845e-01 6.1732108887e-02
   endloop
 endfacet
 facet normal  -2.6100677187e-15 -9.9619469809e-01 8.7155742748e-02
   outer loop
     vertex 5.1915561714e-01 -7.4746981114e-01 6.1665898215e-02
     vertex 4.8061056096e-01 -7.4746401845e-01 6.1732108887e-02
     vertex 4.8061056096e-01 -7.4778201334e-01 5.8097410714e-02
   endloop
 endfacet
 facet normal  -6.4876362328e-16 -9.9619469809e-01 8.7155742748e-02
   outer loop
     vertex 4.8061056096e-01 -7.4778201334e-01 5.8097410714e-02
     vertex 4.8061056096e-01 -7.4746401845e-01 6.1732108887e-02
     vertex 4.2841055468e-01 -7.4762285508e-01 5.9916597927e-02
   endloop
 endfacet
 facet normal  -8.5752433388e-16 -9.9619469809e-01 8.7155742748e-02
   outer loop
     vertex 4.8061056096e-01 -7.4778201334e-01 5.8097410714e-02
     vertex 4.2841055468e-01 -7.4762285508e-01 5.9916597927e-02
     vertex 4.2841055468e-01 -7.4809968659e-01 5.4466388792e-02
   endloop
 endfacet
 facet normal  3.4485046126e-15 -9.9619469809e-01 8.7155742748e-02
   outer loop
     vertex 4.2841055468e-01 -7.4809968659e-01 5.4466388792e-02
     vertex 4.2841055468e-01 -7.4762285508e-01 5.9916597927e-02
     vertex 3.7610756955e-01 -7.4822177159e-01 5.3070950882e-02
   endloop
 endfacet
 facet normal  2.7125549117e-15 -9.9619469809e-01 8.7155742748e-02
   outer loop
     vertex 4.2841055468e-01 -7.4762285508e-01 5.9916597927e-02
     vertex 3.7610756955e-01 -7.4768389758e-01 5.9218878971e-02
     vertex 3.7610756955e-01 -7.4822177159e-01 5.3070950882e-02
   endloop
 endfacet
 facet normal  -1.6512843955e-15 -9.9619469809e-01 8.7155742748e-02
   outer loop
     vertex 3.7610756955e-01 -7.4822177159e-01 5.3070950882e-02
     vertex 3.7610756955e-01 -7.4768389758e-01 5.9218878971e-02
     vertex 3.3745780732e-01 -7.4805662704e-01 5.4958561708e-02
   endloop
 endfacet
 facet normal  -2.1531740421e-15 -9.9619469809e-01 8.7155742748e-02
   outer loop
     vertex 3.7610756955e-01 -7.4768389758e-01 5.9218878971e-02
     vertex 3.3745780732e-01 -7.4760132531e-01 6.0162684384e-02
     vertex 3.3745780732e-01 -7.4805662704e-01 5.4958561708e-02
   endloop
 endfacet
 facet normal  -1.8968021960e-15 -9.9619469809e-01 8.7155742748e-02
   outer loop
     vertex 3.3745780732e-01 -7.4805662704e-01 5.4958561708e-02
     vertex 3.3745780732e-01 -7.4760132531e-01 6.0162684384e-02
     vertex 3.1513630539e-01 -7.4770107003e-01 5.9022596949e-02
   endloop
 endfacet
 facet normal  -6.6587251710e-16 -9.9619469809e-01 8.7155742748e-02
   outer loop
     vertex 3.3745780732e-01 -7.4760132531e-01 6.0162684384e-02
     vertex 3.1513630539e-01 -7.4742354680e-01 6.2194702005e-02
     vertex 3.1513630539e-01 -7.4770107003e-01 5.9022596949e-02
   endloop
 endfacet
 facet normal  0.0000000000e+00 -9.9619469809e-01 8.7155742748e-02
   outer loop
     vertex 3.1513630539e-01 -7.4770107003e-01 5.9022596949e-02
     vertex 3.1513630539e-01 -7.4742354680e-01 6.2194702005e-02
     vertex 3.0619057712e-01 -7.4714602357e-01 6.5366807061e-02
   endloop
 endfacet
 facet normal  1.2366422465e-14 -9.9619469809e-01 8.7155742748e-02
   outer loop
     vertex 3.0619057712e-01 -7.4714602357e-01 6.5366807061e-02
     vertex 3.1513630539e-01 -7.4686850034e-01 6.8538912117e-02
     vertex 3.1513630539e-01 -7.4659097711e-01 7.1711017172e-02
   endloop
 endfacet
 facet normal  3.7241192231e-15 -9.9619469809e-01 8.7155742748e-02
   outer loop
     vertex 3.1513630539e-01 -7.4659097711e-01 7.1711017172e-02
     vertex 3.1513630539e-01 -7.4686850034e-01 6.8538912117e-02
     vertex 3.3745780732e-01 -7.4669072183e-01 7.0570929737e-02
   endloop
 endfacet
 facet normal  5.6368348649e-15 -9.9619469809e-01 8.7155742748e-02
   outer loop
     vertex 3.1513630539e-01 -7.4659097711e-01 7.1711017172e-02
     vertex 3.3745780732e-01 -7.4669072183e-01 7.0570929737e-02
     vertex 3.3745780732e-01 -7.4623542009e-01 7.5775052414e-02
   endloop
 endfacet
 facet normal  5.5465469661e-15 -9.9619469809e-01 8.7155742748e-02
   outer loop
     vertex 3.3745780732e-01 -7.4623542009e-01 7.5775052414e-02
     vertex 3.3745780732e-01 -7.4669072183e-01 7.0570929737e-02
     vertex 3.7610756955e-01 -7.4660814956e-01 7.1514735150e-02
   endloop
 endfacet
 facet normal  7.4076973096e-15 -9.9619469809e-01 8.7155742748e-02
   outer loop
     vertex 3.3745780732e-01 -7.4623542009e-01 7.5775052414e-02
     vertex 3.7610756955e-01 -7.4660814956e-01 7.1514735150e-02
     vertex 3.7610756955e-01 -7.4607027554e-01 7.7662663240e-02
   endloop
 endfacet
 facet normal  -4.8346752335e-15 -9.9619469809e-01 8.7155742748e-02
   outer loop
     vertex 3.7610756955e-01 -7.4607027554e-01 7.7662663240e-02
     vertex 3.7610756955e-01 -7.4660814956e-01 7.1514735150e-02
     vertex 4.2841055468e-01 -7.4666919206e-01 7.0817016195e-02
   endloop
 endfacet
 facet normal  -5.5945697148e-15 -9.9619469809e-01 8.7155742748e-02
   outer loop
     vertex 3.7610756955e-01 -7.4607027554e-01 7.7662663240e-02
     vertex 4.2841055468e-01 -7.4666919206e-01 7.0817016195e-02
     vertex 4.2841055468e-01 -7.4619236054e-01 7.6267225329e-02
   endloop
 endfacet
 facet normal  2.9837249629e-15 -9.9619469809e-01 8.7155742748e-02
   outer loop
     vertex 4.2841055468e-01 -7.4619236054e-01 7.6267225329e-02
     vertex 4.2841055468e-01 -7.4666919206e-01 7.0817016195e-02
     vertex 4.8061056096e-01 -7.4651003380e-01 7.2636203407e-02
   endloop
 endfacet
 facet normal  2.7673910169e-15 -9.9619469809e-01 8.7155742748e-02
   outer loop
     vertex 4.2841055468e-01 -7.4666919206e-01 7.0817016195e-02
     vertex 4.8061056096e-01 -7.4682802868e-01 6.9001505234e-02
     vertex 4.8061056096e-01 -7.4651003380e-01 7.2636203407e-02
   endloop
 endfacet
 facet normal  -2.2849473751e-16 -9.9619469809e-01 8.7155742748e-02
   outer loop
     vertex 4.8061056096e-01 -7.4651003380e-01 7.2636203407e-02
     vertex 4.8061056096e-01 -7.4682802868e-01 6.9001505234e-02
     vertex 5.1915561714e-01 -7.4682223600e-01 6.9067715906e-02
   endloop
 endfacet
 facet normal  -2.2329778446e-16 -9.9619469809e-01 8.7155742748e-02
   outer loop
     vertex 4.8061056096e-01 -7.4682802868e-01 6.9001505234e-02
     vertex 5.1915561714e-01 -7.4698412978e-01 6.7217261483e-02
     vertex 5.1915561714e-01 -7.4682223600e-01 6.9067715906e-02
   endloop
 endfacet
 facet normal  -1.0279164138e-16 -9.9619469809e-01 8.7155742748e-02
   outer loop
     vertex 5.1915561714e-01 -7.4682223600e-01 6.9067715906e-02
     vertex 5.1915561714e-01 -7.4698412978e-01 6.7217261483e-02
     vertex 5.4175236616e-01 -7.4703163416e-01 6.6674283971e-02
   endloop
 endfacet
 facet normal  1.9983366557e-15 -9.9619469809e-01 8.7155742748e-02
   outer loop
     vertex 5.1915561714e-01 -7.4698412978e-01 6.7217261483e-02
     vertex 5.4175236616e-01 -7.4708882887e-01 6.6020545516e-02
     vertex 5.4175236616e-01 -7.4703163416e-01 6.6674283971e-02
   endloop
 endfacet
 facet normal  1.0146189590e-14 -9.9619469809e-01 8.7155742748e-02
   outer loop
     vertex 5.4175236616e-01 -7.4703163416e-01 6.6674283971e-02
     vertex 5.4175236616e-01 -7.4708882887e-01 6.6020545516e-02
     vertex 5.5324940065e-01 -7.4714602357e-01 6.5366807061e-02
   endloop
 endfacet
 facet normal  5.2601777669e-16 -9.9619469809e-01 8.7155742748e-02
   outer loop
     vertex 5.5324940065e-01 -7.4714602357e-01 6.5366807061e-02
     vertex 5.4175236616e-01 -7.4714602357e-01 6.5366807061e-02
     vertex 5.4175236616e-01 -7.4720321827e-01 6.4713068606e-02
   endloop
 endfacet
 facet normal  -2.1410671121e-16 -9.9619469809e-01 8.7155742748e-02
   outer loop
     vertex 5.4175236616e-01 -7.4720321827e-01 6.4713068606e-02
     vertex 5.4175236616e-01 -7.4714602357e-01 6.5366807061e-02
     vertex 5.1915561714e-01 -7.4714602357e-01 6.5366807061e-02
   endloop
 endfacet
 facet normal  2.2390289737e-15 -9.9619469809e-01 8.7155742748e-02
   outer loop
     vertex 5.4175236616e-01 -7.4720321827e-01 6.4713068606e-02
     vertex 5.1915561714e-01 -7.4714602357e-01 6.5366807061e-02
     vertex 5.1915561714e-01 -7.4730791735e-01 6.3516352638e-02
   endloop
 endfacet
 facet normal  0.0000000000e+00 -9.9619469809e-01 8.7155742748e-02
   outer loop
     vertex 5.1915561714e-01 -7.4730791735e-01 6.3516352638e-02
     vertex 5.1915561714e-01 -7.4714602357e-01 6.5366807061e-02
     vertex 4.8061056096e-01 -7.4714602357e-01 6.5366807061e-02
   endloop
 endfacet
 facet normal  -1.3152563638e-15 -9.9619469809e-01 8.7155742748e-02
   outer loop
     vertex 5.1915561714e-01 -7.4730791735e-01 6.3516352638e-02
     vertex 4.8061056096e-01 -7.4714602357e-01 6.5366807061e-02
     vertex 4.8061056096e-01 -7.4746401845e-01 6.1732108887e-02
   endloop
 endfacet
 facet normal  -2.3171049015e-17 -9.9619469809e-01 8.7155742748e-02
   outer loop
     vertex 4.8061056096e-01 -7.4746401845e-01 6.1732108887e-02
     vertex 4.8061056096e-01 -7.4714602357e-01 6.5366807061e-02
     vertex 4.2841055468e-01 -7.4714602357e-01 6.5366807061e-02
   endloop
 endfacet
 facet normal  2.6619216244e-16 -9.9619469809e-01 8.7155742748e-02
   outer loop
     vertex 4.8061056096e-01 -7.4746401845e-01 6.1732108887e-02
     vertex 4.2841055468e-01 -7.4714602357e-01 6.5366807061e-02
     vertex 4.2841055468e-01 -7.4762285508e-01 5.9916597927e-02
   endloop
 endfacet
 facet normal  3.0577727595e-15 -9.9619469809e-01 8.7155742748e-02
   outer loop
     vertex 4.2841055468e-01 -7.4762285508e-01 5.9916597927e-02
     vertex 4.2841055468e-01 -7.4714602357e-01 6.5366807061e-02
     vertex 3.7610756955e-01 -7.4768389758e-01 5.9218878971e-02
   endloop
 endfacet
 facet normal  0.0000000000e+00 -9.9619469809e-01 8.7155742748e-02
   outer loop
     vertex 4.2841055468e-01 -7.4714602357e-01 6.5366807061e-02
     vertex 3.7610756955e-01 -7.4714602357e-01 6.5366807061e-02
     vertex 3.7610756955e-01 -7.4768389758e-01 5.9218878971e-02
   endloop
 endfacet
 facet normal  -2.2620820644e-15 -9.9619469809e-01 8.7155742748e-02
   outer loop
     vertex 3.7610756955e-01 -7.4768389758e-01 5.9218878971e-02
     vertex 3.7610756955e-01 -7.4714602357e-01 6.5366807061e-02
     vertex 3.3745780732e-01 -7.4760132531e-01 6.0162684384e-02
   endloop
 endfacet
 facet normal  0.0000000000e+00 -9.9619469809e-01 8.7155742748e-02
   outer loop
     vertex 3.7610756955e-01 -7.4714602357e-01 6.5366807061e-02
     vertex 3.3745780732e-01 -7.4714602357e-01 6.5366807061e-02
     vertex 3.3745780732e-01 -7.4760132531e-01 6.0162684384e-02
   endloop
 endfacet
 facet normal  -4.0496590686e-16 -9.9619469809e-01 8.7155742748e-02
   outer loop
     vertex 3.3745780732e-01 -7.4760132531e-01 6.0162684384e-02
     vertex 3.3745780732e-01 -7.4714602357e-01 6.5366807061e-02
     vertex 3.1513630539e-01 -7.4742354680e-01 6.2194702005e-02
   endloop
 endfacet
 facet normal  -4.9548560606e-15 -9.9619469809e-01 8.7155742748e-02
   outer loop
     vertex 3.3745780732e-01 -7.4714602357e-01 6.5366807061e-02
     vertex 3.1513630539e-01 -7.4714602357e-01 6.5366807061e-02
     vertex 3.1513630539e-01 -7.4742354680e-01 6.2194702005e-02
   endloop
 endfacet
 facet normal  1.2363423713e-14 -9.9619469809e-01 8.7155742748e-02
   outer loop
     vertex 3.1513630539e-01 -7.4742354680e-01 6.2194702005e-02
     vertex 3.1513630539e-01 -7.4714602357e-01 6.5366807061e-02
     vertex 3.0619057712e-01 -7.4714602357e-01 6.5366807061e-02
   endloop
 endfacet
 facet normal  0.0000000000e+00 -9.9619469809e-01 8.7155742748e-02
   outer loop
     vertex 3.0619057712e-01 -7.4714602357e-01 6.5366807061e-02
     vertex 3.1513630539e-01 -7.4714602357e-01 6.5366807061e-02
     vertex 3.1513630539e-01 -7.4686850034e-01 6.8538912117e-02
   endloop
 endfacet
 facet normal  0.0000000000e+00 -9.9619469809e-01 8.7155742748e-02
   outer loop
     vertex 3.1513630539e-01 -7.4686850034e-01 6.8538912117e-02
     vertex 3.1513630539e-01 -7.4714602357e-01 6.5366807061e-02
     vertex 3.3745780732e-01 -7.4714602357e-01 6.5366807061e-02
   endloop
 endfacet
 facet normal  3.3414227292e-16 -9.9619469809e-01 8.7155742748e-02
   outer loop
     vertex 3.1513630539e-01 -7.4686850034e-01 6.8538912117e-02
     vertex 3.3745780732e-01 -7.4714602357e-01 6.5366807061e-02
     vertex 3.3745780732e-01 -7.4669072183e-01 7.0570929737e-02
   endloop
 endfacet
 facet normal  2.8615914485e-15 -9.9619469809e-01 8.7155742748e-02
   outer loop
     vertex 3.3745780732e-01 -7.4669072183e-01 7.0570929737e-02
     vertex 3.3745780732e-01 -7.4714602357e-01 6.5366807061e-02
     vertex 3.7610756955e-01 -7.4714602357e-01 6.5366807061e-02
   endloop
 endfacet
 facet normal  5.1402885214e-15 -9.9619469809e-01 8.7155742748e-02
   outer loop
     vertex 3.3745780732e-01 -7.4669072183e-01 7.0570929737e-02
     vertex 3.7610756955e-01 -7.4714602357e-01 6.5366807061e-02
     vertex 3.7610756955e-01 -7.4660814956e-01 7.1514735150e-02
   endloop
 endfacet
 facet normal  -2.1145987901e-15 -9.9619469809e-01 8.7155742748e-02
   outer loop
     vertex 3.7610756955e-01 -7.4660814956e-01 7.1514735150e-02
     vertex 3.7610756955e-01 -7.4714602357e-01 6.5366807061e-02
     vertex 4.2841055468e-01 -7.4714602357e-01 6.5366807061e-02
   endloop
 endfacet
 facet normal  -5.1860773230e-15 -9.9619469809e-01 8.7155742748e-02
   outer loop
     vertex 3.7610756955e-01 -7.4660814956e-01 7.1514735150e-02
     vertex 4.2841055468e-01 -7.4714602357e-01 6.5366807061e-02
     vertex 4.2841055468e-01 -7.4666919206e-01 7.0817016195e-02
   endloop
 endfacet
 facet normal  1.8373932550e-15 -9.9619469809e-01 8.7155742748e-02
   outer loop
     vertex 4.2841055468e-01 -7.4666919206e-01 7.0817016195e-02
     vertex 4.2841055468e-01 -7.4714602357e-01 6.5366807061e-02
     vertex 4.8061056096e-01 -7.4682802868e-01 6.9001505234e-02
   endloop
 endfacet
 facet normal  -2.3171049015e-17 -9.9619469809e-01 8.7155742748e-02
   outer loop
     vertex 4.2841055468e-01 -7.4714602357e-01 6.5366807061e-02
     vertex 4.8061056096e-01 -7.4714602357e-01 6.5366807061e-02
     vertex 4.8061056096e-01 -7.4682802868e-01 6.9001505234e-02
   endloop
 endfacet
 facet normal  -9.8625405645e-17 -9.9619469809e-01 8.7155742748e-02
   outer loop
     vertex 4.8061056096e-01 -7.4682802868e-01 6.9001505234e-02
     vertex 4.8061056096e-01 -7.4714602357e-01 6.5366807061e-02
     vertex 5.1915561714e-01 -7.4698412978e-01 6.7217261483e-02
   endloop
 endfacet
 facet normal  0.0000000000e+00 -9.9619469809e-01 8.7155742748e-02
   outer loop
     vertex 4.8061056096e-01 -7.4714602357e-01 6.5366807061e-02
     vertex 5.1915561714e-01 -7.4714602357e-01 6.5366807061e-02
     vertex 5.1915561714e-01 -7.4698412978e-01 6.7217261483e-02
   endloop
 endfacet
 facet normal  -2.5978537832e-15 -9.9619469809e-01 8.7155742748e-02
   outer loop
     vertex 5.1915561714e-01 -7.4698412978e-01 6.7217261483e-02
     vertex 5.1915561714e-01 -7.4714602357e-01 6.5366807061e-02
     vertex 5.4175236616e-01 -7.4708882887e-01 6.6020545516e-02
   endloop
 endfacet
 facet normal  -2.1410671121e-16 -9.9619469809e-01 8.7155742748e-02
   outer loop
     vertex 5.1915561714e-01 -7.4714602357e-01 6.5366807061e-02
     vertex 5.4175236616e-01 -7.4714602357e-01 6.5366807061e-02
     vertex 5.4175236616e-01 -7.4708882887e-01 6.6020545516e-02
   endloop
 endfacet
 facet normal  5.2601777669e-16 -9.9619469809e-01 8.7155742748e-02
   outer loop
     vertex 5.4175236616e-01 -7.4708882887e-01 6.6020545516e-02
     vertex 5.4175236616e-01 -7.4714602357e-01 6.5366807061e-02
     vertex 5.5324940065e-01 -7.4714602357e-01 6.5366807061e-02
   endloop
 endfacet
 facet normal  1.1328396781e-01 -4.9091637946e-02 -9.9234910879e-01
   outer loop
     vertex 8.2400000000e-01 0.0000000000e+00 0.0000000000e+00
     vertex 8.1841572611e-01 0.0000000000e+00 -6.3748604047e-04
     vertex 8.5289001795e-01 6.6666666667e-02 0.0000000000e+00
   endloop
 endfacet
 facet normal  1.1328396781e-01 -4.9091637946e-02 -9.9234910879e-01
   outer loop
     vertex 8.5289001795e-01 6.6666666667e-02 0.0000000000e+00
     vertex 8.1841572611e-01 0.0000000000e+00 -6.3748604047e-04
     vertex 8.4775248596e-01 6.6666666667e-02 -5.8648715723e-04
   endloop
 endfacet
 facet normal  1.0561741631e-01 -4.5717191466e-02 -9.9335537436e-01
   outer loop
     vertex 8.1841572611e-01 0.0000000000e+00 -6.3748604047e-04
     vertex 8.0744016230e-01 0.0000000000e+00 -1.8044507763e-03
     vertex 8.4775248596e-01 6.6666666667e-02 -5.8648715723e-04
   endloop
 endfacet
 facet normal  1.0561741631e-01 -4.5717191466e-02 -9.9335537436e-01
   outer loop
     vertex 8.4775248596e-01 6.6666666667e-02 -5.8648715723e-04
     vertex 8.0744016230e-01 0.0000000000e+00 -1.8044507763e-03
     vertex 8.3765496726e-01 6.6666666667e-02 -1.6600947142e-03
   endloop
 endfacet
 facet normal  9.2461410013e-02 -3.9751205694e-02 -9.9492247402e-01
   outer loop
     vertex 8.0744016230e-01 0.0000000000e+00 -1.8044507763e-03
     vertex 7.8871827787e-01 0.0000000000e+00 -3.5443369261e-03
     vertex 8.3765496726e-01 6.6666666667e-02 -1.6600947142e-03
   endloop
 endfacet
 facet normal  9.2461410013e-02 -3.9751205694e-02 -9.9492247402e-01
   outer loop
     vertex 8.3765496726e-01 6.6666666667e-02 -1.6600947142e-03
     vertex 7.8871827787e-01 0.0000000000e+00 -3.5443369261e-03
     vertex 8.2043083358e-01 6.6666666667e-02 -3.2607899720e-03
   endloop
 endfacet
 facet normal  6.9626851344e-02 -2.8879577142e-02 -9.9715498875e-01
   outer loop
     vertex 7.8871827787e-01 0.0000000000e+00 -3.5443369261e-03
     vertex 7.6336398910e-01 0.0000000000e+00 -5.3147129606e-03
     vertex 8.2043083358e-01 6.6666666667e-02 -3.2607899720e-03
   endloop
 endfacet
 facet normal  6.9626851344e-02 -2.8879577142e-02 -9.9715498875e-01
   outer loop
     vertex 8.2043083358e-01 6.6666666667e-02 -3.2607899720e-03
     vertex 7.6336398910e-01 0.0000000000e+00 -5.3147129606e-03
     vertex 7.9710488792e-01 6.6666666667e-02 -4.8895359237e-03
   endloop
 endfacet
 facet normal  2.6771514601e-02 -7.1742190029e-03 -9.9961583450e-01
   outer loop
     vertex 7.6336398910e-01 0.0000000000e+00 -5.3147129606e-03
     vertex 7.7373292542e-01 6.6666666667e-02 -5.5154792248e-03
     vertex 7.9710488792e-01 6.6666666667e-02 -4.8895359237e-03
   endloop
 endfacet
 facet normal  2.6771514601e-02 -7.1742190029e-03 -9.9961583450e-01
   outer loop
     vertex 7.6336398910e-01 0.0000000000e+00 -5.3147129606e-03
     vertex 7.3795968204e-01 0.0000000000e+00 -5.9950861140e-03
     vertex 7.7373292542e-01 6.6666666667e-02 -5.5154792248e-03
   endloop
 endfacet
 facet normal  -4.8939230065e-02 3.3442179057e-02 -9.9824174047e-01
   outer loop
     vertex 7.3795968204e-01 0.0000000000e+00 -5.9950861140e-03
     vertex 7.5646200310e-01 6.6666666667e-02 -4.6687648403e-03
     vertex 7.7373292542e-01 6.6666666667e-02 -5.5154792248e-03
   endloop
 endfacet
 facet normal  -4.8939230065e-02 3.3442179057e-02 -9.9824174047e-01
   outer loop
     vertex 7.3795968204e-01 0.0000000000e+00 -5.9950861140e-03
     vertex 7.1918694038e-01 0.0000000000e+00 -5.0747443916e-03
     vertex 7.5646200310e-01 6.6666666667e-02 -4.6687648403e-03
   endloop
 endfacet
 facet normal  -1.7877441999e-01 1.0591418765e-01 -9.7817273097e-01
   outer loop
     vertex 7.1918694038e-01 0.0000000000e+00 -5.0747443916e-03
     vertex 7.4648748052e-01 6.6666666667e-02 -2.8457846740e-03
     vertex 7.5646200310e-01 6.6666666667e-02 -4.6687648403e-03
   endloop
 endfacet
 facet normal  -1.7877441999e-01 1.0591418765e-01 -9.7817273097e-01
   outer loop
     vertex 7.1918694038e-01 0.0000000000e+00 -5.0747443916e-03
     vertex 7.0834506802e-01 0.0000000000e+00 -3.0932442109e-03
     vertex 7.4648748052e-01 6.6666666667e-02 -2.8457846740e-03
   endloop
 endfacet
 facet normal  -5.4994017399e-01 3.1750810749e-01 -7.7249880693e-01
   outer loop
     vertex 7.0834506802e-01 0.0000000000e+00 -3.0932442109e-03
     vertex 7.4249001795e-01 6.6666666667e-02 0.0000000000e+00
     vertex 7.4648748052e-01 6.6666666667e-02 -2.8457846740e-03
   endloop
 endfacet
 facet normal  -5.4994017399e-01 3.1750810749e-01 -7.7249880693e-01
   outer loop
     vertex 7.0834506802e-01 0.0000000000e+00 -3.0932442109e-03
     vertex 7.0400000000e-01 0.0000000000e+00 0.0000000000e+00
     vertex 7.4249001795e-01 6.6666666667e-02 0.0000000000e+00
   endloop
 endfacet
 facet normal  -5.4994017399e-01 3.1750810749e-01 7.7249880693e-01
   outer loop
     vertex 7.0400000000e-01 0.0000000000e+00 0.0000000000e+00
     vertex 7.0834506802e-01 0.0000000000e+00 3.0932442109e-03
     vertex 7.4249001795e-01 6.6666666667e-02 0.0000000000e+00
   endloop
 endfacet
 facet normal  -5.4994017399e-01 3.1750810749e-01 7.7249880693e-01
   outer loop
     vertex 7.4249001795e-01 6.6666666667e-02 0.0000000000e+00
     vertex 7.0834506802e-01 0.0000000000e+00 3.0932442109e-03
     vertex 7.4648748052e-01 6.6666666667e-02 2.8457846740e-03
   endloop
 endfacet
 facet normal  -1.7877441999e-01 1.0591418765e-01 9.7817273097e-01
   outer loop
     vertex 7.0834506802e-01 0.0000000000e+00 3.0932442109e-03
     vertex 7.1918694038e-01 0.0000000000e+00 5.0747443916e-03
     vertex 7.4648748052e-01 6.6666666667e-02 2.8457846740e-03
   endloop
 endfacet
 facet normal  -1.7877441999e-01 1.0591418765e-01 9.7817273097e-01
   outer loop
     vertex 7.4648748052e-01 6.6666666667e-02 2.8457846740e-03
     vertex 7.1918694038e-01 0.0000000000e+00 5.0747443916e-03
     vertex 7.5646200310e-01 6.6666666667e-02 4.6687648403e-03
   endloop
 endfacet
 facet normal  -4.8939230065e-02 3.3442179057e-02 9.9824174047e-01
   outer loop
     vertex 7.1918694038e-01 0.0000000000e+00 5.0747443916e-03
     vertex 7.3795968204e-01 0.0000000000e+00 5.9950861140e-03
     vertex 7.5646200310e-01 6.6666666667e-02 4.6687648403e-03
   endloop
 endfacet
 facet normal  -4.8939230065e-02 3.3442179057e-02 9.9824174047e-01
   outer loop
     vertex 7.5646200310e-01 6.6666666667e-02 4.6687648403e-03
     vertex 7.3795968204e-01 0.0000000000e+00 5.9950861140e-03
     vertex 7.7373292542e-01 6.6666666667e-02 5.5154792248e-03
   endloop
 endfacet
 facet normal  2.6771514601e-02 -7.1742190029e-03 9.9961583450e-01
   outer loop
     vertex 7.3795968204e-01 0.0000000000e+00 5.9950861140e-03
     vertex 7.6336398910e-01 0.0000000000e+00 5.3147129606e-03
     vertex 7.7373292542e-01 6.6666666667e-02 5.5154792248e-03
   endloop
 endfacet
 facet normal  2.6771514601e-02 -7.1742190029e-03 9.9961583450e-01
   outer loop
     vertex 7.7373292542e-01 6.6666666667e-02 5.5154792248e-03
     vertex 7.6336398910e-01 0.0000000000e+00 5.3147129606e-03
     vertex 7.9710488792e-01 6.6666666667e-02 4.8895359237e-03
   endloop
 endfacet
 facet normal  6.9626851344e-02 -2.8879577142e-02 9.9715498875e-01
   outer loop
     vertex 7.6336398910e-01 0.0000000000e+00 5.3147129606e-03
     vertex 8.2043083358e-01 6.6666666667e-02 3.2607899720e-03
     vertex 7.9710488792e-01 6.6666666667e-02 4.8895359237e-03
   endloop
 endfacet
 facet normal  6.9626851344e-02 -2.8879577142e-02 9.9715498875e-01
   outer loop
     vertex 7.6336398910e-01 0.0000000000e+00 5.3147129606e-03
     vertex 7.8871827787e-01 0.0000000000e+00 3.5443369261e-03
     vertex 8.2043083358e-01 6.6666666667e-02 3.2607899720e-03
   endloop
 endfacet
 facet normal  9.2461410013e-02 -3.9751205694e-02 9.9492247402e-01
   outer loop
     vertex 7.8871827787e-01 0.0000000000e+00 3.5443369261e-03
     vertex 8.3765496726e-01 6.6666666667e-02 1.6600947142e-03
     vertex 8.2043083358e-01 6.6666666667e-02 3.2607899720e-03
   endloop
 endfacet
 facet normal  9.2461410013e-02 -3.9751205694e-02 9.9492247402e-01
   outer loop
     vertex 7.8871827787e-01 0.0000000000e+00 3.5443369261e-03
     vertex 8.0744016230e-01 0.0000000000e+00 1.8044507763e-03
     vertex 8.3765496726e-01 6.6666666667e-02 1.6600947142e-03
   endloop
 endfacet
 facet normal  1.0561741631e-01 -4.5717191466e-02 9.9335537436e-01
   outer loop
     vertex 8.0744016230e-01 0.0000000000e+00 1.8044507763e-03
     vertex 8.4775248596e-01 6.6666666667e-02 5.8648715723e-04
     vertex 8.3765496726e-01 6.6666666667e-02 1.6600947142e-03
   endloop
 endfacet
 facet normal  1.0561741631e-01 -4.5717191466e-02 9.9335537436e-01
   outer loop
     vertex 8.0744016230e-01 0.0000000000e+00 1.8044507763e-03
     vertex 8.1841572611e-01 0.0000000000e+00 6.3748604047e-04
     vertex 8.4775248596e-01 6.6666666667e-02 5.8648715723e-04
   endloop
 endfacet
 facet normal  1.1328396781e-01 -4.9091637946e-02 9.9234910879e-01
   outer loop
     vertex 8.1841572611e-01 0.0000000000e+00 6.3748604047e-04
     vertex 8.5289001795e-01 6.6666666667e-02 0.0000000000e+00
     vertex 8.4775248596e-01 6.6666666667e-02 5.8648715723e-04
   endloop
 endfacet
 facet normal  1.1328396781e-01 -4.9091637946e-02 9.9234910879e-01
   outer loop
     vertex 8.1841572611e-01 0.0000000000e+00 6.3748604047e-04
     vertex 8.2400000000e-01 0.0000000000e+00 0.0000000000e+00
     vertex 8.5289001795e-01 6.6666666667e-02 0.0000000000e+00
   endloop
 endfacet
 facet normal  1.1328396781e-01 -4.9091637946e-02 -9.9234910879e-01
   outer loop
     vertex 8.5289001795e-01 6.6666666667e-02 0.0000000000e+00
     vertex 8.4775248596e-01 6.6666666667e-02 -5.8648715723e-04
     vertex 8.8178003589e-01 1.3333333333e-01 0.0000000000e+00
   endloop
 endfacet
 facet normal  1.1328396781e-01 -4.9091637946e-02 -9.9234910879e-01
   outer loop
     vertex 8.8178003589e-01 1.3333333333e-01 0.0000000000e+00
     vertex 8.4775248596e-01 6.6666666667e-02 -5.8648715723e-04
     vertex 8.7708924582e-01 1.3333333333e-01 -5.3548827399e-04
   endloop
 endfacet
 facet normal  1.0561741631e-01 -4.5717191466e-02 -9.9335537436e-01
   outer loop
     vertex 8.4775248596e-01 6.6666666667e-02 -5.8648715723e-04
     vertex 8.3765496726e-01 6.6666666667e-02 -1.6600947142e-03
     vertex 8.7708924582e-01 1.3333333333e-01 -5.3548827399e-04
   endloop
 endfacet
 facet normal  1.0561741631e-01 -4.5717191466e-02 -9.9335537436e-01
   outer loop
     vertex 8.7708924582e-01 1.3333333333e-01 -5.3548827399e-04
     vertex 8.3765496726e-01 6.6666666667e-02 -1.6600947142e-03
     vertex 8.6786977222e-01 1.3333333333e-01 -1.5157386521e-03
   endloop
 endfacet
 facet normal  9.2461410013e-02 -3.9751205694e-02 -9.9492247402e-01
   outer loop
     vertex 8.3765496726e-01 6.6666666667e-02 -1.6600947142e-03
     vertex 8.2043083358e-01 6.6666666667e-02 -3.2607899720e-03
     vertex 8.6786977222e-01 1.3333333333e-01 -1.5157386521e-03
   endloop
 endfacet
 facet normal  9.2461410013e-02 -3.9751205694e-02 -9.9492247402e-01
   outer loop
     vertex 8.6786977222e-01 1.3333333333e-01 -1.5157386521e-03
     vertex 8.2043083358e-01 6.6666666667e-02 -3.2607899720e-03
     vertex 8.5214338930e-01 1.3333333333e-01 -2.9772430179e-03
   endloop
 endfacet
 facet normal  6.9626851344e-02 -2.8879577142e-02 -9.9715498875e-01
   outer loop
     vertex 8.2043083358e-01 6.6666666667e-02 -3.2607899720e-03
     vertex 7.9710488792e-01 6.6666666667e-02 -4.8895359237e-03
     vertex 8.5214338930e-01 1.3333333333e-01 -2.9772430179e-03
   endloop
 endfacet
 facet normal  6.9626851344e-02 -2.8879577142e-02 -9.9715498875e-01
   outer loop
     vertex 8.5214338930e-01 1.3333333333e-01 -2.9772430179e-03
     vertex 7.9710488792e-01 6.6666666667e-02 -4.8895359237e-03
     vertex 8.3084578674e-01 1.3333333333e-01 -4.4643588869e-03
   endloop
 endfacet
 facet normal  2.6771514601e-02 -7.1742190029e-03 -9.9961583450e-01
   outer loop
     vertex 7.9710488792e-01 6.6666666667e-02 -4.8895359237e-03
     vertex 8.0950616880e-01 1.3333333333e-01 -5.0358723357e-03
     vertex 8.3084578674e-01 1.3333333333e-01 -4.4643588869e-03
   endloop
 endfacet
 facet normal  2.6771514601e-02 -7.1742190029e-03 -9.9961583450e-01
   outer loop
     vertex 7.9710488792e-01 6.6666666667e-02 -4.8895359237e-03
     vertex 7.7373292542e-01 6.6666666667e-02 -5.5154792248e-03
     vertex 8.0950616880e-01 1.3333333333e-01 -5.0358723357e-03
   endloop
 endfacet
 facet normal  -4.8939230065e-02 3.3442179057e-02 -9.9824174047e-01
   outer loop
     vertex 7.7373292542e-01 6.6666666667e-02 -5.5154792248e-03
     vertex 7.9373706581e-01 1.3333333333e-01 -4.2627852889e-03
     vertex 8.0950616880e-01 1.3333333333e-01 -5.0358723357e-03
   endloop
 endfacet
 facet normal  -4.8939230065e-02 3.3442179057e-02 -9.9824174047e-01
   outer loop
     vertex 7.7373292542e-01 6.6666666667e-02 -5.5154792248e-03
     vertex 7.5646200310e-01 6.6666666667e-02 -4.6687648403e-03
     vertex 7.9373706581e-01 1.3333333333e-01 -4.2627852889e-03
   endloop
 endfacet
 facet normal  -1.7877441999e-01 1.0591418765e-01 -9.7817273097e-01
   outer loop
     vertex 7.5646200310e-01 6.6666666667e-02 -4.6687648403e-03
     vertex 7.8462989303e-01 1.3333333333e-01 -2.5983251371e-03
     vertex 7.9373706581e-01 1.3333333333e-01 -4.2627852889e-03
   endloop
 endfacet
 facet normal  -1.7877441999e-01 1.0591418765e-01 -9.7817273097e-01
   outer loop
     vertex 7.5646200310e-01 6.6666666667e-02 -4.6687648403e-03
     vertex 7.4648748052e-01 6.6666666667e-02 -2.8457846740e-03
     vertex 7.8462989303e-01 1.3333333333e-01 -2.5983251371e-03
   endloop
 endfacet
 facet normal  -5.4994017399e-01 3.1750810749e-01 -7.7249880693e-01
   outer loop
     vertex 7.4648748052e-01 6.6666666667e-02 -2.8457846740e-03
     vertex 7.8098003589e-01 1.3333333333e-01 0.0000000000e+00
     vertex 7.8462989303e-01 1.3333333333e-01 -2.5983251371e-03
   endloop
 endfacet
 facet normal  -5.4994017399e-01 3.1750810749e-01 -7.7249880693e-01
   outer loop
     vertex 7.4648748052e-01 6.6666666667e-02 -2.8457846740e-03
     vertex 7.4249001795e-01 6.6666666667e-02 0.0000000000e+00
     vertex 7.8098003589e-01 1.3333333333e-01 0.0000000000e+00
   endloop
 endfacet
 facet normal  -5.4994017399e-01 3.1750810749e-01 7.7249880693e-01
   outer loop
     vertex 7.4249001795e-01 6.6666666667e-02 0.0000000000e+00
     vertex 7.4648748052e-01 6.6666666667e-02 2.8457846740e-03
     vertex 7.8098003589e-01 1.3333333333e-01 0.0000000000e+00
   endloop
 endfacet
 facet normal  -5.4994017399e-01 3.1750810749e-01 7.7249880693e-01
   outer loop
     vertex 7.8098003589e-01 1.3333333333e-01 0.0000000000e+00
     vertex 7.4648748052e-01 6.6666666667e-02 2.8457846740e-03
     vertex 7.8462989303e-01 1.3333333333e-01 2.5983251371e-03
   endloop
 endfacet
 facet normal  -1.7877441999e-01 1.0591418765e-01 9.7817273097e-01
   outer loop
     vertex 7.4648748052e-01 6.6666666667e-02 2.8457846740e-03
     vertex 7.5646200310e-01 6.6666666667e-02 4.6687648403e-03
     vertex 7.8462989303e-01 1.3333333333e-01 2.5983251371e-03
   endloop
 endfacet
 facet normal  -1.7877441999e-01 1.0591418765e-01 9.7817273097e-01
   outer loop
     vertex 7.8462989303e-01 1.3333333333e-01 2.5983251371e-03
     vertex 7.5646200310e-01 6.6666666667e-02 4.6687648403e-03
     vertex 7.9373706581e-01 1.3333333333e-01 4.2627852889e-03
   endloop
 endfacet
 facet normal  -4.8939230065e-02 3.3442179057e-02 9.9824174047e-01
   outer loop
     vertex 7.5646200310e-01 6.6666666667e-02 4.6687648403e-03
     vertex 7.7373292542e-01 6.6666666667e-02 5.5154792248e-03
     vertex 7.9373706581e-01 1.3333333333e-01 4.2627852889e-03
   endloop
 endfacet
 facet normal  -4.8939230065e-02 3.3442179057e-02 9.9824174047e-01
   outer loop
     vertex 7.9373706581e-01 1.3333333333e-01 4.2627852889e-03
     vertex 7.7373292542e-01 6.6666666667e-02 5.5154792248e-03
     vertex 8.0950616880e-01 1.3333333333e-01 5.0358723357e-03
   endloop
 endfacet
 facet normal  2.6771514601e-02 -7.1742190029e-03 9.9961583450e-01
   outer loop
     vertex 7.7373292542e-01 6.6666666667e-02 5.5154792248e-03
     vertex 7.9710488792e-01 6.6666666667e-02 4.8895359237e-03
     vertex 8.0950616880e-01 1.3333333333e-01 5.0358723357e-03
   endloop
 endfacet
 facet normal  2.6771514601e-02 -7.1742190029e-03 9.9961583450e-01
   outer loop
     vertex 8.0950616880e-01 1.3333333333e-01 5.0358723357e-03
     vertex 7.9710488792e-01 6.6666666667e-02 4.8895359237e-03
     vertex 8.3084578674e-01 1.3333333333e-01 4.4643588869e-03
   endloop
 endfacet
 facet normal  6.9626851344e-02 -2.8879577142e-02 9.9715498875e-01
   outer loop
     vertex 7.9710488792e-01 6.6666666667e-02 4.8895359237e-03
     vertex 8.5214338930e-01 1.3333333333e-01 2.9772430179e-03
     vertex 8.3084578674e-01 1.3333333333e-01 4.4643588869e-03
   endloop
 endfacet
 facet normal  6.9626851344e-02 -2.8879577142e-02 9.9715498875e-01
   outer loop
     vertex 7.9710488792e-01 6.6666666667e-02 4.8895359237e-03
     vertex 8.2043083358e-01 6.6666666667e-02 3.2607899720e-03
     vertex 8.5214338930e-01 1.3333333333e-01 2.9772430179e-03
   endloop
 endfacet
 facet normal  9.2461410013e-02 -3.9751205694e-02 9.9492247402e-01
   outer loop
     vertex 8.2043083358e-01 6.6666666667e-02 3.2607899720e-03
     vertex 8.6786977222e-01 1.3333333333e-01 1.5157386521e-03
     vertex 8.5214338930e-01 1.3333333333e-01 2.9772430179e-03
   endloop
 endfacet
 facet normal  9.2461410013e-02 -3.9751205694e-02 9.9492247402e-01
   outer loop
     vertex 8.2043083358e-01 6.6666666667e-02 3.2607899720e-03
     vertex 8.3765496726e-01 6.6666666667e-02 1.6600947142e-03
     vertex 8.6786977222e-01 1.3333333333e-01 1.5157386521e-03
   endloop
 endfacet
 facet normal  1.0561741631e-01 -4.5717191466e-02 9.9335537436e-01
   outer loop
     vertex 8.3765496726e-01 6.6666666667e-02 1.6600947142e-03
     vertex 8.7708924582e-01 1.3333333333e-01 5.3548827399e-04
     vertex 8.6786977222e-01 1.3333333333e-01 1.5157386521e-03
   endloop
 endfacet
 facet normal  1.0561741631e-01 -4.5717191466e-02 9.9335537436e-01
   outer loop
     vertex 8.3765496726e-01 6.6666666667e-02 1.6600947142e-03
     vertex 8.4775248596e-01 6.6666666667e-02 5.8648715723e-04
     vertex 8.7708924582e-01 1.3333333333e-01 5.3548827399e-04
   endloop
 endfacet
 facet normal  1.1328396781e-01 -4.9091637946e-02 9.9234910879e-01
   outer loop
     vertex 8.4775248596e-01 6.6666666667e-02 5.8648715723e-04
     vertex 8.8178003589e-01 1.3333333333e-01 0.0000000000e+00
     vertex 8.7708924582e-01 1.3333333333e-01 5.3548827399e-04
   endloop
 endfacet
 facet normal  1.1328396781e-01 -4.9091637946e-02 9.9234910879e-01
   outer loop
     vertex 8.4775248596e-01 6.6666666667e-02 5.8648715723e-04
     vertex 8.5289001795e-01 6.6666666667e-02 0.0000000000e+00
     vertex 8.8178003589e-01 1.3333333333e-01 0.0000000000e+00
   endloop
 endfacet
 facet normal  1.1328396781e-01 -4.9091637946e-02 -9.9234910879e-01
   outer loop
     vertex 8.8178003589e-01 1.3333333333e-01 0.0000000000e+00
     vertex 8.7708924582e-01 1.3333333333e-01 -5.3548827399e-04
     vertex 9.1067005384e-01 2.0000000000e-01 0.0000000000e+00
   endloop
 endfacet
 facet normal  1.1328396781e-01 -4.9091637946e-02 -9.9234910879e-01
   outer loop
     vertex 9.1067005384e-01 2.0000000000e-01 0.0000000000e+00
     vertex 8.7708924582e-01 1.3333333333e-01 -5.3548827399e-04
     vertex 9.0642600568e-01 2.0000000000e-01 -4.8448939075e-04
   endloop
 endfacet
 facet normal  1.0561741631e-01 -4.5717191466e-02 -9.9335537436e-01
   outer loop
     vertex 8.7708924582e-01 1.3333333333e-01 -5.3548827399e-04
     vertex 8.6786977222e-01 1.3333333333e-01 -1.5157386521e-03
     vertex 9.0642600568e-01 2.0000000000e-01 -4.8448939075e-04
   endloop
 endfacet
 facet normal  1.0561741631e-01 -4.5717191466e-02 -9.9335537436e-01
   outer loop
     vertex 9.0642600568e-01 2.0000000000e-01 -4.8448939075e-04
     vertex 8.6786977222e-01 1.3333333333e-01 -1.5157386521e-03
     vertex 8.9808457718e-01 2.0000000000e-01 -1.3713825900e-03
   endloop
 endfacet
 facet normal  9.2461410013e-02 -3.9751205694e-02 -9.9492247402e-01
   outer loop
     vertex 8.6786977222e-01 1.3333333333e-01 -1.5157386521e-03
     vertex 8.5214338930e-01 1.3333333333e-01 -2.9772430179e-03
     vertex 8.9808457718e-01 2.0000000000e-01 -1.3713825900e-03
   endloop
 endfacet
 facet normal  9.2461410013e-02 -3.9751205694e-02 -9.9492247402e-01
   outer loop
     vertex 8.9808457718e-01 2.0000000000e-01 -1.3713825900e-03
     vertex 8.5214338930e-01 1.3333333333e-01 -2.9772430179e-03
     vertex 8.8385594502e-01 2.0000000000e-01 -2.6936960638e-03
   endloop
 endfacet
 facet normal  6.9626851344e-02 -2.8879577142e-02 -9.9715498875e-01
   outer loop
     vertex 8.5214338930e-01 1.3333333333e-01 -2.9772430179e-03
     vertex 8.3084578674e-01 1.3333333333e-01 -4.4643588869e-03
     vertex 8.8385594502e-01 2.0000000000e-01 -2.6936960638e-03
   endloop
 endfacet
 facet normal  6.9626851344e-02 -2.8879577142e-02 -9.9715498875e-01
   outer loop
     vertex 8.8385594502e-01 2.0000000000e-01 -2.6936960638e-03
     vertex 8.3084578674e-01 1.3333333333e-01 -4.4643588869e-03
     vertex 8.6458668555e-01 2.0000000000e-01 -4.0391818500e-03
   endloop
 endfacet
 facet normal  2.6771514601e-02 -7.1742190029e-03 -9.9961583450e-01
   outer loop
     vertex 8.3084578674e-01 1.3333333333e-01 -4.4643588869e-03
     vertex 8.4527941219e-01 2.0000000000e-01 -4.5562654466e-03
     vertex 8.6458668555e-01 2.0000000000e-01 -4.0391818500e-03
   endloop
 endfacet
 facet normal  2.6771514601e-02 -7.1742190029e-03 -9.9961583450e-01
   outer loop
     vertex 8.3084578674e-01 1.3333333333e-01 -4.4643588869e-03
     vertex 8.0950616880e-01 1.3333333333e-01 -5.0358723357e-03
     vertex 8.4527941219e-01 2.0000000000e-01 -4.5562654466e-03
   endloop
 endfacet
 facet normal  -4.8939230065e-02 3.3442179057e-02 -9.9824174047e-01
   outer loop
     vertex 8.0950616880e-01 1.3333333333e-01 -5.0358723357e-03
     vertex 8.3101212853e-01 2.0000000000e-01 -3.8568057376e-03
     vertex 8.4527941219e-01 2.0000000000e-01 -4.5562654466e-03
   endloop
 endfacet
 facet normal  -4.8939230065e-02 3.3442179057e-02 -9.9824174047e-01
   outer loop
     vertex 8.0950616880e-01 1.3333333333e-01 -5.0358723357e-03
     vertex 7.9373706581e-01 1.3333333333e-01 -4.2627852889e-03
     vertex 8.3101212853e-01 2.0000000000e-01 -3.8568057376e-03
   endloop
 endfacet
 facet normal  -1.7877441999e-01 1.0591418765e-01 -9.7817273097e-01
   outer loop
     vertex 7.9373706581e-01 1.3333333333e-01 -4.2627852889e-03
     vertex 8.2277230553e-01 2.0000000000e-01 -2.3508656003e-03
     vertex 8.3101212853e-01 2.0000000000e-01 -3.8568057376e-03
   endloop
 endfacet
 facet normal  -1.7877441999e-01 1.0591418765e-01 -9.7817273097e-01
   outer loop
     vertex 7.9373706581e-01 1.3333333333e-01 -4.2627852889e-03
     vertex 7.8462989303e-01 1.3333333333e-01 -2.5983251371e-03
     vertex 8.2277230553e-01 2.0000000000e-01 -2.3508656003e-03
   endloop
 endfacet
 facet normal  -5.4994017399e-01 3.1750810749e-01 -7.7249880693e-01
   outer loop
     vertex 7.8462989303e-01 1.3333333333e-01 -2.5983251371e-03
     vertex 8.1947005384e-01 2.0000000000e-01 0.0000000000e+00
     vertex 8.2277230553e-01 2.0000000000e-01 -2.3508656003e-03
   endloop
 endfacet
 facet normal  -5.4994017399e-01 3.1750810749e-01 -7.7249880693e-01
   outer loop
     vertex 7.8462989303e-01 1.3333333333e-01 -2.5983251371e-03
     vertex 7.8098003589e-01 1.3333333333e-01 0.0000000000e+00
     vertex 8.1947005384e-01 2.0000000000e-01 0.0000000000e+00
   endloop
 endfacet
 facet normal  -5.4994017399e-01 3.1750810749e-01 7.7249880693e-01
   outer loop
     vertex 7.8098003589e-01 1.3333333333e-01 0.0000000000e+00
     vertex 7.8462989303e-01 1.3333333333e-01 2.5983251371e-03
     vertex 8.1947005384e-01 2.0000000000e-01 0.0000000000e+00
   endloop
 endfacet
 facet normal  -5.4994017399e-01 3.1750810749e-01 7.7249880693e-01
   outer loop
     vertex 8.1947005384e-01 2.0000000000e-01 0.0000000000e+00
     vertex 7.8462989303e-01 1.3333333333e-01 2.5983251371e-03
     vertex 8.2277230553e-01 2.0000000000e-01 2.3508656003e-03
   endloop
 endfacet
 facet normal  -1.7877441999e-01 1.0591418765e-01 9.7817273097e-01
   outer loop
     vertex 7.8462989303e-01 1.3333333333e-01 2.5983251371e-03
     vertex 7.9373706581e-01 1.3333333333e-01 4.2627852889e-03
     vertex 8.2277230553e-01 2.0000000000e-01 2.3508656003e-03
   endloop
 endfacet
 facet normal  -1.7877441999e-01 1.0591418765e-01 9.7817273097e-01
   outer loop
     vertex 8.2277230553e-01 2.0000000000e-01 2.3508656003e-03
     vertex 7.9373706581e-01 1.3333333333e-01 4.2627852889e-03
     vertex 8.3101212853e-01 2.0000000000e-01 3.8568057376e-03
   endloop
 endfacet
 facet normal  -4.8939230065e-02 3.3442179057e-02 9.9824174047e-01
   outer loop
     vertex 7.9373706581e-01 1.3333333333e-01 4.2627852889e-03
     vertex 8.0950616880e-01 1.3333333333e-01 5.0358723357e-03
     vertex 8.3101212853e-01 2.0000000000e-01 3.8568057376e-03
   endloop
 endfacet
 facet normal  -4.8939230065e-02 3.3442179057e-02 9.9824174047e-01
   outer loop
     vertex 8.3101212853e-01 2.0000000000e-01 3.8568057376e-03
     vertex 8.0950616880e-01 1.3333333333e-01 5.0358723357e-03
     vertex 8.4527941219e-01 2.0000000000e-01 4.5562654466e-03
   endloop
 endfacet
 facet normal  2.6771514601e-02 -7.1742190029e-03 9.9961583450e-01
   outer loop
     vertex 8.0950616880e-01 1.3333333333e-01 5.0358723357e-03
     vertex 8.3084578674e-01 1.3333333333e-01 4.4643588869e-03
     vertex 8.4527941219e-01 2.0000000000e-01 4.5562654466e-03
   endloop
 endfacet
 facet normal  2.6771514601e-02 -7.1742190029e-03 9.9961583450e-01
   outer loop
     vertex 8.4527941219e-01 2.0000000000e-01 4.5562654466e-03
     vertex 8.3084578674e-01 1.3333333333e-01 4.4643588869e-03
     vertex 8.6458668555e-01 2.0000000000e-01 4.0391818500e-03
   endloop
 endfacet
 facet normal  6.9626851344e-02 -2.8879577142e-02 9.9715498875e-01
   outer loop
     vertex 8.3084578674e-01 1.3333333333e-01 4.4643588869e-03
     vertex 8.8385594502e-01 2.0000000000e-01 2.6936960638e-03
     vertex 8.6458668555e-01 2.0000000000e-01 4.0391818500e-03
   endloop
 endfacet
 facet normal  6.9626851344e-02 -2.8879577142e-02 9.9715498875e-01
   outer loop
     vertex 8.3084578674e-01 1.3333333333e-01 4.4643588869e-03
     vertex 8.5214338930e-01 1.3333333333e-01 2.9772430179e-03
     vertex 8.8385594502e-01 2.0000000000e-01 2.6936960638e-03
   endloop
 endfacet
 facet normal  9.2461410013e-02 -3.9751205694e-02 9.9492247402e-01
   outer loop
     vertex 8.5214338930e-01 1.3333333333e-01 2.9772430179e-03
     vertex 8.9808457718e-01 2.0000000000e-01 1.3713825900e-03
     vertex 8.8385594502e-01 2.0000000000e-01 2.6936960638e-03
   endloop
 endfacet
 facet normal  9.2461410013e-02 -3.9751205694e-02 9.9492247402e-01
   outer loop
     vertex 8.5214338930e-01 1.3333333333e-01 2.9772430179e-03
     vertex 8.6786977222e-01 1.3333333333e-01 1.5157386521e-03
     vertex 8.9808457718e-01 2.0000000000e-01 1.3713825900e-03
   endloop
 endfacet
 facet normal  1.0561741631e-01 -4.5717191466e-02 9.9335537436e-01
   outer loop
     vertex 8.6786977222e-01 1.3333333333e-01 1.5157386521e-03
     vertex 9.0642600568e-01 2.0000000000e-01 4.8448939075e-04
     vertex 8.9808457718e-01 2.0000000000e-01 1.3713825900e-03
   endloop
 endfacet
 facet normal  1.0561741631e-01 -4.5717191466e-02 9.9335537436e-01
   outer loop
     vertex 8.6786977222e-01 1.3333333333e-01 1.5157386521e-03
     vertex 8.7708924582e-01 1.3333333333e-01 5.3548827399e-04
     vertex 9.0642600568e-01 2.0000000000e-01 4.8448939075e-04
   endloop
 endfacet
 facet normal  1.1328396781e-01 -4.9091637946e-02 9.9234910879e-01
   outer loop
     vertex 8.7708924582e-01 1.3333333333e-01 5.3548827399e-04
     vertex 9.1067005384e-01 2.0000000000e-01 0.0000000000e+00
     vertex 9.0642600568e-01 2.0000000000e-01 4.8448939075e-04
   endloop
 endfacet
 facet normal  1.1328396781e-01 -4.9091637946e-02 9.9234910879e-01
   outer loop
     vertex 8.7708924582e-01 1.3333333333e-01 5.3548827399e-04
     vertex 8.8178003589e-01 1.3333333333e-01 0.0000000000e+00
     vertex 9.1067005384e-01 2.0000000000e-01 0.0000000000e+00
   endloop
 endfacet
 facet normal  1.1328396781e-01 -4.9091637946e-02 -9.9234910879e-01
   outer loop
     vertex 9.1067005384e-01 2.0000000000e-01 0.0000000000e+00
     vertex 9.0642600568e-01 2.0000000000e-01 -4.8448939075e-04
     vertex 9.3956007178e-01 2.6666666667e-01 0.0000000000e+00
   endloop
 endfacet
 facet normal  1.1328396781e-01 -4.9091637946e-02 -9.9234910879e-01
   outer loop
     vertex 9.3956007178e-01 2.6666666667e-01 0.0000000000e+00
     vertex 9.0642600568e-01 2.0000000000e-01 -4.8448939075e-04
     vertex 9.3576276554e-01 2.6666666667e-01 -4.3349050752e-04
   endloop
 endfacet
 facet normal  1.0561741631e-01 -4.5717191466e-02 -9.9335537436e-01
   outer loop
     vertex 9.0642600568e-01 2.0000000000e-01 -4.8448939075e-04
     vertex 8.9808457718e-01 2.0000000000e-01 -1.3713825900e-03
     vertex 9.3576276554e-01 2.6666666667e-01 -4.3349050752e-04
   endloop
 endfacet
 facet normal  1.0561741631e-01 -4.5717191466e-02 -9.9335537436e-01
   outer loop
     vertex 9.3576276554e-01 2.6666666667e-01 -4.3349050752e-04
     vertex 8.9808457718e-01 2.0000000000e-01 -1.3713825900e-03
     vertex 9.2829938215e-01 2.6666666667e-01 -1.2270265279e-03
   endloop
 endfacet
 facet normal  9.2461410013e-02 -3.9751205694e-02 -9.9492247402e-01
   outer loop
     vertex 8.9808457718e-01 2.0000000000e-01 -1.3713825900e-03
     vertex 8.8385594502e-01 2.0000000000e-01 -2.6936960638e-03
     vertex 9.2829938215e-01 2.6666666667e-01 -1.2270265279e-03
   endloop
 endfacet
 facet normal  9.2461410013e-02 -3.9751205694e-02 -9.9492247402e-01
   outer loop
     vertex 9.2829938215e-01 2.6666666667e-01 -1.2270265279e-03
     vertex 8.8385594502e-01 2.0000000000e-01 -2.6936960638e-03
     vertex 9.1556850073e-01 2.6666666667e-01 -2.4101491097e-03
   endloop
 endfacet
 facet normal  6.9626851344e-02 -2.8879577142e-02 -9.9715498875e-01
   outer loop
     vertex 8.8385594502e-01 2.0000000000e-01 -2.6936960638e-03
     vertex 8.6458668555e-01 2.0000000000e-01 -4.0391818500e-03
     vertex 9.1556850073e-01 2.6666666667e-01 -2.4101491097e-03
   endloop
 endfacet
 facet normal  6.9626851344e-02 -2.8879577142e-02 -9.9715498875e-01
   outer loop
     vertex 9.1556850073e-01 2.6666666667e-01 -2.4101491097e-03
     vertex 8.6458668555e-01 2.0000000000e-01 -4.0391818500e-03
     vertex 8.9832758437e-01 2.6666666667e-01 -3.6140048132e-03
   endloop
 endfacet
 facet normal  2.6771514601e-02 -7.1742190029e-03 -9.9961583450e-01
   outer loop
     vertex 8.6458668555e-01 2.0000000000e-01 -4.0391818500e-03
     vertex 8.8105265557e-01 2.6666666667e-01 -4.0766585575e-03
     vertex 8.9832758437e-01 2.6666666667e-01 -3.6140048132e-03
   endloop
 endfacet
 facet normal  2.6771514601e-02 -7.1742190029e-03 -9.9961583450e-01
   outer loop
     vertex 8.6458668555e-01 2.0000000000e-01 -4.0391818500e-03
     vertex 8.4527941219e-01 2.0000000000e-01 -4.5562654466e-03
     vertex 8.8105265557e-01 2.6666666667e-01 -4.0766585575e-03
   endloop
 endfacet
 facet normal  -4.8939230065e-02 3.3442179057e-02 -9.9824174047e-01
   outer loop
     vertex 8.4527941219e-01 2.0000000000e-01 -4.5562654466e-03
     vertex 8.6828719124e-01 2.6666666667e-01 -3.4508261863e-03
     vertex 8.8105265557e-01 2.6666666667e-01 -4.0766585575e-03
   endloop
 endfacet
 facet normal  -4.8939230065e-02 3.3442179057e-02 -9.9824174047e-01
   outer loop
     vertex 8.4527941219e-01 2.0000000000e-01 -4.5562654466e-03
     vertex 8.3101212853e-01 2.0000000000e-01 -3.8568057376e-03
     vertex 8.6828719124e-01 2.6666666667e-01 -3.4508261863e-03
   endloop
 endfacet
 facet normal  -1.7877441999e-01 1.0591418765e-01 -9.7817273097e-01
   outer loop
     vertex 8.3101212853e-01 2.0000000000e-01 -3.8568057376e-03
     vertex 8.6091471804e-01 2.6666666667e-01 -2.1034060634e-03
     vertex 8.6828719124e-01 2.6666666667e-01 -3.4508261863e-03
   endloop
 endfacet
 facet normal  -1.7877441999e-01 1.0591418765e-01 -9.7817273097e-01
   outer loop
     vertex 8.3101212853e-01 2.0000000000e-01 -3.8568057376e-03
     vertex 8.2277230553e-01 2.0000000000e-01 -2.3508656003e-03
     vertex 8.6091471804e-01 2.6666666667e-01 -2.1034060634e-03
   endloop
 endfacet
 facet normal  -5.4994017399e-01 3.1750810749e-01 -7.7249880693e-01
   outer loop
     vertex 8.2277230553e-01 2.0000000000e-01 -2.3508656003e-03
     vertex 8.5796007178e-01 2.6666666667e-01 0.0000000000e+00
     vertex 8.6091471804e-01 2.6666666667e-01 -2.1034060634e-03
   endloop
 endfacet
 facet normal  -5.4994017399e-01 3.1750810749e-01 -7.7249880693e-01
   outer loop
     vertex 8.2277230553e-01 2.0000000000e-01 -2.3508656003e-03
     vertex 8.1947005384e-01 2.0000000000e-01 0.0000000000e+00
     vertex 8.5796007178e-01 2.6666666667e-01 0.0000000000e+00
   endloop
 endfacet
 facet normal  -5.4994017399e-01 3.1750810749e-01 7.7249880693e-01
   outer loop
     vertex 8.1947005384e-01 2.0000000000e-01 0.0000000000e+00
     vertex 8.2277230553e-01 2.0000000000e-01 2.3508656003e-03
     vertex 8.5796007178e-01 2.6666666667e-01 0.0000000000e+00
   endloop
 endfacet
 facet normal  -5.4994017399e-01 3.1750810749e-01 7.7249880693e-01
   outer loop
     vertex 8.5796007178e-01 2.6666666667e-01 0.0000000000e+00
     vertex 8.2277230553e-01 2.0000000000e-01 2.3508656003e-03
     vertex 8.6091471804e-01 2.6666666667e-01 2.1034060634e-03
   endloop
 endfacet
 facet normal  -1.7877441999e-01 1.0591418765e-01 9.7817273097e-01
   outer loop
     vertex 8.2277230553e-01 2.0000000000e-01 2.3508656003e-03
     vertex 8.3101212853e-01 2.0000000000e-01 3.8568057376e-03
     vertex 8.6091471804e-01 2.6666666667e-01 2.1034060634e-03
   endloop
 endfacet
 facet normal  -1.7877441999e-01 1.0591418765e-01 9.7817273097e-01
   outer loop
     vertex 8.6091471804e-01 2.6666666667e-01 2.1034060634e-03
     vertex 8.3101212853e-01 2.0000000000e-01 3.8568057376e-03
     vertex 8.6828719124e-01 2.6666666667e-01 3.4508261863e-03
   endloop
 endfacet
 facet normal  -4.8939230065e-02 3.3442179057e-02 9.9824174047e-01
   outer loop
     vertex 8.3101212853e-01 2.0000000000e-01 3.8568057376e-03
     vertex 8.4527941219e-01 2.0000000000e-01 4.5562654466e-03
     vertex 8.6828719124e-01 2.6666666667e-01 3.4508261863e-03
   endloop
 endfacet
 facet normal  -4.8939230065e-02 3.3442179057e-02 9.9824174047e-01
   outer loop
     vertex 8.6828719124e-01 2.6666666667e-01 3.4508261863e-03
     vertex 8.4527941219e-01 2.0000000000e-01 4.5562654466e-03
     vertex 8.8105265557e-01 2.6666666667e-01 4.0766585575e-03
   endloop
 endfacet
 facet normal  2.6771514601e-02 -7.1742190029e-03 9.9961583450e-01
   outer loop
     vertex 8.4527941219e-01 2.0000000000e-01 4.5562654466e-03
     vertex 8.6458668555e-01 2.0000000000e-01 4.0391818500e-03
     vertex 8.8105265557e-01 2.6666666667e-01 4.0766585575e-03
   endloop
 endfacet
 facet normal  2.6771514601e-02 -7.1742190029e-03 9.9961583450e-01
   outer loop
     vertex 8.8105265557e-01 2.6666666667e-01 4.0766585575e-03
     vertex 8.6458668555e-01 2.0000000000e-01 4.0391818500e-03
     vertex 8.9832758437e-01 2.6666666667e-01 3.6140048132e-03
   endloop
 endfacet
 facet normal  6.9626851344e-02 -2.8879577142e-02 9.9715498875e-01
   outer loop
     vertex 8.6458668555e-01 2.0000000000e-01 4.0391818500e-03
     vertex 9.1556850073e-01 2.6666666667e-01 2.4101491097e-03
     vertex 8.9832758437e-01 2.6666666667e-01 3.6140048132e-03
   endloop
 endfacet
 facet normal  6.9626851344e-02 -2.8879577142e-02 9.9715498875e-01
   outer loop
     vertex 8.6458668555e-01 2.0000000000e-01 4.0391818500e-03
     vertex 8.8385594502e-01 2.0000000000e-01 2.6936960638e-03
     vertex 9.1556850073e-01 2.6666666667e-01 2.4101491097e-03
   endloop
 endfacet
 facet normal  9.2461410013e-02 -3.9751205694e-02 9.9492247402e-01
   outer loop
     vertex 8.8385594502e-01 2.0000000000e-01 2.6936960638e-03
     vertex 9.2829938215e-01 2.6666666667e-01 1.2270265279e-03
     vertex 9.1556850073e-01 2.6666666667e-01 2.4101491097e-03
   endloop
 endfacet
 facet normal  9.2461410013e-02 -3.9751205694e-02 9.9492247402e-01
   outer loop
     vertex 8.8385594502e-01 2.0000000000e-01 2.6936960638e-03
     vertex 8.9808457718e-01 2.0000000000e-01 1.3713825900e-03
     vertex 9.2829938215e-01 2.6666666667e-01 1.2270265279e-03
   endloop
 endfacet
 facet normal  1.0561741631e-01 -4.5717191466e-02 9.9335537436e-01
   outer loop
     vertex 8.9808457718e-01 2.0000000000e-01 1.3713825900e-03
     vertex 9.3576276554e-01 2.6666666667e-01 4.3349050752e-04
     vertex 9.2829938215e-01 2.6666666667e-01 1.2270265279e-03
   endloop
 endfacet
 facet normal  1.0561741631e-01 -4.5717191466e-02 9.9335537436e-01
   outer loop
     vertex 8.9808457718e-01 2.0000000000e-01 1.3713825900e-03
     vertex 9.0642600568e-01 2.0000000000e-01 4.8448939075e-04
     vertex 9.3576276554e-01 2.6666666667e-01 4.3349050752e-04
   endloop
 endfacet
 facet normal  1.1328396781e-01 -4.9091637946e-02 9.9234910879e-01
   outer loop
     vertex 9.0642600568e-01 2.0000000000e-01 4.8448939075e-04
     vertex 9.3956007178e-01 2.6666666667e-01 0.0000000000e+00
     vertex 9.3576276554e-01 2.6666666667e-01 4.3349050752e-04
   endloop
 endfacet
 facet normal  1.1328396781e-01 -4.9091637946e-02 9.9234910879e-01
   outer loop
     vertex 9.0642600568e-01 2.0000000000e-01 4.8448939075e-04
     vertex 9.1067005384e-01 2.0000000000e-01 0.0000000000e+00
     vertex 9.3956007178e-01 2.6666666667e-01 0.0000000000e+00
   endloop
 endfacet
 facet normal  1.1328396781e-01 -4.9091637946e-02 -9.9234910879e-01
   outer loop
     vertex 9.3956007178e-01 2.6666666667e-01 0.0000000000e+00
     vertex 9.3576276554e-01 2.6666666667e-01 -4.3349050752e-04
     vertex 9.6845008973e-01 3.3333333333e-01 0.0000000000e+00
   endloop
 endfacet
 facet normal  1.1328396781e-01 -4.9091637946e-02 -9.9234910879e-01
   outer loop
     vertex 9.6845008973e-01 3.3333333333e-01 0.0000000000e+00
     vertex 9.3576276554e-01 2.6666666667e-01 -4.3349050752e-04
     vertex 9.6509952539e-01 3.3333333333e-01 -3.8249162428e-04
   endloop
 endfacet
 facet normal  1.0561741631e-01 -4.5717191466e-02 -9.9335537436e-01
   outer loop
     vertex 9.3576276554e-01 2.6666666667e-01 -4.3349050752e-04
     vertex 9.2829938215e-01 2.6666666667e-01 -1.2270265279e-03
     vertex 9.6509952539e-01 3.3333333333e-01 -3.8249162428e-04
   endloop
 endfacet
 facet normal  1.0561741631e-01 -4.5717191466e-02 -9.9335537436e-01
   outer loop
     vertex 9.6509952539e-01 3.3333333333e-01 -3.8249162428e-04
     vertex 9.2829938215e-01 2.6666666667e-01 -1.2270265279e-03
     vertex 9.5851418711e-01 3.3333333333e-01 -1.0826704658e-03
   endloop
 endfacet
 facet normal  9.2461410013e-02 -3.9751205694e-02 -9.9492247402e-01
   outer loop
     vertex 9.2829938215e-01 2.6666666667e-01 -1.2270265279e-03
     vertex 9.1556850073e-01 2.6666666667e-01 -2.4101491097e-03
     vertex 9.5851418711e-01 3.3333333333e-01 -1.0826704658e-03
   endloop
 endfacet
 facet normal  9.2461410013e-02 -3.9751205694e-02 -9.9492247402e-01
   outer loop
     vertex 9.5851418711e-01 3.3333333333e-01 -1.0826704658e-03
     vertex 9.1556850073e-01 2.6666666667e-01 -2.4101491097e-03
     vertex 9.4728105645e-01 3.3333333333e-01 -2.1266021556e-03
   endloop
 endfacet
 facet normal  6.9626851344e-02 -2.8879577142e-02 -9.9715498875e-01
   outer loop
     vertex 9.1556850073e-01 2.6666666667e-01 -2.4101491097e-03
     vertex 8.9832758437e-01 2.6666666667e-01 -3.6140048132e-03
     vertex 9.4728105645e-01 3.3333333333e-01 -2.1266021556e-03
   endloop
 endfacet
 facet normal  6.9626851344e-02 -2.8879577142e-02 -9.9715498875e-01
   outer loop
     vertex 9.4728105645e-01 3.3333333333e-01 -2.1266021556e-03
     vertex 8.9832758437e-01 2.6666666667e-01 -3.6140048132e-03
     vertex 9.3206848319e-01 3.3333333333e-01 -3.1888277763e-03
   endloop
 endfacet
 facet normal  2.6771514601e-02 -7.1742190029e-03 -9.9961583450e-01
   outer loop
     vertex 8.9832758437e-01 2.6666666667e-01 -3.6140048132e-03
     vertex 9.1682589895e-01 3.3333333333e-01 -3.5970516684e-03
     vertex 9.3206848319e-01 3.3333333333e-01 -3.1888277763e-03
   endloop
 endfacet
 facet normal  2.6771514601e-02 -7.1742190029e-03 -9.9961583450e-01
   outer loop
     vertex 8.9832758437e-01 2.6666666667e-01 -3.6140048132e-03
     vertex 8.8105265557e-01 2.6666666667e-01 -4.0766585575e-03
     vertex 9.1682589895e-01 3.3333333333e-01 -3.5970516684e-03
   endloop
 endfacet
 facet normal  -4.8939230065e-02 3.3442179057e-02 -9.9824174047e-01
   outer loop
     vertex 8.8105265557e-01 2.6666666667e-01 -4.0766585575e-03
     vertex 9.0556225396e-01 3.3333333333e-01 -3.0448466350e-03
     vertex 9.1682589895e-01 3.3333333333e-01 -3.5970516684e-03
   endloop
 endfacet
 facet normal  -4.8939230065e-02 3.3442179057e-02 -9.9824174047e-01
   outer loop
     vertex 8.8105265557e-01 2.6666666667e-01 -4.0766585575e-03
     vertex 8.6828719124e-01 2.6666666667e-01 -3.4508261863e-03
     vertex 9.0556225396e-01 3.3333333333e-01 -3.0448466350e-03
   endloop
 endfacet
 facet normal  -1.7877441999e-01 1.0591418765e-01 -9.7817273097e-01
   outer loop
     vertex 8.6828719124e-01 2.6666666667e-01 -3.4508261863e-03
     vertex 8.9905713054e-01 3.3333333333e-01 -1.8559465265e-03
     vertex 9.0556225396e-01 3.3333333333e-01 -3.0448466350e-03
   endloop
 endfacet
 facet normal  -1.7877441999e-01 1.0591418765e-01 -9.7817273097e-01
   outer loop
     vertex 8.6828719124e-01 2.6666666667e-01 -3.4508261863e-03
     vertex 8.6091471804e-01 2.6666666667e-01 -2.1034060634e-03
     vertex 8.9905713054e-01 3.3333333333e-01 -1.8559465265e-03
   endloop
 endfacet
 facet normal  -5.4994017399e-01 3.1750810749e-01 -7.7249880693e-01
   outer loop
     vertex 8.6091471804e-01 2.6666666667e-01 -2.1034060634e-03
     vertex 8.9645008973e-01 3.3333333333e-01 0.0000000000e+00
     vertex 8.9905713054e-01 3.3333333333e-01 -1.8559465265e-03
   endloop
 endfacet
 facet normal  -5.4994017399e-01 3.1750810749e-01 -7.7249880693e-01
   outer loop
     vertex 8.6091471804e-01 2.6666666667e-01 -2.1034060634e-03
     vertex 8.5796007178e-01 2.6666666667e-01 0.0000000000e+00
     vertex 8.9645008973e-01 3.3333333333e-01 0.0000000000e+00
   endloop
 endfacet
 facet normal  -5.4994017399e-01 3.1750810749e-01 7.7249880693e-01
   outer loop
     vertex 8.5796007178e-01 2.6666666667e-01 0.0000000000e+00
     vertex 8.6091471804e-01 2.6666666667e-01 2.1034060634e-03
     vertex 8.9645008973e-01 3.3333333333e-01 0.0000000000e+00
   endloop
 endfacet
 facet normal  -5.4994017399e-01 3.1750810749e-01 7.7249880693e-01
   outer loop
     vertex 8.9645008973e-01 3.3333333333e-01 0.0000000000e+00
     vertex 8.6091471804e-01 2.6666666667e-01 2.1034060634e-03
     vertex 8.9905713054e-01 3.3333333333e-01 1.8559465265e-03
   endloop
 endfacet
 facet normal  -1.7877441999e-01 1.0591418765e-01 9.7817273097e-01
   outer loop
     vertex 8.6091471804e-01 2.6666666667e-01 2.1034060634e-03
     vertex 8.6828719124e-01 2.6666666667e-01 3.4508261863e-03
     vertex 8.9905713054e-01 3.3333333333e-01 1.8559465265e-03
   endloop
 endfacet
 facet normal  -1.7877441999e-01 1.0591418765e-01 9.7817273097e-01
   outer loop
     vertex 8.9905713054e-01 3.3333333333e-01 1.8559465265e-03
     vertex 8.6828719124e-01 2.6666666667e-01 3.4508261863e-03
     vertex 9.0556225396e-01 3.3333333333e-01 3.0448466350e-03
   endloop
 endfacet
 facet normal  -4.8939230065e-02 3.3442179057e-02 9.9824174047e-01
   outer loop
     vertex 8.6828719124e-01 2.6666666667e-01 3.4508261863e-03
     vertex 8.8105265557e-01 2.6666666667e-01 4.0766585575e-03
     vertex 9.0556225396e-01 3.3333333333e-01 3.0448466350e-03
   endloop
 endfacet
 facet normal  -4.8939230065e-02 3.3442179057e-02 9.9824174047e-01
   outer loop
     vertex 9.0556225396e-01 3.3333333333e-01 3.0448466350e-03
     vertex 8.8105265557e-01 2.6666666667e-01 4.0766585575e-03
     vertex 9.1682589895e-01 3.3333333333e-01 3.5970516684e-03
   endloop
 endfacet
 facet normal  2.6771514601e-02 -7.1742190029e-03 9.9961583450e-01
   outer loop
     vertex 8.8105265557e-01 2.6666666667e-01 4.0766585575e-03
     vertex 8.9832758437e-01 2.6666666667e-01 3.6140048132e-03
     vertex 9.1682589895e-01 3.3333333333e-01 3.5970516684e-03
   endloop
 endfacet
 facet normal  2.6771514601e-02 -7.1742190029e-03 9.9961583450e-01
   outer loop
     vertex 9.1682589895e-01 3.3333333333e-01 3.5970516684e-03
     vertex 8.9832758437e-01 2.6666666667e-01 3.6140048132e-03
     vertex 9.3206848319e-01 3.3333333333e-01 3.1888277763e-03
   endloop
 endfacet
 facet normal  6.9626851344e-02 -2.8879577142e-02 9.9715498875e-01
   outer loop
     vertex 8.9832758437e-01 2.6666666667e-01 3.6140048132e-03
     vertex 9.4728105645e-01 3.3333333333e-01 2.1266021556e-03
     vertex 9.3206848319e-01 3.3333333333e-01 3.1888277763e-03
   endloop
 endfacet
 facet normal  6.9626851344e-02 -2.8879577142e-02 9.9715498875e-01
   outer loop
     vertex 8.9832758437e-01 2.6666666667e-01 3.6140048132e-03
     vertex 9.1556850073e-01 2.6666666667e-01 2.4101491097e-03
     vertex 9.4728105645e-01 3.3333333333e-01 2.1266021556e-03
   endloop
 endfacet
 facet normal  9.2461410013e-02 -3.9751205694e-02 9.9492247402e-01
   outer loop
     vertex 9.1556850073e-01 2.6666666667e-01 2.4101491097e-03
     vertex 9.5851418711e-01 3.3333333333e-01 1.0826704658e-03
     vertex 9.4728105645e-01 3.3333333333e-01 2.1266021556e-03
   endloop
 endfacet
 facet normal  9.2461410013e-02 -3.9751205694e-02 9.9492247402e-01
   outer loop
     vertex 9.1556850073e-01 2.6666666667e-01 2.4101491097e-03
     vertex 9.2829938215e-01 2.6666666667e-01 1.2270265279e-03
     vertex 9.5851418711e-01 3.3333333333e-01 1.0826704658e-03
   endloop
 endfacet
 facet normal  1.0561741631e-01 -4.5717191466e-02 9.9335537436e-01
   outer loop
     vertex 9.2829938215e-01 2.6666666667e-01 1.2270265279e-03
     vertex 9.6509952539e-01 3.3333333333e-01 3.8249162428e-04
     vertex 9.5851418711e-01 3.3333333333e-01 1.0826704658e-03
   endloop
 endfacet
 facet normal  1.0561741631e-01 -4.5717191466e-02 9.9335537436e-01
   outer loop
     vertex 9.2829938215e-01 2.6666666667e-01 1.2270265279e-03
     vertex 9.3576276554e-01 2.6666666667e-01 4.3349050752e-04
     vertex 9.6509952539e-01 3.3333333333e-01 3.8249162428e-04
   endloop
 endfacet
 facet normal  1.1328396781e-01 -4.9091637946e-02 9.9234910879e-01
   outer loop
     vertex 9.3576276554e-01 2.6666666667e-01 4.3349050752e-04
     vertex 9.6845008973e-01 3.3333333333e-01 0.0000000000e+00
     vertex 9.6509952539e-01 3.3333333333e-01 3.8249162428e-04
   endloop
 endfacet
 facet normal  1.1328396781e-01 -4.9091637946e-02 9.9234910879e-01
   outer loop
     vertex 9.3576276554e-01 2.6666666667e-01 4.3349050752e-04
     vertex 9.3956007178e-01 2.6666666667e-01 0.0000000000e+00
     vertex 9.6845008973e-01 3.3333333333e-01 0.0000000000e+00
   endloop
 endfacet
 facet normal  0.0000000000e+00 1.0000000000e+00 -0.0000000000e+00
   outer loop
     vertex 9.6845008973e-01 3.3333333333e-01 0.0000000000e+00
     vertex 9.6509952539e-01 3.3333333333e-01 -3.8249162428e-04
     vertex 9.6509952539e-01 3.3333333333e-01 -1.9124581214e-04
   endloop
 endfacet
 facet normal  0.0000000000e+00 1.0000000000e+00 0.0000000000e+00
   outer loop
     vertex 9.6509952539e-01 3.3333333333e-01 -3.8249162428e-04
     vertex 9.5851418711e-01 3.3333333333e-01 -5.4133523290e-04
     vertex 9.6509952539e-01 3.3333333333e-01 -1.9124581214e-04
   endloop
 endfacet
 facet normal  0.0000000000e+00 1.0000000000e+00 0.0000000000e+00
   outer loop
     vertex 9.6509952539e-01 3.3333333333e-01 -3.8249162428e-04
     vertex 9.5851418711e-01 3.3333333333e-01 -1.0826704658e-03
     vertex 9.5851418711e-01 3.3333333333e-01 -5.4133523290e-04
   endloop
 endfacet
 facet normal  -0.0000000000e+00 1.0000000000e+00 0.0000000000e+00
   outer loop
     vertex 9.5851418711e-01 3.3333333333e-01 -1.0826704658e-03
     vertex 9.4728105645e-01 3.3333333333e-01 -1.0633010778e-03
     vertex 9.5851418711e-01 3.3333333333e-01 -5.4133523290e-04
   endloop
 endfacet
 facet normal  0.0000000000e+00 1.0000000000e+00 0.0000000000e+00
   outer loop
     vertex 9.5851418711e-01 3.3333333333e-01 -1.0826704658e-03
     vertex 9.4728105645e-01 3.3333333333e-01 -2.1266021556e-03
     vertex 9.4728105645e-01 3.3333333333e-01 -1.0633010778e-03
   endloop
 endfacet
 facet normal  -0.0000000000e+00 1.0000000000e+00 0.0000000000e+00
   outer loop
     vertex 9.4728105645e-01 3.3333333333e-01 -2.1266021556e-03
     vertex 9.3206848319e-01 3.3333333333e-01 -1.5944138882e-03
     vertex 9.4728105645e-01 3.3333333333e-01 -1.0633010778e-03
   endloop
 endfacet
 facet normal  0.0000000000e+00 1.0000000000e+00 0.0000000000e+00
   outer loop
     vertex 9.4728105645e-01 3.3333333333e-01 -2.1266021556e-03
     vertex 9.3206848319e-01 3.3333333333e-01 -3.1888277763e-03
     vertex 9.3206848319e-01 3.3333333333e-01 -1.5944138882e-03
   endloop
 endfacet
 facet normal  0.0000000000e+00 1.0000000000e+00 0.0000000000e+00
   outer loop
     vertex 9.3206848319e-01 3.3333333333e-01 -3.1888277763e-03
     vertex 9.1682589895e-01 3.3333333333e-01 -3.5970516684e-03
     vertex 9.3206848319e-01 3.3333333333e-01 -1.5944138882e-03
   endloop
 endfacet
 facet normal  0.0000000000e+00 1.0000000000e+00 0.0000000000e+00
   outer loop
     vertex 9.3206848319e-01 3.3333333333e-01 -1.5944138882e-03
     vertex 9.1682589895e-01 3.3333333333e-01 -3.5970516684e-03
     vertex 9.1682589895e-01 3.3333333333e-01 -1.7985258342e-03
   endloop
 endfacet
 facet normal  -0.0000000000e+00 1.0000000000e+00 0.0000000000e+00
   outer loop
     vertex 9.1682589895e-01 3.3333333333e-01 -3.5970516684e-03
     vertex 9.0556225396e-01 3.3333333333e-01 -3.0448466350e-03
     vertex 9.1682589895e-01 3.3333333333e-01 -1.7985258342e-03
   endloop
 endfacet
 facet normal  0.0000000000e+00 1.0000000000e+00 0.0000000000e+00
   outer loop
     vertex 9.1682589895e-01 3.3333333333e-01 -1.7985258342e-03
     vertex 9.0556225396e-01 3.3333333333e-01 -3.0448466350e-03
     vertex 9.0556225396e-01 3.3333333333e-01 -1.5224233175e-03
   endloop
 endfacet
 facet normal  -0.0000000000e+00 1.0000000000e+00 0.0000000000e+00
   outer loop
     vertex 9.0556225396e-01 3.3333333333e-01 -3.0448466350e-03
     vertex 8.9905713054e-01 3.3333333333e-01 -1.8559465265e-03
     vertex 9.0556225396e-01 3.3333333333e-01 -1.5224233175e-03
   endloop
 endfacet
 facet normal  0.0000000000e+00 1.0000000000e+00 0.0000000000e+00
   outer loop
     vertex 9.0556225396e-01 3.3333333333e-01 -1.5224233175e-03
     vertex 8.9905713054e-01 3.3333333333e-01 -1.8559465265e-03
     vertex 8.9905713054e-01 3.3333333333e-01 -9.2797326326e-04
   endloop
 endfacet
 facet normal  0.0000000000e+00 1.0000000000e+00 0.0000000000e+00
   outer loop
     vertex 8.9905713054e-01 3.3333333333e-01 -1.8559465265e-03
     vertex 8.9645008973e-01 3.3333333333e-01 0.0000000000e+00
     vertex 8.9905713054e-01 3.3333333333e-01 -9.2797326326e-04
   endloop
 endfacet
 facet normal  0.0000000000e+00 1.0000000000e+00 0.0000000000e+00
   outer loop
     vertex 8.9645008973e-01 3.3333333333e-01 0.0000000000e+00
     vertex 8.9905713054e-01 3.3333333333e-01 1.8559465265e-03
     vertex 8.9905713054e-01 3.3333333333e-01 9.2797326326e-04
   endloop
 endfacet
 facet normal  0.0000000000e+00 1.0000000000e+00 0.0000000000e+00
   outer loop
     vertex 8.9905713054e-01 3.3333333333e-01 1.8559465265e-03
     vertex 9.0556225396e-01 3.3333333333e-01 1.5224233175e-03
     vertex 8.9905713054e-01 3.3333333333e-01 9.2797326326e-04
   endloop
 endfacet
 facet normal  0.0000000000e+00 1.0000000000e+00 0.0000000000e+00
   outer loop
     vertex 8.9905713054e-01 3.3333333333e-01 1.8559465265e-03
     vertex 9.0556225396e-01 3.3333333333e-01 3.0448466350e-03
     vertex 9.0556225396e-01 3.3333333333e-01 1.5224233175e-03
   endloop
 endfacet
 facet normal  0.0000000000e+00 1.0000000000e+00 0.0000000000e+00
   outer loop
     vertex 9.0556225396e-01 3.3333333333e-01 3.0448466350e-03
     vertex 9.1682589895e-01 3.3333333333e-01 1.7985258342e-03
     vertex 9.0556225396e-01 3.3333333333e-01 1.5224233175e-03
   endloop
 endfacet
 facet normal  0.0000000000e+00 1.0000000000e+00 0.0000000000e+00
   outer loop
     vertex 9.0556225396e-01 3.3333333333e-01 3.0448466350e-03
     vertex 9.1682589895e-01 3.3333333333e-01 3.5970516684e-03
     vertex 9.1682589895e-01 3.3333333333e-01 1.7985258342e-03
   endloop
 endfacet
 facet normal  0.0000000000e+00 1.0000000000e+00 0.0000000000e+00
   outer loop
     vertex 9.1682589895e-01 3.3333333333e-01 3.5970516684e-03
     vertex 9.3206848319e-01 3.3333333333e-01 1.5944138882e-03
     vertex 9.1682589895e-01 3.3333333333e-01 1.7985258342e-03
   endloop
 endfacet
 facet normal  0.0000000000e+00 1.0000000000e+00 0.0000000000e+00
   outer loop
     vertex 9.1682589895e-01 3.3333333333e-01 3.5970516684e-03
     vertex 9.3206848319e-01 3.3333333333e-01 3.1888277763e-03
     vertex 9.3206848319e-01 3.3333333333e-01 1.5944138882e-03
   endloop
 endfacet
 facet normal  0.0000000000e+00 1.0000000000e+00 0.0000000000e+00
   outer loop
     vertex 9.3206848319e-01 3.3333333333e-01 3.1888277763e-03
     vertex 9.4728105645e-01 3.3333333333e-01 2.1266021556e-03
     vertex 9.3206848319e-01 3.3333333333e-01 1.5944138882e-03
   endloop
 endfacet
 facet normal  0.0000000000e+00 1.0000000000e+00 0.0000000000e+00
   outer loop
     vertex 9.3206848319e-01 3.3333333333e-01 1.5944138882e-03
     vertex 9.4728105645e-01 3.3333333333e-01 2.1266021556e-03
     vertex 9.4728105645e-01 3.3333333333e-01 1.0633010778e-03
   endloop
 endfacet
 facet normal  0.0000000000e+00 1.0000000000e+00 0.0000000000e+00
   outer loop
     vertex 9.4728105645e-01 3.3333333333e-01 2.1266021556e-03
     vertex 9.5851418711e-01 3.3333333333e-01 1.0826704658e-03
     vertex 9.4728105645e-01 3.3333333333e-01 1.0633010778e-03
   endloop
 endfacet
 facet normal  0.0000000000e+00 1.0000000000e+00 0.0000000000e+00
   outer loop
     vertex 9.4728105645e-01 3.3333333333e-01 1.0633010778e-03
     vertex 9.5851418711e-01 3.3333333333e-01 1.0826704658e-03
     vertex 9.5851418711e-01 3.3333333333e-01 5.4133523290e-04
   endloop
 endfacet
 facet normal  0.0000000000e+00 1.0000000000e+00 0.0000000000e+00
   outer loop
     vertex 9.5851418711e-01 3.3333333333e-01 1.0826704658e-03
     vertex 9.6509952539e-01 3.3333333333e-01 3.8249162428e-04
     vertex 9.5851418711e-01 3.3333333333e-01 5.4133523290e-04
   endloop
 endfacet
 facet normal  0.0000000000e+00 1.0000000000e+00 0.0000000000e+00
   outer loop
     vertex 9.5851418711e-01 3.3333333333e-01 5.4133523290e-04
     vertex 9.6509952539e-01 3.3333333333e-01 3.8249162428e-04
     vertex 9.6509952539e-01 3.3333333333e-01 1.9124581214e-04
   endloop
 endfacet
 facet normal  0.0000000000e+00 1.0000000000e+00 0.0000000000e+00
   outer loop
     vertex 9.6509952539e-01 3.3333333333e-01 3.8249162428e-04
     vertex 9.6845008973e-01 3.3333333333e-01 0.0000000000e+00
     vertex 9.6509952539e-01 3.3333333333e-01 1.9124581214e-04
   endloop
 endfacet
 facet normal  0.0000000000e+00 1.0000000000e+00 -0.0000000000e+00
   outer loop
     vertex 9.6845008973e-01 3.3333333333e-01 0.0000000000e+00
     vertex 9.6509952539e-01 3.3333333333e-01 -1.9124581214e-04
     vertex 9.6509952539e-01 3.3333333333e-01 1.7921197825e-17
   endloop
 endfacet
 facet normal  -0.0000000000e+00 1.0000000000e+00 0.0000000000e+00
   outer loop
     vertex 9.6509952539e-01 3.3333333333e-01 -1.9124581214e-04
     vertex 9.5851418711e-01 3.3333333333e-01 1.7707503211e-18
     vertex 9.6509952539e-01 3.3333333333e-01 1.7921197825e-17
   endloop
 endfacet
 facet normal  0.0000000000e+00 1.0000000000e+00 0.0000000000e+00
   outer loop
     vertex 9.6509952539e-01 3.3333333333e-01 -1.9124581214e-04
     vertex 9.5851418711e-01 3.3333333333e-01 -5.4133523290e-04
     vertex 9.5851418711e-01 3.3333333333e-01 1.7707503211e-18
   endloop
 endfacet
 facet normal  -0.0000000000e+00 1.0000000000e+00 0.0000000000e+00
   outer loop
     vertex 9.5851418711e-01 3.3333333333e-01 -5.4133523290e-04
     vertex 9.4728105645e-01 3.3333333333e-01 1.6534146111e-18
     vertex 9.5851418711e-01 3.3333333333e-01 1.7707503211e-18
   endloop
 endfacet
 facet normal  0.0000000000e+00 1.0000000000e+00 0.0000000000e+00
   outer loop
     vertex 9.5851418711e-01 3.3333333333e-01 -5.4133523290e-04
     vertex 9.4728105645e-01 3.3333333333e-01 -1.0633010778e-03
     vertex 9.4728105645e-01 3.3333333333e-01 1.6534146111e-18
   endloop
 endfacet
 facet normal  -0.0000000000e+00 1.0000000000e+00 0.0000000000e+00
   outer loop
     vertex 9.4728105645e-01 3.3333333333e-01 -1.0633010778e-03
     vertex 9.3206848319e-01 3.3333333333e-01 4.3368086899e-19
     vertex 9.4728105645e-01 3.3333333333e-01 1.6534146111e-18
   endloop
 endfacet
 facet normal  0.0000000000e+00 1.0000000000e+00 0.0000000000e+00
   outer loop
     vertex 9.4728105645e-01 3.3333333333e-01 -1.0633010778e-03
     vertex 9.3206848319e-01 3.3333333333e-01 -1.5944138882e-03
     vertex 9.3206848319e-01 3.3333333333e-01 4.3368086899e-19
   endloop
 endfacet
 facet normal  0.0000000000e+00 1.0000000000e+00 0.0000000000e+00
   outer loop
     vertex 9.3206848319e-01 3.3333333333e-01 -1.5944138882e-03
     vertex 9.1682589895e-01 3.3333333333e-01 -1.7985258342e-03
     vertex 9.3206848319e-01 3.3333333333e-01 4.3368086899e-19
   endloop
 endfacet
 facet normal  0.0000000000e+00 1.0000000000e+00 0.0000000000e+00
   outer loop
     vertex 9.3206848319e-01 3.3333333333e-01 4.3368086899e-19
     vertex 9.1682589895e-01 3.3333333333e-01 -1.7985258342e-03
     vertex 9.1682589895e-01 3.3333333333e-01 4.3368086899e-19
   endloop
 endfacet
 facet normal  -0.0000000000e+00 1.0000000000e+00 0.0000000000e+00
   outer loop
     vertex 9.1682589895e-01 3.3333333333e-01 -1.7985258342e-03
     vertex 9.0556225396e-01 3.3333333333e-01 -1.5224233175e-03
     vertex 9.1682589895e-01 3.3333333333e-01 4.3368086899e-19
   endloop
 endfacet
 facet normal  0.0000000000e+00 1.0000000000e+00 0.0000000000e+00
   outer loop
     vertex 9.1682589895e-01 3.3333333333e-01 4.3368086899e-19
     vertex 9.0556225396e-01 3.3333333333e-01 -1.5224233175e-03
     vertex 9.0556225396e-01 3.3333333333e-01 -3.8957960280e-19
   endloop
 endfacet
 facet normal  -0.0000000000e+00 1.0000000000e+00 0.0000000000e+00
   outer loop
     vertex 9.0556225396e-01 3.3333333333e-01 -1.5224233175e-03
     vertex 8.9905713054e-01 3.3333333333e-01 -9.2797326326e-04
     vertex 9.0556225396e-01 3.3333333333e-01 -3.8957960280e-19
   endloop
 endfacet
 facet normal  0.0000000000e+00 1.0000000000e+00 0.0000000000e+00
   outer loop
     vertex 9.0556225396e-01 3.3333333333e-01 -3.8957960280e-19
     vertex 8.9905713054e-01 3.3333333333e-01 -9.2797326326e-04
     vertex 8.9905713054e-01 3.3333333333e-01 -1.2745340256e-18
   endloop
 endfacet
 facet normal  0.0000000000e+00 1.0000000000e+00 0.0000000000e+00
   outer loop
     vertex 8.9905713054e-01 3.3333333333e-01 -9.2797326326e-04
     vertex 8.9645008973e-01 3.3333333333e-01 0.0000000000e+00
     vertex 8.9905713054e-01 3.3333333333e-01 -1.2745340256e-18
   endloop
 endfacet
 facet normal  0.0000000000e+00 1.0000000000e+00 0.0000000000e+00
   outer loop
     vertex 8.9645008973e-01 3.3333333333e-01 0.0000000000e+00
     vertex 8.9905713054e-01 3.3333333333e-01 9.2797326326e-04
     vertex 8.9905713054e-01 3.3333333333e-01 -1.2745340256e-18
   endloop
 endfacet
 facet normal  0.0000000000e+00 1.0000000000e+00 0.0000000000e+00
   outer loop
     vertex 8.9905713054e-01 3.3333333333e-01 9.2797326326e-04
     vertex 9.0556225396e-01 3.3333333333e-01 -3.8957960280e-19
     vertex 8.9905713054e-01 3.3333333333e-01 -1.2745340256e-18
   endloop
 endfacet
 facet normal  0.0000000000e+00 1.0000000000e+00 0.0000000000e+00
   outer loop
     vertex 8.9905713054e-01 3.3333333333e-01 9.2797326326e-04
     vertex 9.0556225396e-01 3.3333333333e-01 1.5224233175e-03
     vertex 9.0556225396e-01 3.3333333333e-01 -3.8957960280e-19
   endloop
 endfacet
 facet normal  0.0000000000e+00 1.0000000000e+00 0.0000000000e+00
   outer loop
     vertex 9.0556225396e-01 3.3333333333e-01 1.5224233175e-03
     vertex 9.1682589895e-01 3.3333333333e-01 4.3368086899e-19
     vertex 9.0556225396e-01 3.3333333333e-01 -3.8957960280e-19
   endloop
 endfacet
 facet normal  0.0000000000e+00 1.0000000000e+00 0.0000000000e+00
   outer loop
     vertex 9.0556225396e-01 3.3333333333e-01 1.5224233175e-03
     vertex 9.1682589895e-01 3.3333333333e-01 1.7985258342e-03
     vertex 9.1682589895e-01 3.3333333333e-01 4.3368086899e-19
   endloop
 endfacet
 facet normal  0.0000000000e+00 1.0000000000e+00 0.0000000000e+00
   outer loop
     vertex 9.1682589895e-01 3.3333333333e-01 1.7985258342e-03
     vertex 9.3206848319e-01 3.3333333333e-01 4.3368086899e-19
     vertex 9.1682589895e-01 3.3333333333e-01 4.3368086899e-19
   endloop
 endfacet
 facet normal  0.0000000000e+00 1.0000000000e+00 0.0000000000e+00
   outer loop
     vertex 9.1682589895e-01 3.3333333333e-01 1.7985258342e-03
     vertex 9.3206848319e-01 3.3333333333e-01 1.5944138882e-03
     vertex 9.3206848319e-01 3.3333333333e-01 4.3368086899e-19
   endloop
 endfacet
 facet normal  0.0000000000e+00 1.0000000000e+00 0.0000000000e+00
   outer loop
     vertex 9.3206848319e-01 3.3333333333e-01 1.5944138882e-03
     vertex 9.4728105645e-01 3.3333333333e-01 1.0633010778e-03
     vertex 9.3206848319e-01 3.3333333333e-01 4.3368086899e-19
   endloop
 endfacet
 facet normal  0.0000000000e+00 1.0000000000e+00 0.0000000000e+00
   outer loop
     vertex 9.3206848319e-01 3.3333333333e-01 4.3368086899e-19
     vertex 9.4728105645e-01 3.3333333333e-01 1.0633010778e-03
     vertex 9.4728105645e-01 3.3333333333e-01 1.6534146111e-18
   endloop
 endfacet
 facet normal  0.0000000000e+00 1.0000000000e+00 0.0000000000e+00
   outer loop
     vertex 9.4728105645e-01 3.3333333333e-01 1.0633010778e-03
     vertex 9.5851418711e-01 3.3333333333e-01 5.4133523290e-04
     vertex 9.4728105645e-01 3.3333333333e-01 1.6534146111e-18
   endloop
 endfacet
 facet normal  0.0000000000e+00 1.0000000000e+00 0.0000000000e+00
   outer loop
     vertex 9.4728105645e-01 3.3333333333e-01 1.6534146111e-18
     vertex 9.5851418711e-01 3.3333333333e-01 5.4133523290e-04
     vertex 9.5851418711e-01 3.3333333333e-01 1.7707503211e-18
   endloop
 endfacet
 facet normal  0.0000000000e+00 1.0000000000e+00 0.0000000000e+00
   outer loop
     vertex 9.5851418711e-01 3.3333333333e-01 5.4133523290e-04
     vertex 9.6509952539e-01 3.3333333333e-01 1.9124581214e-04
     vertex 9.5851418711e-01 3.3333333333e-01 1.7707503211e-18
   endloop
 endfacet
 facet normal  0.0000000000e+00 1.0000000000e+00 0.0000000000e+00
   outer loop
     vertex 9.5851418711e-01 3.3333333333e-01 1.7707503211e-18
     vertex 9.6509952539e-01 3.3333333333e-01 1.9124581214e-04
     vertex 9.6509952539e-01 3.3333333333e-01 1.7921197825e-17
   endloop
 endfacet
 facet normal  0.0000000000e+00 1.0000000000e+00 0.0000000000e+00
   outer loop
     vertex 9.6509952539e-01 3.3333333333e-01 1.9124581214e-04
     vertex 9.6845008973e-01 3.3333333333e-01 0.0000000000e+00
     vertex 9.6509952539e-01 3.3333333333e-01 1.7921197825e-17
   endloop
 endfacet
 facet normal  1.1328396781e-01 4.9091637946e-02 -9.9234910879e-01
   outer loop
     vertex 8.2400000000e-01 0.0000000000e+00 0.0000000000e+00
     vertex 8.5289001795e-01 -6.6666666667e-02 0.0000000000e+00
     vertex 8.1841572611e-01 0.0000000000e+00 -6.3748604047e-04
   endloop
 endfacet
 facet normal  1.1328396781e-01 4.9091637946e-02 -9.9234910879e-01
   outer loop
     vertex 8.5289001795e-01 -6.6666666667e-02 0.0000000000e+00
     vertex 8.4775248596e-01 -6.6666666667e-02 -5.8648715723e-04
     vertex 8.1841572611e-01 0.0000000000e+00 -6.3748604047e-04
   endloop
 endfacet
 facet normal  1.0561741631e-01 4.5717191466e-02 -9.9335537436e-01
   outer loop
     vertex 8.1841572611e-01 0.0000000000e+00 -6.3748604047e-04
     vertex 8.4775248596e-01 -6.6666666667e-02 -5.8648715723e-04
     vertex 8.0744016230e-01 0.0000000000e+00 -1.8044507763e-03
   endloop
 endfacet
 facet normal  1.0561741631e-01 4.5717191466e-02 -9.9335537436e-01
   outer loop
     vertex 8.4775248596e-01 -6.6666666667e-02 -5.8648715723e-04
     vertex 8.3765496726e-01 -6.6666666667e-02 -1.6600947142e-03
     vertex 8.0744016230e-01 0.0000000000e+00 -1.8044507763e-03
   endloop
 endfacet
 facet normal  9.2461410013e-02 3.9751205694e-02 -9.9492247402e-01
   outer loop
     vertex 8.0744016230e-01 0.0000000000e+00 -1.8044507763e-03
     vertex 8.3765496726e-01 -6.6666666667e-02 -1.6600947142e-03
     vertex 7.8871827787e-01 0.0000000000e+00 -3.5443369261e-03
   endloop
 endfacet
 facet normal  9.2461410013e-02 3.9751205694e-02 -9.9492247402e-01
   outer loop
     vertex 8.3765496726e-01 -6.6666666667e-02 -1.6600947142e-03
     vertex 8.2043083358e-01 -6.6666666667e-02 -3.2607899720e-03
     vertex 7.8871827787e-01 0.0000000000e+00 -3.5443369261e-03
   endloop
 endfacet
 facet normal  6.9626851344e-02 2.8879577142e-02 -9.9715498875e-01
   outer loop
     vertex 7.8871827787e-01 0.0000000000e+00 -3.5443369261e-03
     vertex 8.2043083358e-01 -6.6666666667e-02 -3.2607899720e-03
     vertex 7.6336398910e-01 0.0000000000e+00 -5.3147129606e-03
   endloop
 endfacet
 facet normal  6.9626851344e-02 2.8879577142e-02 -9.9715498875e-01
   outer loop
     vertex 8.2043083358e-01 -6.6666666667e-02 -3.2607899720e-03
     vertex 7.9710488792e-01 -6.6666666667e-02 -4.8895359237e-03
     vertex 7.6336398910e-01 0.0000000000e+00 -5.3147129606e-03
   endloop
 endfacet
 facet normal  2.6771514601e-02 7.1742190029e-03 -9.9961583450e-01
   outer loop
     vertex 7.6336398910e-01 0.0000000000e+00 -5.3147129606e-03
     vertex 7.9710488792e-01 -6.6666666667e-02 -4.8895359237e-03
     vertex 7.7373292542e-01 -6.6666666667e-02 -5.5154792248e-03
   endloop
 endfacet
 facet normal  2.6771514601e-02 7.1742190029e-03 -9.9961583450e-01
   outer loop
     vertex 7.6336398910e-01 0.0000000000e+00 -5.3147129606e-03
     vertex 7.7373292542e-01 -6.6666666667e-02 -5.5154792248e-03
     vertex 7.3795968204e-01 0.0000000000e+00 -5.9950861140e-03
   endloop
 endfacet
 facet normal  -4.8939230065e-02 -3.3442179057e-02 -9.9824174047e-01
   outer loop
     vertex 7.3795968204e-01 0.0000000000e+00 -5.9950861140e-03
     vertex 7.7373292542e-01 -6.6666666667e-02 -5.5154792248e-03
     vertex 7.5646200310e-01 -6.6666666667e-02 -4.6687648403e-03
   endloop
 endfacet
 facet normal  -4.8939230065e-02 -3.3442179057e-02 -9.9824174047e-01
   outer loop
     vertex 7.3795968204e-01 0.0000000000e+00 -5.9950861140e-03
     vertex 7.5646200310e-01 -6.6666666667e-02 -4.6687648403e-03
     vertex 7.1918694038e-01 0.0000000000e+00 -5.0747443916e-03
   endloop
 endfacet
 facet normal  -1.7877441999e-01 -1.0591418765e-01 -9.7817273097e-01
   outer loop
     vertex 7.1918694038e-01 0.0000000000e+00 -5.0747443916e-03
     vertex 7.5646200310e-01 -6.6666666667e-02 -4.6687648403e-03
     vertex 7.4648748052e-01 -6.6666666667e-02 -2.8457846740e-03
   endloop
 endfacet
 facet normal  -1.7877441999e-01 -1.0591418765e-01 -9.7817273097e-01
   outer loop
     vertex 7.1918694038e-01 0.0000000000e+00 -5.0747443916e-03
     vertex 7.4648748052e-01 -6.6666666667e-02 -2.8457846740e-03
     vertex 7.0834506802e-01 0.0000000000e+00 -3.0932442109e-03
   endloop
 endfacet
 facet normal  -5.4994017399e-01 -3.1750810749e-01 -7.7249880693e-01
   outer loop
     vertex 7.0834506802e-01 0.0000000000e+00 -3.0932442109e-03
     vertex 7.4648748052e-01 -6.6666666667e-02 -2.8457846740e-03
     vertex 7.4249001795e-01 -6.6666666667e-02 0.0000000000e+00
   endloop
 endfacet
 facet normal  -5.4994017399e-01 -3.1750810749e-01 -7.7249880693e-01
   outer loop
     vertex 7.0834506802e-01 0.0000000000e+00 -3.0932442109e-03
     vertex 7.4249001795e-01 -6.6666666667e-02 0.0000000000e+00
     vertex 7.0400000000e-01 0.0000000000e+00 0.0000000000e+00
   endloop
 endfacet
 facet normal  -5.4994017399e-01 -3.1750810749e-01 7.7249880693e-01
   outer loop
     vertex 7.0400000000e-01 0.0000000000e+00 0.0000000000e+00
     vertex 7.4249001795e-01 -6.6666666667e-02 0.0000000000e+00
     vertex 7.0834506802e-01 0.0000000000e+00 3.0932442109e-03
   endloop
 endfacet
 facet normal  -5.4994017399e-01 -3.1750810749e-01 7.7249880693e-01
   outer loop
     vertex 7.4249001795e-01 -6.6666666667e-02 0.0000000000e+00
     vertex 7.4648748052e-01 -6.6666666667e-02 2.8457846740e-03
     vertex 7.0834506802e-01 0.0000000000e+00 3.0932442109e-03
   endloop
 endfacet
 facet normal  -1.7877441999e-01 -1.0591418765e-01 9.7817273097e-01
   outer loop
     vertex 7.0834506802e-01 0.0000000000e+00 3.0932442109e-03
     vertex 7.4648748052e-01 -6.6666666667e-02 2.8457846740e-03
     vertex 7.1918694038e-01 0.0000000000e+00 5.0747443916e-03
   endloop
 endfacet
 facet normal  -1.7877441999e-01 -1.0591418765e-01 9.7817273097e-01
   outer loop
     vertex 7.4648748052e-01 -6.6666666667e-02 2.8457846740e-03
     vertex 7.5646200310e-01 -6.6666666667e-02 4.6687648403e-03
     vertex 7.1918694038e-01 0.0000000000e+00 5.0747443916e-03
   endloop
 endfacet
 facet normal  -4.8939230065e-02 -3.3442179057e-02 9.9824174047e-01
   outer loop
     vertex 7.1918694038e-01 0.0000000000e+00 5.0747443916e-03
     vertex 7.5646200310e-01 -6.6666666667e-02 4.6687648403e-03
     vertex 7.3795968204e-01 0.0000000000e+00 5.9950861140e-03
   endloop
 endfacet
 facet normal  -4.8939230065e-02 -3.3442179057e-02 9.9824174047e-01
   outer loop
     vertex 7.5646200310e-01 -6.6666666667e-02 4.6687648403e-03
     vertex 7.7373292542e-01 -6.6666666667e-02 5.5154792248e-03
     vertex 7.3795968204e-01 0.0000000000e+00 5.9950861140e-03
   endloop
 endfacet
 facet normal  2.6771514601e-02 7.1742190029e-03 9.9961583450e-01
   outer loop
     vertex 7.3795968204e-01 0.0000000000e+00 5.9950861140e-03
     vertex 7.7373292542e-01 -6.6666666667e-02 5.5154792248e-03
     vertex 7.6336398910e-01 0.0000000000e+00 5.3147129606e-03
   endloop
 endfacet
 facet normal  2.6771514601e-02 7.1742190029e-03 9.9961583450e-01
   outer loop
     vertex 7.7373292542e-01 -6.6666666667e-02 5.5154792248e-03
     vertex 7.9710488792e-01 -6.6666666667e-02 4.8895359237e-03
     vertex 7.6336398910e-01 0.0000000000e+00 5.3147129606e-03
   endloop
 endfacet
 facet normal  6.9626851344e-02 2.8879577142e-02 9.9715498875e-01
   outer loop
     vertex 7.6336398910e-01 0.0000000000e+00 5.3147129606e-03
     vertex 7.9710488792e-01 -6.6666666667e-02 4.8895359237e-03
     vertex 8.2043083358e-01 -6.6666666667e-02 3.2607899720e-03
   endloop
 endfacet
 facet normal  6.9626851344e-02 2.8879577142e-02 9.9715498875e-01
   outer loop
     vertex 7.6336398910e-01 0.0000000000e+00 5.3147129606e-03
     vertex 8.2043083358e-01 -6.6666666667e-02 3.2607899720e-03
     vertex 7.8871827787e-01 0.0000000000e+00 3.5443369261e-03
   endloop
 endfacet
 facet normal  9.2461410013e-02 3.9751205694e-02 9.9492247402e-01
   outer loop
     vertex 7.8871827787e-01 0.0000000000e+00 3.5443369261e-03
     vertex 8.2043083358e-01 -6.6666666667e-02 3.2607899720e-03
     vertex 8.3765496726e-01 -6.6666666667e-02 1.6600947142e-03
   endloop
 endfacet
 facet normal  9.2461410013e-02 3.9751205694e-02 9.9492247402e-01
   outer loop
     vertex 7.8871827787e-01 0.0000000000e+00 3.5443369261e-03
     vertex 8.3765496726e-01 -6.6666666667e-02 1.6600947142e-03
     vertex 8.0744016230e-01 0.0000000000e+00 1.8044507763e-03
   endloop
 endfacet
 facet normal  1.0561741631e-01 4.5717191466e-02 9.9335537436e-01
   outer loop
     vertex 8.0744016230e-01 0.0000000000e+00 1.8044507763e-03
     vertex 8.3765496726e-01 -6.6666666667e-02 1.6600947142e-03
     vertex 8.4775248596e-01 -6.6666666667e-02 5.8648715723e-04
   endloop
 endfacet
 facet normal  1.0561741631e-01 4.5717191466e-02 9.9335537436e-01
   outer loop
     vertex 8.0744016230e-01 0.0000000000e+00 1.8044507763e-03
     vertex 8.4775248596e-01 -6.6666666667e-02 5.8648715723e-04
     vertex 8.1841572611e-01 0.0000000000e+00 6.3748604047e-04
   endloop
 endfacet
 facet normal  1.1328396781e-01 4.9091637946e-02 9.9234910879e-01
   outer loop
     vertex 8.1841572611e-01 0.0000000000e+00 6.3748604047e-04
     vertex 8.4775248596e-01 -6.6666666667e-02 5.8648715723e-04
     vertex 8.5289001795e-01 -6.6666666667e-02 0.0000000000e+00
   endloop
 endfacet
 facet normal  1.1328396781e-01 4.9091637946e-02 9.9234910879e-01
   outer loop
     vertex 8.1841572611e-01 0.0000000000e+00 6.3748604047e-04
     vertex 8.5289001795e-01 -6.6666666667e-02 0.0000000000e+00
     vertex 8.2400000000e-01 0.0000000000e+00 0.0000000000e+00
   endloop
 endfacet
 facet normal  1.1328396781e-01 4.9091637946e-02 -9.9234910879e-01
   outer loop
     vertex 8.5289001795e-01 -6.6666666667e-02 0.0000000000e+00
     vertex 8.8178003589e-01 -1.3333333333e-01 0.0000000000e+00
     vertex 8.4775248596e-01 -6.6666666667e-02 -5.8648715723e-04
   endloop
 endfacet
 facet normal  1.1328396781e-01 4.9091637946e-02 -9.9234910879e-01
   outer loop
     vertex 8.8178003589e-01 -1.3333333333e-01 0.0000000000e+00
     vertex 8.7708924582e-01 -1.3333333333e-01 -5.3548827399e-04
     vertex 8.4775248596e-01 -6.6666666667e-02 -5.8648715723e-04
   endloop
 endfacet
 facet normal  1.0561741631e-01 4.5717191466e-02 -9.9335537436e-01
   outer loop
     vertex 8.4775248596e-01 -6.6666666667e-02 -5.8648715723e-04
     vertex 8.7708924582e-01 -1.3333333333e-01 -5.3548827399e-04
     vertex 8.3765496726e-01 -6.6666666667e-02 -1.6600947142e-03
   endloop
 endfacet
 facet normal  1.0561741631e-01 4.5717191466e-02 -9.9335537436e-01
   outer loop
     vertex 8.7708924582e-01 -1.3333333333e-01 -5.3548827399e-04
     vertex 8.6786977222e-01 -1.3333333333e-01 -1.5157386521e-03
     vertex 8.3765496726e-01 -6.6666666667e-02 -1.6600947142e-03
   endloop
 endfacet
 facet normal  9.2461410013e-02 3.9751205694e-02 -9.9492247402e-01
   outer loop
     vertex 8.3765496726e-01 -6.6666666667e-02 -1.6600947142e-03
     vertex 8.6786977222e-01 -1.3333333333e-01 -1.5157386521e-03
     vertex 8.2043083358e-01 -6.6666666667e-02 -3.2607899720e-03
   endloop
 endfacet
 facet normal  9.2461410013e-02 3.9751205694e-02 -9.9492247402e-01
   outer loop
     vertex 8.6786977222e-01 -1.3333333333e-01 -1.5157386521e-03
     vertex 8.5214338930e-01 -1.3333333333e-01 -2.9772430179e-03
     vertex 8.2043083358e-01 -6.6666666667e-02 -3.2607899720e-03
   endloop
 endfacet
 facet normal  6.9626851344e-02 2.8879577142e-02 -9.9715498875e-01
   outer loop
     vertex 8.2043083358e-01 -6.6666666667e-02 -3.2607899720e-03
     vertex 8.5214338930e-01 -1.3333333333e-01 -2.9772430179e-03
     vertex 7.9710488792e-01 -6.6666666667e-02 -4.8895359237e-03
   endloop
 endfacet
 facet normal  6.9626851344e-02 2.8879577142e-02 -9.9715498875e-01
   outer loop
     vertex 8.5214338930e-01 -1.3333333333e-01 -2.9772430179e-03
     vertex 8.3084578674e-01 -1.3333333333e-01 -4.4643588869e-03
     vertex 7.9710488792e-01 -6.6666666667e-02 -4.8895359237e-03
   endloop
 endfacet
 facet normal  2.6771514601e-02 7.1742190029e-03 -9.9961583450e-01
   outer loop
     vertex 7.9710488792e-01 -6.6666666667e-02 -4.8895359237e-03
     vertex 8.3084578674e-01 -1.3333333333e-01 -4.4643588869e-03
     vertex 8.0950616880e-01 -1.3333333333e-01 -5.0358723357e-03
   endloop
 endfacet
 facet normal  2.6771514601e-02 7.1742190029e-03 -9.9961583450e-01
   outer loop
     vertex 7.9710488792e-01 -6.6666666667e-02 -4.8895359237e-03
     vertex 8.0950616880e-01 -1.3333333333e-01 -5.0358723357e-03
     vertex 7.7373292542e-01 -6.6666666667e-02 -5.5154792248e-03
   endloop
 endfacet
 facet normal  -4.8939230065e-02 -3.3442179057e-02 -9.9824174047e-01
   outer loop
     vertex 7.7373292542e-01 -6.6666666667e-02 -5.5154792248e-03
     vertex 8.0950616880e-01 -1.3333333333e-01 -5.0358723357e-03
     vertex 7.9373706581e-01 -1.3333333333e-01 -4.2627852889e-03
   endloop
 endfacet
 facet normal  -4.8939230065e-02 -3.3442179057e-02 -9.9824174047e-01
   outer loop
     vertex 7.7373292542e-01 -6.6666666667e-02 -5.5154792248e-03
     vertex 7.9373706581e-01 -1.3333333333e-01 -4.2627852889e-03
     vertex 7.5646200310e-01 -6.6666666667e-02 -4.6687648403e-03
   endloop
 endfacet
 facet normal  -1.7877441999e-01 -1.0591418765e-01 -9.7817273097e-01
   outer loop
     vertex 7.5646200310e-01 -6.6666666667e-02 -4.6687648403e-03
     vertex 7.9373706581e-01 -1.3333333333e-01 -4.2627852889e-03
     vertex 7.8462989303e-01 -1.3333333333e-01 -2.5983251371e-03
   endloop
 endfacet
 facet normal  -1.7877441999e-01 -1.0591418765e-01 -9.7817273097e-01
   outer loop
     vertex 7.5646200310e-01 -6.6666666667e-02 -4.6687648403e-03
     vertex 7.8462989303e-01 -1.3333333333e-01 -2.5983251371e-03
     vertex 7.4648748052e-01 -6.6666666667e-02 -2.8457846740e-03
   endloop
 endfacet
 facet normal  -5.4994017399e-01 -3.1750810749e-01 -7.7249880693e-01
   outer loop
     vertex 7.4648748052e-01 -6.6666666667e-02 -2.8457846740e-03
     vertex 7.8462989303e-01 -1.3333333333e-01 -2.5983251371e-03
     vertex 7.8098003589e-01 -1.3333333333e-01 0.0000000000e+00
   endloop
 endfacet
 facet normal  -5.4994017399e-01 -3.1750810749e-01 -7.7249880693e-01
   outer loop
     vertex 7.4648748052e-01 -6.6666666667e-02 -2.8457846740e-03
     vertex 7.8098003589e-01 -1.3333333333e-01 0.0000000000e+00
     vertex 7.4249001795e-01 -6.6666666667e-02 0.0000000000e+00
   endloop
 endfacet
 facet normal  -5.4994017399e-01 -3.1750810749e-01 7.7249880693e-01
   outer loop
     vertex 7.4249001795e-01 -6.6666666667e-02 0.0000000000e+00
     vertex 7.8098003589e-01 -1.3333333333e-01 0.0000000000e+00
     vertex 7.4648748052e-01 -6.6666666667e-02 2.8457846740e-03
   endloop
 endfacet
 facet normal  -5.4994017399e-01 -3.1750810749e-01 7.7249880693e-01
   outer loop
     vertex 7.8098003589e-01 -1.3333333333e-01 0.0000000000e+00
     vertex 7.8462989303e-01 -1.3333333333e-01 2.5983251371e-03
     vertex 7.4648748052e-01 -6.6666666667e-02 2.8457846740e-03
   endloop
 endfacet
 facet normal  -1.7877441999e-01 -1.0591418765e-01 9.7817273097e-01
   outer loop
     vertex 7.4648748052e-01 -6.6666666667e-02 2.8457846740e-03
     vertex 7.8462989303e-01 -1.3333333333e-01 2.5983251371e-03
     vertex 7.5646200310e-01 -6.6666666667e-02 4.6687648403e-03
   endloop
 endfacet
 facet normal  -1.7877441999e-01 -1.0591418765e-01 9.7817273097e-01
   outer loop
     vertex 7.8462989303e-01 -1.3333333333e-01 2.5983251371e-03
     vertex 7.9373706581e-01 -1.3333333333e-01 4.2627852889e-03
     vertex 7.5646200310e-01 -6.6666666667e-02 4.6687648403e-03
   endloop
 endfacet
 facet normal  -4.8939230065e-02 -3.3442179057e-02 9.9824174047e-01
   outer loop
     vertex 7.5646200310e-01 -6.6666666667e-02 4.6687648403e-03
     vertex 7.9373706581e-01 -1.3333333333e-01 4.2627852889e-03
     vertex 7.7373292542e-01 -6.6666666667e-02 5.5154792248e-03
   endloop
 endfacet
 facet normal  -4.8939230065e-02 -3.3442179057e-02 9.9824174047e-01
   outer loop
     vertex 7.9373706581e-01 -1.3333333333e-01 4.2627852889e-03
     vertex 8.0950616880e-01 -1.3333333333e-01 5.0358723357e-03
     vertex 7.7373292542e-01 -6.6666666667e-02 5.5154792248e-03
   endloop
 endfacet
 facet normal  2.6771514601e-02 7.1742190029e-03 9.9961583450e-01
   outer loop
     vertex 7.7373292542e-01 -6.6666666667e-02 5.5154792248e-03
     vertex 8.0950616880e-01 -1.3333333333e-01 5.0358723357e-03
     vertex 7.9710488792e-01 -6.6666666667e-02 4.8895359237e-03
   endloop
 endfacet
 facet normal  2.6771514601e-02 7.1742190029e-03 9.9961583450e-01
   outer loop
     vertex 8.0950616880e-01 -1.3333333333e-01 5.0358723357e-03
     vertex 8.3084578674e-01 -1.3333333333e-01 4.4643588869e-03
     vertex 7.9710488792e-01 -6.6666666667e-02 4.8895359237e-03
   endloop
 endfacet
 facet normal  6.9626851344e-02 2.8879577142e-02 9.9715498875e-01
   outer loop
     vertex 7.9710488792e-01 -6.6666666667e-02 4.8895359237e-03
     vertex 8.3084578674e-01 -1.3333333333e-01 4.4643588869e-03
     vertex 8.5214338930e-01 -1.3333333333e-01 2.9772430179e-03
   endloop
 endfacet
 facet normal  6.9626851344e-02 2.8879577142e-02 9.9715498875e-01
   outer loop
     vertex 7.9710488792e-01 -6.6666666667e-02 4.8895359237e-03
     vertex 8.5214338930e-01 -1.3333333333e-01 2.9772430179e-03
     vertex 8.2043083358e-01 -6.6666666667e-02 3.2607899720e-03
   endloop
 endfacet
 facet normal  9.2461410013e-02 3.9751205694e-02 9.9492247402e-01
   outer loop
     vertex 8.2043083358e-01 -6.6666666667e-02 3.2607899720e-03
     vertex 8.5214338930e-01 -1.3333333333e-01 2.9772430179e-03
     vertex 8.6786977222e-01 -1.3333333333e-01 1.5157386521e-03
   endloop
 endfacet
 facet normal  9.2461410013e-02 3.9751205694e-02 9.9492247402e-01
   outer loop
     vertex 8.2043083358e-01 -6.6666666667e-02 3.2607899720e-03
     vertex 8.6786977222e-01 -1.3333333333e-01 1.5157386521e-03
     vertex 8.3765496726e-01 -6.6666666667e-02 1.6600947142e-03
   endloop
 endfacet
 facet normal  1.0561741631e-01 4.5717191466e-02 9.9335537436e-01
   outer loop
     vertex 8.3765496726e-01 -6.6666666667e-02 1.6600947142e-03
     vertex 8.6786977222e-01 -1.3333333333e-01 1.5157386521e-03
     vertex 8.7708924582e-01 -1.3333333333e-01 5.3548827399e-04
   endloop
 endfacet
 facet normal  1.0561741631e-01 4.5717191466e-02 9.9335537436e-01
   outer loop
     vertex 8.3765496726e-01 -6.6666666667e-02 1.6600947142e-03
     vertex 8.7708924582e-01 -1.3333333333e-01 5.3548827399e-04
     vertex 8.4775248596e-01 -6.6666666667e-02 5.8648715723e-04
   endloop
 endfacet
 facet normal  1.1328396781e-01 4.9091637946e-02 9.9234910879e-01
   outer loop
     vertex 8.4775248596e-01 -6.6666666667e-02 5.8648715723e-04
     vertex 8.7708924582e-01 -1.3333333333e-01 5.3548827399e-04
     vertex 8.8178003589e-01 -1.3333333333e-01 0.0000000000e+00
   endloop
 endfacet
 facet normal  1.1328396781e-01 4.9091637946e-02 9.9234910879e-01
   outer loop
     vertex 8.4775248596e-01 -6.6666666667e-02 5.8648715723e-04
     vertex 8.8178003589e-01 -1.3333333333e-01 0.0000000000e+00
     vertex 8.5289001795e-01 -6.6666666667e-02 0.0000000000e+00
   endloop
 endfacet
 facet normal  1.1328396781e-01 4.9091637946e-02 -9.9234910879e-01
   outer loop
     vertex 8.8178003589e-01 -1.3333333333e-01 0.0000000000e+00
     vertex 9.1067005384e-01 -2.0000000000e-01 0.0000000000e+00
     vertex 8.7708924582e-01 -1.3333333333e-01 -5.3548827399e-04
   endloop
 endfacet
 facet normal  1.1328396781e-01 4.9091637946e-02 -9.9234910879e-01
   outer loop
     vertex 9.1067005384e-01 -2.0000000000e-01 0.0000000000e+00
     vertex 9.0642600568e-01 -2.0000000000e-01 -4.8448939075e-04
     vertex 8.7708924582e-01 -1.3333333333e-01 -5.3548827399e-04
   endloop
 endfacet
 facet normal  1.0561741631e-01 4.5717191466e-02 -9.9335537436e-01
   outer loop
     vertex 8.7708924582e-01 -1.3333333333e-01 -5.3548827399e-04
     vertex 9.0642600568e-01 -2.0000000000e-01 -4.8448939075e-04
     vertex 8.6786977222e-01 -1.3333333333e-01 -1.5157386521e-03
   endloop
 endfacet
 facet normal  1.0561741631e-01 4.5717191466e-02 -9.9335537436e-01
   outer loop
     vertex 9.0642600568e-01 -2.0000000000e-01 -4.8448939075e-04
     vertex 8.9808457718e-01 -2.0000000000e-01 -1.3713825900e-03
     vertex 8.6786977222e-01 -1.3333333333e-01 -1.5157386521e-03
   endloop
 endfacet
 facet normal  9.2461410013e-02 3.9751205694e-02 -9.9492247402e-01
   outer loop
     vertex 8.6786977222e-01 -1.3333333333e-01 -1.5157386521e-03
     vertex 8.9808457718e-01 -2.0000000000e-01 -1.3713825900e-03
     vertex 8.5214338930e-01 -1.3333333333e-01 -2.9772430179e-03
   endloop
 endfacet
 facet normal  9.2461410013e-02 3.9751205694e-02 -9.9492247402e-01
   outer loop
     vertex 8.9808457718e-01 -2.0000000000e-01 -1.3713825900e-03
     vertex 8.8385594502e-01 -2.0000000000e-01 -2.6936960638e-03
     vertex 8.5214338930e-01 -1.3333333333e-01 -2.9772430179e-03
   endloop
 endfacet
 facet normal  6.9626851344e-02 2.8879577142e-02 -9.9715498875e-01
   outer loop
     vertex 8.5214338930e-01 -1.3333333333e-01 -2.9772430179e-03
     vertex 8.8385594502e-01 -2.0000000000e-01 -2.6936960638e-03
     vertex 8.3084578674e-01 -1.3333333333e-01 -4.4643588869e-03
   endloop
 endfacet
 facet normal  6.9626851344e-02 2.8879577142e-02 -9.9715498875e-01
   outer loop
     vertex 8.8385594502e-01 -2.0000000000e-01 -2.6936960638e-03
     vertex 8.6458668555e-01 -2.0000000000e-01 -4.0391818500e-03
     vertex 8.3084578674e-01 -1.3333333333e-01 -4.4643588869e-03
   endloop
 endfacet
 facet normal  2.6771514601e-02 7.1742190029e-03 -9.9961583450e-01
   outer loop
     vertex 8.3084578674e-01 -1.3333333333e-01 -4.4643588869e-03
     vertex 8.6458668555e-01 -2.0000000000e-01 -4.0391818500e-03
     vertex 8.4527941219e-01 -2.0000000000e-01 -4.5562654466e-03
   endloop
 endfacet
 facet normal  2.6771514601e-02 7.1742190029e-03 -9.9961583450e-01
   outer loop
     vertex 8.3084578674e-01 -1.3333333333e-01 -4.4643588869e-03
     vertex 8.4527941219e-01 -2.0000000000e-01 -4.5562654466e-03
     vertex 8.0950616880e-01 -1.3333333333e-01 -5.0358723357e-03
   endloop
 endfacet
 facet normal  -4.8939230065e-02 -3.3442179057e-02 -9.9824174047e-01
   outer loop
     vertex 8.0950616880e-01 -1.3333333333e-01 -5.0358723357e-03
     vertex 8.4527941219e-01 -2.0000000000e-01 -4.5562654466e-03
     vertex 8.3101212853e-01 -2.0000000000e-01 -3.8568057376e-03
   endloop
 endfacet
 facet normal  -4.8939230065e-02 -3.3442179057e-02 -9.9824174047e-01
   outer loop
     vertex 8.0950616880e-01 -1.3333333333e-01 -5.0358723357e-03
     vertex 8.3101212853e-01 -2.0000000000e-01 -3.8568057376e-03
     vertex 7.9373706581e-01 -1.3333333333e-01 -4.2627852889e-03
   endloop
 endfacet
 facet normal  -1.7877441999e-01 -1.0591418765e-01 -9.7817273097e-01
   outer loop
     vertex 7.9373706581e-01 -1.3333333333e-01 -4.2627852889e-03
     vertex 8.3101212853e-01 -2.0000000000e-01 -3.8568057376e-03
     vertex 8.2277230553e-01 -2.0000000000e-01 -2.3508656003e-03
   endloop
 endfacet
 facet normal  -1.7877441999e-01 -1.0591418765e-01 -9.7817273097e-01
   outer loop
     vertex 7.9373706581e-01 -1.3333333333e-01 -4.2627852889e-03
     vertex 8.2277230553e-01 -2.0000000000e-01 -2.3508656003e-03
     vertex 7.8462989303e-01 -1.3333333333e-01 -2.5983251371e-03
   endloop
 endfacet
 facet normal  -5.4994017399e-01 -3.1750810749e-01 -7.7249880693e-01
   outer loop
     vertex 7.8462989303e-01 -1.3333333333e-01 -2.5983251371e-03
     vertex 8.2277230553e-01 -2.0000000000e-01 -2.3508656003e-03
     vertex 8.1947005384e-01 -2.0000000000e-01 0.0000000000e+00
   endloop
 endfacet
 facet normal  -5.4994017399e-01 -3.1750810749e-01 -7.7249880693e-01
   outer loop
     vertex 7.8462989303e-01 -1.3333333333e-01 -2.5983251371e-03
     vertex 8.1947005384e-01 -2.0000000000e-01 0.0000000000e+00
     vertex 7.8098003589e-01 -1.3333333333e-01 0.0000000000e+00
   endloop
 endfacet
 facet normal  -5.4994017399e-01 -3.1750810749e-01 7.7249880693e-01
   outer loop
     vertex 7.8098003589e-01 -1.3333333333e-01 0.0000000000e+00
     vertex 8.1947005384e-01 -2.0000000000e-01 0.0000000000e+00
     vertex 7.8462989303e-01 -1.3333333333e-01 2.5983251371e-03
   endloop
 endfacet
 facet normal  -5.4994017399e-01 -3.1750810749e-01 7.7249880693e-01
   outer loop
     vertex 8.1947005384e-01 -2.0000000000e-01 0.0000000000e+00
     vertex 8.2277230553e-01 -2.0000000000e-01 2.3508656003e-03
     vertex 7.8462989303e-01 -1.3333333333e-01 2.5983251371e-03
   endloop
 endfacet
 facet normal  -1.7877441999e-01 -1.0591418765e-01 9.7817273097e-01
   outer loop
     vertex 7.8462989303e-01 -1.3333333333e-01 2.5983251371e-03
     vertex 8.2277230553e-01 -2.0000000000e-01 2.3508656003e-03
     vertex 7.9373706581e-01 -1.3333333333e-01 4.2627852889e-03
   endloop
 endfacet
 facet normal  -1.7877441999e-01 -1.0591418765e-01 9.7817273097e-01
   outer loop
     vertex 8.2277230553e-01 -2.0000000000e-01 2.3508656003e-03
     vertex 8.3101212853e-01 -2.0000000000e-01 3.8568057376e-03
     vertex 7.9373706581e-01 -1.3333333333e-01 4.2627852889e-03
   endloop
 endfacet
 facet normal  -4.8939230065e-02 -3.3442179057e-02 9.9824174047e-01
   outer loop
     vertex 7.9373706581e-01 -1.3333333333e-01 4.2627852889e-03
     vertex 8.3101212853e-01 -2.0000000000e-01 3.8568057376e-03
     vertex 8.0950616880e-01 -1.3333333333e-01 5.0358723357e-03
   endloop
 endfacet
 facet normal  -4.8939230065e-02 -3.3442179057e-02 9.9824174047e-01
   outer loop
     vertex 8.3101212853e-01 -2.0000000000e-01 3.8568057376e-03
     vertex 8.4527941219e-01 -2.0000000000e-01 4.5562654466e-03
     vertex 8.0950616880e-01 -1.3333333333e-01 5.0358723357e-03
   endloop
 endfacet
 facet normal  2.6771514601e-02 7.1742190029e-03 9.9961583450e-01
   outer loop
     vertex 8.0950616880e-01 -1.3333333333e-01 5.0358723357e-03
     vertex 8.4527941219e-01 -2.0000000000e-01 4.5562654466e-03
     vertex 8.3084578674e-01 -1.3333333333e-01 4.4643588869e-03
   endloop
 endfacet
 facet normal  2.6771514601e-02 7.1742190029e-03 9.9961583450e-01
   outer loop
     vertex 8.4527941219e-01 -2.0000000000e-01 4.5562654466e-03
     vertex 8.6458668555e-01 -2.0000000000e-01 4.0391818500e-03
     vertex 8.3084578674e-01 -1.3333333333e-01 4.4643588869e-03
   endloop
 endfacet
 facet normal  6.9626851344e-02 2.8879577142e-02 9.9715498875e-01
   outer loop
     vertex 8.3084578674e-01 -1.3333333333e-01 4.4643588869e-03
     vertex 8.6458668555e-01 -2.0000000000e-01 4.0391818500e-03
     vertex 8.8385594502e-01 -2.0000000000e-01 2.6936960638e-03
   endloop
 endfacet
 facet normal  6.9626851344e-02 2.8879577142e-02 9.9715498875e-01
   outer loop
     vertex 8.3084578674e-01 -1.3333333333e-01 4.4643588869e-03
     vertex 8.8385594502e-01 -2.0000000000e-01 2.6936960638e-03
     vertex 8.5214338930e-01 -1.3333333333e-01 2.9772430179e-03
   endloop
 endfacet
 facet normal  9.2461410013e-02 3.9751205694e-02 9.9492247402e-01
   outer loop
     vertex 8.5214338930e-01 -1.3333333333e-01 2.9772430179e-03
     vertex 8.8385594502e-01 -2.0000000000e-01 2.6936960638e-03
     vertex 8.9808457718e-01 -2.0000000000e-01 1.3713825900e-03
   endloop
 endfacet
 facet normal  9.2461410013e-02 3.9751205694e-02 9.9492247402e-01
   outer loop
     vertex 8.5214338930e-01 -1.3333333333e-01 2.9772430179e-03
     vertex 8.9808457718e-01 -2.0000000000e-01 1.3713825900e-03
     vertex 8.6786977222e-01 -1.3333333333e-01 1.5157386521e-03
   endloop
 endfacet
 facet normal  1.0561741631e-01 4.5717191466e-02 9.9335537436e-01
   outer loop
     vertex 8.6786977222e-01 -1.3333333333e-01 1.5157386521e-03
     vertex 8.9808457718e-01 -2.0000000000e-01 1.3713825900e-03
     vertex 9.0642600568e-01 -2.0000000000e-01 4.8448939075e-04
   endloop
 endfacet
 facet normal  1.0561741631e-01 4.5717191466e-02 9.9335537436e-01
   outer loop
     vertex 8.6786977222e-01 -1.3333333333e-01 1.5157386521e-03
     vertex 9.0642600568e-01 -2.0000000000e-01 4.8448939075e-04
     vertex 8.7708924582e-01 -1.3333333333e-01 5.3548827399e-04
   endloop
 endfacet
 facet normal  1.1328396781e-01 4.9091637946e-02 9.9234910879e-01
   outer loop
     vertex 8.7708924582e-01 -1.3333333333e-01 5.3548827399e-04
     vertex 9.0642600568e-01 -2.0000000000e-01 4.8448939075e-04
     vertex 9.1067005384e-01 -2.0000000000e-01 0.0000000000e+00
   endloop
 endfacet
 facet normal  1.1328396781e-01 4.9091637946e-02 9.9234910879e-01
   outer loop
     vertex 8.7708924582e-01 -1.3333333333e-01 5.3548827399e-04
     vertex 9.1067005384e-01 -2.0000000000e-01 0.0000000000e+00
     vertex 8.8178003589e-01 -1.3333333333e-01 0.0000000000e+00
   endloop
 endfacet
 facet normal  1.1328396781e-01 4.9091637946e-02 -9.9234910879e-01
   outer loop
     vertex 9.1067005384e-01 -2.0000000000e-01 0.0000000000e+00
     vertex 9.3956007178e-01 -2.6666666667e-01 0.0000000000e+00
     vertex 9.0642600568e-01 -2.0000000000e-01 -4.8448939075e-04
   endloop
 endfacet
 facet normal  1.1328396781e-01 4.9091637946e-02 -9.9234910879e-01
   outer loop
     vertex 9.3956007178e-01 -2.6666666667e-01 0.0000000000e+00
     vertex 9.3576276554e-01 -2.6666666667e-01 -4.3349050752e-04
     vertex 9.0642600568e-01 -2.0000000000e-01 -4.8448939075e-04
   endloop
 endfacet
 facet normal  1.0561741631e-01 4.5717191466e-02 -9.9335537436e-01
   outer loop
     vertex 9.0642600568e-01 -2.0000000000e-01 -4.8448939075e-04
     vertex 9.3576276554e-01 -2.6666666667e-01 -4.3349050752e-04
     vertex 8.9808457718e-01 -2.0000000000e-01 -1.3713825900e-03
   endloop
 endfacet
 facet normal  1.0561741631e-01 4.5717191466e-02 -9.9335537436e-01
   outer loop
     vertex 9.3576276554e-01 -2.6666666667e-01 -4.3349050752e-04
     vertex 9.2829938215e-01 -2.6666666667e-01 -1.2270265279e-03
     vertex 8.9808457718e-01 -2.0000000000e-01 -1.3713825900e-03
   endloop
 endfacet
 facet normal  9.2461410013e-02 3.9751205694e-02 -9.9492247402e-01
   outer loop
     vertex 8.9808457718e-01 -2.0000000000e-01 -1.3713825900e-03
     vertex 9.2829938215e-01 -2.6666666667e-01 -1.2270265279e-03
     vertex 8.8385594502e-01 -2.0000000000e-01 -2.6936960638e-03
   endloop
 endfacet
 facet normal  9.2461410013e-02 3.9751205694e-02 -9.9492247402e-01
   outer loop
     vertex 9.2829938215e-01 -2.6666666667e-01 -1.2270265279e-03
     vertex 9.1556850073e-01 -2.6666666667e-01 -2.4101491097e-03
     vertex 8.8385594502e-01 -2.0000000000e-01 -2.6936960638e-03
   endloop
 endfacet
 facet normal  6.9626851344e-02 2.8879577142e-02 -9.9715498875e-01
   outer loop
     vertex 8.8385594502e-01 -2.0000000000e-01 -2.6936960638e-03
     vertex 9.1556850073e-01 -2.6666666667e-01 -2.4101491097e-03
     vertex 8.6458668555e-01 -2.0000000000e-01 -4.0391818500e-03
   endloop
 endfacet
 facet normal  6.9626851344e-02 2.8879577142e-02 -9.9715498875e-01
   outer loop
     vertex 9.1556850073e-01 -2.6666666667e-01 -2.4101491097e-03
     vertex 8.9832758437e-01 -2.6666666667e-01 -3.6140048132e-03
     vertex 8.6458668555e-01 -2.0000000000e-01 -4.0391818500e-03
   endloop
 endfacet
 facet normal  2.6771514601e-02 7.1742190029e-03 -9.9961583450e-01
   outer loop
     vertex 8.6458668555e-01 -2.0000000000e-01 -4.0391818500e-03
     vertex 8.9832758437e-01 -2.6666666667e-01 -3.6140048132e-03
     vertex 8.8105265557e-01 -2.6666666667e-01 -4.0766585575e-03
   endloop
 endfacet
 facet normal  2.6771514601e-02 7.1742190029e-03 -9.9961583450e-01
   outer loop
     vertex 8.6458668555e-01 -2.0000000000e-01 -4.0391818500e-03
     vertex 8.8105265557e-01 -2.6666666667e-01 -4.0766585575e-03
     vertex 8.4527941219e-01 -2.0000000000e-01 -4.5562654466e-03
   endloop
 endfacet
 facet normal  -4.8939230065e-02 -3.3442179057e-02 -9.9824174047e-01
   outer loop
     vertex 8.4527941219e-01 -2.0000000000e-01 -4.5562654466e-03
     vertex 8.8105265557e-01 -2.6666666667e-01 -4.0766585575e-03
     vertex 8.6828719124e-01 -2.6666666667e-01 -3.4508261863e-03
   endloop
 endfacet
 facet normal  -4.8939230065e-02 -3.3442179057e-02 -9.9824174047e-01
   outer loop
     vertex 8.4527941219e-01 -2.0000000000e-01 -4.5562654466e-03
     vertex 8.6828719124e-01 -2.6666666667e-01 -3.4508261863e-03
     vertex 8.3101212853e-01 -2.0000000000e-01 -3.8568057376e-03
   endloop
 endfacet
 facet normal  -1.7877441999e-01 -1.0591418765e-01 -9.7817273097e-01
   outer loop
     vertex 8.3101212853e-01 -2.0000000000e-01 -3.8568057376e-03
     vertex 8.6828719124e-01 -2.6666666667e-01 -3.4508261863e-03
     vertex 8.6091471804e-01 -2.6666666667e-01 -2.1034060634e-03
   endloop
 endfacet
 facet normal  -1.7877441999e-01 -1.0591418765e-01 -9.7817273097e-01
   outer loop
     vertex 8.3101212853e-01 -2.0000000000e-01 -3.8568057376e-03
     vertex 8.6091471804e-01 -2.6666666667e-01 -2.1034060634e-03
     vertex 8.2277230553e-01 -2.0000000000e-01 -2.3508656003e-03
   endloop
 endfacet
 facet normal  -5.4994017399e-01 -3.1750810749e-01 -7.7249880693e-01
   outer loop
     vertex 8.2277230553e-01 -2.0000000000e-01 -2.3508656003e-03
     vertex 8.6091471804e-01 -2.6666666667e-01 -2.1034060634e-03
     vertex 8.5796007178e-01 -2.6666666667e-01 0.0000000000e+00
   endloop
 endfacet
 facet normal  -5.4994017399e-01 -3.1750810749e-01 -7.7249880693e-01
   outer loop
     vertex 8.2277230553e-01 -2.0000000000e-01 -2.3508656003e-03
     vertex 8.5796007178e-01 -2.6666666667e-01 0.0000000000e+00
     vertex 8.1947005384e-01 -2.0000000000e-01 0.0000000000e+00
   endloop
 endfacet
 facet normal  -5.4994017399e-01 -3.1750810749e-01 7.7249880693e-01
   outer loop
     vertex 8.1947005384e-01 -2.0000000000e-01 0.0000000000e+00
     vertex 8.5796007178e-01 -2.6666666667e-01 0.0000000000e+00
     vertex 8.2277230553e-01 -2.0000000000e-01 2.3508656003e-03
   endloop
 endfacet
 facet normal  -5.4994017399e-01 -3.1750810749e-01 7.7249880693e-01
   outer loop
     vertex 8.5796007178e-01 -2.6666666667e-01 0.0000000000e+00
     vertex 8.6091471804e-01 -2.6666666667e-01 2.1034060634e-03
     vertex 8.2277230553e-01 -2.0000000000e-01 2.3508656003e-03
   endloop
 endfacet
 facet normal  -1.7877441999e-01 -1.0591418765e-01 9.7817273097e-01
   outer loop
     vertex 8.2277230553e-01 -2.0000000000e-01 2.3508656003e-03
     vertex 8.6091471804e-01 -2.6666666667e-01 2.1034060634e-03
     vertex 8.3101212853e-01 -2.0000000000e-01 3.8568057376e-03
   endloop
 endfacet
 facet normal  -1.7877441999e-01 -1.0591418765e-01 9.7817273097e-01
   outer loop
     vertex 8.6091471804e-01 -2.6666666667e-01 2.1034060634e-03
     vertex 8.6828719124e-01 -2.6666666667e-01 3.4508261863e-03
     vertex 8.3101212853e-01 -2.0000000000e-01 3.8568057376e-03
   endloop
 endfacet
 facet normal  -4.8939230065e-02 -3.3442179057e-02 9.9824174047e-01
   outer loop
     vertex 8.3101212853e-01 -2.0000000000e-01 3.8568057376e-03
     vertex 8.6828719124e-01 -2.6666666667e-01 3.4508261863e-03
     vertex 8.4527941219e-01 -2.0000000000e-01 4.5562654466e-03
   endloop
 endfacet
 facet normal  -4.8939230065e-02 -3.3442179057e-02 9.9824174047e-01
   outer loop
     vertex 8.6828719124e-01 -2.6666666667e-01 3.4508261863e-03
     vertex 8.8105265557e-01 -2.6666666667e-01 4.0766585575e-03
     vertex 8.4527941219e-01 -2.0000000000e-01 4.5562654466e-03
   endloop
 endfacet
 facet normal  2.6771514601e-02 7.1742190029e-03 9.9961583450e-01
   outer loop
     vertex 8.4527941219e-01 -2.0000000000e-01 4.5562654466e-03
     vertex 8.8105265557e-01 -2.6666666667e-01 4.0766585575e-03
     vertex 8.6458668555e-01 -2.0000000000e-01 4.0391818500e-03
   endloop
 endfacet
 facet normal  2.6771514601e-02 7.1742190029e-03 9.9961583450e-01
   outer loop
     vertex 8.8105265557e-01 -2.6666666667e-01 4.0766585575e-03
     vertex 8.9832758437e-01 -2.6666666667e-01 3.6140048132e-03
     vertex 8.6458668555e-01 -2.0000000000e-01 4.0391818500e-03
   endloop
 endfacet
 facet normal  6.9626851344e-02 2.8879577142e-02 9.9715498875e-01
   outer loop
     vertex 8.6458668555e-01 -2.0000000000e-01 4.0391818500e-03
     vertex 8.9832758437e-01 -2.6666666667e-01 3.6140048132e-03
     vertex 9.1556850073e-01 -2.6666666667e-01 2.4101491097e-03
   endloop
 endfacet
 facet normal  6.9626851344e-02 2.8879577142e-02 9.9715498875e-01
   outer loop
     vertex 8.6458668555e-01 -2.0000000000e-01 4.0391818500e-03
     vertex 9.1556850073e-01 -2.6666666667e-01 2.4101491097e-03
     vertex 8.8385594502e-01 -2.0000000000e-01 2.6936960638e-03
   endloop
 endfacet
 facet normal  9.2461410013e-02 3.9751205694e-02 9.9492247402e-01
   outer loop
     vertex 8.8385594502e-01 -2.0000000000e-01 2.6936960638e-03
     vertex 9.1556850073e-01 -2.6666666667e-01 2.4101491097e-03
     vertex 9.2829938215e-01 -2.6666666667e-01 1.2270265279e-03
   endloop
 endfacet
 facet normal  9.2461410013e-02 3.9751205694e-02 9.9492247402e-01
   outer loop
     vertex 8.8385594502e-01 -2.0000000000e-01 2.6936960638e-03
     vertex 9.2829938215e-01 -2.6666666667e-01 1.2270265279e-03
     vertex 8.9808457718e-01 -2.0000000000e-01 1.3713825900e-03
   endloop
 endfacet
 facet normal  1.0561741631e-01 4.5717191466e-02 9.9335537436e-01
   outer loop
     vertex 8.9808457718e-01 -2.0000000000e-01 1.3713825900e-03
     vertex 9.2829938215e-01 -2.6666666667e-01 1.2270265279e-03
     vertex 9.3576276554e-01 -2.6666666667e-01 4.3349050752e-04
   endloop
 endfacet
 facet normal  1.0561741631e-01 4.5717191466e-02 9.9335537436e-01
   outer loop
     vertex 8.9808457718e-01 -2.0000000000e-01 1.3713825900e-03
     vertex 9.3576276554e-01 -2.6666666667e-01 4.3349050752e-04
     vertex 9.0642600568e-01 -2.0000000000e-01 4.8448939075e-04
   endloop
 endfacet
 facet normal  1.1328396781e-01 4.9091637946e-02 9.9234910879e-01
   outer loop
     vertex 9.0642600568e-01 -2.0000000000e-01 4.8448939075e-04
     vertex 9.3576276554e-01 -2.6666666667e-01 4.3349050752e-04
     vertex 9.3956007178e-01 -2.6666666667e-01 0.0000000000e+00
   endloop
 endfacet
 facet normal  1.1328396781e-01 4.9091637946e-02 9.9234910879e-01
   outer loop
     vertex 9.0642600568e-01 -2.0000000000e-01 4.8448939075e-04
     vertex 9.3956007178e-01 -2.6666666667e-01 0.0000000000e+00
     vertex 9.1067005384e-01 -2.0000000000e-01 0.0000000000e+00
   endloop
 endfacet
 facet normal  1.1328396781e-01 4.9091637946e-02 -9.9234910879e-01
   outer loop
     vertex 9.3956007178e-01 -2.6666666667e-01 0.0000000000e+00
     vertex 9.6845008973e-01 -3.3333333333e-01 0.0000000000e+00
     vertex 9.3576276554e-01 -2.6666666667e-01 -4.3349050752e-04
   endloop
 endfacet
 facet normal  1.1328396781e-01 4.9091637946e-02 -9.9234910879e-01
   outer loop
     vertex 9.6845008973e-01 -3.3333333333e-01 0.0000000000e+00
     vertex 9.6509952539e-01 -3.3333333333e-01 -3.8249162428e-04
     vertex 9.3576276554e-01 -2.6666666667e-01 -4.3349050752e-04
   endloop
 endfacet
 facet normal  1.0561741631e-01 4.5717191466e-02 -9.9335537436e-01
   outer loop
     vertex 9.3576276554e-01 -2.6666666667e-01 -4.3349050752e-04
     vertex 9.6509952539e-01 -3.3333333333e-01 -3.8249162428e-04
     vertex 9.2829938215e-01 -2.6666666667e-01 -1.2270265279e-03
   endloop
 endfacet
 facet normal  1.0561741631e-01 4.5717191466e-02 -9.9335537436e-01
   outer loop
     vertex 9.6509952539e-01 -3.3333333333e-01 -3.8249162428e-04
     vertex 9.5851418711e-01 -3.3333333333e-01 -1.0826704658e-03
     vertex 9.2829938215e-01 -2.6666666667e-01 -1.2270265279e-03
   endloop
 endfacet
 facet normal  9.2461410013e-02 3.9751205694e-02 -9.9492247402e-01
   outer loop
     vertex 9.2829938215e-01 -2.6666666667e-01 -1.2270265279e-03
     vertex 9.5851418711e-01 -3.3333333333e-01 -1.0826704658e-03
     vertex 9.1556850073e-01 -2.6666666667e-01 -2.4101491097e-03
   endloop
 endfacet
 facet normal  9.2461410013e-02 3.9751205694e-02 -9.9492247402e-01
   outer loop
     vertex 9.5851418711e-01 -3.3333333333e-01 -1.0826704658e-03
     vertex 9.4728105645e-01 -3.3333333333e-01 -2.1266021556e-03
     vertex 9.1556850073e-01 -2.6666666667e-01 -2.4101491097e-03
   endloop
 endfacet
 facet normal  6.9626851344e-02 2.8879577142e-02 -9.9715498875e-01
   outer loop
     vertex 9.1556850073e-01 -2.6666666667e-01 -2.4101491097e-03
     vertex 9.4728105645e-01 -3.3333333333e-01 -2.1266021556e-03
     vertex 8.9832758437e-01 -2.6666666667e-01 -3.6140048132e-03
   endloop
 endfacet
 facet normal  6.9626851344e-02 2.8879577142e-02 -9.9715498875e-01
   outer loop
     vertex 9.4728105645e-01 -3.3333333333e-01 -2.1266021556e-03
     vertex 9.3206848319e-01 -3.3333333333e-01 -3.1888277763e-03
     vertex 8.9832758437e-01 -2.6666666667e-01 -3.6140048132e-03
   endloop
 endfacet
 facet normal  2.6771514601e-02 7.1742190029e-03 -9.9961583450e-01
   outer loop
     vertex 8.9832758437e-01 -2.6666666667e-01 -3.6140048132e-03
     vertex 9.3206848319e-01 -3.3333333333e-01 -3.1888277763e-03
     vertex 9.1682589895e-01 -3.3333333333e-01 -3.5970516684e-03
   endloop
 endfacet
 facet normal  2.6771514601e-02 7.1742190029e-03 -9.9961583450e-01
   outer loop
     vertex 8.9832758437e-01 -2.6666666667e-01 -3.6140048132e-03
     vertex 9.1682589895e-01 -3.3333333333e-01 -3.5970516684e-03
     vertex 8.8105265557e-01 -2.6666666667e-01 -4.0766585575e-03
   endloop
 endfacet
 facet normal  -4.8939230065e-02 -3.3442179057e-02 -9.9824174047e-01
   outer loop
     vertex 8.8105265557e-01 -2.6666666667e-01 -4.0766585575e-03
     vertex 9.1682589895e-01 -3.3333333333e-01 -3.5970516684e-03
     vertex 9.0556225396e-01 -3.3333333333e-01 -3.0448466350e-03
   endloop
 endfacet
 facet normal  -4.8939230065e-02 -3.3442179057e-02 -9.9824174047e-01
   outer loop
     vertex 8.8105265557e-01 -2.6666666667e-01 -4.0766585575e-03
     vertex 9.0556225396e-01 -3.3333333333e-01 -3.0448466350e-03
     vertex 8.6828719124e-01 -2.6666666667e-01 -3.4508261863e-03
   endloop
 endfacet
 facet normal  -1.7877441999e-01 -1.0591418765e-01 -9.7817273097e-01
   outer loop
     vertex 8.6828719124e-01 -2.6666666667e-01 -3.4508261863e-03
     vertex 9.0556225396e-01 -3.3333333333e-01 -3.0448466350e-03
     vertex 8.9905713054e-01 -3.3333333333e-01 -1.8559465265e-03
   endloop
 endfacet
 facet normal  -1.7877441999e-01 -1.0591418765e-01 -9.7817273097e-01
   outer loop
     vertex 8.6828719124e-01 -2.6666666667e-01 -3.4508261863e-03
     vertex 8.9905713054e-01 -3.3333333333e-01 -1.8559465265e-03
     vertex 8.6091471804e-01 -2.6666666667e-01 -2.1034060634e-03
   endloop
 endfacet
 facet normal  -5.4994017399e-01 -3.1750810749e-01 -7.7249880693e-01
   outer loop
     vertex 8.6091471804e-01 -2.6666666667e-01 -2.1034060634e-03
     vertex 8.9905713054e-01 -3.3333333333e-01 -1.8559465265e-03
     vertex 8.9645008973e-01 -3.3333333333e-01 0.0000000000e+00
   endloop
 endfacet
 facet normal  -5.4994017399e-01 -3.1750810749e-01 -7.7249880693e-01
   outer loop
     vertex 8.6091471804e-01 -2.6666666667e-01 -2.1034060634e-03
     vertex 8.9645008973e-01 -3.3333333333e-01 0.0000000000e+00
     vertex 8.5796007178e-01 -2.6666666667e-01 0.0000000000e+00
   endloop
 endfacet
 facet normal  -5.4994017399e-01 -3.1750810749e-01 7.7249880693e-01
   outer loop
     vertex 8.5796007178e-01 -2.6666666667e-01 0.0000000000e+00
     vertex 8.9645008973e-01 -3.3333333333e-01 0.0000000000e+00
     vertex 8.6091471804e-01 -2.6666666667e-01 2.1034060634e-03
   endloop
 endfacet
 facet normal  -5.4994017399e-01 -3.1750810749e-01 7.7249880693e-01
   outer loop
     vertex 8.9645008973e-01 -3.3333333333e-01 0.0000000000e+00
     vertex 8.9905713054e-01 -3.3333333333e-01 1.8559465265e-03
     vertex 8.6091471804e-01 -2.6666666667e-01 2.1034060634e-03
   endloop
 endfacet
 facet normal  -1.7877441999e-01 -1.0591418765e-01 9.7817273097e-01
   outer loop
     vertex 8.6091471804e-01 -2.6666666667e-01 2.1034060634e-03
     vertex 8.9905713054e-01 -3.3333333333e-01 1.8559465265e-03
     vertex 8.6828719124e-01 -2.6666666667e-01 3.4508261863e-03
   endloop
 endfacet
 facet normal  -1.7877441999e-01 -1.0591418765e-01 9.7817273097e-01
   outer loop
     vertex 8.9905713054e-01 -3.3333333333e-01 1.8559465265e-03
     vertex 9.0556225396e-01 -3.3333333333e-01 3.0448466350e-03
     vertex 8.6828719124e-01 -2.6666666667e-01 3.4508261863e-03
   endloop
 endfacet
 facet normal  -4.8939230065e-02 -3.3442179057e-02 9.9824174047e-01
   outer loop
     vertex 8.6828719124e-01 -2.6666666667e-01 3.4508261863e-03
     vertex 9.0556225396e-01 -3.3333333333e-01 3.0448466350e-03
     vertex 8.8105265557e-01 -2.6666666667e-01 4.0766585575e-03
   endloop
 endfacet
 facet normal  -4.8939230065e-02 -3.3442179057e-02 9.9824174047e-01
   outer loop
     vertex 9.0556225396e-01 -3.3333333333e-01 3.0448466350e-03
     vertex 9.1682589895e-01 -3.3333333333e-01 3.5970516684e-03
     vertex 8.8105265557e-01 -2.6666666667e-01 4.0766585575e-03
   endloop
 endfacet
 facet normal  2.6771514601e-02 7.1742190029e-03 9.9961583450e-01
   outer loop
     vertex 8.8105265557e-01 -2.6666666667e-01 4.0766585575e-03
     vertex 9.1682589895e-01 -3.3333333333e-01 3.5970516684e-03
     vertex 8.9832758437e-01 -2.6666666667e-01 3.6140048132e-03
   endloop
 endfacet
 facet normal  2.6771514601e-02 7.1742190029e-03 9.9961583450e-01
   outer loop
     vertex 9.1682589895e-01 -3.3333333333e-01 3.5970516684e-03
     vertex 9.3206848319e-01 -3.3333333333e-01 3.1888277763e-03
     vertex 8.9832758437e-01 -2.6666666667e-01 3.6140048132e-03
   endloop
 endfacet
 facet normal  6.9626851344e-02 2.8879577142e-02 9.9715498875e-01
   outer loop
     vertex 8.9832758437e-01 -2.6666666667e-01 3.6140048132e-03
     vertex 9.3206848319e-01 -3.3333333333e-01 3.1888277763e-03
     vertex 9.4728105645e-01 -3.3333333333e-01 2.1266021556e-03
   endloop
 endfacet
 facet normal  6.9626851344e-02 2.8879577142e-02 9.9715498875e-01
   outer loop
     vertex 8.9832758437e-01 -2.6666666667e-01 3.6140048132e-03
     vertex 9.4728105645e-01 -3.3333333333e-01 2.1266021556e-03
     vertex 9.1556850073e-01 -2.6666666667e-01 2.4101491097e-03
   endloop
 endfacet
 facet normal  9.2461410013e-02 3.9751205694e-02 9.9492247402e-01
   outer loop
     vertex 9.1556850073e-01 -2.6666666667e-01 2.4101491097e-03
     vertex 9.4728105645e-01 -3.3333333333e-01 2.1266021556e-03
     vertex 9.5851418711e-01 -3.3333333333e-01 1.0826704658e-03
   endloop
 endfacet
 facet normal  9.2461410013e-02 3.9751205694e-02 9.9492247402e-01
   outer loop
     vertex 9.1556850073e-01 -2.6666666667e-01 2.4101491097e-03
     vertex 9.5851418711e-01 -3.3333333333e-01 1.0826704658e-03
     vertex 9.2829938215e-01 -2.6666666667e-01 1.2270265279e-03
   endloop
 endfacet
 facet normal  1.0561741631e-01 4.5717191466e-02 9.9335537436e-01
   outer loop
     vertex 9.2829938215e-01 -2.6666666667e-01 1.2270265279e-03
     vertex 9.5851418711e-01 -3.3333333333e-01 1.0826704658e-03
     vertex 9.6509952539e-01 -3.3333333333e-01 3.8249162428e-04
   endloop
 endfacet
 facet normal  1.0561741631e-01 4.5717191466e-02 9.9335537436e-01
   outer loop
     vertex 9.2829938215e-01 -2.6666666667e-01 1.2270265279e-03
     vertex 9.6509952539e-01 -3.3333333333e-01 3.8249162428e-04
     vertex 9.3576276554e-01 -2.6666666667e-01 4.3349050752e-04
   endloop
 endfacet
 facet normal  1.1328396781e-01 4.9091637946e-02 9.9234910879e-01
   outer loop
     vertex 9.3576276554e-01 -2.6666666667e-01 4.3349050752e-04
     vertex 9.6509952539e-01 -3.3333333333e-01 3.8249162428e-04
     vertex 9.6845008973e-01 -3.3333333333e-01 0.0000000000e+00
   endloop
 endfacet
 facet normal  1.1328396781e-01 4.9091637946e-02 9.9234910879e-01
   outer loop
     vertex 9.3576276554e-01 -2.6666666667e-01 4.3349050752e-04
     vertex 9.6845008973e-01 -3.3333333333e-01 0.0000000000e+00
     vertex 9.3956007178e-01 -2.6666666667e-01 0.0000000000e+00
   endloop
 endfacet
 facet normal  0.0000000000e+00 -1.0000000000e+00 0.0000000000e+00
   outer loop
     vertex 9.6845008973e-01 -3.3333333333e-01 0.0000000000e+00
     vertex 9.6509952539e-01 -3.3333333333e-01 -1.9124581214e-04
     vertex 9.6509952539e-01 -3.3333333333e-01 -3.8249162428e-04
   endloop
 endfacet
 facet normal  0.0000000000e+00 -1.0000000000e+00 -0.0000000000e+00
   outer loop
     vertex 9.6509952539e-01 -3.3333333333e-01 -3.8249162428e-04
     vertex 9.6509952539e-01 -3.3333333333e-01 -1.9124581214e-04
     vertex 9.5851418711e-01 -3.3333333333e-01 -5.4133523290e-04
   endloop
 endfacet
 facet normal  0.0000000000e+00 -1.0000000000e+00 0.0000000000e+00
   outer loop
     vertex 9.6509952539e-01 -3.3333333333e-01 -3.8249162428e-04
     vertex 9.5851418711e-01 -3.3333333333e-01 -5.4133523290e-04
     vertex 9.5851418711e-01 -3.3333333333e-01 -1.0826704658e-03
   endloop
 endfacet
 facet normal  0.0000000000e+00 -1.0000000000e+00 -0.0000000000e+00
   outer loop
     vertex 9.5851418711e-01 -3.3333333333e-01 -1.0826704658e-03
     vertex 9.5851418711e-01 -3.3333333333e-01 -5.4133523290e-04
     vertex 9.4728105645e-01 -3.3333333333e-01 -1.0633010778e-03
   endloop
 endfacet
 facet normal  0.0000000000e+00 -1.0000000000e+00 0.0000000000e+00
   outer loop
     vertex 9.5851418711e-01 -3.3333333333e-01 -1.0826704658e-03
     vertex 9.4728105645e-01 -3.3333333333e-01 -1.0633010778e-03
     vertex 9.4728105645e-01 -3.3333333333e-01 -2.1266021556e-03
   endloop
 endfacet
 facet normal  0.0000000000e+00 -1.0000000000e+00 -0.0000000000e+00
   outer loop
     vertex 9.4728105645e-01 -3.3333333333e-01 -2.1266021556e-03
     vertex 9.4728105645e-01 -3.3333333333e-01 -1.0633010778e-03
     vertex 9.3206848319e-01 -3.3333333333e-01 -1.5944138882e-03
   endloop
 endfacet
 facet normal  0.0000000000e+00 -1.0000000000e+00 0.0000000000e+00
   outer loop
     vertex 9.4728105645e-01 -3.3333333333e-01 -2.1266021556e-03
     vertex 9.3206848319e-01 -3.3333333333e-01 -1.5944138882e-03
     vertex 9.3206848319e-01 -3.3333333333e-01 -3.1888277763e-03
   endloop
 endfacet
 facet normal  0.0000000000e+00 -1.0000000000e+00 -0.0000000000e+00
   outer loop
     vertex 9.3206848319e-01 -3.3333333333e-01 -3.1888277763e-03
     vertex 9.3206848319e-01 -3.3333333333e-01 -1.5944138882e-03
     vertex 9.1682589895e-01 -3.3333333333e-01 -3.5970516684e-03
   endloop
 endfacet
 facet normal  0.0000000000e+00 -1.0000000000e+00 0.0000000000e+00
   outer loop
     vertex 9.3206848319e-01 -3.3333333333e-01 -1.5944138882e-03
     vertex 9.1682589895e-01 -3.3333333333e-01 -1.7985258342e-03
     vertex 9.1682589895e-01 -3.3333333333e-01 -3.5970516684e-03
   endloop
 endfacet
 facet normal  0.0000000000e+00 -1.0000000000e+00 -0.0000000000e+00
   outer loop
     vertex 9.1682589895e-01 -3.3333333333e-01 -3.5970516684e-03
     vertex 9.1682589895e-01 -3.3333333333e-01 -1.7985258342e-03
     vertex 9.0556225396e-01 -3.3333333333e-01 -3.0448466350e-03
   endloop
 endfacet
 facet normal  0.0000000000e+00 -1.0000000000e+00 0.0000000000e+00
   outer loop
     vertex 9.1682589895e-01 -3.3333333333e-01 -1.7985258342e-03
     vertex 9.0556225396e-01 -3.3333333333e-01 -1.5224233175e-03
     vertex 9.0556225396e-01 -3.3333333333e-01 -3.0448466350e-03
   endloop
 endfacet
 facet normal  0.0000000000e+00 -1.0000000000e+00 -0.0000000000e+00
   outer loop
     vertex 9.0556225396e-01 -3.3333333333e-01 -3.0448466350e-03
     vertex 9.0556225396e-01 -3.3333333333e-01 -1.5224233175e-03
     vertex 8.9905713054e-01 -3.3333333333e-01 -1.8559465265e-03
   endloop
 endfacet
 facet normal  0.0000000000e+00 -1.0000000000e+00 0.0000000000e+00
   outer loop
     vertex 9.0556225396e-01 -3.3333333333e-01 -1.5224233175e-03
     vertex 8.9905713054e-01 -3.3333333333e-01 -9.2797326326e-04
     vertex 8.9905713054e-01 -3.3333333333e-01 -1.8559465265e-03
   endloop
 endfacet
 facet normal  -0.0000000000e+00 -1.0000000000e+00 -0.0000000000e+00
   outer loop
     vertex 8.9905713054e-01 -3.3333333333e-01 -1.8559465265e-03
     vertex 8.9905713054e-01 -3.3333333333e-01 -9.2797326326e-04
     vertex 8.9645008973e-01 -3.3333333333e-01 0.0000000000e+00
   endloop
 endfacet
 facet normal  -0.0000000000e+00 -1.0000000000e+00 0.0000000000e+00
   outer loop
     vertex 8.9645008973e-01 -3.3333333333e-01 0.0000000000e+00
     vertex 8.9905713054e-01 -3.3333333333e-01 9.2797326326e-04
     vertex 8.9905713054e-01 -3.3333333333e-01 1.8559465265e-03
   endloop
 endfacet
 facet normal  0.0000000000e+00 -1.0000000000e+00 0.0000000000e+00
   outer loop
     vertex 8.9905713054e-01 -3.3333333333e-01 1.8559465265e-03
     vertex 8.9905713054e-01 -3.3333333333e-01 9.2797326326e-04
     vertex 9.0556225396e-01 -3.3333333333e-01 1.5224233175e-03
   endloop
 endfacet
 facet normal  0.0000000000e+00 -1.0000000000e+00 0.0000000000e+00
   outer loop
     vertex 8.9905713054e-01 -3.3333333333e-01 1.8559465265e-03
     vertex 9.0556225396e-01 -3.3333333333e-01 1.5224233175e-03
     vertex 9.0556225396e-01 -3.3333333333e-01 3.0448466350e-03
   endloop
 endfacet
 facet normal  0.0000000000e+00 -1.0000000000e+00 0.0000000000e+00
   outer loop
     vertex 9.0556225396e-01 -3.3333333333e-01 3.0448466350e-03
     vertex 9.0556225396e-01 -3.3333333333e-01 1.5224233175e-03
     vertex 9.1682589895e-01 -3.3333333333e-01 1.7985258342e-03
   endloop
 endfacet
 facet normal  0.0000000000e+00 -1.0000000000e+00 0.0000000000e+00
   outer loop
     vertex 9.0556225396e-01 -3.3333333333e-01 3.0448466350e-03
     vertex 9.1682589895e-01 -3.3333333333e-01 1.7985258342e-03
     vertex 9.1682589895e-01 -3.3333333333e-01 3.5970516684e-03
   endloop
 endfacet
 facet normal  0.0000000000e+00 -1.0000000000e+00 0.0000000000e+00
   outer loop
     vertex 9.1682589895e-01 -3.3333333333e-01 3.5970516684e-03
     vertex 9.1682589895e-01 -3.3333333333e-01 1.7985258342e-03
     vertex 9.3206848319e-01 -3.3333333333e-01 1.5944138882e-03
   endloop
 endfacet
 facet normal  0.0000000000e+00 -1.0000000000e+00 0.0000000000e+00
   outer loop
     vertex 9.1682589895e-01 -3.3333333333e-01 3.5970516684e-03
     vertex 9.3206848319e-01 -3.3333333333e-01 1.5944138882e-03
     vertex 9.3206848319e-01 -3.3333333333e-01 3.1888277763e-03
   endloop
 endfacet
 facet normal  0.0000000000e+00 -1.0000000000e+00 0.0000000000e+00
   outer loop
     vertex 9.3206848319e-01 -3.3333333333e-01 3.1888277763e-03
     vertex 9.3206848319e-01 -3.3333333333e-01 1.5944138882e-03
     vertex 9.4728105645e-01 -3.3333333333e-01 2.1266021556e-03
   endloop
 endfacet
 facet normal  0.0000000000e+00 -1.0000000000e+00 0.0000000000e+00
   outer loop
     vertex 9.3206848319e-01 -3.3333333333e-01 1.5944138882e-03
     vertex 9.4728105645e-01 -3.3333333333e-01 1.0633010778e-03
     vertex 9.4728105645e-01 -3.3333333333e-01 2.1266021556e-03
   endloop
 endfacet
 facet normal  0.0000000000e+00 -1.0000000000e+00 0.0000000000e+00
   outer loop
     vertex 9.4728105645e-01 -3.3333333333e-01 2.1266021556e-03
     vertex 9.4728105645e-01 -3.3333333333e-01 1.0633010778e-03
     vertex 9.5851418711e-01 -3.3333333333e-01 1.0826704658e-03
   endloop
 endfacet
 facet normal  0.0000000000e+00 -1.0000000000e+00 0.0000000000e+00
   outer loop
     vertex 9.4728105645e-01 -3.3333333333e-01 1.0633010778e-03
     vertex 9.5851418711e-01 -3.3333333333e-01 5.4133523290e-04
     vertex 9.5851418711e-01 -3.3333333333e-01 1.0826704658e-03
   endloop
 endfacet
 facet normal  0.0000000000e+00 -1.0000000000e+00 0.0000000000e+00
   outer loop
     vertex 9.5851418711e-01 -3.3333333333e-01 1.0826704658e-03
     vertex 9.5851418711e-01 -3.3333333333e-01 5.4133523290e-04
     vertex 9.6509952539e-01 -3.3333333333e-01 3.8249162428e-04
   endloop
 endfacet
 facet normal  0.0000000000e+00 -1.0000000000e+00 0.0000000000e+00
   outer loop
     vertex 9.5851418711e-01 -3.3333333333e-01 5.4133523290e-04
     vertex 9.6509952539e-01 -3.3333333333e-01 1.9124581214e-04
     vertex 9.6509952539e-01 -3.3333333333e-01 3.8249162428e-04
   endloop
 endfacet
 facet normal  0.0000000000e+00 -1.0000000000e+00 0.0000000000e+00
   outer loop
     vertex 9.6509952539e-01 -3.3333333333e-01 3.8249162428e-04
     vertex 9.6509952539e-01 -3.3333333333e-01 1.9124581214e-04
     vertex 9.6845008973e-01 -3.3333333333e-01 0.0000000000e+00
   endloop
 endfacet
 facet normal  0.0000000000e+00 -1.0000000000e+00 0.0000000000e+00
   outer loop
     vertex 9.6845008973e-01 -3.3333333333e-01 0.0000000000e+00
     vertex 9.6509952539e-01 -3.3333333333e-01 1.7921197825e-17
     vertex 9.6509952539e-01 -3.3333333333e-01 -1.9124581214e-04
   endloop
 endfacet
 facet normal  0.0000000000e+00 -1.0000000000e+00 -0.0000000000e+00
   outer loop
     vertex 9.6509952539e-01 -3.3333333333e-01 -1.9124581214e-04
     vertex 9.6509952539e-01 -3.3333333333e-01 1.7921197825e-17
     vertex 9.5851418711e-01 -3.3333333333e-01 1.7707503211e-18
   endloop
 endfacet
 facet normal  0.0000000000e+00 -1.0000000000e+00 0.0000000000e+00
   outer loop
     vertex 9.6509952539e-01 -3.3333333333e-01 -1.9124581214e-04
     vertex 9.5851418711e-01 -3.3333333333e-01 1.7707503211e-18
     vertex 9.5851418711e-01 -3.3333333333e-01 -5.4133523290e-04
   endloop
 endfacet
 facet normal  0.0000000000e+00 -1.0000000000e+00 -0.0000000000e+00
   outer loop
     vertex 9.5851418711e-01 -3.3333333333e-01 -5.4133523290e-04
     vertex 9.5851418711e-01 -3.3333333333e-01 1.7707503211e-18
     vertex 9.4728105645e-01 -3.3333333333e-01 1.6534146111e-18
   endloop
 endfacet
 facet normal  0.0000000000e+00 -1.0000000000e+00 0.0000000000e+00
   outer loop
     vertex 9.5851418711e-01 -3.3333333333e-01 -5.4133523290e-04
     vertex 9.4728105645e-01 -3.3333333333e-01 1.6534146111e-18
     vertex 9.4728105645e-01 -3.3333333333e-01 -1.0633010778e-03
   endloop
 endfacet
 facet normal  0.0000000000e+00 -1.0000000000e+00 -0.0000000000e+00
   outer loop
     vertex 9.4728105645e-01 -3.3333333333e-01 -1.0633010778e-03
     vertex 9.4728105645e-01 -3.3333333333e-01 1.6534146111e-18
     vertex 9.3206848319e-01 -3.3333333333e-01 4.3368086899e-19
   endloop
 endfacet
 facet normal  0.0000000000e+00 -1.0000000000e+00 0.0000000000e+00
   outer loop
     vertex 9.4728105645e-01 -3.3333333333e-01 -1.0633010778e-03
     vertex 9.3206848319e-01 -3.3333333333e-01 4.3368086899e-19
     vertex 9.3206848319e-01 -3.3333333333e-01 -1.5944138882e-03
   endloop
 endfacet
 facet normal  0.0000000000e+00 -1.0000000000e+00 -0.0000000000e+00
   outer loop
     vertex 9.3206848319e-01 -3.3333333333e-01 -1.5944138882e-03
     vertex 9.3206848319e-01 -3.3333333333e-01 4.3368086899e-19
     vertex 9.1682589895e-01 -3.3333333333e-01 -1.7985258342e-03
   endloop
 endfacet
 facet normal  0.0000000000e+00 -1.0000000000e+00 0.0000000000e+00
   outer loop
     vertex 9.3206848319e-01 -3.3333333333e-01 4.3368086899e-19
     vertex 9.1682589895e-01 -3.3333333333e-01 4.3368086899e-19
     vertex 9.1682589895e-01 -3.3333333333e-01 -1.7985258342e-03
   endloop
 endfacet
 facet normal  0.0000000000e+00 -1.0000000000e+00 -0.0000000000e+00
   outer loop
     vertex 9.1682589895e-01 -3.3333333333e-01 -1.7985258342e-03
     vertex 9.1682589895e-01 -3.3333333333e-01 4.3368086899e-19
     vertex 9.0556225396e-01 -3.3333333333e-01 -1.5224233175e-03
   endloop
 endfacet
 facet normal  0.0000000000e+00 -1.0000000000e+00 0.0000000000e+00
   outer loop
     vertex 9.1682589895e-01 -3.3333333333e-01 4.3368086899e-19
     vertex 9.0556225396e-01 -3.3333333333e-01 -3.8957960280e-19
     vertex 9.0556225396e-01 -3.3333333333e-01 -1.5224233175e-03
   endloop
 endfacet
 facet normal  0.0000000000e+00 -1.0000000000e+00 -0.0000000000e+00
   outer loop
     vertex 9.0556225396e-01 -3.3333333333e-01 -1.5224233175e-03
     vertex 9.0556225396e-01 -3.3333333333e-01 -3.8957960280e-19
     vertex 8.9905713054e-01 -3.3333333333e-01 -9.2797326326e-04
   endloop
 endfacet
 facet normal  0.0000000000e+00 -1.0000000000e+00 0.0000000000e+00
   outer loop
     vertex 9.0556225396e-01 -3.3333333333e-01 -3.8957960280e-19
     vertex 8.9905713054e-01 -3.3333333333e-01 -1.2745340256e-18
     vertex 8.9905713054e-01 -3.3333333333e-01 -9.2797326326e-04
   endloop
 endfacet
 facet normal  -0.0000000000e+00 -1.0000000000e+00 -0.0000000000e+00
   outer loop
     vertex 8.9905713054e-01 -3.3333333333e-01 -9.2797326326e-04
     vertex 8.9905713054e-01 -3.3333333333e-01 -1.2745340256e-18
     vertex 8.9645008973e-01 -3.3333333333e-01 0.0000000000e+00
   endloop
 endfacet
 facet normal  0.0000000000e+00 -1.0000000000e+00 0.0000000000e+00
   outer loop
     vertex 8.9645008973e-01 -3.3333333333e-01 0.0000000000e+00
     vertex 8.9905713054e-01 -3.3333333333e-01 -1.2745340256e-18
     vertex 8.9905713054e-01 -3.3333333333e-01 9.2797326326e-04
   endloop
 endfacet
 facet normal  0.0000000000e+00 -1.0000000000e+00 0.0000000000e+00
   outer loop
     vertex 8.9905713054e-01 -3.3333333333e-01 9.2797326326e-04
     vertex 8.9905713054e-01 -3.3333333333e-01 -1.2745340256e-18
     vertex 9.0556225396e-01 -3.3333333333e-01 -3.8957960280e-19
   endloop
 endfacet
 facet normal  0.0000000000e+00 -1.0000000000e+00 0.0000000000e+00
   outer loop
     vertex 8.9905713054e-01 -3.3333333333e-01 9.2797326326e-04
     vertex 9.0556225396e-01 -3.3333333333e-01 -3.8957960280e-19
     vertex 9.0556225396e-01 -3.3333333333e-01 1.5224233175e-03
   endloop
 endfacet
 facet normal  0.0000000000e+00 -1.0000000000e+00 0.0000000000e+00
   outer loop
     vertex 9.0556225396e-01 -3.3333333333e-01 1.5224233175e-03
     vertex 9.0556225396e-01 -3.3333333333e-01 -3.8957960280e-19
     vertex 9.1682589895e-01 -3.3333333333e-01 4.3368086899e-19
   endloop
 endfacet
 facet normal  0.0000000000e+00 -1.0000000000e+00 0.0000000000e+00
   outer loop
     vertex 9.0556225396e-01 -3.3333333333e-01 1.5224233175e-03
     vertex 9.1682589895e-01 -3.3333333333e-01 4.3368086899e-19
     vertex 9.1682589895e-01 -3.3333333333e-01 1.7985258342e-03
   endloop
 endfacet
 facet normal  0.0000000000e+00 -1.0000000000e+00 0.0000000000e+00
   outer loop
     vertex 9.1682589895e-01 -3.3333333333e-01 1.7985258342e-03
     vertex 9.1682589895e-01 -3.3333333333e-01 4.3368086899e-19
     vertex 9.3206848319e-01 -3.3333333333e-01 4.3368086899e-19
   endloop
 endfacet
 facet normal  0.0000000000e+00 -1.0000000000e+00 0.0000000000e+00
   outer loop
     vertex 9.1682589895e-01 -3.3333333333e-01 1.7985258342e-03
     vertex 9.3206848319e-01 -3.3333333333e-01 4.3368086899e-19
     vertex 9.3206848319e-01 -3.3333333333e-01 1.5944138882e-03
   endloop
 endfacet
 facet normal  0.0000000000e+00 -1.0000000000e+00 0.0000000000e+00
   outer loop
     vertex 9.3206848319e-01 -3.3333333333e-01 1.5944138882e-03
     vertex 9.3206848319e-01 -3.3333333333e-01 4.3368086899e-19
     vertex 9.4728105645e-01 -3.3333333333e-01 1.0633010778e-03
   endloop
 endfacet
 facet normal  -0.0000000000e+00 -1.0000000000e+00 0.0000000000e+00
   outer loop
     vertex 9.3206848319e-01 -3.3333333333e-01 4.3368086899e-19
     vertex 9.4728105645e-01 -3.3333333333e-01 1.6534146111e-18
     vertex 9.4728105645e-01 -3.3333333333e-01 1.0633010778e-03
   endloop
 endfacet
 facet normal  0.0000000000e+00 -1.0000000000e+00 0.0000000000e+00
   outer loop
     vertex 9.4728105645e-01 -3.3333333333e-01 1.0633010778e-03
     vertex 9.4728105645e-01 -3.3333333333e-01 1.6534146111e-18
     vertex 9.5851418711e-01 -3.3333333333e-01 5.4133523290e-04
   endloop
 endfacet
 facet normal  -0.0000000000e+00 -1.0000000000e+00 0.0000000000e+00
   outer loop
     vertex 9.4728105645e-01 -3.3333333333e-01 1.6534146111e-18
     vertex 9.5851418711e-01 -3.3333333333e-01 1.7707503211e-18
     vertex 9.5851418711e-01 -3.3333333333e-01 5.4133523290e-04
   endloop
 endfacet
 facet normal  0.0000000000e+00 -1.0000000000e+00 0.0000000000e+00
   outer loop
     vertex 9.5851418711e-01 -3.3333333333e-01 5.4133523290e-04
     vertex 9.5851418711e-01 -3.3333333333e-01 1.7707503211e-18
     vertex 9.6509952539e-01 -3.3333333333e-01 1.9124581214e-04
   endloop
 endfacet
 facet normal  -0.0000000000e+00 -1.0000000000e+00 0.0000000000e+00
   outer loop
     vertex 9.5851418711e-01 -3.3333333333e-01 1.7707503211e-18
     vertex 9.6509952539e-01 -3.3333333333e-01 1.7921197825e-17
     vertex 9.6509952539e-01 -3.3333333333e-01 1.9124581214e-04
   endloop
 endfacet
 facet normal  0.0000000000e+00 -1.0000000000e+00 0.0000000000e+00
   outer loop
     vertex 9.6509952539e-01 -3.3333333333e-01 1.9124581214e-04
     vertex 9.6509952539e-01 -3.3333333333e-01 1.7921197825e-17
     vertex 9.6845008973e-01 -3.3333333333e-01 0.0000000000e+00
   endloop
 endfacet
 facet normal  0.0000000000e+00 0.0000000000e+00 -1.0000000000e+00
   outer loop
     vertex 8.2400000000e-01 0.0000000000e+00 4.0000000000e-02
     vertex 8.1841572611e-01 -2.9802360327e-17 4.0000000000e-02
     vertex 8.1841572611e-01 3.1874302023e-04 4.0000000000e-02
   endloop
 endfacet
 facet normal  0.0000000000e+00 0.0000000000e+00 -1.0000000000e+00
   outer loop
     vertex 8.1841572611e-01 -2.9802360327e-17 4.0000000000e-02
     vertex 8.0744016230e-01 -2.9572527964e-18 4.0000000000e-02
     vertex 8.1841572611e-01 3.1874302023e-04 4.0000000000e-02
   endloop
 endfacet
 facet normal  0.0000000000e+00 0.0000000000e+00 -1.0000000000e+00
   outer loop
     vertex 8.1841572611e-01 3.1874302023e-04 4.0000000000e-02
     vertex 8.0744016230e-01 -2.9572527964e-18 4.0000000000e-02
     vertex 8.0744016230e-01 9.0222538816e-04 4.0000000000e-02
   endloop
 endfacet
 facet normal  0.0000000000e+00 0.0000000000e+00 -1.0000000000e+00
   outer loop
     vertex 8.0744016230e-01 -2.9572527964e-18 4.0000000000e-02
     vertex 7.8871827787e-01 -2.4891151366e-18 4.0000000000e-02
     vertex 8.0744016230e-01 9.0222538816e-04 4.0000000000e-02
   endloop
 endfacet
 facet normal  0.0000000000e+00 0.0000000000e+00 -1.0000000000e+00
   outer loop
     vertex 8.0744016230e-01 9.0222538816e-04 4.0000000000e-02
     vertex 7.8871827787e-01 -2.4891151366e-18 4.0000000000e-02
     vertex 7.8871827787e-01 1.7721684630e-03 4.0000000000e-02
   endloop
 endfacet
 facet normal  0.0000000000e+00 0.0000000000e+00 -1.0000000000e+00
   outer loop
     vertex 7.8871827787e-01 -2.4891151366e-18 4.0000000000e-02
     vertex 7.6336398910e-01 -8.6736173799e-19 4.0000000000e-02
     vertex 7.8871827787e-01 1.7721684630e-03 4.0000000000e-02
   endloop
 endfacet
 facet normal  0.0000000000e+00 0.0000000000e+00 -1.0000000000e+00
   outer loop
     vertex 7.8871827787e-01 1.7721684630e-03 4.0000000000e-02
     vertex 7.6336398910e-01 -8.6736173799e-19 4.0000000000e-02
     vertex 7.6336398910e-01 2.6573564803e-03 4.0000000000e-02
   endloop
 endfacet
 facet normal  0.0000000000e+00 0.0000000000e+00 -1.0000000000e+00
   outer loop
     vertex 7.6336398910e-01 -8.6736173799e-19 4.0000000000e-02
     vertex 7.3795968204e-01 2.9975430570e-03 4.0000000000e-02
     vertex 7.6336398910e-01 2.6573564803e-03 4.0000000000e-02
   endloop
 endfacet
 facet normal  0.0000000000e+00 0.0000000000e+00 -1.0000000000e+00
   outer loop
     vertex 7.6336398910e-01 -8.6736173799e-19 4.0000000000e-02
     vertex 7.3795968204e-01 -1.4192109753e-20 4.0000000000e-02
     vertex 7.3795968204e-01 2.9975430570e-03 4.0000000000e-02
   endloop
 endfacet
 facet normal  0.0000000000e+00 0.0000000000e+00 -1.0000000000e+00
   outer loop
     vertex 7.3795968204e-01 -1.4192109753e-20 4.0000000000e-02
     vertex 7.1918694038e-01 2.5373721958e-03 4.0000000000e-02
     vertex 7.3795968204e-01 2.9975430570e-03 4.0000000000e-02
   endloop
 endfacet
 facet normal  0.0000000000e+00 0.0000000000e+00 -1.0000000000e+00
   outer loop
     vertex 7.3795968204e-01 -1.4192109753e-20 4.0000000000e-02
     vertex 7.1918694038e-01 1.0502961826e-18 4.0000000000e-02
     vertex 7.1918694038e-01 2.5373721958e-03 4.0000000000e-02
   endloop
 endfacet
 facet normal  0.0000000000e+00 0.0000000000e+00 -1.0000000000e+00
   outer loop
     vertex 7.1918694038e-01 1.0502961826e-18 4.0000000000e-02
     vertex 7.0834506802e-01 1.5466221054e-03 4.0000000000e-02
     vertex 7.1918694038e-01 2.5373721958e-03 4.0000000000e-02
   endloop
 endfacet
 facet normal  0.0000000000e+00 0.0000000000e+00 -1.0000000000e+00
   outer loop
     vertex 7.1918694038e-01 1.0502961826e-18 4.0000000000e-02
     vertex 7.0834506802e-01 1.7606938696e-18 4.0000000000e-02
     vertex 7.0834506802e-01 1.5466221054e-03 4.0000000000e-02
   endloop
 endfacet
 facet normal  0.0000000000e+00 0.0000000000e+00 -1.0000000000e+00
   outer loop
     vertex 7.0834506802e-01 1.7606938696e-18 4.0000000000e-02
     vertex 7.0400000000e-01 0.0000000000e+00 4.0000000000e-02
     vertex 7.0834506802e-01 1.5466221054e-03 4.0000000000e-02
   endloop
 endfacet
 facet normal  0.0000000000e+00 -0.0000000000e+00 -1.0000000000e+00
   outer loop
     vertex 7.0400000000e-01 0.0000000000e+00 4.0000000000e-02
     vertex 7.0834506802e-01 1.7606938696e-18 4.0000000000e-02
     vertex 7.0834506802e-01 -1.5466221054e-03 4.0000000000e-02
   endloop
 endfacet
 facet normal  -0.0000000000e+00 0.0000000000e+00 -1.0000000000e+00
   outer loop
     vertex 7.0834506802e-01 1.7606938696e-18 4.0000000000e-02
     vertex 7.1918694038e-01 1.0502961826e-18 4.0000000000e-02
     vertex 7.0834506802e-01 -1.5466221054e-03 4.0000000000e-02
   endloop
 endfacet
 facet normal  0.0000000000e+00 -0.0000000000e+00 -1.0000000000e+00
   outer loop
     vertex 7.0834506802e-01 -1.5466221054e-03 4.0000000000e-02
     vertex 7.1918694038e-01 1.0502961826e-18 4.0000000000e-02
     vertex 7.1918694038e-01 -2.5373721958e-03 4.0000000000e-02
   endloop
 endfacet
 facet normal  -3.6962602649e-16 0.0000000000e+00 -1.0000000000e+00
   outer loop
     vertex 7.1918694038e-01 1.0502961826e-18 4.0000000000e-02
     vertex 7.3795968204e-01 -1.4192109753e-20 4.0000000000e-02
     vertex 7.1918694038e-01 -2.5373721958e-03 4.0000000000e-02
   endloop
 endfacet
 facet normal  -3.6962602649e-16 -0.0000000000e+00 -1.0000000000e+00
   outer loop
     vertex 7.1918694038e-01 -2.5373721958e-03 4.0000000000e-02
     vertex 7.3795968204e-01 -1.4192109753e-20 4.0000000000e-02
     vertex 7.3795968204e-01 -2.9975430570e-03 4.0000000000e-02
   endloop
 endfacet
 facet normal  2.7313848342e-16 0.0000000000e+00 -1.0000000000e+00
   outer loop
     vertex 7.3795968204e-01 -1.4192109753e-20 4.0000000000e-02
     vertex 7.6336398910e-01 -8.6736173799e-19 4.0000000000e-02
     vertex 7.3795968204e-01 -2.9975430570e-03 4.0000000000e-02
   endloop
 endfacet
 facet normal  2.7313848342e-16 0.0000000000e+00 -1.0000000000e+00
   outer loop
     vertex 7.3795968204e-01 -2.9975430570e-03 4.0000000000e-02
     vertex 7.6336398910e-01 -8.6736173799e-19 4.0000000000e-02
     vertex 7.6336398910e-01 -2.6573564803e-03 4.0000000000e-02
   endloop
 endfacet
 facet normal  -0.0000000000e+00 0.0000000000e+00 -1.0000000000e+00
   outer loop
     vertex 7.6336398910e-01 -8.6736173799e-19 4.0000000000e-02
     vertex 7.8871827787e-01 -1.7721684630e-03 4.0000000000e-02
     vertex 7.6336398910e-01 -2.6573564803e-03 4.0000000000e-02
   endloop
 endfacet
 facet normal  -0.0000000000e+00 -0.0000000000e+00 -1.0000000000e+00
   outer loop
     vertex 7.6336398910e-01 -8.6736173799e-19 4.0000000000e-02
     vertex 7.8871827787e-01 -2.4891151366e-18 4.0000000000e-02
     vertex 7.8871827787e-01 -1.7721684630e-03 4.0000000000e-02
   endloop
 endfacet
 facet normal  -0.0000000000e+00 0.0000000000e+00 -1.0000000000e+00
   outer loop
     vertex 7.8871827787e-01 -2.4891151366e-18 4.0000000000e-02
     vertex 8.0744016230e-01 -9.0222538816e-04 4.0000000000e-02
     vertex 7.8871827787e-01 -1.7721684630e-03 4.0000000000e-02
   endloop
 endfacet
 facet normal  -0.0000000000e+00 -0.0000000000e+00 -1.0000000000e+00
   outer loop
     vertex 7.8871827787e-01 -2.4891151366e-18 4.0000000000e-02
     vertex 8.0744016230e-01 -2.9572527964e-18 4.0000000000e-02
     vertex 8.0744016230e-01 -9.0222538816e-04 4.0000000000e-02
   endloop
 endfacet
 facet normal  -0.0000000000e+00 0.0000000000e+00 -1.0000000000e+00
   outer loop
     vertex 8.0744016230e-01 -2.9572527964e-18 4.0000000000e-02
     vertex 8.1841572611e-01 -3.1874302023e-04 4.0000000000e-02
     vertex 8.0744016230e-01 -9.0222538816e-04 4.0000000000e-02
   endloop
 endfacet
 facet normal  -0.0000000000e+00 -0.0000000000e+00 -1.0000000000e+00
   outer loop
     vertex 8.0744016230e-01 -2.9572527964e-18 4.0000000000e-02
     vertex 8.1841572611e-01 -2.9802360327e-17 4.0000000000e-02
     vertex 8.1841572611e-01 -3.1874302023e-04 4.0000000000e-02
   endloop
 endfacet
 facet normal  0.0000000000e+00 0.0000000000e+00 -1.0000000000e+00
   outer loop
     vertex 8.1841572611e-01 -2.9802360327e-17 4.0000000000e-02
     vertex 8.2400000000e-01 0.0000000000e+00 4.0000000000e-02
     vertex 8.1841572611e-01 -3.1874302023e-04 4.0000000000e-02
   endloop
 endfacet
 facet normal  0.0000000000e+00 0.0000000000e+00 -1.0000000000e+00
   outer loop
     vertex 8.2400000000e-01 0.0000000000e+00 4.0000000000e-02
     vertex 8.1841572611e-01 3.1874302023e-04 4.0000000000e-02
     vertex 8.1841572611e-01 6.3748604047e-04 4.0000000000e-02
   endloop
 endfacet
 facet normal  0.0000000000e+00 0.0000000000e+00 -1.0000000000e+00
   outer loop
     vertex 8.1841572611e-01 3.1874302023e-04 4.0000000000e-02
     vertex 8.0744016230e-01 9.0222538816e-04 4.0000000000e-02
     vertex 8.1841572611e-01 6.3748604047e-04 4.0000000000e-02
   endloop
 endfacet
 facet normal  0.0000000000e+00 0.0000000000e+00 -1.0000000000e+00
   outer loop
     vertex 8.1841572611e-01 6.3748604047e-04 4.0000000000e-02
     vertex 8.0744016230e-01 9.0222538816e-04 4.0000000000e-02
     vertex 8.0744016230e-01 1.8044507763e-03 4.0000000000e-02
   endloop
 endfacet
 facet normal  0.0000000000e+00 0.0000000000e+00 -1.0000000000e+00
   outer loop
     vertex 8.0744016230e-01 9.0222538816e-04 4.0000000000e-02
     vertex 7.8871827787e-01 1.7721684630e-03 4.0000000000e-02
     vertex 8.0744016230e-01 1.8044507763e-03 4.0000000000e-02
   endloop
 endfacet
 facet normal  0.0000000000e+00 0.0000000000e+00 -1.0000000000e+00
   outer loop
     vertex 8.0744016230e-01 1.8044507763e-03 4.0000000000e-02
     vertex 7.8871827787e-01 1.7721684630e-03 4.0000000000e-02
     vertex 7.8871827787e-01 3.5443369261e-03 4.0000000000e-02
   endloop
 endfacet
 facet normal  0.0000000000e+00 0.0000000000e+00 -1.0000000000e+00
   outer loop
     vertex 7.8871827787e-01 1.7721684630e-03 4.0000000000e-02
     vertex 7.6336398910e-01 2.6573564803e-03 4.0000000000e-02
     vertex 7.8871827787e-01 3.5443369261e-03 4.0000000000e-02
   endloop
 endfacet
 facet normal  0.0000000000e+00 0.0000000000e+00 -1.0000000000e+00
   outer loop
     vertex 7.8871827787e-01 3.5443369261e-03 4.0000000000e-02
     vertex 7.6336398910e-01 2.6573564803e-03 4.0000000000e-02
     vertex 7.6336398910e-01 5.3147129606e-03 4.0000000000e-02
   endloop
 endfacet
 facet normal  0.0000000000e+00 0.0000000000e+00 -1.0000000000e+00
   outer loop
     vertex 7.6336398910e-01 2.6573564803e-03 4.0000000000e-02
     vertex 7.3795968204e-01 5.9950861140e-03 4.0000000000e-02
     vertex 7.6336398910e-01 5.3147129606e-03 4.0000000000e-02
   endloop
 endfacet
 facet normal  0.0000000000e+00 0.0000000000e+00 -1.0000000000e+00
   outer loop
     vertex 7.6336398910e-01 2.6573564803e-03 4.0000000000e-02
     vertex 7.3795968204e-01 2.9975430570e-03 4.0000000000e-02
     vertex 7.3795968204e-01 5.9950861140e-03 4.0000000000e-02
   endloop
 endfacet
 facet normal  0.0000000000e+00 0.0000000000e+00 -1.0000000000e+00
   outer loop
     vertex 7.3795968204e-01 2.9975430570e-03 4.0000000000e-02
     vertex 7.1918694038e-01 5.0747443916e-03 4.0000000000e-02
     vertex 7.3795968204e-01 5.9950861140e-03 4.0000000000e-02
   endloop
 endfacet
 facet normal  0.0000000000e+00 0.0000000000e+00 -1.0000000000e+00
   outer loop
     vertex 7.3795968204e-01 2.9975430570e-03 4.0000000000e-02
     vertex 7.1918694038e-01 2.5373721958e-03 4.0000000000e-02
     vertex 7.1918694038e-01 5.0747443916e-03 4.0000000000e-02
   endloop
 endfacet
 facet normal  0.0000000000e+00 0.0000000000e+00 -1.0000000000e+00
   outer loop
     vertex 7.1918694038e-01 2.5373721958e-03 4.0000000000e-02
     vertex 7.0834506802e-01 3.0932442109e-03 4.0000000000e-02
     vertex 7.1918694038e-01 5.0747443916e-03 4.0000000000e-02
   endloop
 endfacet
 facet normal  0.0000000000e+00 0.0000000000e+00 -1.0000000000e+00
   outer loop
     vertex 7.1918694038e-01 2.5373721958e-03 4.0000000000e-02
     vertex 7.0834506802e-01 1.5466221054e-03 4.0000000000e-02
     vertex 7.0834506802e-01 3.0932442109e-03 4.0000000000e-02
   endloop
 endfacet
 facet normal  0.0000000000e+00 0.0000000000e+00 -1.0000000000e+00
   outer loop
     vertex 7.0834506802e-01 1.5466221054e-03 4.0000000000e-02
     vertex 7.0400000000e-01 0.0000000000e+00 4.0000000000e-02
     vertex 7.0834506802e-01 3.0932442109e-03 4.0000000000e-02
   endloop
 endfacet
 facet normal  -0.0000000000e+00 -0.0000000000e+00 -1.0000000000e+00
   outer loop
     vertex 7.0400000000e-01 0.0000000000e+00 4.0000000000e-02
     vertex 7.0834506802e-01 -1.5466221054e-03 4.0000000000e-02
     vertex 7.0834506802e-01 -3.0932442109e-03 4.0000000000e-02
   endloop
 endfacet
 facet normal  -0.0000000000e+00 0.0000000000e+00 -1.0000000000e+00
   outer loop
     vertex 7.0834506802e-01 -1.5466221054e-03 4.0000000000e-02
     vertex 7.1918694038e-01 -2.5373721958e-03 4.0000000000e-02
     vertex 7.0834506802e-01 -3.0932442109e-03 4.0000000000e-02
   endloop
 endfacet
 facet normal  0.0000000000e+00 -0.0000000000e+00 -1.0000000000e+00
   outer loop
     vertex 7.0834506802e-01 -3.0932442109e-03 4.0000000000e-02
     vertex 7.1918694038e-01 -2.5373721958e-03 4.0000000000e-02
     vertex 7.1918694038e-01 -5.0747443916e-03 4.0000000000e-02
   endloop
 endfacet
 facet normal  -3.6962602649e-16 0.0000000000e+00 -1.0000000000e+00
   outer loop
     vertex 7.1918694038e-01 -2.5373721958e-03 4.0000000000e-02
     vertex 7.3795968204e-01 -2.9975430570e-03 4.0000000000e-02
     vertex 7.1918694038e-01 -5.0747443916e-03 4.0000000000e-02
   endloop
 endfacet
 facet normal  -3.6962602649e-16 -0.0000000000e+00 -1.0000000000e+00
   outer loop
     vertex 7.1918694038e-01 -5.0747443916e-03 4.0000000000e-02
     vertex 7.3795968204e-01 -2.9975430570e-03 4.0000000000e-02
     vertex 7.3795968204e-01 -5.9950861140e-03 4.0000000000e-02
   endloop
 endfacet
 facet normal  2.7313848342e-16 0.0000000000e+00 -1.0000000000e+00
   outer loop
     vertex 7.3795968204e-01 -2.9975430570e-03 4.0000000000e-02
     vertex 7.6336398910e-01 -2.6573564803e-03 4.0000000000e-02
     vertex 7.3795968204e-01 -5.9950861140e-03 4.0000000000e-02
   endloop
 endfacet
 facet normal  2.7313848342e-16 0.0000000000e+00 -1.0000000000e+00
   outer loop
     vertex 7.3795968204e-01 -5.9950861140e-03 4.0000000000e-02
     vertex 7.6336398910e-01 -2.6573564803e-03 4.0000000000e-02
     vertex 7.6336398910e-01 -5.3147129606e-03 4.0000000000e-02
   endloop
 endfacet
 facet normal  -0.0000000000e+00 0.0000000000e+00 -1.0000000000e+00
   outer loop
     vertex 7.6336398910e-01 -2.6573564803e-03 4.0000000000e-02
     vertex 7.8871827787e-01 -3.5443369261e-03 4.0000000000e-02
     vertex 7.6336398910e-01 -5.3147129606e-03 4.0000000000e-02
   endloop
 endfacet
 facet normal  0.0000000000e+00 -0.0000000000e+00 -1.0000000000e+00
   outer loop
     vertex 7.6336398910e-01 -2.6573564803e-03 4.0000000000e-02
     vertex 7.8871827787e-01 -1.7721684630e-03 4.0000000000e-02
     vertex 7.8871827787e-01 -3.5443369261e-03 4.0000000000e-02
   endloop
 endfacet
 facet normal  -0.0000000000e+00 0.0000000000e+00 -1.0000000000e+00
   outer loop
     vertex 7.8871827787e-01 -1.7721684630e-03 4.0000000000e-02
     vertex 8.0744016230e-01 -1.8044507763e-03 4.0000000000e-02
     vertex 7.8871827787e-01 -3.5443369261e-03 4.0000000000e-02
   endloop
 endfacet
 facet normal  0.0000000000e+00 -0.0000000000e+00 -1.0000000000e+00
   outer loop
     vertex 7.8871827787e-01 -1.7721684630e-03 4.0000000000e-02
     vertex 8.0744016230e-01 -9.0222538816e-04 4.0000000000e-02
     vertex 8.0744016230e-01 -1.8044507763e-03 4.0000000000e-02
   endloop
 endfacet
 facet normal  0.0000000000e+00 0.0000000000e+00 -1.0000000000e+00
   outer loop
     vertex 8.0744016230e-01 -9.0222538816e-04 4.0000000000e-02
     vertex 8.1841572611e-01 -6.3748604047e-04 4.0000000000e-02
     vertex 8.0744016230e-01 -1.8044507763e-03 4.0000000000e-02
   endloop
 endfacet
 facet normal  0.0000000000e+00 -0.0000000000e+00 -1.0000000000e+00
   outer loop
     vertex 8.0744016230e-01 -9.0222538816e-04 4.0000000000e-02
     vertex 8.1841572611e-01 -3.1874302023e-04 4.0000000000e-02
     vertex 8.1841572611e-01 -6.3748604047e-04 4.0000000000e-02
   endloop
 endfacet
 facet normal  0.0000000000e+00 0.0000000000e+00 -1.0000000000e+00
   outer loop
     vertex 8.1841572611e-01 -3.1874302023e-04 4.0000000000e-02
     vertex 8.2400000000e-01 0.0000000000e+00 4.0000000000e-02
     vertex 8.1841572611e-01 -6.3748604047e-04 4.0000000000e-02
   endloop
 endfacet
 facet normal  1.1331254411e-01 9.9259943252e-01 -4.3665019375e-02
   outer loop
     vertex 8.2400000000e-01 0.0000000000e+00 4.0000000000e-02
     vertex 8.1841572611e-01 6.3748604047e-04 4.0000000000e-02
     vertex 8.4326751346e-01 3.0616169979e-18 9.0000000000e-02
   endloop
 endfacet
 facet normal  1.1331254411e-01 9.9259943252e-01 -4.3665019375e-02
   outer loop
     vertex 8.4326751346e-01 3.0616169979e-18 9.0000000000e-02
     vertex 8.1841572611e-01 6.3748604047e-04 4.0000000000e-02
     vertex 8.3812998148e-01 5.8648715723e-04 9.0000000000e-02
   endloop
 endfacet
 facet normal  1.0564062021e-01 9.9357361221e-01 -4.0639100395e-02
   outer loop
     vertex 8.1841572611e-01 6.3748604047e-04 4.0000000000e-02
     vertex 8.0744016230e-01 1.8044507763e-03 4.0000000000e-02
     vertex 8.3812998148e-01 5.8648715723e-04 9.0000000000e-02
   endloop
 endfacet
 facet normal  1.0564062021e-01 9.9357361221e-01 -4.0639100395e-02
   outer loop
     vertex 8.3812998148e-01 5.8648715723e-04 9.0000000000e-02
     vertex 8.0744016230e-01 1.8044507763e-03 4.0000000000e-02
     vertex 8.2803246277e-01 1.6600947142e-03 9.0000000000e-02
   endloop
 endfacet
 facet normal  9.2477160088e-02 9.9509195125e-01 -3.5213398243e-02
   outer loop
     vertex 8.0744016230e-01 1.8044507763e-03 4.0000000000e-02
     vertex 7.8871827787e-01 3.5443369261e-03 4.0000000000e-02
     vertex 8.2803246277e-01 1.6600947142e-03 9.0000000000e-02
   endloop
 endfacet
 facet normal  9.2477160088e-02 9.9509195125e-01 -3.5213398243e-02
   outer loop
     vertex 8.2803246277e-01 1.6600947142e-03 9.0000000000e-02
     vertex 7.8871827787e-01 3.5443369261e-03 4.0000000000e-02
     vertex 8.1080832910e-01 3.2607899720e-03 9.0000000000e-02
   endloop
 endfacet
 facet normal  6.9633943859e-02 9.9725656361e-01 -2.5108966523e-02
   outer loop
     vertex 7.8871827787e-01 3.5443369261e-03 4.0000000000e-02
     vertex 7.6336398910e-01 5.3147129606e-03 4.0000000000e-02
     vertex 8.1080832910e-01 3.2607899720e-03 9.0000000000e-02
   endloop
 endfacet
 facet normal  6.9633943859e-02 9.9725656361e-01 -2.5108966523e-02
   outer loop
     vertex 8.1080832910e-01 3.2607899720e-03 9.0000000000e-02
     vertex 7.6336398910e-01 5.3147129606e-03 4.0000000000e-02
     vertex 7.8748238343e-01 4.8895359237e-03 9.0000000000e-02
   endloop
 endfacet
 facet normal  2.6771942834e-02 9.9963182420e-01 -4.4135155468e-03
   outer loop
     vertex 7.6336398910e-01 5.3147129606e-03 4.0000000000e-02
     vertex 7.6411042093e-01 5.5154792248e-03 9.0000000000e-02
     vertex 7.8748238343e-01 4.8895359237e-03 9.0000000000e-02
   endloop
 endfacet
 facet normal  2.6771942834e-02 9.9963182420e-01 -4.4135155468e-03
   outer loop
     vertex 7.6336398910e-01 5.3147129606e-03 4.0000000000e-02
     vertex 7.3795968204e-01 5.9950861140e-03 4.0000000000e-02
     vertex 7.6411042093e-01 5.5154792248e-03 9.0000000000e-02
   endloop
 endfacet
 facet normal  -4.8936327373e-02 9.9818253260e-01 3.5169126779e-02
   outer loop
     vertex 7.3795968204e-01 5.9950861140e-03 4.0000000000e-02
     vertex 7.4683949861e-01 4.6687648403e-03 9.0000000000e-02
     vertex 7.6411042093e-01 5.5154792248e-03 9.0000000000e-02
   endloop
 endfacet
 facet normal  -4.8936327373e-02 9.9818253260e-01 3.5169126779e-02
   outer loop
     vertex 7.3795968204e-01 5.9950861140e-03 4.0000000000e-02
     vertex 7.1918694038e-01 5.0747443916e-03 4.0000000000e-02
     vertex 7.4683949861e-01 4.6687648403e-03 9.0000000000e-02
   endloop
 endfacet
 facet normal  -1.7875731686e-01 9.7807915040e-01 1.0680354496e-01
   outer loop
     vertex 7.1918694038e-01 5.0747443916e-03 4.0000000000e-02
     vertex 7.3686497604e-01 2.8457846740e-03 9.0000000000e-02
     vertex 7.4683949861e-01 4.6687648403e-03 9.0000000000e-02
   endloop
 endfacet
 facet normal  -1.7875731686e-01 9.7807915040e-01 1.0680354496e-01
   outer loop
     vertex 7.1918694038e-01 5.0747443916e-03 4.0000000000e-02
     vertex 7.0834506802e-01 3.0932442109e-03 4.0000000000e-02
     vertex 7.3686497604e-01 2.8457846740e-03 9.0000000000e-02
   endloop
 endfacet
 facet normal  -5.4994017399e-01 7.7249880693e-01 3.1750810749e-01
   outer loop
     vertex 7.0834506802e-01 3.0932442109e-03 4.0000000000e-02
     vertex 7.3286751346e-01 3.0616169979e-18 9.0000000000e-02
     vertex 7.3686497604e-01 2.8457846740e-03 9.0000000000e-02
   endloop
 endfacet
 facet normal  -5.4994017399e-01 7.7249880693e-01 3.1750810749e-01
   outer loop
     vertex 7.0834506802e-01 3.0932442109e-03 4.0000000000e-02
     vertex 7.0400000000e-01 0.0000000000e+00 4.0000000000e-02
     vertex 7.3286751346e-01 3.0616169979e-18 9.0000000000e-02
   endloop
 endfacet
 facet normal  -5.4994017399e-01 -7.7249880693e-01 3.1750810749e-01
   outer loop
     vertex 7.0400000000e-01 0.0000000000e+00 4.0000000000e-02
     vertex 7.0834506802e-01 -3.0932442109e-03 4.0000000000e-02
     vertex 7.3286751346e-01 3.0616169979e-18 9.0000000000e-02
   endloop
 endfacet
 facet normal  -5.4994017399e-01 -7.7249880693e-01 3.1750810749e-01
   outer loop
     vertex 7.3286751346e-01 3.0616169979e-18 9.0000000000e-02
     vertex 7.0834506802e-01 -3.0932442109e-03 4.0000000000e-02
     vertex 7.3686497604e-01 -2.8457846740e-03 9.0000000000e-02
   endloop
 endfacet
 facet normal  -1.7875731686e-01 -9.7807915040e-01 1.0680354496e-01
   outer loop
     vertex 7.0834506802e-01 -3.0932442109e-03 4.0000000000e-02
     vertex 7.1918694038e-01 -5.0747443916e-03 4.0000000000e-02
     vertex 7.3686497604e-01 -2.8457846740e-03 9.0000000000e-02
   endloop
 endfacet
 facet normal  -1.7875731686e-01 -9.7807915040e-01 1.0680354496e-01
   outer loop
     vertex 7.3686497604e-01 -2.8457846740e-03 9.0000000000e-02
     vertex 7.1918694038e-01 -5.0747443916e-03 4.0000000000e-02
     vertex 7.4683949861e-01 -4.6687648403e-03 9.0000000000e-02
   endloop
 endfacet
 facet normal  -4.8936327373e-02 -9.9818253260e-01 3.5169126779e-02
   outer loop
     vertex 7.1918694038e-01 -5.0747443916e-03 4.0000000000e-02
     vertex 7.3795968204e-01 -5.9950861140e-03 4.0000000000e-02
     vertex 7.4683949861e-01 -4.6687648403e-03 9.0000000000e-02
   endloop
 endfacet
 facet normal  -4.8936327373e-02 -9.9818253260e-01 3.5169126779e-02
   outer loop
     vertex 7.4683949861e-01 -4.6687648403e-03 9.0000000000e-02
     vertex 7.3795968204e-01 -5.9950861140e-03 4.0000000000e-02
     vertex 7.6411042093e-01 -5.5154792248e-03 9.0000000000e-02
   endloop
 endfacet
 facet normal  2.6771942834e-02 -9.9963182420e-01 -4.4135155468e-03
   outer loop
     vertex 7.3795968204e-01 -5.9950861140e-03 4.0000000000e-02
     vertex 7.6336398910e-01 -5.3147129606e-03 4.0000000000e-02
     vertex 7.6411042093e-01 -5.5154792248e-03 9.0000000000e-02
   endloop
 endfacet
 facet normal  2.6771942834e-02 -9.9963182420e-01 -4.4135155468e-03
   outer loop
     vertex 7.6411042093e-01 -5.5154792248e-03 9.0000000000e-02
     vertex 7.6336398910e-01 -5.3147129606e-03 4.0000000000e-02
     vertex 7.8748238343e-01 -4.8895359237e-03 9.0000000000e-02
   endloop
 endfacet
 facet normal  6.9633943859e-02 -9.9725656361e-01 -2.5108966523e-02
   outer loop
     vertex 7.6336398910e-01 -5.3147129606e-03 4.0000000000e-02
     vertex 8.1080832910e-01 -3.2607899720e-03 9.0000000000e-02
     vertex 7.8748238343e-01 -4.8895359237e-03 9.0000000000e-02
   endloop
 endfacet
 facet normal  6.9633943859e-02 -9.9725656361e-01 -2.5108966523e-02
   outer loop
     vertex 7.6336398910e-01 -5.3147129606e-03 4.0000000000e-02
     vertex 7.8871827787e-01 -3.5443369261e-03 4.0000000000e-02
     vertex 8.1080832910e-01 -3.2607899720e-03 9.0000000000e-02
   endloop
 endfacet
 facet normal  9.2477160088e-02 -9.9509195125e-01 -3.5213398243e-02
   outer loop
     vertex 7.8871827787e-01 -3.5443369261e-03 4.0000000000e-02
     vertex 8.2803246277e-01 -1.6600947142e-03 9.0000000000e-02
     vertex 8.1080832910e-01 -3.2607899720e-03 9.0000000000e-02
   endloop
 endfacet
 facet normal  9.2477160088e-02 -9.9509195125e-01 -3.5213398243e-02
   outer loop
     vertex 7.8871827787e-01 -3.5443369261e-03 4.0000000000e-02
     vertex 8.0744016230e-01 -1.8044507763e-03 4.0000000000e-02
     vertex 8.2803246277e-01 -1.6600947142e-03 9.0000000000e-02
   endloop
 endfacet
 facet normal  1.0564062021e-01 -9.9357361221e-01 -4.0639100395e-02
   outer loop
     vertex 8.0744016230e-01 -1.8044507763e-03 4.0000000000e-02
     vertex 8.3812998148e-01 -5.8648715723e-04 9.0000000000e-02
     vertex 8.2803246277e-01 -1.6600947142e-03 9.0000000000e-02
   endloop
 endfacet
 facet normal  1.0564062021e-01 -9.9357361221e-01 -4.0639100395e-02
   outer loop
     vertex 8.0744016230e-01 -1.8044507763e-03 4.0000000000e-02
     vertex 8.1841572611e-01 -6.3748604047e-04 4.0000000000e-02
     vertex 8.3812998148e-01 -5.8648715723e-04 9.0000000000e-02
   endloop
 endfacet
 facet normal  1.1331254411e-01 -9.9259943252e-01 -4.3665019375e-02
   outer loop
     vertex 8.1841572611e-01 -6.3748604047e-04 4.0000000000e-02
     vertex 8.4326751346e-01 3.0616169979e-18 9.0000000000e-02
     vertex 8.3812998148e-01 -5.8648715723e-04 9.0000000000e-02
   endloop
 endfacet
 facet normal  1.1331254411e-01 -9.9259943252e-01 -4.3665019375e-02
   outer loop
     vertex 8.1841572611e-01 -6.3748604047e-04 4.0000000000e-02
     vertex 8.2400000000e-01 0.0000000000e+00 4.0000000000e-02
     vertex 8.4326751346e-01 3.0616169979e-18 9.0000000000e-02
   endloop
 endfacet
 facet normal  1.1331254411e-01 9.9259943252e-01 -4.3665019375e-02
   outer loop
     vertex 8.4326751346e-01 3.0616169979e-18 9.0000000000e-02
     vertex 8.3812998148e-01 5.8648715723e-04 9.0000000000e-02
     vertex 8.6253502692e-01 6.1232339957e-18 1.4000000000e-01
   endloop
 endfacet
 facet normal  1.1331254411e-01 9.9259943252e-01 -4.3665019375e-02
   outer loop
     vertex 8.6253502692e-01 6.1232339957e-18 1.4000000000e-01
     vertex 8.3812998148e-01 5.8648715723e-04 9.0000000000e-02
     vertex 8.5784423685e-01 5.3548827399e-04 1.4000000000e-01
   endloop
 endfacet
 facet normal  1.0564062021e-01 9.9357361221e-01 -4.0639100395e-02
   outer loop
     vertex 8.3812998148e-01 5.8648715723e-04 9.0000000000e-02
     vertex 8.2803246277e-01 1.6600947142e-03 9.0000000000e-02
     vertex 8.5784423685e-01 5.3548827399e-04 1.4000000000e-01
   endloop
 endfacet
 facet normal  1.0564062021e-01 9.9357361221e-01 -4.0639100395e-02
   outer loop
     vertex 8.5784423685e-01 5.3548827399e-04 1.4000000000e-01
     vertex 8.2803246277e-01 1.6600947142e-03 9.0000000000e-02
     vertex 8.4862476325e-01 1.5157386521e-03 1.4000000000e-01
   endloop
 endfacet
 facet normal  9.2477160088e-02 9.9509195125e-01 -3.5213398243e-02
   outer loop
     vertex 8.2803246277e-01 1.6600947142e-03 9.0000000000e-02
     vertex 8.1080832910e-01 3.2607899720e-03 9.0000000000e-02
     vertex 8.4862476325e-01 1.5157386521e-03 1.4000000000e-01
   endloop
 endfacet
 facet normal  9.2477160088e-02 9.9509195125e-01 -3.5213398243e-02
   outer loop
     vertex 8.4862476325e-01 1.5157386521e-03 1.4000000000e-01
     vertex 8.1080832910e-01 3.2607899720e-03 9.0000000000e-02
     vertex 8.3289838033e-01 2.9772430179e-03 1.4000000000e-01
   endloop
 endfacet
 facet normal  6.9633943859e-02 9.9725656361e-01 -2.5108966523e-02
   outer loop
     vertex 8.1080832910e-01 3.2607899720e-03 9.0000000000e-02
     vertex 7.8748238343e-01 4.8895359237e-03 9.0000000000e-02
     vertex 8.3289838033e-01 2.9772430179e-03 1.4000000000e-01
   endloop
 endfacet
 facet normal  6.9633943859e-02 9.9725656361e-01 -2.5108966523e-02
   outer loop
     vertex 8.3289838033e-01 2.9772430179e-03 1.4000000000e-01
     vertex 7.8748238343e-01 4.8895359237e-03 9.0000000000e-02
     vertex 8.1160077776e-01 4.4643588869e-03 1.4000000000e-01
   endloop
 endfacet
 facet normal  2.6771942834e-02 9.9963182420e-01 -4.4135155468e-03
   outer loop
     vertex 7.8748238343e-01 4.8895359237e-03 9.0000000000e-02
     vertex 7.9026115983e-01 5.0358723357e-03 1.4000000000e-01
     vertex 8.1160077776e-01 4.4643588869e-03 1.4000000000e-01
   endloop
 endfacet
 facet normal  2.6771942834e-02 9.9963182420e-01 -4.4135155468e-03
   outer loop
     vertex 7.8748238343e-01 4.8895359237e-03 9.0000000000e-02
     vertex 7.6411042093e-01 5.5154792248e-03 9.0000000000e-02
     vertex 7.9026115983e-01 5.0358723357e-03 1.4000000000e-01
   endloop
 endfacet
 facet normal  -4.8936327373e-02 9.9818253260e-01 3.5169126779e-02
   outer loop
     vertex 7.6411042093e-01 5.5154792248e-03 9.0000000000e-02
     vertex 7.7449205684e-01 4.2627852889e-03 1.4000000000e-01
     vertex 7.9026115983e-01 5.0358723357e-03 1.4000000000e-01
   endloop
 endfacet
 facet normal  -4.8936327373e-02 9.9818253260e-01 3.5169126779e-02
   outer loop
     vertex 7.6411042093e-01 5.5154792248e-03 9.0000000000e-02
     vertex 7.4683949861e-01 4.6687648403e-03 9.0000000000e-02
     vertex 7.7449205684e-01 4.2627852889e-03 1.4000000000e-01
   endloop
 endfacet
 facet normal  -1.7875731686e-01 9.7807915040e-01 1.0680354496e-01
   outer loop
     vertex 7.4683949861e-01 4.6687648403e-03 9.0000000000e-02
     vertex 7.6538488406e-01 2.5983251371e-03 1.4000000000e-01
     vertex 7.7449205684e-01 4.2627852889e-03 1.4000000000e-01
   endloop
 endfacet
 facet normal  -1.7875731686e-01 9.7807915040e-01 1.0680354496e-01
   outer loop
     vertex 7.4683949861e-01 4.6687648403e-03 9.0000000000e-02
     vertex 7.3686497604e-01 2.8457846740e-03 9.0000000000e-02
     vertex 7.6538488406e-01 2.5983251371e-03 1.4000000000e-01
   endloop
 endfacet
 facet normal  -5.4994017399e-01 7.7249880693e-01 3.1750810749e-01
   outer loop
     vertex 7.3686497604e-01 2.8457846740e-03 9.0000000000e-02
     vertex 7.6173502692e-01 6.1232339957e-18 1.4000000000e-01
     vertex 7.6538488406e-01 2.5983251371e-03 1.4000000000e-01
   endloop
 endfacet
 facet normal  -5.4994017399e-01 7.7249880693e-01 3.1750810749e-01
   outer loop
     vertex 7.3686497604e-01 2.8457846740e-03 9.0000000000e-02
     vertex 7.3286751346e-01 3.0616169979e-18 9.0000000000e-02
     vertex 7.6173502692e-01 6.1232339957e-18 1.4000000000e-01
   endloop
 endfacet
 facet normal  -5.4994017399e-01 -7.7249880693e-01 3.1750810749e-01
   outer loop
     vertex 7.3286751346e-01 3.0616169979e-18 9.0000000000e-02
     vertex 7.3686497604e-01 -2.8457846740e-03 9.0000000000e-02
     vertex 7.6173502692e-01 6.1232339957e-18 1.4000000000e-01
   endloop
 endfacet
 facet normal  -5.4994017399e-01 -7.7249880693e-01 3.1750810749e-01
   outer loop
     vertex 7.6173502692e-01 6.1232339957e-18 1.4000000000e-01
     vertex 7.3686497604e-01 -2.8457846740e-03 9.0000000000e-02
     vertex 7.6538488406e-01 -2.5983251371e-03 1.4000000000e-01
   endloop
 endfacet
 facet normal  -1.7875731686e-01 -9.7807915040e-01 1.0680354496e-01
   outer loop
     vertex 7.3686497604e-01 -2.8457846740e-03 9.0000000000e-02
     vertex 7.4683949861e-01 -4.6687648403e-03 9.0000000000e-02
     vertex 7.6538488406e-01 -2.5983251371e-03 1.4000000000e-01
   endloop
 endfacet
 facet normal  -1.7875731686e-01 -9.7807915040e-01 1.0680354496e-01
   outer loop
     vertex 7.6538488406e-01 -2.5983251371e-03 1.4000000000e-01
     vertex 7.4683949861e-01 -4.6687648403e-03 9.0000000000e-02
     vertex 7.7449205684e-01 -4.2627852889e-03 1.4000000000e-01
   endloop
 endfacet
 facet normal  -4.8936327373e-02 -9.9818253260e-01 3.5169126779e-02
   outer loop
     vertex 7.4683949861e-01 -4.6687648403e-03 9.0000000000e-02
     vertex 7.6411042093e-01 -5.5154792248e-03 9.0000000000e-02
     vertex 7.7449205684e-01 -4.2627852889e-03 1.4000000000e-01
   endloop
 endfacet
 facet normal  -4.8936327373e-02 -9.9818253260e-01 3.5169126779e-02
   outer loop
     vertex 7.7449205684e-01 -4.2627852889e-03 1.4000000000e-01
     vertex 7.6411042093e-01 -5.5154792248e-03 9.0000000000e-02
     vertex 7.9026115983e-01 -5.0358723357e-03 1.4000000000e-01
   endloop
 endfacet
 facet normal  2.6771942834e-02 -9.9963182420e-01 -4.4135155468e-03
   outer loop
     vertex 7.6411042093e-01 -5.5154792248e-03 9.0000000000e-02
     vertex 7.8748238343e-01 -4.8895359237e-03 9.0000000000e-02
     vertex 7.9026115983e-01 -5.0358723357e-03 1.4000000000e-01
   endloop
 endfacet
 facet normal  2.6771942834e-02 -9.9963182420e-01 -4.4135155468e-03
   outer loop
     vertex 7.9026115983e-01 -5.0358723357e-03 1.4000000000e-01
     vertex 7.8748238343e-01 -4.8895359237e-03 9.0000000000e-02
     vertex 8.1160077776e-01 -4.4643588869e-03 1.4000000000e-01
   endloop
 endfacet
 facet normal  6.9633943859e-02 -9.9725656361e-01 -2.5108966523e-02
   outer loop
     vertex 7.8748238343e-01 -4.8895359237e-03 9.0000000000e-02
     vertex 8.3289838033e-01 -2.9772430179e-03 1.4000000000e-01
     vertex 8.1160077776e-01 -4.4643588869e-03 1.4000000000e-01
   endloop
 endfacet
 facet normal  6.9633943859e-02 -9.9725656361e-01 -2.5108966523e-02
   outer loop
     vertex 7.8748238343e-01 -4.8895359237e-03 9.0000000000e-02
     vertex 8.1080832910e-01 -3.2607899720e-03 9.0000000000e-02
     vertex 8.3289838033e-01 -2.9772430179e-03 1.4000000000e-01
   endloop
 endfacet
 facet normal  9.2477160088e-02 -9.9509195125e-01 -3.5213398243e-02
   outer loop
     vertex 8.1080832910e-01 -3.2607899720e-03 9.0000000000e-02
     vertex 8.4862476325e-01 -1.5157386521e-03 1.4000000000e-01
     vertex 8.3289838033e-01 -2.9772430179e-03 1.4000000000e-01
   endloop
 endfacet
 facet normal  9.2477160088e-02 -9.9509195125e-01 -3.5213398243e-02
   outer loop
     vertex 8.1080832910e-01 -3.2607899720e-03 9.0000000000e-02
     vertex 8.2803246277e-01 -1.6600947142e-03 9.0000000000e-02
     vertex 8.4862476325e-01 -1.5157386521e-03 1.4000000000e-01
   endloop
 endfacet
 facet normal  1.0564062021e-01 -9.9357361221e-01 -4.0639100395e-02
   outer loop
     vertex 8.2803246277e-01 -1.6600947142e-03 9.0000000000e-02
     vertex 8.5784423685e-01 -5.3548827399e-04 1.4000000000e-01
     vertex 8.4862476325e-01 -1.5157386521e-03 1.4000000000e-01
   endloop
 endfacet
 facet normal  1.0564062021e-01 -9.9357361221e-01 -4.0639100395e-02
   outer loop
     vertex 8.2803246277e-01 -1.6600947142e-03 9.0000000000e-02
     vertex 8.3812998148e-01 -5.8648715723e-04 9.0000000000e-02
     vertex 8.5784423685e-01 -5.3548827399e-04 1.4000000000e-01
   endloop
 endfacet
 facet normal  1.1331254411e-01 -9.9259943252e-01 -4.3665019375e-02
   outer loop
     vertex 8.3812998148e-01 -5.8648715723e-04 9.0000000000e-02
     vertex 8.6253502692e-01 6.1232339957e-18 1.4000000000e-01
     vertex 8.5784423685e-01 -5.3548827399e-04 1.4000000000e-01
   endloop
 endfacet
 facet normal  1.1331254411e-01 -9.9259943252e-01 -4.3665019375e-02
   outer loop
     vertex 8.3812998148e-01 -5.8648715723e-04 9.0000000000e-02
     vertex 8.4326751346e-01 3.0616169979e-18 9.0000000000e-02
     vertex 8.6253502692e-01 6.1232339957e-18 1.4000000000e-01
   endloop
 endfacet
 facet normal  1.1331254411e-01 9.9259943252e-01 -4.3665019375e-02
   outer loop
     vertex 8.6253502692e-01 6.1232339957e-18 1.4000000000e-01
     vertex 8.5784423685e-01 5.3548827399e-04 1.4000000000e-01
     vertex 8.8180254038e-01 9.1848509936e-18 1.9000000000e-01
   endloop
 endfacet
 facet normal  1.1331254411e-01 9.9259943252e-01 -4.3665019375e-02
   outer loop
     vertex 8.8180254038e-01 9.1848509936e-18 1.9000000000e-01
     vertex 8.5784423685e-01 5.3548827399e-04 1.4000000000e-01
     vertex 8.7755849222e-01 4.8448939075e-04 1.9000000000e-01
   endloop
 endfacet
 facet normal  1.0564062021e-01 9.9357361221e-01 -4.0639100395e-02
   outer loop
     vertex 8.5784423685e-01 5.3548827399e-04 1.4000000000e-01
     vertex 8.4862476325e-01 1.5157386521e-03 1.4000000000e-01
     vertex 8.7755849222e-01 4.8448939075e-04 1.9000000000e-01
   endloop
 endfacet
 facet normal  1.0564062021e-01 9.9357361221e-01 -4.0639100395e-02
   outer loop
     vertex 8.7755849222e-01 4.8448939075e-04 1.9000000000e-01
     vertex 8.4862476325e-01 1.5157386521e-03 1.4000000000e-01
     vertex 8.6921706372e-01 1.3713825900e-03 1.9000000000e-01
   endloop
 endfacet
 facet normal  9.2477160088e-02 9.9509195125e-01 -3.5213398243e-02
   outer loop
     vertex 8.4862476325e-01 1.5157386521e-03 1.4000000000e-01
     vertex 8.3289838033e-01 2.9772430179e-03 1.4000000000e-01
     vertex 8.6921706372e-01 1.3713825900e-03 1.9000000000e-01
   endloop
 endfacet
 facet normal  9.2477160088e-02 9.9509195125e-01 -3.5213398243e-02
   outer loop
     vertex 8.6921706372e-01 1.3713825900e-03 1.9000000000e-01
     vertex 8.3289838033e-01 2.9772430179e-03 1.4000000000e-01
     vertex 8.5498843156e-01 2.6936960638e-03 1.9000000000e-01
   endloop
 endfacet
 facet normal  6.9633943859e-02 9.9725656361e-01 -2.5108966523e-02
   outer loop
     vertex 8.3289838033e-01 2.9772430179e-03 1.4000000000e-01
     vertex 8.1160077776e-01 4.4643588869e-03 1.4000000000e-01
     vertex 8.5498843156e-01 2.6936960638e-03 1.9000000000e-01
   endloop
 endfacet
 facet normal  6.9633943859e-02 9.9725656361e-01 -2.5108966523e-02
   outer loop
     vertex 8.5498843156e-01 2.6936960638e-03 1.9000000000e-01
     vertex 8.1160077776e-01 4.4643588869e-03 1.4000000000e-01
     vertex 8.3571917209e-01 4.0391818500e-03 1.9000000000e-01
   endloop
 endfacet
 facet normal  2.6771942834e-02 9.9963182420e-01 -4.4135155468e-03
   outer loop
     vertex 8.1160077776e-01 4.4643588869e-03 1.4000000000e-01
     vertex 8.1641189873e-01 4.5562654466e-03 1.9000000000e-01
     vertex 8.3571917209e-01 4.0391818500e-03 1.9000000000e-01
   endloop
 endfacet
 facet normal  2.6771942834e-02 9.9963182420e-01 -4.4135155468e-03
   outer loop
     vertex 8.1160077776e-01 4.4643588869e-03 1.4000000000e-01
     vertex 7.9026115983e-01 5.0358723357e-03 1.4000000000e-01
     vertex 8.1641189873e-01 4.5562654466e-03 1.9000000000e-01
   endloop
 endfacet
 facet normal  -4.8936327373e-02 9.9818253260e-01 3.5169126779e-02
   outer loop
     vertex 7.9026115983e-01 5.0358723357e-03 1.4000000000e-01
     vertex 8.0214461507e-01 3.8568057376e-03 1.9000000000e-01
     vertex 8.1641189873e-01 4.5562654466e-03 1.9000000000e-01
   endloop
 endfacet
 facet normal  -4.8936327373e-02 9.9818253260e-01 3.5169126779e-02
   outer loop
     vertex 7.9026115983e-01 5.0358723357e-03 1.4000000000e-01
     vertex 7.7449205684e-01 4.2627852889e-03 1.4000000000e-01
     vertex 8.0214461507e-01 3.8568057376e-03 1.9000000000e-01
   endloop
 endfacet
 facet normal  -1.7875731686e-01 9.7807915040e-01 1.0680354496e-01
   outer loop
     vertex 7.7449205684e-01 4.2627852889e-03 1.4000000000e-01
     vertex 7.9390479207e-01 2.3508656003e-03 1.9000000000e-01
     vertex 8.0214461507e-01 3.8568057376e-03 1.9000000000e-01
   endloop
 endfacet
 facet normal  -1.7875731686e-01 9.7807915040e-01 1.0680354496e-01
   outer loop
     vertex 7.7449205684e-01 4.2627852889e-03 1.4000000000e-01
     vertex 7.6538488406e-01 2.5983251371e-03 1.4000000000e-01
     vertex 7.9390479207e-01 2.3508656003e-03 1.9000000000e-01
   endloop
 endfacet
 facet normal  -5.4994017399e-01 7.7249880693e-01 3.1750810749e-01
   outer loop
     vertex 7.6538488406e-01 2.5983251371e-03 1.4000000000e-01
     vertex 7.9060254038e-01 9.1848509936e-18 1.9000000000e-01
     vertex 7.9390479207e-01 2.3508656003e-03 1.9000000000e-01
   endloop
 endfacet
 facet normal  -5.4994017399e-01 7.7249880693e-01 3.1750810749e-01
   outer loop
     vertex 7.6538488406e-01 2.5983251371e-03 1.4000000000e-01
     vertex 7.6173502692e-01 6.1232339957e-18 1.4000000000e-01
     vertex 7.9060254038e-01 9.1848509936e-18 1.9000000000e-01
   endloop
 endfacet
 facet normal  -5.4994017399e-01 -7.7249880693e-01 3.1750810749e-01
   outer loop
     vertex 7.6173502692e-01 6.1232339957e-18 1.4000000000e-01
     vertex 7.6538488406e-01 -2.5983251371e-03 1.4000000000e-01
     vertex 7.9060254038e-01 9.1848509936e-18 1.9000000000e-01
   endloop
 endfacet
 facet normal  -5.4994017399e-01 -7.7249880693e-01 3.1750810749e-01
   outer loop
     vertex 7.9060254038e-01 9.1848509936e-18 1.9000000000e-01
     vertex 7.6538488406e-01 -2.5983251371e-03 1.4000000000e-01
     vertex 7.9390479207e-01 -2.3508656003e-03 1.9000000000e-01
   endloop
 endfacet
 facet normal  -1.7875731686e-01 -9.7807915040e-01 1.0680354496e-01
   outer loop
     vertex 7.6538488406e-01 -2.5983251371e-03 1.4000000000e-01
     vertex 7.7449205684e-01 -4.2627852889e-03 1.4000000000e-01
     vertex 7.9390479207e-01 -2.3508656003e-03 1.9000000000e-01
   endloop
 endfacet
 facet normal  -1.7875731686e-01 -9.7807915040e-01 1.0680354496e-01
   outer loop
     vertex 7.9390479207e-01 -2.3508656003e-03 1.9000000000e-01
     vertex 7.7449205684e-01 -4.2627852889e-03 1.4000000000e-01
     vertex 8.0214461507e-01 -3.8568057376e-03 1.9000000000e-01
   endloop
 endfacet
 facet normal  -4.8936327373e-02 -9.9818253260e-01 3.5169126779e-02
   outer loop
     vertex 7.7449205684e-01 -4.2627852889e-03 1.4000000000e-01
     vertex 7.9026115983e-01 -5.0358723357e-03 1.4000000000e-01
     vertex 8.0214461507e-01 -3.8568057376e-03 1.9000000000e-01
   endloop
 endfacet
 facet normal  -4.8936327373e-02 -9.9818253260e-01 3.5169126779e-02
   outer loop
     vertex 8.0214461507e-01 -3.8568057376e-03 1.9000000000e-01
     vertex 7.9026115983e-01 -5.0358723357e-03 1.4000000000e-01
     vertex 8.1641189873e-01 -4.5562654466e-03 1.9000000000e-01
   endloop
 endfacet
 facet normal  2.6771942834e-02 -9.9963182420e-01 -4.4135155468e-03
   outer loop
     vertex 7.9026115983e-01 -5.0358723357e-03 1.4000000000e-01
     vertex 8.1160077776e-01 -4.4643588869e-03 1.4000000000e-01
     vertex 8.1641189873e-01 -4.5562654466e-03 1.9000000000e-01
   endloop
 endfacet
 facet normal  2.6771942834e-02 -9.9963182420e-01 -4.4135155468e-03
   outer loop
     vertex 8.1641189873e-01 -4.5562654466e-03 1.9000000000e-01
     vertex 8.1160077776e-01 -4.4643588869e-03 1.4000000000e-01
     vertex 8.3571917209e-01 -4.0391818500e-03 1.9000000000e-01
   endloop
 endfacet
 facet normal  6.9633943859e-02 -9.9725656361e-01 -2.5108966523e-02
   outer loop
     vertex 8.1160077776e-01 -4.4643588869e-03 1.4000000000e-01
     vertex 8.5498843156e-01 -2.6936960638e-03 1.9000000000e-01
     vertex 8.3571917209e-01 -4.0391818500e-03 1.9000000000e-01
   endloop
 endfacet
 facet normal  6.9633943859e-02 -9.9725656361e-01 -2.5108966523e-02
   outer loop
     vertex 8.1160077776e-01 -4.4643588869e-03 1.4000000000e-01
     vertex 8.3289838033e-01 -2.9772430179e-03 1.4000000000e-01
     vertex 8.5498843156e-01 -2.6936960638e-03 1.9000000000e-01
   endloop
 endfacet
 facet normal  9.2477160088e-02 -9.9509195125e-01 -3.5213398243e-02
   outer loop
     vertex 8.3289838033e-01 -2.9772430179e-03 1.4000000000e-01
     vertex 8.6921706372e-01 -1.3713825900e-03 1.9000000000e-01
     vertex 8.5498843156e-01 -2.6936960638e-03 1.9000000000e-01
   endloop
 endfacet
 facet normal  9.2477160088e-02 -9.9509195125e-01 -3.5213398243e-02
   outer loop
     vertex 8.3289838033e-01 -2.9772430179e-03 1.4000000000e-01
     vertex 8.4862476325e-01 -1.5157386521e-03 1.4000000000e-01
     vertex 8.6921706372e-01 -1.3713825900e-03 1.9000000000e-01
   endloop
 endfacet
 facet normal  1.0564062021e-01 -9.9357361221e-01 -4.0639100395e-02
   outer loop
     vertex 8.4862476325e-01 -1.5157386521e-03 1.4000000000e-01
     vertex 8.7755849222e-01 -4.8448939075e-04 1.9000000000e-01
     vertex 8.6921706372e-01 -1.3713825900e-03 1.9000000000e-01
   endloop
 endfacet
 facet normal  1.0564062021e-01 -9.9357361221e-01 -4.0639100395e-02
   outer loop
     vertex 8.4862476325e-01 -1.5157386521e-03 1.4000000000e-01
     vertex 8.5784423685e-01 -5.3548827399e-04 1.4000000000e-01
     vertex 8.7755849222e-01 -4.8448939075e-04 1.9000000000e-01
   endloop
 endfacet
 facet normal  1.1331254411e-01 -9.9259943252e-01 -4.3665019375e-02
   outer loop
     vertex 8.5784423685e-01 -5.3548827399e-04 1.4000000000e-01
     vertex 8.8180254038e-01 9.1848509936e-18 1.9000000000e-01
     vertex 8.7755849222e-01 -4.8448939075e-04 1.9000000000e-01
   endloop
 endfacet
 facet normal  1.1331254411e-01 -9.9259943252e-01 -4.3665019375e-02
   outer loop
     vertex 8.5784423685e-01 -5.3548827399e-04 1.4000000000e-01
     vertex 8.6253502692e-01 6.1232339957e-18 1.4000000000e-01
     vertex 8.8180254038e-01 9.1848509936e-18 1.9000000000e-01
   endloop
 endfacet
 facet normal  1.1331254411e-01 9.9259943252e-01 -4.3665019375e-02
   outer loop
     vertex 8.8180254038e-01 9.1848509936e-18 1.9000000000e-01
     vertex 8.9727274759e-01 4.3349050752e-04 2.4000000000e-01
     vertex 9.0107005384e-01 1.2246467991e-17 2.4000000000e-01
   endloop
 endfacet
 facet normal  1.1331254411e-01 9.9259943252e-01 -4.3665019375e-02
   outer loop
     vertex 8.8180254038e-01 9.1848509936e-18 1.9000000000e-01
     vertex 8.7755849222e-01 4.8448939075e-04 1.9000000000e-01
     vertex 8.9727274759e-01 4.3349050752e-04 2.4000000000e-01
   endloop
 endfacet
 facet normal  1.0564062021e-01 9.9357361221e-01 -4.0639100395e-02
   outer loop
     vertex 8.7755849222e-01 4.8448939075e-04 1.9000000000e-01
     vertex 8.8980936420e-01 1.2270265279e-03 2.4000000000e-01
     vertex 8.9727274759e-01 4.3349050752e-04 2.4000000000e-01
   endloop
 endfacet
 facet normal  1.0564062021e-01 9.9357361221e-01 -4.0639100395e-02
   outer loop
     vertex 8.7755849222e-01 4.8448939075e-04 1.9000000000e-01
     vertex 8.6921706372e-01 1.3713825900e-03 1.9000000000e-01
     vertex 8.8980936420e-01 1.2270265279e-03 2.4000000000e-01
   endloop
 endfacet
 facet normal  9.2477160088e-02 9.9509195125e-01 -3.5213398243e-02
   outer loop
     vertex 8.6921706372e-01 1.3713825900e-03 1.9000000000e-01
     vertex 8.7707848279e-01 2.4101491097e-03 2.4000000000e-01
     vertex 8.8980936420e-01 1.2270265279e-03 2.4000000000e-01
   endloop
 endfacet
 facet normal  9.2477160088e-02 9.9509195125e-01 -3.5213398243e-02
   outer loop
     vertex 8.6921706372e-01 1.3713825900e-03 1.9000000000e-01
     vertex 8.5498843156e-01 2.6936960638e-03 1.9000000000e-01
     vertex 8.7707848279e-01 2.4101491097e-03 2.4000000000e-01
   endloop
 endfacet
 facet normal  6.9633943859e-02 9.9725656361e-01 -2.5108966523e-02
   outer loop
     vertex 8.5498843156e-01 2.6936960638e-03 1.9000000000e-01
     vertex 8.5983756643e-01 3.6140048132e-03 2.4000000000e-01
     vertex 8.7707848279e-01 2.4101491097e-03 2.4000000000e-01
   endloop
 endfacet
 facet normal  6.9633943859e-02 9.9725656361e-01 -2.5108966523e-02
   outer loop
     vertex 8.5498843156e-01 2.6936960638e-03 1.9000000000e-01
     vertex 8.3571917209e-01 4.0391818500e-03 1.9000000000e-01
     vertex 8.5983756643e-01 3.6140048132e-03 2.4000000000e-01
   endloop
 endfacet
 facet normal  2.6771942834e-02 9.9963182420e-01 -4.4135155468e-03
   outer loop
     vertex 8.3571917209e-01 4.0391818500e-03 1.9000000000e-01
     vertex 8.1641189873e-01 4.5562654466e-03 1.9000000000e-01
     vertex 8.5983756643e-01 3.6140048132e-03 2.4000000000e-01
   endloop
 endfacet
 facet normal  2.6771942834e-02 9.9963182420e-01 -4.4135155468e-03
   outer loop
     vertex 8.5983756643e-01 3.6140048132e-03 2.4000000000e-01
     vertex 8.1641189873e-01 4.5562654466e-03 1.9000000000e-01
     vertex 8.4256263762e-01 4.0766585575e-03 2.4000000000e-01
   endloop
 endfacet
 facet normal  -4.8936327373e-02 9.9818253260e-01 3.5169126779e-02
   outer loop
     vertex 8.1641189873e-01 4.5562654466e-03 1.9000000000e-01
     vertex 8.0214461507e-01 3.8568057376e-03 1.9000000000e-01
     vertex 8.4256263762e-01 4.0766585575e-03 2.4000000000e-01
   endloop
 endfacet
 facet normal  -4.8936327373e-02 9.9818253260e-01 3.5169126779e-02
   outer loop
     vertex 8.4256263762e-01 4.0766585575e-03 2.4000000000e-01
     vertex 8.0214461507e-01 3.8568057376e-03 1.9000000000e-01
     vertex 8.2979717330e-01 3.4508261863e-03 2.4000000000e-01
   endloop
 endfacet
 facet normal  -1.7875731686e-01 9.7807915040e-01 1.0680354496e-01
   outer loop
     vertex 8.0214461507e-01 3.8568057376e-03 1.9000000000e-01
     vertex 7.9390479207e-01 2.3508656003e-03 1.9000000000e-01
     vertex 8.2979717330e-01 3.4508261863e-03 2.4000000000e-01
   endloop
 endfacet
 facet normal  -1.7875731686e-01 9.7807915040e-01 1.0680354496e-01
   outer loop
     vertex 8.2979717330e-01 3.4508261863e-03 2.4000000000e-01
     vertex 7.9390479207e-01 2.3508656003e-03 1.9000000000e-01
     vertex 8.2242470009e-01 2.1034060634e-03 2.4000000000e-01
   endloop
 endfacet
 facet normal  -5.4994017399e-01 7.7249880693e-01 3.1750810749e-01
   outer loop
     vertex 7.9390479207e-01 2.3508656003e-03 1.9000000000e-01
     vertex 7.9060254038e-01 9.1848509936e-18 1.9000000000e-01
     vertex 8.2242470009e-01 2.1034060634e-03 2.4000000000e-01
   endloop
 endfacet
 facet normal  -5.4994017399e-01 7.7249880693e-01 3.1750810749e-01
   outer loop
     vertex 8.2242470009e-01 2.1034060634e-03 2.4000000000e-01
     vertex 7.9060254038e-01 9.1848509936e-18 1.9000000000e-01
     vertex 8.1947005384e-01 1.2246467991e-17 2.4000000000e-01
   endloop
 endfacet
 facet normal  -5.4994017399e-01 -7.7249880693e-01 3.1750810749e-01
   outer loop
     vertex 7.9060254038e-01 9.1848509936e-18 1.9000000000e-01
     vertex 8.2242470009e-01 -2.1034060634e-03 2.4000000000e-01
     vertex 8.1947005384e-01 1.2246467991e-17 2.4000000000e-01
   endloop
 endfacet
 facet normal  -5.4994017399e-01 -7.7249880693e-01 3.1750810749e-01
   outer loop
     vertex 7.9060254038e-01 9.1848509936e-18 1.9000000000e-01
     vertex 7.9390479207e-01 -2.3508656003e-03 1.9000000000e-01
     vertex 8.2242470009e-01 -2.1034060634e-03 2.4000000000e-01
   endloop
 endfacet
 facet normal  -1.7875731686e-01 -9.7807915040e-01 1.0680354496e-01
   outer loop
     vertex 7.9390479207e-01 -2.3508656003e-03 1.9000000000e-01
     vertex 8.2979717330e-01 -3.4508261863e-03 2.4000000000e-01
     vertex 8.2242470009e-01 -2.1034060634e-03 2.4000000000e-01
   endloop
 endfacet
 facet normal  -1.7875731686e-01 -9.7807915040e-01 1.0680354496e-01
   outer loop
     vertex 7.9390479207e-01 -2.3508656003e-03 1.9000000000e-01
     vertex 8.0214461507e-01 -3.8568057376e-03 1.9000000000e-01
     vertex 8.2979717330e-01 -3.4508261863e-03 2.4000000000e-01
   endloop
 endfacet
 facet normal  -4.8936327373e-02 -9.9818253260e-01 3.5169126779e-02
   outer loop
     vertex 8.0214461507e-01 -3.8568057376e-03 1.9000000000e-01
     vertex 8.4256263762e-01 -4.0766585575e-03 2.4000000000e-01
     vertex 8.2979717330e-01 -3.4508261863e-03 2.4000000000e-01
   endloop
 endfacet
 facet normal  -4.8936327373e-02 -9.9818253260e-01 3.5169126779e-02
   outer loop
     vertex 8.0214461507e-01 -3.8568057376e-03 1.9000000000e-01
     vertex 8.1641189873e-01 -4.5562654466e-03 1.9000000000e-01
     vertex 8.4256263762e-01 -4.0766585575e-03 2.4000000000e-01
   endloop
 endfacet
 facet normal  2.6771942834e-02 -9.9963182420e-01 -4.4135155468e-03
   outer loop
     vertex 8.1641189873e-01 -4.5562654466e-03 1.9000000000e-01
     vertex 8.5983756643e-01 -3.6140048132e-03 2.4000000000e-01
     vertex 8.4256263762e-01 -4.0766585575e-03 2.4000000000e-01
   endloop
 endfacet
 facet normal  2.6771942834e-02 -9.9963182420e-01 -4.4135155468e-03
   outer loop
     vertex 8.1641189873e-01 -4.5562654466e-03 1.9000000000e-01
     vertex 8.3571917209e-01 -4.0391818500e-03 1.9000000000e-01
     vertex 8.5983756643e-01 -3.6140048132e-03 2.4000000000e-01
   endloop
 endfacet
 facet normal  6.9633943859e-02 -9.9725656361e-01 -2.5108966523e-02
   outer loop
     vertex 8.3571917209e-01 -4.0391818500e-03 1.9000000000e-01
     vertex 8.5498843156e-01 -2.6936960638e-03 1.9000000000e-01
     vertex 8.5983756643e-01 -3.6140048132e-03 2.4000000000e-01
   endloop
 endfacet
 facet normal  6.9633943859e-02 -9.9725656361e-01 -2.5108966523e-02
   outer loop
     vertex 8.5983756643e-01 -3.6140048132e-03 2.4000000000e-01
     vertex 8.5498843156e-01 -2.6936960638e-03 1.9000000000e-01
     vertex 8.7707848279e-01 -2.4101491097e-03 2.4000000000e-01
   endloop
 endfacet
 facet normal  9.2477160088e-02 -9.9509195125e-01 -3.5213398243e-02
   outer loop
     vertex 8.5498843156e-01 -2.6936960638e-03 1.9000000000e-01
     vertex 8.6921706372e-01 -1.3713825900e-03 1.9000000000e-01
     vertex 8.7707848279e-01 -2.4101491097e-03 2.4000000000e-01
   endloop
 endfacet
 facet normal  9.2477160088e-02 -9.9509195125e-01 -3.5213398243e-02
   outer loop
     vertex 8.7707848279e-01 -2.4101491097e-03 2.4000000000e-01
     vertex 8.6921706372e-01 -1.3713825900e-03 1.9000000000e-01
     vertex 8.8980936420e-01 -1.2270265279e-03 2.4000000000e-01
   endloop
 endfacet
 facet normal  1.0564062021e-01 -9.9357361221e-01 -4.0639100395e-02
   outer loop
     vertex 8.6921706372e-01 -1.3713825900e-03 1.9000000000e-01
     vertex 8.7755849222e-01 -4.8448939075e-04 1.9000000000e-01
     vertex 8.8980936420e-01 -1.2270265279e-03 2.4000000000e-01
   endloop
 endfacet
 facet normal  1.0564062021e-01 -9.9357361221e-01 -4.0639100395e-02
   outer loop
     vertex 8.8980936420e-01 -1.2270265279e-03 2.4000000000e-01
     vertex 8.7755849222e-01 -4.8448939075e-04 1.9000000000e-01
     vertex 8.9727274759e-01 -4.3349050752e-04 2.4000000000e-01
   endloop
 endfacet
 facet normal  1.1331254411e-01 -9.9259943252e-01 -4.3665019375e-02
   outer loop
     vertex 8.7755849222e-01 -4.8448939075e-04 1.9000000000e-01
     vertex 8.8180254038e-01 9.1848509936e-18 1.9000000000e-01
     vertex 8.9727274759e-01 -4.3349050752e-04 2.4000000000e-01
   endloop
 endfacet
 facet normal  1.1331254411e-01 -9.9259943252e-01 -4.3665019375e-02
   outer loop
     vertex 8.9727274759e-01 -4.3349050752e-04 2.4000000000e-01
     vertex 8.8180254038e-01 9.1848509936e-18 1.9000000000e-01
     vertex 9.0107005384e-01 1.2246467991e-17 2.4000000000e-01
   endloop
 endfacet
 facet normal  1.1331254411e-01 9.9259943252e-01 -4.3665019375e-02
   outer loop
     vertex 9.0107005384e-01 1.2246467991e-17 2.4000000000e-01
     vertex 9.1698700296e-01 3.8249162428e-04 2.9000000000e-01
     vertex 9.2033756730e-01 1.5308084989e-17 2.9000000000e-01
   endloop
 endfacet
 facet normal  1.1331254411e-01 9.9259943252e-01 -4.3665019375e-02
   outer loop
     vertex 9.0107005384e-01 1.2246467991e-17 2.4000000000e-01
     vertex 8.9727274759e-01 4.3349050752e-04 2.4000000000e-01
     vertex 9.1698700296e-01 3.8249162428e-04 2.9000000000e-01
   endloop
 endfacet
 facet normal  1.0564062021e-01 9.9357361221e-01 -4.0639100395e-02
   outer loop
     vertex 8.9727274759e-01 4.3349050752e-04 2.4000000000e-01
     vertex 9.1040166468e-01 1.0826704658e-03 2.9000000000e-01
     vertex 9.1698700296e-01 3.8249162428e-04 2.9000000000e-01
   endloop
 endfacet
 facet normal  1.0564062021e-01 9.9357361221e-01 -4.0639100395e-02
   outer loop
     vertex 8.9727274759e-01 4.3349050752e-04 2.4000000000e-01
     vertex 8.8980936420e-01 1.2270265279e-03 2.4000000000e-01
     vertex 9.1040166468e-01 1.0826704658e-03 2.9000000000e-01
   endloop
 endfacet
 facet normal  9.2477160088e-02 9.9509195125e-01 -3.5213398243e-02
   outer loop
     vertex 8.8980936420e-01 1.2270265279e-03 2.4000000000e-01
     vertex 8.9916853402e-01 2.1266021556e-03 2.9000000000e-01
     vertex 9.1040166468e-01 1.0826704658e-03 2.9000000000e-01
   endloop
 endfacet
 facet normal  9.2477160088e-02 9.9509195125e-01 -3.5213398243e-02
   outer loop
     vertex 8.8980936420e-01 1.2270265279e-03 2.4000000000e-01
     vertex 8.7707848279e-01 2.4101491097e-03 2.4000000000e-01
     vertex 8.9916853402e-01 2.1266021556e-03 2.9000000000e-01
   endloop
 endfacet
 facet normal  6.9633943859e-02 9.9725656361e-01 -2.5108966523e-02
   outer loop
     vertex 8.7707848279e-01 2.4101491097e-03 2.4000000000e-01
     vertex 8.8395596076e-01 3.1888277763e-03 2.9000000000e-01
     vertex 8.9916853402e-01 2.1266021556e-03 2.9000000000e-01
   endloop
 endfacet
 facet normal  6.9633943859e-02 9.9725656361e-01 -2.5108966523e-02
   outer loop
     vertex 8.7707848279e-01 2.4101491097e-03 2.4000000000e-01
     vertex 8.5983756643e-01 3.6140048132e-03 2.4000000000e-01
     vertex 8.8395596076e-01 3.1888277763e-03 2.9000000000e-01
   endloop
 endfacet
 facet normal  2.6771942834e-02 9.9963182420e-01 -4.4135155468e-03
   outer loop
     vertex 8.5983756643e-01 3.6140048132e-03 2.4000000000e-01
     vertex 8.4256263762e-01 4.0766585575e-03 2.4000000000e-01
     vertex 8.8395596076e-01 3.1888277763e-03 2.9000000000e-01
   endloop
 endfacet
 facet normal  2.6771942834e-02 9.9963182420e-01 -4.4135155468e-03
   outer loop
     vertex 8.8395596076e-01 3.1888277763e-03 2.9000000000e-01
     vertex 8.4256263762e-01 4.0766585575e-03 2.4000000000e-01
     vertex 8.6871337652e-01 3.5970516684e-03 2.9000000000e-01
   endloop
 endfacet
 facet normal  -4.8936327373e-02 9.9818253260e-01 3.5169126779e-02
   outer loop
     vertex 8.4256263762e-01 4.0766585575e-03 2.4000000000e-01
     vertex 8.2979717330e-01 3.4508261863e-03 2.4000000000e-01
     vertex 8.6871337652e-01 3.5970516684e-03 2.9000000000e-01
   endloop
 endfacet
 facet normal  -4.8936327373e-02 9.9818253260e-01 3.5169126779e-02
   outer loop
     vertex 8.6871337652e-01 3.5970516684e-03 2.9000000000e-01
     vertex 8.2979717330e-01 3.4508261863e-03 2.4000000000e-01
     vertex 8.5744973153e-01 3.0448466350e-03 2.9000000000e-01
   endloop
 endfacet
 facet normal  -1.7875731686e-01 9.7807915040e-01 1.0680354496e-01
   outer loop
     vertex 8.2979717330e-01 3.4508261863e-03 2.4000000000e-01
     vertex 8.2242470009e-01 2.1034060634e-03 2.4000000000e-01
     vertex 8.5744973153e-01 3.0448466350e-03 2.9000000000e-01
   endloop
 endfacet
 facet normal  -1.7875731686e-01 9.7807915040e-01 1.0680354496e-01
   outer loop
     vertex 8.5744973153e-01 3.0448466350e-03 2.9000000000e-01
     vertex 8.2242470009e-01 2.1034060634e-03 2.4000000000e-01
     vertex 8.5094460811e-01 1.8559465265e-03 2.9000000000e-01
   endloop
 endfacet
 facet normal  -5.4994017399e-01 7.7249880693e-01 3.1750810749e-01
   outer loop
     vertex 8.2242470009e-01 2.1034060634e-03 2.4000000000e-01
     vertex 8.1947005384e-01 1.2246467991e-17 2.4000000000e-01
     vertex 8.5094460811e-01 1.8559465265e-03 2.9000000000e-01
   endloop
 endfacet
 facet normal  -5.4994017399e-01 7.7249880693e-01 3.1750810749e-01
   outer loop
     vertex 8.5094460811e-01 1.8559465265e-03 2.9000000000e-01
     vertex 8.1947005384e-01 1.2246467991e-17 2.4000000000e-01
     vertex 8.4833756730e-01 1.5308084989e-17 2.9000000000e-01
   endloop
 endfacet
 facet normal  -5.4994017399e-01 -7.7249880693e-01 3.1750810749e-01
   outer loop
     vertex 8.1947005384e-01 1.2246467991e-17 2.4000000000e-01
     vertex 8.5094460811e-01 -1.8559465265e-03 2.9000000000e-01
     vertex 8.4833756730e-01 1.5308084989e-17 2.9000000000e-01
   endloop
 endfacet
 facet normal  -5.4994017399e-01 -7.7249880693e-01 3.1750810749e-01
   outer loop
     vertex 8.1947005384e-01 1.2246467991e-17 2.4000000000e-01
     vertex 8.2242470009e-01 -2.1034060634e-03 2.4000000000e-01
     vertex 8.5094460811e-01 -1.8559465265e-03 2.9000000000e-01
   endloop
 endfacet
 facet normal  -1.7875731686e-01 -9.7807915040e-01 1.0680354496e-01
   outer loop
     vertex 8.2242470009e-01 -2.1034060634e-03 2.4000000000e-01
     vertex 8.5744973153e-01 -3.0448466350e-03 2.9000000000e-01
     vertex 8.5094460811e-01 -1.8559465265e-03 2.9000000000e-01
   endloop
 endfacet
 facet normal  -1.7875731686e-01 -9.7807915040e-01 1.0680354496e-01
   outer loop
     vertex 8.2242470009e-01 -2.1034060634e-03 2.4000000000e-01
     vertex 8.2979717330e-01 -3.4508261863e-03 2.4000000000e-01
     vertex 8.5744973153e-01 -3.0448466350e-03 2.9000000000e-01
   endloop
 endfacet
 facet normal  -4.8936327373e-02 -9.9818253260e-01 3.5169126779e-02
   outer loop
     vertex 8.2979717330e-01 -3.4508261863e-03 2.4000000000e-01
     vertex 8.6871337652e-01 -3.5970516684e-03 2.9000000000e-01
     vertex 8.5744973153e-01 -3.0448466350e-03 2.9000000000e-01
   endloop
 endfacet
 facet normal  -4.8936327373e-02 -9.9818253260e-01 3.5169126779e-02
   outer loop
     vertex 8.2979717330e-01 -3.4508261863e-03 2.4000000000e-01
     vertex 8.4256263762e-01 -4.0766585575e-03 2.4000000000e-01
     vertex 8.6871337652e-01 -3.5970516684e-03 2.9000000000e-01
   endloop
 endfacet
 facet normal  2.6771942834e-02 -9.9963182420e-01 -4.4135155468e-03
   outer loop
     vertex 8.4256263762e-01 -4.0766585575e-03 2.4000000000e-01
     vertex 8.8395596076e-01 -3.1888277763e-03 2.9000000000e-01
     vertex 8.6871337652e-01 -3.5970516684e-03 2.9000000000e-01
   endloop
 endfacet
 facet normal  2.6771942834e-02 -9.9963182420e-01 -4.4135155468e-03
   outer loop
     vertex 8.4256263762e-01 -4.0766585575e-03 2.4000000000e-01
     vertex 8.5983756643e-01 -3.6140048132e-03 2.4000000000e-01
     vertex 8.8395596076e-01 -3.1888277763e-03 2.9000000000e-01
   endloop
 endfacet
 facet normal  6.9633943859e-02 -9.9725656361e-01 -2.5108966523e-02
   outer loop
     vertex 8.5983756643e-01 -3.6140048132e-03 2.4000000000e-01
     vertex 8.7707848279e-01 -2.4101491097e-03 2.4000000000e-01
     vertex 8.8395596076e-01 -3.1888277763e-03 2.9000000000e-01
   endloop
 endfacet
 facet normal  6.9633943859e-02 -9.9725656361e-01 -2.5108966523e-02
   outer loop
     vertex 8.8395596076e-01 -3.1888277763e-03 2.9000000000e-01
     vertex 8.7707848279e-01 -2.4101491097e-03 2.4000000000e-01
     vertex 8.9916853402e-01 -2.1266021556e-03 2.9000000000e-01
   endloop
 endfacet
 facet normal  9.2477160088e-02 -9.9509195125e-01 -3.5213398243e-02
   outer loop
     vertex 8.7707848279e-01 -2.4101491097e-03 2.4000000000e-01
     vertex 8.8980936420e-01 -1.2270265279e-03 2.4000000000e-01
     vertex 8.9916853402e-01 -2.1266021556e-03 2.9000000000e-01
   endloop
 endfacet
 facet normal  9.2477160088e-02 -9.9509195125e-01 -3.5213398243e-02
   outer loop
     vertex 8.9916853402e-01 -2.1266021556e-03 2.9000000000e-01
     vertex 8.8980936420e-01 -1.2270265279e-03 2.4000000000e-01
     vertex 9.1040166468e-01 -1.0826704658e-03 2.9000000000e-01
   endloop
 endfacet
 facet normal  1.0564062021e-01 -9.9357361221e-01 -4.0639100395e-02
   outer loop
     vertex 8.8980936420e-01 -1.2270265279e-03 2.4000000000e-01
     vertex 8.9727274759e-01 -4.3349050752e-04 2.4000000000e-01
     vertex 9.1040166468e-01 -1.0826704658e-03 2.9000000000e-01
   endloop
 endfacet
 facet normal  1.0564062021e-01 -9.9357361221e-01 -4.0639100395e-02
   outer loop
     vertex 9.1040166468e-01 -1.0826704658e-03 2.9000000000e-01
     vertex 8.9727274759e-01 -4.3349050752e-04 2.4000000000e-01
     vertex 9.1698700296e-01 -3.8249162428e-04 2.9000000000e-01
   endloop
 endfacet
 facet normal  1.1331254411e-01 -9.9259943252e-01 -4.3665019375e-02
   outer loop
     vertex 8.9727274759e-01 -4.3349050752e-04 2.4000000000e-01
     vertex 9.0107005384e-01 1.2246467991e-17 2.4000000000e-01
     vertex 9.1698700296e-01 -3.8249162428e-04 2.9000000000e-01
   endloop
 endfacet
 facet normal  1.1331254411e-01 -9.9259943252e-01 -4.3665019375e-02
   outer loop
     vertex 9.1698700296e-01 -3.8249162428e-04 2.9000000000e-01
     vertex 9.0107005384e-01 1.2246467991e-17 2.4000000000e-01
     vertex 9.2033756730e-01 1.5308084989e-17 2.9000000000e-01
   endloop
 endfacet
 facet normal  0.0000000000e+00 0.0000000000e+00 1.0000000000e+00
   outer loop
     vertex 9.2033756730e-01 1.5308084989e-17 2.9000000000e-01
     vertex 9.1698700296e-01 3.8249162428e-04 2.9000000000e-01
     vertex 9.1698700296e-01 1.9124581214e-04 2.9000000000e-01
   endloop
 endfacet
 facet normal  0.0000000000e+00 0.0000000000e+00 1.0000000000e+00
   outer loop
     vertex 9.1698700296e-01 3.8249162428e-04 2.9000000000e-01
     vertex 9.1040166468e-01 5.4133523290e-04 2.9000000000e-01
     vertex 9.1698700296e-01 1.9124581214e-04 2.9000000000e-01
   endloop
 endfacet
 facet normal  0.0000000000e+00 0.0000000000e+00 1.0000000000e+00
   outer loop
     vertex 9.1698700296e-01 3.8249162428e-04 2.9000000000e-01
     vertex 9.1040166468e-01 1.0826704658e-03 2.9000000000e-01
     vertex 9.1040166468e-01 5.4133523290e-04 2.9000000000e-01
   endloop
 endfacet
 facet normal  -0.0000000000e+00 0.0000000000e+00 1.0000000000e+00
   outer loop
     vertex 9.1040166468e-01 1.0826704658e-03 2.9000000000e-01
     vertex 8.9916853402e-01 1.0633010778e-03 2.9000000000e-01
     vertex 9.1040166468e-01 5.4133523290e-04 2.9000000000e-01
   endloop
 endfacet
 facet normal  0.0000000000e+00 0.0000000000e+00 1.0000000000e+00
   outer loop
     vertex 9.1040166468e-01 1.0826704658e-03 2.9000000000e-01
     vertex 8.9916853402e-01 2.1266021556e-03 2.9000000000e-01
     vertex 8.9916853402e-01 1.0633010778e-03 2.9000000000e-01
   endloop
 endfacet
 facet normal  -0.0000000000e+00 0.0000000000e+00 1.0000000000e+00
   outer loop
     vertex 8.9916853402e-01 2.1266021556e-03 2.9000000000e-01
     vertex 8.8395596076e-01 1.5944138882e-03 2.9000000000e-01
     vertex 8.9916853402e-01 1.0633010778e-03 2.9000000000e-01
   endloop
 endfacet
 facet normal  0.0000000000e+00 0.0000000000e+00 1.0000000000e+00
   outer loop
     vertex 8.9916853402e-01 2.1266021556e-03 2.9000000000e-01
     vertex 8.8395596076e-01 3.1888277763e-03 2.9000000000e-01
     vertex 8.8395596076e-01 1.5944138882e-03 2.9000000000e-01
   endloop
 endfacet
 facet normal  0.0000000000e+00 0.0000000000e+00 1.0000000000e+00
   outer loop
     vertex 8.8395596076e-01 3.1888277763e-03 2.9000000000e-01
     vertex 8.6871337652e-01 3.5970516684e-03 2.9000000000e-01
     vertex 8.8395596076e-01 1.5944138882e-03 2.9000000000e-01
   endloop
 endfacet
 facet normal  0.0000000000e+00 0.0000000000e+00 1.0000000000e+00
   outer loop
     vertex 8.8395596076e-01 1.5944138882e-03 2.9000000000e-01
     vertex 8.6871337652e-01 3.5970516684e-03 2.9000000000e-01
     vertex 8.6871337652e-01 1.7985258342e-03 2.9000000000e-01
   endloop
 endfacet
 facet normal  -0.0000000000e+00 0.0000000000e+00 1.0000000000e+00
   outer loop
     vertex 8.6871337652e-01 3.5970516684e-03 2.9000000000e-01
     vertex 8.5744973153e-01 3.0448466350e-03 2.9000000000e-01
     vertex 8.6871337652e-01 1.7985258342e-03 2.9000000000e-01
   endloop
 endfacet
 facet normal  0.0000000000e+00 0.0000000000e+00 1.0000000000e+00
   outer loop
     vertex 8.6871337652e-01 1.7985258342e-03 2.9000000000e-01
     vertex 8.5744973153e-01 3.0448466350e-03 2.9000000000e-01
     vertex 8.5744973153e-01 1.5224233175e-03 2.9000000000e-01
   endloop
 endfacet
 facet normal  -0.0000000000e+00 0.0000000000e+00 1.0000000000e+00
   outer loop
     vertex 8.5744973153e-01 3.0448466350e-03 2.9000000000e-01
     vertex 8.5094460811e-01 1.8559465265e-03 2.9000000000e-01
     vertex 8.5744973153e-01 1.5224233175e-03 2.9000000000e-01
   endloop
 endfacet
 facet normal  0.0000000000e+00 0.0000000000e+00 1.0000000000e+00
   outer loop
     vertex 8.5744973153e-01 1.5224233175e-03 2.9000000000e-01
     vertex 8.5094460811e-01 1.8559465265e-03 2.9000000000e-01
     vertex 8.5094460811e-01 9.2797326326e-04 2.9000000000e-01
   endloop
 endfacet
 facet normal  0.0000000000e+00 0.0000000000e+00 1.0000000000e+00
   outer loop
     vertex 8.5094460811e-01 1.8559465265e-03 2.9000000000e-01
     vertex 8.4833756730e-01 1.5308084989e-17 2.9000000000e-01
     vertex 8.5094460811e-01 9.2797326326e-04 2.9000000000e-01
   endloop
 endfacet
 facet normal  0.0000000000e+00 -0.0000000000e+00 1.0000000000e+00
   outer loop
     vertex 8.4833756730e-01 1.5308084989e-17 2.9000000000e-01
     vertex 8.5094460811e-01 -1.8559465265e-03 2.9000000000e-01
     vertex 8.5094460811e-01 -9.2797326326e-04 2.9000000000e-01
   endloop
 endfacet
 facet normal  0.0000000000e+00 0.0000000000e+00 1.0000000000e+00
   outer loop
     vertex 8.5094460811e-01 -1.8559465265e-03 2.9000000000e-01
     vertex 8.5744973153e-01 -1.5224233175e-03 2.9000000000e-01
     vertex 8.5094460811e-01 -9.2797326326e-04 2.9000000000e-01
   endloop
 endfacet
 facet normal  0.0000000000e+00 -0.0000000000e+00 1.0000000000e+00
   outer loop
     vertex 8.5094460811e-01 -1.8559465265e-03 2.9000000000e-01
     vertex 8.5744973153e-01 -3.0448466350e-03 2.9000000000e-01
     vertex 8.5744973153e-01 -1.5224233175e-03 2.9000000000e-01
   endloop
 endfacet
 facet normal  4.9283470198e-15 0.0000000000e+00 1.0000000000e+00
   outer loop
     vertex 8.5744973153e-01 -3.0448466350e-03 2.9000000000e-01
     vertex 8.6871337652e-01 -1.7985258342e-03 2.9000000000e-01
     vertex 8.5744973153e-01 -1.5224233175e-03 2.9000000000e-01
   endloop
 endfacet
 facet normal  4.9283470198e-15 -0.0000000000e+00 1.0000000000e+00
   outer loop
     vertex 8.5744973153e-01 -3.0448466350e-03 2.9000000000e-01
     vertex 8.6871337652e-01 -3.5970516684e-03 2.9000000000e-01
     vertex 8.6871337652e-01 -1.7985258342e-03 2.9000000000e-01
   endloop
 endfacet
 facet normal  -3.6418464456e-15 0.0000000000e+00 1.0000000000e+00
   outer loop
     vertex 8.6871337652e-01 -3.5970516684e-03 2.9000000000e-01
     vertex 8.8395596076e-01 -1.5944138882e-03 2.9000000000e-01
     vertex 8.6871337652e-01 -1.7985258342e-03 2.9000000000e-01
   endloop
 endfacet
 facet normal  -3.6418464456e-15 0.0000000000e+00 1.0000000000e+00
   outer loop
     vertex 8.6871337652e-01 -3.5970516684e-03 2.9000000000e-01
     vertex 8.8395596076e-01 -3.1888277763e-03 2.9000000000e-01
     vertex 8.8395596076e-01 -1.5944138882e-03 2.9000000000e-01
   endloop
 endfacet
 facet normal  0.0000000000e+00 0.0000000000e+00 1.0000000000e+00
   outer loop
     vertex 8.8395596076e-01 -3.1888277763e-03 2.9000000000e-01
     vertex 8.9916853402e-01 -2.1266021556e-03 2.9000000000e-01
     vertex 8.8395596076e-01 -1.5944138882e-03 2.9000000000e-01
   endloop
 endfacet
 facet normal  0.0000000000e+00 -0.0000000000e+00 1.0000000000e+00
   outer loop
     vertex 8.8395596076e-01 -1.5944138882e-03 2.9000000000e-01
     vertex 8.9916853402e-01 -2.1266021556e-03 2.9000000000e-01
     vertex 8.9916853402e-01 -1.0633010778e-03 2.9000000000e-01
   endloop
 endfacet
 facet normal  0.0000000000e+00 0.0000000000e+00 1.0000000000e+00
   outer loop
     vertex 8.9916853402e-01 -2.1266021556e-03 2.9000000000e-01
     vertex 9.1040166468e-01 -1.0826704658e-03 2.9000000000e-01
     vertex 8.9916853402e-01 -1.0633010778e-03 2.9000000000e-01
   endloop
 endfacet
 facet normal  0.0000000000e+00 -0.0000000000e+00 1.0000000000e+00
   outer loop
     vertex 8.9916853402e-01 -1.0633010778e-03 2.9000000000e-01
     vertex 9.1040166468e-01 -1.0826704658e-03 2.9000000000e-01
     vertex 9.1040166468e-01 -5.4133523290e-04 2.9000000000e-01
   endloop
 endfacet
 facet normal  0.0000000000e+00 0.0000000000e+00 1.0000000000e+00
   outer loop
     vertex 9.1040166468e-01 -1.0826704658e-03 2.9000000000e-01
     vertex 9.1698700296e-01 -3.8249162428e-04 2.9000000000e-01
     vertex 9.1040166468e-01 -5.4133523290e-04 2.9000000000e-01
   endloop
 endfacet
 facet normal  0.0000000000e+00 -0.0000000000e+00 1.0000000000e+00
   outer loop
     vertex 9.1040166468e-01 -5.4133523290e-04 2.9000000000e-01
     vertex 9.1698700296e-01 -3.8249162428e-04 2.9000000000e-01
     vertex 9.1698700296e-01 -1.9124581214e-04 2.9000000000e-01
   endloop
 endfacet
 facet normal  0.0000000000e+00 0.0000000000e+00 1.0000000000e+00
   outer loop
     vertex 9.1698700296e-01 -3.8249162428e-04 2.9000000000e-01
     vertex 9.2033756730e-01 1.5308084989e-17 2.9000000000e-01
     vertex 9.1698700296e-01 -1.9124581214e-04 2.9000000000e-01
   endloop
 endfacet
 facet normal  0.0000000000e+00 0.0000000000e+00 1.0000000000e+00
   outer loop
     vertex 9.2033756730e-01 1.5308084989e-17 2.9000000000e-01
     vertex 9.1698700296e-01 1.9124581214e-04 2.9000000000e-01
     vertex 9.1698700296e-01 -2.6131128357e-18 2.9000000000e-01
   endloop
 endfacet
 facet normal  -0.0000000000e+00 0.0000000000e+00 1.0000000000e+00
   outer loop
     vertex 9.1698700296e-01 1.9124581214e-04 2.9000000000e-01
     vertex 9.1040166468e-01 1.3537334668e-17 2.9000000000e-01
     vertex 9.1698700296e-01 -2.6131128357e-18 2.9000000000e-01
   endloop
 endfacet
 facet normal  0.0000000000e+00 0.0000000000e+00 1.0000000000e+00
   outer loop
     vertex 9.1698700296e-01 1.9124581214e-04 2.9000000000e-01
     vertex 9.1040166468e-01 5.4133523290e-04 2.9000000000e-01
     vertex 9.1040166468e-01 1.3537334668e-17 2.9000000000e-01
   endloop
 endfacet
 facet normal  -0.0000000000e+00 0.0000000000e+00 1.0000000000e+00
   outer loop
     vertex 9.1040166468e-01 5.4133523290e-04 2.9000000000e-01
     vertex 8.9916853402e-01 1.3654670378e-17 2.9000000000e-01
     vertex 9.1040166468e-01 1.3537334668e-17 2.9000000000e-01
   endloop
 endfacet
 facet normal  0.0000000000e+00 0.0000000000e+00 1.0000000000e+00
   outer loop
     vertex 9.1040166468e-01 5.4133523290e-04 2.9000000000e-01
     vertex 8.9916853402e-01 1.0633010778e-03 2.9000000000e-01
     vertex 8.9916853402e-01 1.3654670378e-17 2.9000000000e-01
   endloop
 endfacet
 facet normal  -0.0000000000e+00 0.0000000000e+00 1.0000000000e+00
   outer loop
     vertex 8.9916853402e-01 1.0633010778e-03 2.9000000000e-01
     vertex 8.8395596076e-01 1.4874404120e-17 2.9000000000e-01
     vertex 8.9916853402e-01 1.3654670378e-17 2.9000000000e-01
   endloop
 endfacet
 facet normal  0.0000000000e+00 0.0000000000e+00 1.0000000000e+00
   outer loop
     vertex 8.9916853402e-01 1.0633010778e-03 2.9000000000e-01
     vertex 8.8395596076e-01 1.5944138882e-03 2.9000000000e-01
     vertex 8.8395596076e-01 1.4874404120e-17 2.9000000000e-01
   endloop
 endfacet
 facet normal  0.0000000000e+00 0.0000000000e+00 1.0000000000e+00
   outer loop
     vertex 8.8395596076e-01 1.5944138882e-03 2.9000000000e-01
     vertex 8.6871337652e-01 1.7985258342e-03 2.9000000000e-01
     vertex 8.8395596076e-01 1.4874404120e-17 2.9000000000e-01
   endloop
 endfacet
 facet normal  0.0000000000e+00 0.0000000000e+00 1.0000000000e+00
   outer loop
     vertex 8.8395596076e-01 1.4874404120e-17 2.9000000000e-01
     vertex 8.6871337652e-01 1.7985258342e-03 2.9000000000e-01
     vertex 8.6871337652e-01 1.4874404120e-17 2.9000000000e-01
   endloop
 endfacet
 facet normal  -0.0000000000e+00 0.0000000000e+00 1.0000000000e+00
   outer loop
     vertex 8.6871337652e-01 1.7985258342e-03 2.9000000000e-01
     vertex 8.5744973153e-01 1.5224233175e-03 2.9000000000e-01
     vertex 8.6871337652e-01 1.4874404120e-17 2.9000000000e-01
   endloop
 endfacet
 facet normal  0.0000000000e+00 0.0000000000e+00 1.0000000000e+00
   outer loop
     vertex 8.6871337652e-01 1.4874404120e-17 2.9000000000e-01
     vertex 8.5744973153e-01 1.5224233175e-03 2.9000000000e-01
     vertex 8.5744973153e-01 1.5697664592e-17 2.9000000000e-01
   endloop
 endfacet
 facet normal  -0.0000000000e+00 0.0000000000e+00 1.0000000000e+00
   outer loop
     vertex 8.5744973153e-01 1.5224233175e-03 2.9000000000e-01
     vertex 8.5094460811e-01 9.2797326326e-04 2.9000000000e-01
     vertex 8.5744973153e-01 1.5697664592e-17 2.9000000000e-01
   endloop
 endfacet
 facet normal  0.0000000000e+00 0.0000000000e+00 1.0000000000e+00
   outer loop
     vertex 8.5744973153e-01 1.5697664592e-17 2.9000000000e-01
     vertex 8.5094460811e-01 9.2797326326e-04 2.9000000000e-01
     vertex 8.5094460811e-01 1.6582619015e-17 2.9000000000e-01
   endloop
 endfacet
 facet normal  0.0000000000e+00 0.0000000000e+00 1.0000000000e+00
   outer loop
     vertex 8.5094460811e-01 9.2797326326e-04 2.9000000000e-01
     vertex 8.4833756730e-01 1.5308084989e-17 2.9000000000e-01
     vertex 8.5094460811e-01 1.6582619015e-17 2.9000000000e-01
   endloop
 endfacet
 facet normal  0.0000000000e+00 -0.0000000000e+00 1.0000000000e+00
   outer loop
     vertex 8.4833756730e-01 1.5308084989e-17 2.9000000000e-01
     vertex 8.5094460811e-01 -9.2797326326e-04 2.9000000000e-01
     vertex 8.5094460811e-01 1.6582619015e-17 2.9000000000e-01
   endloop
 endfacet
 facet normal  0.0000000000e+00 0.0000000000e+00 1.0000000000e+00
   outer loop
     vertex 8.5094460811e-01 -9.2797326326e-04 2.9000000000e-01
     vertex 8.5744973153e-01 1.5697664592e-17 2.9000000000e-01
     vertex 8.5094460811e-01 1.6582619015e-17 2.9000000000e-01
   endloop
 endfacet
 facet normal  0.0000000000e+00 -0.0000000000e+00 1.0000000000e+00
   outer loop
     vertex 8.5094460811e-01 -9.2797326326e-04 2.9000000000e-01
     vertex 8.5744973153e-01 -1.5224233175e-03 2.9000000000e-01
     vertex 8.5744973153e-01 1.5697664592e-17 2.9000000000e-01
   endloop
 endfacet
 facet normal  4.9283470198e-15 0.0000000000e+00 1.0000000000e+00
   outer loop
     vertex 8.5744973153e-01 -1.5224233175e-03 2.9000000000e-01
     vertex 8.6871337652e-01 1.4874404120e-17 2.9000000000e-01
     vertex 8.5744973153e-01 1.5697664592e-17 2.9000000000e-01
   endloop
 endfacet
 facet normal  4.9283470198e-15 -0.0000000000e+00 1.0000000000e+00
   outer loop
     vertex 8.5744973153e-01 -1.5224233175e-03 2.9000000000e-01
     vertex 8.6871337652e-01 -1.7985258342e-03 2.9000000000e-01
     vertex 8.6871337652e-01 1.4874404120e-17 2.9000000000e-01
   endloop
 endfacet
 facet normal  -3.6418464456e-15 0.0000000000e+00 1.0000000000e+00
   outer loop
     vertex 8.6871337652e-01 -1.7985258342e-03 2.9000000000e-01
     vertex 8.8395596076e-01 1.4874404120e-17 2.9000000000e-01
     vertex 8.6871337652e-01 1.4874404120e-17 2.9000000000e-01
   endloop
 endfacet
 facet normal  -3.6418464456e-15 0.0000000000e+00 1.0000000000e+00
   outer loop
     vertex 8.6871337652e-01 -1.7985258342e-03 2.9000000000e-01
     vertex 8.8395596076e-01 -1.5944138882e-03 2.9000000000e-01
     vertex 8.8395596076e-01 1.4874404120e-17 2.9000000000e-01
   endloop
 endfacet
 facet normal  0.0000000000e+00 0.0000000000e+00 1.0000000000e+00
   outer loop
     vertex 8.8395596076e-01 -1.5944138882e-03 2.9000000000e-01
     vertex 8.9916853402e-01 -1.0633010778e-03 2.9000000000e-01
     vertex 8.8395596076e-01 1.4874404120e-17 2.9000000000e-01
   endloop
 endfacet
 facet normal  0.0000000000e+00 -0.0000000000e+00 1.0000000000e+00
   outer loop
     vertex 8.8395596076e-01 1.4874404120e-17 2.9000000000e-01
     vertex 8.9916853402e-01 -1.0633010778e-03 2.9000000000e-01
     vertex 8.9916853402e-01 1.3654670378e-17 2.9000000000e-01
   endloop
 endfacet
 facet normal  0.0000000000e+00 0.0000000000e+00 1.0000000000e+00
   outer loop
     vertex 8.9916853402e-01 -1.0633010778e-03 2.9000000000e-01
     vertex 9.1040166468e-01 -5.4133523290e-04 2.9000000000e-01
     vertex 8.9916853402e-01 1.3654670378e-17 2.9000000000e-01
   endloop
 endfacet
 facet normal  0.0000000000e+00 -0.0000000000e+00 1.0000000000e+00
   outer loop
     vertex 8.9916853402e-01 1.3654670378e-17 2.9000000000e-01
     vertex 9.1040166468e-01 -5.4133523290e-04 2.9000000000e-01
     vertex 9.1040166468e-01 1.3537334668e-17 2.9000000000e-01
   endloop
 endfacet
 facet normal  0.0000000000e+00 0.0000000000e+00 1.0000000000e+00
   outer loop
     vertex 9.1040166468e-01 -5.4133523290e-04 2.9000000000e-01
     vertex 9.1698700296e-01 -1.9124581214e-04 2.9000000000e-01
     vertex 9.1040166468e-01 1.3537334668e-17 2.9000000000e-01
   endloop
 endfacet
 facet normal  0.0000000000e+00 -0.0000000000e+00 1.0000000000e+00
   outer loop
     vertex 9.1040166468e-01 1.3537334668e-17 2.9000000000e-01
     vertex 9.1698700296e-01 -1.9124581214e-04 2.9000000000e-01
     vertex 9.1698700296e-01 -2.6131128357e-18 2.9000000000e-01
   endloop
 endfacet
 facet normal  0.0000000000e+00 0.0000000000e+00 1.0000000000e+00
   outer loop
     vertex 9.1698700296e-01 -1.9124581214e-04 2.9000000000e-01
     vertex 9.2033756730e-01 1.5308084989e-17 2.9000000000e-01
     vertex 9.1698700296e-01 -2.6131128357e-18 2.9000000000e-01
   endloop
 endfacet
 facet normal  0.0000000000e+00 0.0000000000e+00 -1.0000000000e+00
   outer loop
     vertex 8.2400000000e-01 0.0000000000e+00 4.0000000000e-02
     vertex 8.1841572611e-01 -3.1874302023e-04 4.0000000000e-02
     vertex 8.1841572611e-01 2.9802360327e-17 4.0000000000e-02
   endloop
 endfacet
 facet normal  0.0000000000e+00 0.0000000000e+00 -1.0000000000e+00
   outer loop
     vertex 8.1841572611e-01 2.9802360327e-17 4.0000000000e-02
     vertex 8.1841572611e-01 -3.1874302023e-04 4.0000000000e-02
     vertex 8.0744016230e-01 2.9572527964e-18 4.0000000000e-02
   endloop
 endfacet
 facet normal  0.0000000000e+00 0.0000000000e+00 -1.0000000000e+00
   outer loop
     vertex 8.1841572611e-01 -3.1874302023e-04 4.0000000000e-02
     vertex 8.0744016230e-01 -9.0222538816e-04 4.0000000000e-02
     vertex 8.0744016230e-01 2.9572527964e-18 4.0000000000e-02
   endloop
 endfacet
 facet normal  0.0000000000e+00 0.0000000000e+00 -1.0000000000e+00
   outer loop
     vertex 8.0744016230e-01 2.9572527964e-18 4.0000000000e-02
     vertex 8.0744016230e-01 -9.0222538816e-04 4.0000000000e-02
     vertex 7.8871827787e-01 2.4891151366e-18 4.0000000000e-02
   endloop
 endfacet
 facet normal  0.0000000000e+00 0.0000000000e+00 -1.0000000000e+00
   outer loop
     vertex 8.0744016230e-01 -9.0222538816e-04 4.0000000000e-02
     vertex 7.8871827787e-01 -1.7721684630e-03 4.0000000000e-02
     vertex 7.8871827787e-01 2.4891151366e-18 4.0000000000e-02
   endloop
 endfacet
 facet normal  0.0000000000e+00 0.0000000000e+00 -1.0000000000e+00
   outer loop
     vertex 7.8871827787e-01 2.4891151366e-18 4.0000000000e-02
     vertex 7.8871827787e-01 -1.7721684630e-03 4.0000000000e-02
     vertex 7.6336398910e-01 8.6736173799e-19 4.0000000000e-02
   endloop
 endfacet
 facet normal  0.0000000000e+00 0.0000000000e+00 -1.0000000000e+00
   outer loop
     vertex 7.8871827787e-01 -1.7721684630e-03 4.0000000000e-02
     vertex 7.6336398910e-01 -2.6573564803e-03 4.0000000000e-02
     vertex 7.6336398910e-01 8.6736173799e-19 4.0000000000e-02
   endloop
 endfacet
 facet normal  -0.0000000000e+00 0.0000000000e+00 -1.0000000000e+00
   outer loop
     vertex 7.6336398910e-01 8.6736173799e-19 4.0000000000e-02
     vertex 7.6336398910e-01 -2.6573564803e-03 4.0000000000e-02
     vertex 7.3795968204e-01 -2.9975430570e-03 4.0000000000e-02
   endloop
 endfacet
 facet normal  0.0000000000e+00 0.0000000000e+00 -1.0000000000e+00
   outer loop
     vertex 7.6336398910e-01 8.6736173799e-19 4.0000000000e-02
     vertex 7.3795968204e-01 -2.9975430570e-03 4.0000000000e-02
     vertex 7.3795968204e-01 1.4192109753e-20 4.0000000000e-02
   endloop
 endfacet
 facet normal  0.0000000000e+00 0.0000000000e+00 -1.0000000000e+00
   outer loop
     vertex 7.3795968204e-01 1.4192109753e-20 4.0000000000e-02
     vertex 7.3795968204e-01 -2.9975430570e-03 4.0000000000e-02
     vertex 7.1918694038e-01 -2.5373721958e-03 4.0000000000e-02
   endloop
 endfacet
 facet normal  0.0000000000e+00 0.0000000000e+00 -1.0000000000e+00
   outer loop
     vertex 7.3795968204e-01 1.4192109753e-20 4.0000000000e-02
     vertex 7.1918694038e-01 -2.5373721958e-03 4.0000000000e-02
     vertex 7.1918694038e-01 -1.0502961826e-18 4.0000000000e-02
   endloop
 endfacet
 facet normal  0.0000000000e+00 0.0000000000e+00 -1.0000000000e+00
   outer loop
     vertex 7.1918694038e-01 -1.0502961826e-18 4.0000000000e-02
     vertex 7.1918694038e-01 -2.5373721958e-03 4.0000000000e-02
     vertex 7.0834506802e-01 -1.5466221054e-03 4.0000000000e-02
   endloop
 endfacet
 facet normal  0.0000000000e+00 0.0000000000e+00 -1.0000000000e+00
   outer loop
     vertex 7.1918694038e-01 -1.0502961826e-18 4.0000000000e-02
     vertex 7.0834506802e-01 -1.5466221054e-03 4.0000000000e-02
     vertex 7.0834506802e-01 -1.7606938696e-18 4.0000000000e-02
   endloop
 endfacet
 facet normal  0.0000000000e+00 0.0000000000e+00 -1.0000000000e+00
   outer loop
     vertex 7.0834506802e-01 -1.7606938696e-18 4.0000000000e-02
     vertex 7.0834506802e-01 -1.5466221054e-03 4.0000000000e-02
     vertex 7.0400000000e-01 0.0000000000e+00 4.0000000000e-02
   endloop
 endfacet
 facet normal  0.0000000000e+00 -0.0000000000e+00 -1.0000000000e+00
   outer loop
     vertex 7.0400000000e-01 0.0000000000e+00 4.0000000000e-02
     vertex 7.0834506802e-01 1.5466221054e-03 4.0000000000e-02
     vertex 7.0834506802e-01 -1.7606938696e-18 4.0000000000e-02
   endloop
 endfacet
 facet normal  0.0000000000e+00 0.0000000000e+00 -1.0000000000e+00
   outer loop
     vertex 7.0834506802e-01 -1.7606938696e-18 4.0000000000e-02
     vertex 7.0834506802e-01 1.5466221054e-03 4.0000000000e-02
     vertex 7.1918694038e-01 -1.0502961826e-18 4.0000000000e-02
   endloop
 endfacet
 facet normal  0.0000000000e+00 -0.0000000000e+00 -1.0000000000e+00
   outer loop
     vertex 7.0834506802e-01 1.5466221054e-03 4.0000000000e-02
     vertex 7.1918694038e-01 2.5373721958e-03 4.0000000000e-02
     vertex 7.1918694038e-01 -1.0502961826e-18 4.0000000000e-02
   endloop
 endfacet
 facet normal  -3.6962602649e-16 -0.0000000000e+00 -1.0000000000e+00
   outer loop
     vertex 7.1918694038e-01 -1.0502961826e-18 4.0000000000e-02
     vertex 7.1918694038e-01 2.5373721958e-03 4.0000000000e-02
     vertex 7.3795968204e-01 1.4192109753e-20 4.0000000000e-02
   endloop
 endfacet
 facet normal  -3.6962602649e-16 -0.0000000000e+00 -1.0000000000e+00
   outer loop
     vertex 7.1918694038e-01 2.5373721958e-03 4.0000000000e-02
     vertex 7.3795968204e-01 2.9975430570e-03 4.0000000000e-02
     vertex 7.3795968204e-01 1.4192109753e-20 4.0000000000e-02
   endloop
 endfacet
 facet normal  2.7313848342e-16 0.0000000000e+00 -1.0000000000e+00
   outer loop
     vertex 7.3795968204e-01 1.4192109753e-20 4.0000000000e-02
     vertex 7.3795968204e-01 2.9975430570e-03 4.0000000000e-02
     vertex 7.6336398910e-01 8.6736173799e-19 4.0000000000e-02
   endloop
 endfacet
 facet normal  2.7313848342e-16 0.0000000000e+00 -1.0000000000e+00
   outer loop
     vertex 7.3795968204e-01 2.9975430570e-03 4.0000000000e-02
     vertex 7.6336398910e-01 2.6573564803e-03 4.0000000000e-02
     vertex 7.6336398910e-01 8.6736173799e-19 4.0000000000e-02
   endloop
 endfacet
 facet normal  0.0000000000e+00 0.0000000000e+00 -1.0000000000e+00
   outer loop
     vertex 7.6336398910e-01 8.6736173799e-19 4.0000000000e-02
     vertex 7.6336398910e-01 2.6573564803e-03 4.0000000000e-02
     vertex 7.8871827787e-01 1.7721684630e-03 4.0000000000e-02
   endloop
 endfacet
 facet normal  0.0000000000e+00 -0.0000000000e+00 -1.0000000000e+00
   outer loop
     vertex 7.6336398910e-01 8.6736173799e-19 4.0000000000e-02
     vertex 7.8871827787e-01 1.7721684630e-03 4.0000000000e-02
     vertex 7.8871827787e-01 2.4891151366e-18 4.0000000000e-02
   endloop
 endfacet
 facet normal  0.0000000000e+00 0.0000000000e+00 -1.0000000000e+00
   outer loop
     vertex 7.8871827787e-01 2.4891151366e-18 4.0000000000e-02
     vertex 7.8871827787e-01 1.7721684630e-03 4.0000000000e-02
     vertex 8.0744016230e-01 9.0222538816e-04 4.0000000000e-02
   endloop
 endfacet
 facet normal  0.0000000000e+00 -0.0000000000e+00 -1.0000000000e+00
   outer loop
     vertex 7.8871827787e-01 2.4891151366e-18 4.0000000000e-02
     vertex 8.0744016230e-01 9.0222538816e-04 4.0000000000e-02
     vertex 8.0744016230e-01 2.9572527964e-18 4.0000000000e-02
   endloop
 endfacet
 facet normal  0.0000000000e+00 0.0000000000e+00 -1.0000000000e+00
   outer loop
     vertex 8.0744016230e-01 2.9572527964e-18 4.0000000000e-02
     vertex 8.0744016230e-01 9.0222538816e-04 4.0000000000e-02
     vertex 8.1841572611e-01 3.1874302023e-04 4.0000000000e-02
   endloop
 endfacet
 facet normal  0.0000000000e+00 0.0000000000e+00 -1.0000000000e+00
   outer loop
     vertex 8.0744016230e-01 2.9572527964e-18 4.0000000000e-02
     vertex 8.1841572611e-01 3.1874302023e-04 4.0000000000e-02
     vertex 8.1841572611e-01 2.9802360327e-17 4.0000000000e-02
   endloop
 endfacet
 facet normal  0.0000000000e+00 -0.0000000000e+00 -1.0000000000e+00
   outer loop
     vertex 8.1841572611e-01 2.9802360327e-17 4.0000000000e-02
     vertex 8.1841572611e-01 3.1874302023e-04 4.0000000000e-02
     vertex 8.2400000000e-01 0.0000000000e+00 4.0000000000e-02
   endloop
 endfacet
 facet normal  0.0000000000e+00 0.0000000000e+00 -1.0000000000e+00
   outer loop
     vertex 8.2400000000e-01 0.0000000000e+00 4.0000000000e-02
     vertex 8.1841572611e-01 -6.3748604047e-04 4.0000000000e-02
     vertex 8.1841572611e-01 -3.1874302023e-04 4.0000000000e-02
   endloop
 endfacet
 facet normal  -0.0000000000e+00 0.0000000000e+00 -1.0000000000e+00
   outer loop
     vertex 8.1841572611e-01 -3.1874302023e-04 4.0000000000e-02
     vertex 8.1841572611e-01 -6.3748604047e-04 4.0000000000e-02
     vertex 8.0744016230e-01 -9.0222538816e-04 4.0000000000e-02
   endloop
 endfacet
 facet normal  0.0000000000e+00 0.0000000000e+00 -1.0000000000e+00
   outer loop
     vertex 8.1841572611e-01 -6.3748604047e-04 4.0000000000e-02
     vertex 8.0744016230e-01 -1.8044507763e-03 4.0000000000e-02
     vertex 8.0744016230e-01 -9.0222538816e-04 4.0000000000e-02
   endloop
 endfacet
 facet normal  0.0000000000e+00 0.0000000000e+00 -1.0000000000e+00
   outer loop
     vertex 8.0744016230e-01 -9.0222538816e-04 4.0000000000e-02
     vertex 8.0744016230e-01 -1.8044507763e-03 4.0000000000e-02
     vertex 7.8871827787e-01 -1.7721684630e-03 4.0000000000e-02
   endloop
 endfacet
 facet normal  0.0000000000e+00 0.0000000000e+00 -1.0000000000e+00
   outer loop
     vertex 8.0744016230e-01 -1.8044507763e-03 4.0000000000e-02
     vertex 7.8871827787e-01 -3.5443369261e-03 4.0000000000e-02
     vertex 7.8871827787e-01 -1.7721684630e-03 4.0000000000e-02
   endloop
 endfacet
 facet normal  0.0000000000e+00 0.0000000000e+00 -1.0000000000e+00
   outer loop
     vertex 7.8871827787e-01 -1.7721684630e-03 4.0000000000e-02
     vertex 7.8871827787e-01 -3.5443369261e-03 4.0000000000e-02
     vertex 7.6336398910e-01 -2.6573564803e-03 4.0000000000e-02
   endloop
 endfacet
 facet normal  0.0000000000e+00 0.0000000000e+00 -1.0000000000e+00
   outer loop
     vertex 7.8871827787e-01 -3.5443369261e-03 4.0000000000e-02
     vertex 7.6336398910e-01 -5.3147129606e-03 4.0000000000e-02
     vertex 7.6336398910e-01 -2.6573564803e-03 4.0000000000e-02
   endloop
 endfacet
 facet normal  -0.0000000000e+00 0.0000000000e+00 -1.0000000000e+00
   outer loop
     vertex 7.6336398910e-01 -2.6573564803e-03 4.0000000000e-02
     vertex 7.6336398910e-01 -5.3147129606e-03 4.0000000000e-02
     vertex 7.3795968204e-01 -5.9950861140e-03 4.0000000000e-02
   endloop
 endfacet
 facet normal  0.0000000000e+00 0.0000000000e+00 -1.0000000000e+00
   outer loop
     vertex 7.6336398910e-01 -2.6573564803e-03 4.0000000000e-02
     vertex 7.3795968204e-01 -5.9950861140e-03 4.0000000000e-02
     vertex 7.3795968204e-01 -2.9975430570e-03 4.0000000000e-02
   endloop
 endfacet
 facet normal  0.0000000000e+00 0.0000000000e+00 -1.0000000000e+00
   outer loop
     vertex 7.3795968204e-01 -2.9975430570e-03 4.0000000000e-02
     vertex 7.3795968204e-01 -5.9950861140e-03 4.0000000000e-02
     vertex 7.1918694038e-01 -5.0747443916e-03 4.0000000000e-02
   endloop
 endfacet
 facet normal  0.0000000000e+00 0.0000000000e+00 -1.0000000000e+00
   outer loop
     vertex 7.3795968204e-01 -2.9975430570e-03 4.0000000000e-02
     vertex 7.1918694038e-01 -5.0747443916e-03 4.0000000000e-02
     vertex 7.1918694038e-01 -2.5373721958e-03 4.0000000000e-02
   endloop
 endfacet
 facet normal  0.0000000000e+00 0.0000000000e+00 -1.0000000000e+00
   outer loop
     vertex 7.1918694038e-01 -2.5373721958e-03 4.0000000000e-02
     vertex 7.1918694038e-01 -5.0747443916e-03 4.0000000000e-02
     vertex 7.0834506802e-01 -3.0932442109e-03 4.0000000000e-02
   endloop
 endfacet
 facet normal  0.0000000000e+00 0.0000000000e+00 -1.0000000000e+00
   outer loop
     vertex 7.1918694038e-01 -2.5373721958e-03 4.0000000000e-02
     vertex 7.0834506802e-01 -3.0932442109e-03 4.0000000000e-02
     vertex 7.0834506802e-01 -1.5466221054e-03 4.0000000000e-02
   endloop
 endfacet
 facet normal  0.0000000000e+00 0.0000000000e+00 -1.0000000000e+00
   outer loop
     vertex 7.0834506802e-01 -1.5466221054e-03 4.0000000000e-02
     vertex 7.0834506802e-01 -3.0932442109e-03 4.0000000000e-02
     vertex 7.0400000000e-01 0.0000000000e+00 4.0000000000e-02
   endloop
 endfacet
 facet normal  0.0000000000e+00 -0.0000000000e+00 -1.0000000000e+00
   outer loop
     vertex 7.0400000000e-01 0.0000000000e+00 4.0000000000e-02
     vertex 7.0834506802e-01 3.0932442109e-03 4.0000000000e-02
     vertex 7.0834506802e-01 1.5466221054e-03 4.0000000000e-02
   endloop
 endfacet
 facet normal  0.0000000000e+00 0.0000000000e+00 -1.0000000000e+00
   outer loop
     vertex 7.0834506802e-01 1.5466221054e-03 4.0000000000e-02
     vertex 7.0834506802e-01 3.0932442109e-03 4.0000000000e-02
     vertex 7.1918694038e-01 2.5373721958e-03 4.0000000000e-02
   endloop
 endfacet
 facet normal  0.0000000000e+00 -0.0000000000e+00 -1.0000000000e+00
   outer loop
     vertex 7.0834506802e-01 3.0932442109e-03 4.0000000000e-02
     vertex 7.1918694038e-01 5.0747443916e-03 4.0000000000e-02
     vertex 7.1918694038e-01 2.5373721958e-03 4.0000000000e-02
   endloop
 endfacet
 facet normal  -3.6962602649e-16 -0.0000000000e+00 -1.0000000000e+00
   outer loop
     vertex 7.1918694038e-01 2.5373721958e-03 4.0000000000e-02
     vertex 7.1918694038e-01 5.0747443916e-03 4.0000000000e-02
     vertex 7.3795968204e-01 2.9975430570e-03 4.0000000000e-02
   endloop
 endfacet
 facet normal  -3.6962602649e-16 -0.0000000000e+00 -1.0000000000e+00
   outer loop
     vertex 7.1918694038e-01 5.0747443916e-03 4.0000000000e-02
     vertex 7.3795968204e-01 5.9950861140e-03 4.0000000000e-02
     vertex 7.3795968204e-01 2.9975430570e-03 4.0000000000e-02
   endloop
 endfacet
 facet normal  2.7313848342e-16 0.0000000000e+00 -1.0000000000e+00
   outer loop
     vertex 7.3795968204e-01 2.9975430570e-03 4.0000000000e-02
     vertex 7.3795968204e-01 5.9950861140e-03 4.0000000000e-02
     vertex 7.6336398910e-01 2.6573564803e-03 4.0000000000e-02
   endloop
 endfacet
 facet normal  2.7313848342e-16 0.0000000000e+00 -1.0000000000e+00
   outer loop
     vertex 7.3795968204e-01 5.9950861140e-03 4.0000000000e-02
     vertex 7.6336398910e-01 5.3147129606e-03 4.0000000000e-02
     vertex 7.6336398910e-01 2.6573564803e-03 4.0000000000e-02
   endloop
 endfacet
 facet normal  0.0000000000e+00 0.0000000000e+00 -1.0000000000e+00
   outer loop
     vertex 7.6336398910e-01 2.6573564803e-03 4.0000000000e-02
     vertex 7.6336398910e-01 5.3147129606e-03 4.0000000000e-02
     vertex 7.8871827787e-01 3.5443369261e-03 4.0000000000e-02
   endloop
 endfacet
 facet normal  0.0000000000e+00 -0.0000000000e+00 -1.0000000000e+00
   outer loop
     vertex 7.6336398910e-01 2.6573564803e-03 4.0000000000e-02
     vertex 7.8871827787e-01 3.5443369261e-03 4.0000000000e-02
     vertex 7.8871827787e-01 1.7721684630e-03 4.0000000000e-02
   endloop
 endfacet
 facet normal  0.0000000000e+00 0.0000000000e+00 -1.0000000000e+00
   outer loop
     vertex 7.8871827787e-01 1.7721684630e-03 4.0000000000e-02
     vertex 7.8871827787e-01 3.5443369261e-03 4.0000000000e-02
     vertex 8.0744016230e-01 1.8044507763e-03 4.0000000000e-02
   endloop
 endfacet
 facet normal  0.0000000000e+00 -0.0000000000e+00 -1.0000000000e+00
   outer loop
     vertex 7.8871827787e-01 1.7721684630e-03 4.0000000000e-02
     vertex 8.0744016230e-01 1.8044507763e-03 4.0000000000e-02
     vertex 8.0744016230e-01 9.0222538816e-04 4.0000000000e-02
   endloop
 endfacet
 facet normal  0.0000000000e+00 0.0000000000e+00 -1.0000000000e+00
   outer loop
     vertex 8.0744016230e-01 9.0222538816e-04 4.0000000000e-02
     vertex 8.0744016230e-01 1.8044507763e-03 4.0000000000e-02
     vertex 8.1841572611e-01 6.3748604047e-04 4.0000000000e-02
   endloop
 endfacet
 facet normal  -0.0000000000e+00 0.0000000000e+00 -1.0000000000e+00
   outer loop
     vertex 8.0744016230e-01 9.0222538816e-04 4.0000000000e-02
     vertex 8.1841572611e-01 6.3748604047e-04 4.0000000000e-02
     vertex 8.1841572611e-01 3.1874302023e-04 4.0000000000e-02
   endloop
 endfacet
 facet normal  0.0000000000e+00 -0.0000000000e+00 -1.0000000000e+00
   outer loop
     vertex 8.1841572611e-01 3.1874302023e-04 4.0000000000e-02
     vertex 8.1841572611e-01 6.3748604047e-04 4.0000000000e-02
     vertex 8.2400000000e-01 0.0000000000e+00 4.0000000000e-02
   endloop
 endfacet
 facet normal  1.1331254411e-01 -9.9259943252e-01 -4.3665019375e-02
   outer loop
     vertex 8.2400000000e-01 0.0000000000e+00 4.0000000000e-02
     vertex 8.4326751346e-01 -3.0616169979e-18 9.0000000000e-02
     vertex 8.1841572611e-01 -6.3748604047e-04 4.0000000000e-02
   endloop
 endfacet
 facet normal  1.1331254411e-01 -9.9259943252e-01 -4.3665019375e-02
   outer loop
     vertex 8.4326751346e-01 -3.0616169979e-18 9.0000000000e-02
     vertex 8.3812998148e-01 -5.8648715723e-04 9.0000000000e-02
     vertex 8.1841572611e-01 -6.3748604047e-04 4.0000000000e-02
   endloop
 endfacet
 facet normal  1.0564062021e-01 -9.9357361221e-01 -4.0639100395e-02
   outer loop
     vertex 8.1841572611e-01 -6.3748604047e-04 4.0000000000e-02
     vertex 8.3812998148e-01 -5.8648715723e-04 9.0000000000e-02
     vertex 8.0744016230e-01 -1.8044507763e-03 4.0000000000e-02
   endloop
 endfacet
 facet normal  1.0564062021e-01 -9.9357361221e-01 -4.0639100395e-02
   outer loop
     vertex 8.3812998148e-01 -5.8648715723e-04 9.0000000000e-02
     vertex 8.2803246277e-01 -1.6600947142e-03 9.0000000000e-02
     vertex 8.0744016230e-01 -1.8044507763e-03 4.0000000000e-02
   endloop
 endfacet
 facet normal  9.2477160088e-02 -9.9509195125e-01 -3.5213398243e-02
   outer loop
     vertex 8.0744016230e-01 -1.8044507763e-03 4.0000000000e-02
     vertex 8.2803246277e-01 -1.6600947142e-03 9.0000000000e-02
     vertex 7.8871827787e-01 -3.5443369261e-03 4.0000000000e-02
   endloop
 endfacet
 facet normal  9.2477160088e-02 -9.9509195125e-01 -3.5213398243e-02
   outer loop
     vertex 8.2803246277e-01 -1.6600947142e-03 9.0000000000e-02
     vertex 8.1080832910e-01 -3.2607899720e-03 9.0000000000e-02
     vertex 7.8871827787e-01 -3.5443369261e-03 4.0000000000e-02
   endloop
 endfacet
 facet normal  6.9633943859e-02 -9.9725656361e-01 -2.5108966523e-02
   outer loop
     vertex 7.8871827787e-01 -3.5443369261e-03 4.0000000000e-02
     vertex 8.1080832910e-01 -3.2607899720e-03 9.0000000000e-02
     vertex 7.6336398910e-01 -5.3147129606e-03 4.0000000000e-02
   endloop
 endfacet
 facet normal  6.9633943859e-02 -9.9725656361e-01 -2.5108966523e-02
   outer loop
     vertex 8.1080832910e-01 -3.2607899720e-03 9.0000000000e-02
     vertex 7.8748238343e-01 -4.8895359237e-03 9.0000000000e-02
     vertex 7.6336398910e-01 -5.3147129606e-03 4.0000000000e-02
   endloop
 endfacet
 facet normal  2.6771942834e-02 -9.9963182420e-01 -4.4135155468e-03
   outer loop
     vertex 7.6336398910e-01 -5.3147129606e-03 4.0000000000e-02
     vertex 7.8748238343e-01 -4.8895359237e-03 9.0000000000e-02
     vertex 7.6411042093e-01 -5.5154792248e-03 9.0000000000e-02
   endloop
 endfacet
 facet normal  2.6771942834e-02 -9.9963182420e-01 -4.4135155468e-03
   outer loop
     vertex 7.6336398910e-01 -5.3147129606e-03 4.0000000000e-02
     vertex 7.6411042093e-01 -5.5154792248e-03 9.0000000000e-02
     vertex 7.3795968204e-01 -5.9950861140e-03 4.0000000000e-02
   endloop
 endfacet
 facet normal  -4.8936327373e-02 -9.9818253260e-01 3.5169126779e-02
   outer loop
     vertex 7.3795968204e-01 -5.9950861140e-03 4.0000000000e-02
     vertex 7.6411042093e-01 -5.5154792248e-03 9.0000000000e-02
     vertex 7.4683949861e-01 -4.6687648403e-03 9.0000000000e-02
   endloop
 endfacet
 facet normal  -4.8936327373e-02 -9.9818253260e-01 3.5169126779e-02
   outer loop
     vertex 7.3795968204e-01 -5.9950861140e-03 4.0000000000e-02
     vertex 7.4683949861e-01 -4.6687648403e-03 9.0000000000e-02
     vertex 7.1918694038e-01 -5.0747443916e-03 4.0000000000e-02
   endloop
 endfacet
 facet normal  -1.7875731686e-01 -9.7807915040e-01 1.0680354496e-01
   outer loop
     vertex 7.1918694038e-01 -5.0747443916e-03 4.0000000000e-02
     vertex 7.4683949861e-01 -4.6687648403e-03 9.0000000000e-02
     vertex 7.3686497604e-01 -2.8457846740e-03 9.0000000000e-02
   endloop
 endfacet
 facet normal  -1.7875731686e-01 -9.7807915040e-01 1.0680354496e-01
   outer loop
     vertex 7.1918694038e-01 -5.0747443916e-03 4.0000000000e-02
     vertex 7.3686497604e-01 -2.8457846740e-03 9.0000000000e-02
     vertex 7.0834506802e-01 -3.0932442109e-03 4.0000000000e-02
   endloop
 endfacet
 facet normal  -5.4994017399e-01 -7.7249880693e-01 3.1750810749e-01
   outer loop
     vertex 7.0834506802e-01 -3.0932442109e-03 4.0000000000e-02
     vertex 7.3686497604e-01 -2.8457846740e-03 9.0000000000e-02
     vertex 7.3286751346e-01 -3.0616169979e-18 9.0000000000e-02
   endloop
 endfacet
 facet normal  -5.4994017399e-01 -7.7249880693e-01 3.1750810749e-01
   outer loop
     vertex 7.0834506802e-01 -3.0932442109e-03 4.0000000000e-02
     vertex 7.3286751346e-01 -3.0616169979e-18 9.0000000000e-02
     vertex 7.0400000000e-01 0.0000000000e+00 4.0000000000e-02
   endloop
 endfacet
 facet normal  -5.4994017399e-01 7.7249880693e-01 3.1750810749e-01
   outer loop
     vertex 7.0400000000e-01 0.0000000000e+00 4.0000000000e-02
     vertex 7.3286751346e-01 -3.0616169979e-18 9.0000000000e-02
     vertex 7.0834506802e-01 3.0932442109e-03 4.0000000000e-02
   endloop
 endfacet
 facet normal  -5.4994017399e-01 7.7249880693e-01 3.1750810749e-01
   outer loop
     vertex 7.3286751346e-01 -3.0616169979e-18 9.0000000000e-02
     vertex 7.3686497604e-01 2.8457846740e-03 9.0000000000e-02
     vertex 7.0834506802e-01 3.0932442109e-03 4.0000000000e-02
   endloop
 endfacet
 facet normal  -1.7875731686e-01 9.7807915040e-01 1.0680354496e-01
   outer loop
     vertex 7.0834506802e-01 3.0932442109e-03 4.0000000000e-02
     vertex 7.3686497604e-01 2.8457846740e-03 9.0000000000e-02
     vertex 7.1918694038e-01 5.0747443916e-03 4.0000000000e-02
   endloop
 endfacet
 facet normal  -1.7875731686e-01 9.7807915040e-01 1.0680354496e-01
   outer loop
     vertex 7.3686497604e-01 2.8457846740e-03 9.0000000000e-02
     vertex 7.4683949861e-01 4.6687648403e-03 9.0000000000e-02
     vertex 7.1918694038e-01 5.0747443916e-03 4.0000000000e-02
   endloop
 endfacet
 facet normal  -4.8936327373e-02 9.9818253260e-01 3.5169126779e-02
   outer loop
     vertex 7.1918694038e-01 5.0747443916e-03 4.0000000000e-02
     vertex 7.4683949861e-01 4.6687648403e-03 9.0000000000e-02
     vertex 7.3795968204e-01 5.9950861140e-03 4.0000000000e-02
   endloop
 endfacet
 facet normal  -4.8936327373e-02 9.9818253260e-01 3.5169126779e-02
   outer loop
     vertex 7.4683949861e-01 4.6687648403e-03 9.0000000000e-02
     vertex 7.6411042093e-01 5.5154792248e-03 9.0000000000e-02
     vertex 7.3795968204e-01 5.9950861140e-03 4.0000000000e-02
   endloop
 endfacet
 facet normal  2.6771942834e-02 9.9963182420e-01 -4.4135155468e-03
   outer loop
     vertex 7.3795968204e-01 5.9950861140e-03 4.0000000000e-02
     vertex 7.6411042093e-01 5.5154792248e-03 9.0000000000e-02
     vertex 7.6336398910e-01 5.3147129606e-03 4.0000000000e-02
   endloop
 endfacet
 facet normal  2.6771942834e-02 9.9963182420e-01 -4.4135155468e-03
   outer loop
     vertex 7.6411042093e-01 5.5154792248e-03 9.0000000000e-02
     vertex 7.8748238343e-01 4.8895359237e-03 9.0000000000e-02
     vertex 7.6336398910e-01 5.3147129606e-03 4.0000000000e-02
   endloop
 endfacet
 facet normal  6.9633943859e-02 9.9725656361e-01 -2.5108966523e-02
   outer loop
     vertex 7.6336398910e-01 5.3147129606e-03 4.0000000000e-02
     vertex 7.8748238343e-01 4.8895359237e-03 9.0000000000e-02
     vertex 8.1080832910e-01 3.2607899720e-03 9.0000000000e-02
   endloop
 endfacet
 facet normal  6.9633943859e-02 9.9725656361e-01 -2.5108966523e-02
   outer loop
     vertex 7.6336398910e-01 5.3147129606e-03 4.0000000000e-02
     vertex 8.1080832910e-01 3.2607899720e-03 9.0000000000e-02
     vertex 7.8871827787e-01 3.5443369261e-03 4.0000000000e-02
   endloop
 endfacet
 facet normal  9.2477160088e-02 9.9509195125e-01 -3.5213398243e-02
   outer loop
     vertex 7.8871827787e-01 3.5443369261e-03 4.0000000000e-02
     vertex 8.1080832910e-01 3.2607899720e-03 9.0000000000e-02
     vertex 8.2803246277e-01 1.6600947142e-03 9.0000000000e-02
   endloop
 endfacet
 facet normal  9.2477160088e-02 9.9509195125e-01 -3.5213398243e-02
   outer loop
     vertex 7.8871827787e-01 3.5443369261e-03 4.0000000000e-02
     vertex 8.2803246277e-01 1.6600947142e-03 9.0000000000e-02
     vertex 8.0744016230e-01 1.8044507763e-03 4.0000000000e-02
   endloop
 endfacet
 facet normal  1.0564062021e-01 9.9357361221e-01 -4.0639100395e-02
   outer loop
     vertex 8.0744016230e-01 1.8044507763e-03 4.0000000000e-02
     vertex 8.2803246277e-01 1.6600947142e-03 9.0000000000e-02
     vertex 8.3812998148e-01 5.8648715723e-04 9.0000000000e-02
   endloop
 endfacet
 facet normal  1.0564062021e-01 9.9357361221e-01 -4.0639100395e-02
   outer loop
     vertex 8.0744016230e-01 1.8044507763e-03 4.0000000000e-02
     vertex 8.3812998148e-01 5.8648715723e-04 9.0000000000e-02
     vertex 8.1841572611e-01 6.3748604047e-04 4.0000000000e-02
   endloop
 endfacet
 facet normal  1.1331254411e-01 9.9259943252e-01 -4.3665019375e-02
   outer loop
     vertex 8.1841572611e-01 6.3748604047e-04 4.0000000000e-02
     vertex 8.3812998148e-01 5.8648715723e-04 9.0000000000e-02
     vertex 8.4326751346e-01 -3.0616169979e-18 9.0000000000e-02
   endloop
 endfacet
 facet normal  1.1331254411e-01 9.9259943252e-01 -4.3665019375e-02
   outer loop
     vertex 8.1841572611e-01 6.3748604047e-04 4.0000000000e-02
     vertex 8.4326751346e-01 -3.0616169979e-18 9.0000000000e-02
     vertex 8.2400000000e-01 0.0000000000e+00 4.0000000000e-02
   endloop
 endfacet
 facet normal  1.1331254411e-01 -9.9259943252e-01 -4.3665019375e-02
   outer loop
     vertex 8.4326751346e-01 -3.0616169979e-18 9.0000000000e-02
     vertex 8.6253502692e-01 -6.1232339957e-18 1.4000000000e-01
     vertex 8.3812998148e-01 -5.8648715723e-04 9.0000000000e-02
   endloop
 endfacet
 facet normal  1.1331254411e-01 -9.9259943252e-01 -4.3665019375e-02
   outer loop
     vertex 8.6253502692e-01 -6.1232339957e-18 1.4000000000e-01
     vertex 8.5784423685e-01 -5.3548827399e-04 1.4000000000e-01
     vertex 8.3812998148e-01 -5.8648715723e-04 9.0000000000e-02
   endloop
 endfacet
 facet normal  1.0564062021e-01 -9.9357361221e-01 -4.0639100395e-02
   outer loop
     vertex 8.3812998148e-01 -5.8648715723e-04 9.0000000000e-02
     vertex 8.5784423685e-01 -5.3548827399e-04 1.4000000000e-01
     vertex 8.2803246277e-01 -1.6600947142e-03 9.0000000000e-02
   endloop
 endfacet
 facet normal  1.0564062021e-01 -9.9357361221e-01 -4.0639100395e-02
   outer loop
     vertex 8.5784423685e-01 -5.3548827399e-04 1.4000000000e-01
     vertex 8.4862476325e-01 -1.5157386521e-03 1.4000000000e-01
     vertex 8.2803246277e-01 -1.6600947142e-03 9.0000000000e-02
   endloop
 endfacet
 facet normal  9.2477160088e-02 -9.9509195125e-01 -3.5213398243e-02
   outer loop
     vertex 8.2803246277e-01 -1.6600947142e-03 9.0000000000e-02
     vertex 8.4862476325e-01 -1.5157386521e-03 1.4000000000e-01
     vertex 8.1080832910e-01 -3.2607899720e-03 9.0000000000e-02
   endloop
 endfacet
 facet normal  9.2477160088e-02 -9.9509195125e-01 -3.5213398243e-02
   outer loop
     vertex 8.4862476325e-01 -1.5157386521e-03 1.4000000000e-01
     vertex 8.3289838033e-01 -2.9772430179e-03 1.4000000000e-01
     vertex 8.1080832910e-01 -3.2607899720e-03 9.0000000000e-02
   endloop
 endfacet
 facet normal  6.9633943859e-02 -9.9725656361e-01 -2.5108966523e-02
   outer loop
     vertex 8.1080832910e-01 -3.2607899720e-03 9.0000000000e-02
     vertex 8.3289838033e-01 -2.9772430179e-03 1.4000000000e-01
     vertex 7.8748238343e-01 -4.8895359237e-03 9.0000000000e-02
   endloop
 endfacet
 facet normal  6.9633943859e-02 -9.9725656361e-01 -2.5108966523e-02
   outer loop
     vertex 8.3289838033e-01 -2.9772430179e-03 1.4000000000e-01
     vertex 8.1160077776e-01 -4.4643588869e-03 1.4000000000e-01
     vertex 7.8748238343e-01 -4.8895359237e-03 9.0000000000e-02
   endloop
 endfacet
 facet normal  2.6771942834e-02 -9.9963182420e-01 -4.4135155468e-03
   outer loop
     vertex 7.8748238343e-01 -4.8895359237e-03 9.0000000000e-02
     vertex 8.1160077776e-01 -4.4643588869e-03 1.4000000000e-01
     vertex 7.9026115983e-01 -5.0358723357e-03 1.4000000000e-01
   endloop
 endfacet
 facet normal  2.6771942834e-02 -9.9963182420e-01 -4.4135155468e-03
   outer loop
     vertex 7.8748238343e-01 -4.8895359237e-03 9.0000000000e-02
     vertex 7.9026115983e-01 -5.0358723357e-03 1.4000000000e-01
     vertex 7.6411042093e-01 -5.5154792248e-03 9.0000000000e-02
   endloop
 endfacet
 facet normal  -4.8936327373e-02 -9.9818253260e-01 3.5169126779e-02
   outer loop
     vertex 7.6411042093e-01 -5.5154792248e-03 9.0000000000e-02
     vertex 7.9026115983e-01 -5.0358723357e-03 1.4000000000e-01
     vertex 7.7449205684e-01 -4.2627852889e-03 1.4000000000e-01
   endloop
 endfacet
 facet normal  -4.8936327373e-02 -9.9818253260e-01 3.5169126779e-02
   outer loop
     vertex 7.6411042093e-01 -5.5154792248e-03 9.0000000000e-02
     vertex 7.7449205684e-01 -4.2627852889e-03 1.4000000000e-01
     vertex 7.4683949861e-01 -4.6687648403e-03 9.0000000000e-02
   endloop
 endfacet
 facet normal  -1.7875731686e-01 -9.7807915040e-01 1.0680354496e-01
   outer loop
     vertex 7.4683949861e-01 -4.6687648403e-03 9.0000000000e-02
     vertex 7.7449205684e-01 -4.2627852889e-03 1.4000000000e-01
     vertex 7.6538488406e-01 -2.5983251371e-03 1.4000000000e-01
   endloop
 endfacet
 facet normal  -1.7875731686e-01 -9.7807915040e-01 1.0680354496e-01
   outer loop
     vertex 7.4683949861e-01 -4.6687648403e-03 9.0000000000e-02
     vertex 7.6538488406e-01 -2.5983251371e-03 1.4000000000e-01
     vertex 7.3686497604e-01 -2.8457846740e-03 9.0000000000e-02
   endloop
 endfacet
 facet normal  -5.4994017399e-01 -7.7249880693e-01 3.1750810749e-01
   outer loop
     vertex 7.3686497604e-01 -2.8457846740e-03 9.0000000000e-02
     vertex 7.6538488406e-01 -2.5983251371e-03 1.4000000000e-01
     vertex 7.6173502692e-01 -6.1232339957e-18 1.4000000000e-01
   endloop
 endfacet
 facet normal  -5.4994017399e-01 -7.7249880693e-01 3.1750810749e-01
   outer loop
     vertex 7.3686497604e-01 -2.8457846740e-03 9.0000000000e-02
     vertex 7.6173502692e-01 -6.1232339957e-18 1.4000000000e-01
     vertex 7.3286751346e-01 -3.0616169979e-18 9.0000000000e-02
   endloop
 endfacet
 facet normal  -5.4994017399e-01 7.7249880693e-01 3.1750810749e-01
   outer loop
     vertex 7.3286751346e-01 -3.0616169979e-18 9.0000000000e-02
     vertex 7.6173502692e-01 -6.1232339957e-18 1.4000000000e-01
     vertex 7.3686497604e-01 2.8457846740e-03 9.0000000000e-02
   endloop
 endfacet
 facet normal  -5.4994017399e-01 7.7249880693e-01 3.1750810749e-01
   outer loop
     vertex 7.6173502692e-01 -6.1232339957e-18 1.4000000000e-01
     vertex 7.6538488406e-01 2.5983251371e-03 1.4000000000e-01
     vertex 7.3686497604e-01 2.8457846740e-03 9.0000000000e-02
   endloop
 endfacet
 facet normal  -1.7875731686e-01 9.7807915040e-01 1.0680354496e-01
   outer loop
     vertex 7.3686497604e-01 2.8457846740e-03 9.0000000000e-02
     vertex 7.6538488406e-01 2.5983251371e-03 1.4000000000e-01
     vertex 7.4683949861e-01 4.6687648403e-03 9.0000000000e-02
   endloop
 endfacet
 facet normal  -1.7875731686e-01 9.7807915040e-01 1.0680354496e-01
   outer loop
     vertex 7.6538488406e-01 2.5983251371e-03 1.4000000000e-01
     vertex 7.7449205684e-01 4.2627852889e-03 1.4000000000e-01
     vertex 7.4683949861e-01 4.6687648403e-03 9.0000000000e-02
   endloop
 endfacet
 facet normal  -4.8936327373e-02 9.9818253260e-01 3.5169126779e-02
   outer loop
     vertex 7.4683949861e-01 4.6687648403e-03 9.0000000000e-02
     vertex 7.7449205684e-01 4.2627852889e-03 1.4000000000e-01
     vertex 7.6411042093e-01 5.5154792248e-03 9.0000000000e-02
   endloop
 endfacet
 facet normal  -4.8936327373e-02 9.9818253260e-01 3.5169126779e-02
   outer loop
     vertex 7.7449205684e-01 4.2627852889e-03 1.4000000000e-01
     vertex 7.9026115983e-01 5.0358723357e-03 1.4000000000e-01
     vertex 7.6411042093e-01 5.5154792248e-03 9.0000000000e-02
   endloop
 endfacet
 facet normal  2.6771942834e-02 9.9963182420e-01 -4.4135155468e-03
   outer loop
     vertex 7.6411042093e-01 5.5154792248e-03 9.0000000000e-02
     vertex 7.9026115983e-01 5.0358723357e-03 1.4000000000e-01
     vertex 7.8748238343e-01 4.8895359237e-03 9.0000000000e-02
   endloop
 endfacet
 facet normal  2.6771942834e-02 9.9963182420e-01 -4.4135155468e-03
   outer loop
     vertex 7.9026115983e-01 5.0358723357e-03 1.4000000000e-01
     vertex 8.1160077776e-01 4.4643588869e-03 1.4000000000e-01
     vertex 7.8748238343e-01 4.8895359237e-03 9.0000000000e-02
   endloop
 endfacet
 facet normal  6.9633943859e-02 9.9725656361e-01 -2.5108966523e-02
   outer loop
     vertex 7.8748238343e-01 4.8895359237e-03 9.0000000000e-02
     vertex 8.1160077776e-01 4.4643588869e-03 1.4000000000e-01
     vertex 8.3289838033e-01 2.9772430179e-03 1.4000000000e-01
   endloop
 endfacet
 facet normal  6.9633943859e-02 9.9725656361e-01 -2.5108966523e-02
   outer loop
     vertex 7.8748238343e-01 4.8895359237e-03 9.0000000000e-02
     vertex 8.3289838033e-01 2.9772430179e-03 1.4000000000e-01
     vertex 8.1080832910e-01 3.2607899720e-03 9.0000000000e-02
   endloop
 endfacet
 facet normal  9.2477160088e-02 9.9509195125e-01 -3.5213398243e-02
   outer loop
     vertex 8.1080832910e-01 3.2607899720e-03 9.0000000000e-02
     vertex 8.3289838033e-01 2.9772430179e-03 1.4000000000e-01
     vertex 8.4862476325e-01 1.5157386521e-03 1.4000000000e-01
   endloop
 endfacet
 facet normal  9.2477160088e-02 9.9509195125e-01 -3.5213398243e-02
   outer loop
     vertex 8.1080832910e-01 3.2607899720e-03 9.0000000000e-02
     vertex 8.4862476325e-01 1.5157386521e-03 1.4000000000e-01
     vertex 8.2803246277e-01 1.6600947142e-03 9.0000000000e-02
   endloop
 endfacet
 facet normal  1.0564062021e-01 9.9357361221e-01 -4.0639100395e-02
   outer loop
     vertex 8.2803246277e-01 1.6600947142e-03 9.0000000000e-02
     vertex 8.4862476325e-01 1.5157386521e-03 1.4000000000e-01
     vertex 8.5784423685e-01 5.3548827399e-04 1.4000000000e-01
   endloop
 endfacet
 facet normal  1.0564062021e-01 9.9357361221e-01 -4.0639100395e-02
   outer loop
     vertex 8.2803246277e-01 1.6600947142e-03 9.0000000000e-02
     vertex 8.5784423685e-01 5.3548827399e-04 1.4000000000e-01
     vertex 8.3812998148e-01 5.8648715723e-04 9.0000000000e-02
   endloop
 endfacet
 facet normal  1.1331254411e-01 9.9259943252e-01 -4.3665019375e-02
   outer loop
     vertex 8.3812998148e-01 5.8648715723e-04 9.0000000000e-02
     vertex 8.5784423685e-01 5.3548827399e-04 1.4000000000e-01
     vertex 8.6253502692e-01 -6.1232339957e-18 1.4000000000e-01
   endloop
 endfacet
 facet normal  1.1331254411e-01 9.9259943252e-01 -4.3665019375e-02
   outer loop
     vertex 8.3812998148e-01 5.8648715723e-04 9.0000000000e-02
     vertex 8.6253502692e-01 -6.1232339957e-18 1.4000000000e-01
     vertex 8.4326751346e-01 -3.0616169979e-18 9.0000000000e-02
   endloop
 endfacet
 facet normal  1.1331254411e-01 -9.9259943252e-01 -4.3665019375e-02
   outer loop
     vertex 8.6253502692e-01 -6.1232339957e-18 1.4000000000e-01
     vertex 8.8180254038e-01 -9.1848509936e-18 1.9000000000e-01
     vertex 8.5784423685e-01 -5.3548827399e-04 1.4000000000e-01
   endloop
 endfacet
 facet normal  1.1331254411e-01 -9.9259943252e-01 -4.3665019375e-02
   outer loop
     vertex 8.8180254038e-01 -9.1848509936e-18 1.9000000000e-01
     vertex 8.7755849222e-01 -4.8448939075e-04 1.9000000000e-01
     vertex 8.5784423685e-01 -5.3548827399e-04 1.4000000000e-01
   endloop
 endfacet
 facet normal  1.0564062021e-01 -9.9357361221e-01 -4.0639100395e-02
   outer loop
     vertex 8.5784423685e-01 -5.3548827399e-04 1.4000000000e-01
     vertex 8.7755849222e-01 -4.8448939075e-04 1.9000000000e-01
     vertex 8.4862476325e-01 -1.5157386521e-03 1.4000000000e-01
   endloop
 endfacet
 facet normal  1.0564062021e-01 -9.9357361221e-01 -4.0639100395e-02
   outer loop
     vertex 8.7755849222e-01 -4.8448939075e-04 1.9000000000e-01
     vertex 8.6921706372e-01 -1.3713825900e-03 1.9000000000e-01
     vertex 8.4862476325e-01 -1.5157386521e-03 1.4000000000e-01
   endloop
 endfacet
 facet normal  9.2477160088e-02 -9.9509195125e-01 -3.5213398243e-02
   outer loop
     vertex 8.4862476325e-01 -1.5157386521e-03 1.4000000000e-01
     vertex 8.6921706372e-01 -1.3713825900e-03 1.9000000000e-01
     vertex 8.3289838033e-01 -2.9772430179e-03 1.4000000000e-01
   endloop
 endfacet
 facet normal  9.2477160088e-02 -9.9509195125e-01 -3.5213398243e-02
   outer loop
     vertex 8.6921706372e-01 -1.3713825900e-03 1.9000000000e-01
     vertex 8.5498843156e-01 -2.6936960638e-03 1.9000000000e-01
     vertex 8.3289838033e-01 -2.9772430179e-03 1.4000000000e-01
   endloop
 endfacet
 facet normal  6.9633943859e-02 -9.9725656361e-01 -2.5108966523e-02
   outer loop
     vertex 8.3289838033e-01 -2.9772430179e-03 1.4000000000e-01
     vertex 8.5498843156e-01 -2.6936960638e-03 1.9000000000e-01
     vertex 8.1160077776e-01 -4.4643588869e-03 1.4000000000e-01
   endloop
 endfacet
 facet normal  6.9633943859e-02 -9.9725656361e-01 -2.5108966523e-02
   outer loop
     vertex 8.5498843156e-01 -2.6936960638e-03 1.9000000000e-01
     vertex 8.3571917209e-01 -4.0391818500e-03 1.9000000000e-01
     vertex 8.1160077776e-01 -4.4643588869e-03 1.4000000000e-01
   endloop
 endfacet
 facet normal  2.6771942834e-02 -9.9963182420e-01 -4.4135155468e-03
   outer loop
     vertex 8.1160077776e-01 -4.4643588869e-03 1.4000000000e-01
     vertex 8.3571917209e-01 -4.0391818500e-03 1.9000000000e-01
     vertex 8.1641189873e-01 -4.5562654466e-03 1.9000000000e-01
   endloop
 endfacet
 facet normal  2.6771942834e-02 -9.9963182420e-01 -4.4135155468e-03
   outer loop
     vertex 8.1160077776e-01 -4.4643588869e-03 1.4000000000e-01
     vertex 8.1641189873e-01 -4.5562654466e-03 1.9000000000e-01
     vertex 7.9026115983e-01 -5.0358723357e-03 1.4000000000e-01
   endloop
 endfacet
 facet normal  -4.8936327373e-02 -9.9818253260e-01 3.5169126779e-02
   outer loop
     vertex 7.9026115983e-01 -5.0358723357e-03 1.4000000000e-01
     vertex 8.1641189873e-01 -4.5562654466e-03 1.9000000000e-01
     vertex 8.0214461507e-01 -3.8568057376e-03 1.9000000000e-01
   endloop
 endfacet
 facet normal  -4.8936327373e-02 -9.9818253260e-01 3.5169126779e-02
   outer loop
     vertex 7.9026115983e-01 -5.0358723357e-03 1.4000000000e-01
     vertex 8.0214461507e-01 -3.8568057376e-03 1.9000000000e-01
     vertex 7.7449205684e-01 -4.2627852889e-03 1.4000000000e-01
   endloop
 endfacet
 facet normal  -1.7875731686e-01 -9.7807915040e-01 1.0680354496e-01
   outer loop
     vertex 7.7449205684e-01 -4.2627852889e-03 1.4000000000e-01
     vertex 8.0214461507e-01 -3.8568057376e-03 1.9000000000e-01
     vertex 7.9390479207e-01 -2.3508656003e-03 1.9000000000e-01
   endloop
 endfacet
 facet normal  -1.7875731686e-01 -9.7807915040e-01 1.0680354496e-01
   outer loop
     vertex 7.7449205684e-01 -4.2627852889e-03 1.4000000000e-01
     vertex 7.9390479207e-01 -2.3508656003e-03 1.9000000000e-01
     vertex 7.6538488406e-01 -2.5983251371e-03 1.4000000000e-01
   endloop
 endfacet
 facet normal  -5.4994017399e-01 -7.7249880693e-01 3.1750810749e-01
   outer loop
     vertex 7.6538488406e-01 -2.5983251371e-03 1.4000000000e-01
     vertex 7.9390479207e-01 -2.3508656003e-03 1.9000000000e-01
     vertex 7.9060254038e-01 -9.1848509936e-18 1.9000000000e-01
   endloop
 endfacet
 facet normal  -5.4994017399e-01 -7.7249880693e-01 3.1750810749e-01
   outer loop
     vertex 7.6538488406e-01 -2.5983251371e-03 1.4000000000e-01
     vertex 7.9060254038e-01 -9.1848509936e-18 1.9000000000e-01
     vertex 7.6173502692e-01 -6.1232339957e-18 1.4000000000e-01
   endloop
 endfacet
 facet normal  -5.4994017399e-01 7.7249880693e-01 3.1750810749e-01
   outer loop
     vertex 7.6173502692e-01 -6.1232339957e-18 1.4000000000e-01
     vertex 7.9060254038e-01 -9.1848509936e-18 1.9000000000e-01
     vertex 7.6538488406e-01 2.5983251371e-03 1.4000000000e-01
   endloop
 endfacet
 facet normal  -5.4994017399e-01 7.7249880693e-01 3.1750810749e-01
   outer loop
     vertex 7.9060254038e-01 -9.1848509936e-18 1.9000000000e-01
     vertex 7.9390479207e-01 2.3508656003e-03 1.9000000000e-01
     vertex 7.6538488406e-01 2.5983251371e-03 1.4000000000e-01
   endloop
 endfacet
 facet normal  -1.7875731686e-01 9.7807915040e-01 1.0680354496e-01
   outer loop
     vertex 7.6538488406e-01 2.5983251371e-03 1.4000000000e-01
     vertex 7.9390479207e-01 2.3508656003e-03 1.9000000000e-01
     vertex 7.7449205684e-01 4.2627852889e-03 1.4000000000e-01
   endloop
 endfacet
 facet normal  -1.7875731686e-01 9.7807915040e-01 1.0680354496e-01
   outer loop
     vertex 7.9390479207e-01 2.3508656003e-03 1.9000000000e-01
     vertex 8.0214461507e-01 3.8568057376e-03 1.9000000000e-01
     vertex 7.7449205684e-01 4.2627852889e-03 1.4000000000e-01
   endloop
 endfacet
 facet normal  -4.8936327373e-02 9.9818253260e-01 3.5169126779e-02
   outer loop
     vertex 7.7449205684e-01 4.2627852889e-03 1.4000000000e-01
     vertex 8.0214461507e-01 3.8568057376e-03 1.9000000000e-01
     vertex 7.9026115983e-01 5.0358723357e-03 1.4000000000e-01
   endloop
 endfacet
 facet normal  -4.8936327373e-02 9.9818253260e-01 3.5169126779e-02
   outer loop
     vertex 8.0214461507e-01 3.8568057376e-03 1.9000000000e-01
     vertex 8.1641189873e-01 4.5562654466e-03 1.9000000000e-01
     vertex 7.9026115983e-01 5.0358723357e-03 1.4000000000e-01
   endloop
 endfacet
 facet normal  2.6771942834e-02 9.9963182420e-01 -4.4135155468e-03
   outer loop
     vertex 7.9026115983e-01 5.0358723357e-03 1.4000000000e-01
     vertex 8.1641189873e-01 4.5562654466e-03 1.9000000000e-01
     vertex 8.1160077776e-01 4.4643588869e-03 1.4000000000e-01
   endloop
 endfacet
 facet normal  2.6771942834e-02 9.9963182420e-01 -4.4135155468e-03
   outer loop
     vertex 8.1641189873e-01 4.5562654466e-03 1.9000000000e-01
     vertex 8.3571917209e-01 4.0391818500e-03 1.9000000000e-01
     vertex 8.1160077776e-01 4.4643588869e-03 1.4000000000e-01
   endloop
 endfacet
 facet normal  6.9633943859e-02 9.9725656361e-01 -2.5108966523e-02
   outer loop
     vertex 8.1160077776e-01 4.4643588869e-03 1.4000000000e-01
     vertex 8.3571917209e-01 4.0391818500e-03 1.9000000000e-01
     vertex 8.5498843156e-01 2.6936960638e-03 1.9000000000e-01
   endloop
 endfacet
 facet normal  6.9633943859e-02 9.9725656361e-01 -2.5108966523e-02
   outer loop
     vertex 8.1160077776e-01 4.4643588869e-03 1.4000000000e-01
     vertex 8.5498843156e-01 2.6936960638e-03 1.9000000000e-01
     vertex 8.3289838033e-01 2.9772430179e-03 1.4000000000e-01
   endloop
 endfacet
 facet normal  9.2477160088e-02 9.9509195125e-01 -3.5213398243e-02
   outer loop
     vertex 8.3289838033e-01 2.9772430179e-03 1.4000000000e-01
     vertex 8.5498843156e-01 2.6936960638e-03 1.9000000000e-01
     vertex 8.6921706372e-01 1.3713825900e-03 1.9000000000e-01
   endloop
 endfacet
 facet normal  9.2477160088e-02 9.9509195125e-01 -3.5213398243e-02
   outer loop
     vertex 8.3289838033e-01 2.9772430179e-03 1.4000000000e-01
     vertex 8.6921706372e-01 1.3713825900e-03 1.9000000000e-01
     vertex 8.4862476325e-01 1.5157386521e-03 1.4000000000e-01
   endloop
 endfacet
 facet normal  1.0564062021e-01 9.9357361221e-01 -4.0639100395e-02
   outer loop
     vertex 8.4862476325e-01 1.5157386521e-03 1.4000000000e-01
     vertex 8.6921706372e-01 1.3713825900e-03 1.9000000000e-01
     vertex 8.7755849222e-01 4.8448939075e-04 1.9000000000e-01
   endloop
 endfacet
 facet normal  1.0564062021e-01 9.9357361221e-01 -4.0639100395e-02
   outer loop
     vertex 8.4862476325e-01 1.5157386521e-03 1.4000000000e-01
     vertex 8.7755849222e-01 4.8448939075e-04 1.9000000000e-01
     vertex 8.5784423685e-01 5.3548827399e-04 1.4000000000e-01
   endloop
 endfacet
 facet normal  1.1331254411e-01 9.9259943252e-01 -4.3665019375e-02
   outer loop
     vertex 8.5784423685e-01 5.3548827399e-04 1.4000000000e-01
     vertex 8.7755849222e-01 4.8448939075e-04 1.9000000000e-01
     vertex 8.8180254038e-01 -9.1848509936e-18 1.9000000000e-01
   endloop
 endfacet
 facet normal  1.1331254411e-01 9.9259943252e-01 -4.3665019375e-02
   outer loop
     vertex 8.5784423685e-01 5.3548827399e-04 1.4000000000e-01
     vertex 8.8180254038e-01 -9.1848509936e-18 1.9000000000e-01
     vertex 8.6253502692e-01 -6.1232339957e-18 1.4000000000e-01
   endloop
 endfacet
 facet normal  1.1331254411e-01 -9.9259943252e-01 -4.3665019375e-02
   outer loop
     vertex 8.8180254038e-01 -9.1848509936e-18 1.9000000000e-01
     vertex 9.0107005384e-01 -1.2246467991e-17 2.4000000000e-01
     vertex 8.9727274759e-01 -4.3349050752e-04 2.4000000000e-01
   endloop
 endfacet
 facet normal  1.1331254411e-01 -9.9259943252e-01 -4.3665019375e-02
   outer loop
     vertex 8.8180254038e-01 -9.1848509936e-18 1.9000000000e-01
     vertex 8.9727274759e-01 -4.3349050752e-04 2.4000000000e-01
     vertex 8.7755849222e-01 -4.8448939075e-04 1.9000000000e-01
   endloop
 endfacet
 facet normal  1.0564062021e-01 -9.9357361221e-01 -4.0639100395e-02
   outer loop
     vertex 8.7755849222e-01 -4.8448939075e-04 1.9000000000e-01
     vertex 8.9727274759e-01 -4.3349050752e-04 2.4000000000e-01
     vertex 8.8980936420e-01 -1.2270265279e-03 2.4000000000e-01
   endloop
 endfacet
 facet normal  1.0564062021e-01 -9.9357361221e-01 -4.0639100395e-02
   outer loop
     vertex 8.7755849222e-01 -4.8448939075e-04 1.9000000000e-01
     vertex 8.8980936420e-01 -1.2270265279e-03 2.4000000000e-01
     vertex 8.6921706372e-01 -1.3713825900e-03 1.9000000000e-01
   endloop
 endfacet
 facet normal  9.2477160088e-02 -9.9509195125e-01 -3.5213398243e-02
   outer loop
     vertex 8.6921706372e-01 -1.3713825900e-03 1.9000000000e-01
     vertex 8.8980936420e-01 -1.2270265279e-03 2.4000000000e-01
     vertex 8.7707848279e-01 -2.4101491097e-03 2.4000000000e-01
   endloop
 endfacet
 facet normal  9.2477160088e-02 -9.9509195125e-01 -3.5213398243e-02
   outer loop
     vertex 8.6921706372e-01 -1.3713825900e-03 1.9000000000e-01
     vertex 8.7707848279e-01 -2.4101491097e-03 2.4000000000e-01
     vertex 8.5498843156e-01 -2.6936960638e-03 1.9000000000e-01
   endloop
 endfacet
 facet normal  6.9633943859e-02 -9.9725656361e-01 -2.5108966523e-02
   outer loop
     vertex 8.5498843156e-01 -2.6936960638e-03 1.9000000000e-01
     vertex 8.7707848279e-01 -2.4101491097e-03 2.4000000000e-01
     vertex 8.5983756643e-01 -3.6140048132e-03 2.4000000000e-01
   endloop
 endfacet
 facet normal  6.9633943859e-02 -9.9725656361e-01 -2.5108966523e-02
   outer loop
     vertex 8.5498843156e-01 -2.6936960638e-03 1.9000000000e-01
     vertex 8.5983756643e-01 -3.6140048132e-03 2.4000000000e-01
     vertex 8.3571917209e-01 -4.0391818500e-03 1.9000000000e-01
   endloop
 endfacet
 facet normal  2.6771942834e-02 -9.9963182420e-01 -4.4135155468e-03
   outer loop
     vertex 8.3571917209e-01 -4.0391818500e-03 1.9000000000e-01
     vertex 8.5983756643e-01 -3.6140048132e-03 2.4000000000e-01
     vertex 8.1641189873e-01 -4.5562654466e-03 1.9000000000e-01
   endloop
 endfacet
 facet normal  2.6771942834e-02 -9.9963182420e-01 -4.4135155468e-03
   outer loop
     vertex 8.5983756643e-01 -3.6140048132e-03 2.4000000000e-01
     vertex 8.4256263762e-01 -4.0766585575e-03 2.4000000000e-01
     vertex 8.1641189873e-01 -4.5562654466e-03 1.9000000000e-01
   endloop
 endfacet
 facet normal  -4.8936327373e-02 -9.9818253260e-01 3.5169126779e-02
   outer loop
     vertex 8.1641189873e-01 -4.5562654466e-03 1.9000000000e-01
     vertex 8.4256263762e-01 -4.0766585575e-03 2.4000000000e-01
     vertex 8.0214461507e-01 -3.8568057376e-03 1.9000000000e-01
   endloop
 endfacet
 facet normal  -4.8936327373e-02 -9.9818253260e-01 3.5169126779e-02
   outer loop
     vertex 8.4256263762e-01 -4.0766585575e-03 2.4000000000e-01
     vertex 8.2979717330e-01 -3.4508261863e-03 2.4000000000e-01
     vertex 8.0214461507e-01 -3.8568057376e-03 1.9000000000e-01
   endloop
 endfacet
 facet normal  -1.7875731686e-01 -9.7807915040e-01 1.0680354496e-01
   outer loop
     vertex 8.0214461507e-01 -3.8568057376e-03 1.9000000000e-01
     vertex 8.2979717330e-01 -3.4508261863e-03 2.4000000000e-01
     vertex 7.9390479207e-01 -2.3508656003e-03 1.9000000000e-01
   endloop
 endfacet
 facet normal  -1.7875731686e-01 -9.7807915040e-01 1.0680354496e-01
   outer loop
     vertex 8.2979717330e-01 -3.4508261863e-03 2.4000000000e-01
     vertex 8.2242470009e-01 -2.1034060634e-03 2.4000000000e-01
     vertex 7.9390479207e-01 -2.3508656003e-03 1.9000000000e-01
   endloop
 endfacet
 facet normal  -5.4994017399e-01 -7.7249880693e-01 3.1750810749e-01
   outer loop
     vertex 7.9390479207e-01 -2.3508656003e-03 1.9000000000e-01
     vertex 8.2242470009e-01 -2.1034060634e-03 2.4000000000e-01
     vertex 7.9060254038e-01 -9.1848509936e-18 1.9000000000e-01
   endloop
 endfacet
 facet normal  -5.4994017399e-01 -7.7249880693e-01 3.1750810749e-01
   outer loop
     vertex 8.2242470009e-01 -2.1034060634e-03 2.4000000000e-01
     vertex 8.1947005384e-01 -1.2246467991e-17 2.4000000000e-01
     vertex 7.9060254038e-01 -9.1848509936e-18 1.9000000000e-01
   endloop
 endfacet
 facet normal  -5.4994017399e-01 7.7249880693e-01 3.1750810749e-01
   outer loop
     vertex 7.9060254038e-01 -9.1848509936e-18 1.9000000000e-01
     vertex 8.1947005384e-01 -1.2246467991e-17 2.4000000000e-01
     vertex 8.2242470009e-01 2.1034060634e-03 2.4000000000e-01
   endloop
 endfacet
 facet normal  -5.4994017399e-01 7.7249880693e-01 3.1750810749e-01
   outer loop
     vertex 7.9060254038e-01 -9.1848509936e-18 1.9000000000e-01
     vertex 8.2242470009e-01 2.1034060634e-03 2.4000000000e-01
     vertex 7.9390479207e-01 2.3508656003e-03 1.9000000000e-01
   endloop
 endfacet
 facet normal  -1.7875731686e-01 9.7807915040e-01 1.0680354496e-01
   outer loop
     vertex 7.9390479207e-01 2.3508656003e-03 1.9000000000e-01
     vertex 8.2242470009e-01 2.1034060634e-03 2.4000000000e-01
     vertex 8.2979717330e-01 3.4508261863e-03 2.4000000000e-01
   endloop
 endfacet
 facet normal  -1.7875731686e-01 9.7807915040e-01 1.0680354496e-01
   outer loop
     vertex 7.9390479207e-01 2.3508656003e-03 1.9000000000e-01
     vertex 8.2979717330e-01 3.4508261863e-03 2.4000000000e-01
     vertex 8.0214461507e-01 3.8568057376e-03 1.9000000000e-01
   endloop
 endfacet
 facet normal  -4.8936327373e-02 9.9818253260e-01 3.5169126779e-02
   outer loop
     vertex 8.0214461507e-01 3.8568057376e-03 1.9000000000e-01
     vertex 8.2979717330e-01 3.4508261863e-03 2.4000000000e-01
     vertex 8.4256263762e-01 4.0766585575e-03 2.4000000000e-01
   endloop
 endfacet
 facet normal  -4.8936327373e-02 9.9818253260e-01 3.5169126779e-02
   outer loop
     vertex 8.0214461507e-01 3.8568057376e-03 1.9000000000e-01
     vertex 8.4256263762e-01 4.0766585575e-03 2.4000000000e-01
     vertex 8.1641189873e-01 4.5562654466e-03 1.9000000000e-01
   endloop
 endfacet
 facet normal  2.6771942834e-02 9.9963182420e-01 -4.4135155468e-03
   outer loop
     vertex 8.1641189873e-01 4.5562654466e-03 1.9000000000e-01
     vertex 8.4256263762e-01 4.0766585575e-03 2.4000000000e-01
     vertex 8.5983756643e-01 3.6140048132e-03 2.4000000000e-01
   endloop
 endfacet
 facet normal  2.6771942834e-02 9.9963182420e-01 -4.4135155468e-03
   outer loop
     vertex 8.1641189873e-01 4.5562654466e-03 1.9000000000e-01
     vertex 8.5983756643e-01 3.6140048132e-03 2.4000000000e-01
     vertex 8.3571917209e-01 4.0391818500e-03 1.9000000000e-01
   endloop
 endfacet
 facet normal  6.9633943859e-02 9.9725656361e-01 -2.5108966523e-02
   outer loop
     vertex 8.3571917209e-01 4.0391818500e-03 1.9000000000e-01
     vertex 8.5983756643e-01 3.6140048132e-03 2.4000000000e-01
     vertex 8.5498843156e-01 2.6936960638e-03 1.9000000000e-01
   endloop
 endfacet
 facet normal  6.9633943859e-02 9.9725656361e-01 -2.5108966523e-02
   outer loop
     vertex 8.5983756643e-01 3.6140048132e-03 2.4000000000e-01
     vertex 8.7707848279e-01 2.4101491097e-03 2.4000000000e-01
     vertex 8.5498843156e-01 2.6936960638e-03 1.9000000000e-01
   endloop
 endfacet
 facet normal  9.2477160088e-02 9.9509195125e-01 -3.5213398243e-02
   outer loop
     vertex 8.5498843156e-01 2.6936960638e-03 1.9000000000e-01
     vertex 8.7707848279e-01 2.4101491097e-03 2.4000000000e-01
     vertex 8.6921706372e-01 1.3713825900e-03 1.9000000000e-01
   endloop
 endfacet
 facet normal  9.2477160088e-02 9.9509195125e-01 -3.5213398243e-02
   outer loop
     vertex 8.7707848279e-01 2.4101491097e-03 2.4000000000e-01
     vertex 8.8980936420e-01 1.2270265279e-03 2.4000000000e-01
     vertex 8.6921706372e-01 1.3713825900e-03 1.9000000000e-01
   endloop
 endfacet
 facet normal  1.0564062021e-01 9.9357361221e-01 -4.0639100395e-02
   outer loop
     vertex 8.6921706372e-01 1.3713825900e-03 1.9000000000e-01
     vertex 8.8980936420e-01 1.2270265279e-03 2.4000000000e-01
     vertex 8.7755849222e-01 4.8448939075e-04 1.9000000000e-01
   endloop
 endfacet
 facet normal  1.0564062021e-01 9.9357361221e-01 -4.0639100395e-02
   outer loop
     vertex 8.8980936420e-01 1.2270265279e-03 2.4000000000e-01
     vertex 8.9727274759e-01 4.3349050752e-04 2.4000000000e-01
     vertex 8.7755849222e-01 4.8448939075e-04 1.9000000000e-01
   endloop
 endfacet
 facet normal  1.1331254411e-01 9.9259943252e-01 -4.3665019375e-02
   outer loop
     vertex 8.7755849222e-01 4.8448939075e-04 1.9000000000e-01
     vertex 8.9727274759e-01 4.3349050752e-04 2.4000000000e-01
     vertex 8.8180254038e-01 -9.1848509936e-18 1.9000000000e-01
   endloop
 endfacet
 facet normal  1.1331254411e-01 9.9259943252e-01 -4.3665019375e-02
   outer loop
     vertex 8.9727274759e-01 4.3349050752e-04 2.4000000000e-01
     vertex 9.0107005384e-01 -1.2246467991e-17 2.4000000000e-01
     vertex 8.8180254038e-01 -9.1848509936e-18 1.9000000000e-01
   endloop
 endfacet
 facet normal  1.1331254411e-01 -9.9259943252e-01 -4.3665019375e-02
   outer loop
     vertex 9.0107005384e-01 -1.2246467991e-17 2.4000000000e-01
     vertex 9.2033756730e-01 -1.5308084989e-17 2.9000000000e-01
     vertex 9.1698700296e-01 -3.8249162428e-04 2.9000000000e-01
   endloop
 endfacet
 facet normal  1.1331254411e-01 -9.9259943252e-01 -4.3665019375e-02
   outer loop
     vertex 9.0107005384e-01 -1.2246467991e-17 2.4000000000e-01
     vertex 9.1698700296e-01 -3.8249162428e-04 2.9000000000e-01
     vertex 8.9727274759e-01 -4.3349050752e-04 2.4000000000e-01
   endloop
 endfacet
 facet normal  1.0564062021e-01 -9.9357361221e-01 -4.0639100395e-02
   outer loop
     vertex 8.9727274759e-01 -4.3349050752e-04 2.4000000000e-01
     vertex 9.1698700296e-01 -3.8249162428e-04 2.9000000000e-01
     vertex 9.1040166468e-01 -1.0826704658e-03 2.9000000000e-01
   endloop
 endfacet
 facet normal  1.0564062021e-01 -9.9357361221e-01 -4.0639100395e-02
   outer loop
     vertex 8.9727274759e-01 -4.3349050752e-04 2.4000000000e-01
     vertex 9.1040166468e-01 -1.0826704658e-03 2.9000000000e-01
     vertex 8.8980936420e-01 -1.2270265279e-03 2.4000000000e-01
   endloop
 endfacet
 facet normal  9.2477160088e-02 -9.9509195125e-01 -3.5213398243e-02
   outer loop
     vertex 8.8980936420e-01 -1.2270265279e-03 2.4000000000e-01
     vertex 9.1040166468e-01 -1.0826704658e-03 2.9000000000e-01
     vertex 8.9916853402e-01 -2.1266021556e-03 2.9000000000e-01
   endloop
 endfacet
 facet normal  9.2477160088e-02 -9.9509195125e-01 -3.5213398243e-02
   outer loop
     vertex 8.8980936420e-01 -1.2270265279e-03 2.4000000000e-01
     vertex 8.9916853402e-01 -2.1266021556e-03 2.9000000000e-01
     vertex 8.7707848279e-01 -2.4101491097e-03 2.4000000000e-01
   endloop
 endfacet
 facet normal  6.9633943859e-02 -9.9725656361e-01 -2.5108966523e-02
   outer loop
     vertex 8.7707848279e-01 -2.4101491097e-03 2.4000000000e-01
     vertex 8.9916853402e-01 -2.1266021556e-03 2.9000000000e-01
     vertex 8.8395596076e-01 -3.1888277763e-03 2.9000000000e-01
   endloop
 endfacet
 facet normal  6.9633943859e-02 -9.9725656361e-01 -2.5108966523e-02
   outer loop
     vertex 8.7707848279e-01 -2.4101491097e-03 2.4000000000e-01
     vertex 8.8395596076e-01 -3.1888277763e-03 2.9000000000e-01
     vertex 8.5983756643e-01 -3.6140048132e-03 2.4000000000e-01
   endloop
 endfacet
 facet normal  2.6771942834e-02 -9.9963182420e-01 -4.4135155468e-03
   outer loop
     vertex 8.5983756643e-01 -3.6140048132e-03 2.4000000000e-01
     vertex 8.8395596076e-01 -3.1888277763e-03 2.9000000000e-01
     vertex 8.4256263762e-01 -4.0766585575e-03 2.4000000000e-01
   endloop
 endfacet
 facet normal  2.6771942834e-02 -9.9963182420e-01 -4.4135155468e-03
   outer loop
     vertex 8.8395596076e-01 -3.1888277763e-03 2.9000000000e-01
     vertex 8.6871337652e-01 -3.5970516684e-03 2.9000000000e-01
     vertex 8.4256263762e-01 -4.0766585575e-03 2.4000000000e-01
   endloop
 endfacet
 facet normal  -4.8936327373e-02 -9.9818253260e-01 3.5169126779e-02
   outer loop
     vertex 8.4256263762e-01 -4.0766585575e-03 2.4000000000e-01
     vertex 8.6871337652e-01 -3.5970516684e-03 2.9000000000e-01
     vertex 8.2979717330e-01 -3.4508261863e-03 2.4000000000e-01
   endloop
 endfacet
 facet normal  -4.8936327373e-02 -9.9818253260e-01 3.5169126779e-02
   outer loop
     vertex 8.6871337652e-01 -3.5970516684e-03 2.9000000000e-01
     vertex 8.5744973153e-01 -3.0448466350e-03 2.9000000000e-01
     vertex 8.2979717330e-01 -3.4508261863e-03 2.4000000000e-01
   endloop
 endfacet
 facet normal  -1.7875731686e-01 -9.7807915040e-01 1.0680354496e-01
   outer loop
     vertex 8.2979717330e-01 -3.4508261863e-03 2.4000000000e-01
     vertex 8.5744973153e-01 -3.0448466350e-03 2.9000000000e-01
     vertex 8.2242470009e-01 -2.1034060634e-03 2.4000000000e-01
   endloop
 endfacet
 facet normal  -1.7875731686e-01 -9.7807915040e-01 1.0680354496e-01
   outer loop
     vertex 8.5744973153e-01 -3.0448466350e-03 2.9000000000e-01
     vertex 8.5094460811e-01 -1.8559465265e-03 2.9000000000e-01
     vertex 8.2242470009e-01 -2.1034060634e-03 2.4000000000e-01
   endloop
 endfacet
 facet normal  -5.4994017399e-01 -7.7249880693e-01 3.1750810749e-01
   outer loop
     vertex 8.2242470009e-01 -2.1034060634e-03 2.4000000000e-01
     vertex 8.5094460811e-01 -1.8559465265e-03 2.9000000000e-01
     vertex 8.1947005384e-01 -1.2246467991e-17 2.4000000000e-01
   endloop
 endfacet
 facet normal  -5.4994017399e-01 -7.7249880693e-01 3.1750810749e-01
   outer loop
     vertex 8.5094460811e-01 -1.8559465265e-03 2.9000000000e-01
     vertex 8.4833756730e-01 -1.5308084989e-17 2.9000000000e-01
     vertex 8.1947005384e-01 -1.2246467991e-17 2.4000000000e-01
   endloop
 endfacet
 facet normal  -5.4994017399e-01 7.7249880693e-01 3.1750810749e-01
   outer loop
     vertex 8.1947005384e-01 -1.2246467991e-17 2.4000000000e-01
     vertex 8.4833756730e-01 -1.5308084989e-17 2.9000000000e-01
     vertex 8.5094460811e-01 1.8559465265e-03 2.9000000000e-01
   endloop
 endfacet
 facet normal  -5.4994017399e-01 7.7249880693e-01 3.1750810749e-01
   outer loop
     vertex 8.1947005384e-01 -1.2246467991e-17 2.4000000000e-01
     vertex 8.5094460811e-01 1.8559465265e-03 2.9000000000e-01
     vertex 8.2242470009e-01 2.1034060634e-03 2.4000000000e-01
   endloop
 endfacet
 facet normal  -1.7875731686e-01 9.7807915040e-01 1.0680354496e-01
   outer loop
     vertex 8.2242470009e-01 2.1034060634e-03 2.4000000000e-01
     vertex 8.5094460811e-01 1.8559465265e-03 2.9000000000e-01
     vertex 8.5744973153e-01 3.0448466350e-03 2.9000000000e-01
   endloop
 endfacet
 facet normal  -1.7875731686e-01 9.7807915040e-01 1.0680354496e-01
   outer loop
     vertex 8.2242470009e-01 2.1034060634e-03 2.4000000000e-01
     vertex 8.5744973153e-01 3.0448466350e-03 2.9000000000e-01
     vertex 8.2979717330e-01 3.4508261863e-03 2.4000000000e-01
   endloop
 endfacet
 facet normal  -4.8936327373e-02 9.9818253260e-01 3.5169126779e-02
   outer loop
     vertex 8.2979717330e-01 3.4508261863e-03 2.4000000000e-01
     vertex 8.5744973153e-01 3.0448466350e-03 2.9000000000e-01
     vertex 8.6871337652e-01 3.5970516684e-03 2.9000000000e-01
   endloop
 endfacet
 facet normal  -4.8936327373e-02 9.9818253260e-01 3.5169126779e-02
   outer loop
     vertex 8.2979717330e-01 3.4508261863e-03 2.4000000000e-01
     vertex 8.6871337652e-01 3.5970516684e-03 2.9000000000e-01
     vertex 8.4256263762e-01 4.0766585575e-03 2.4000000000e-01
   endloop
 endfacet
 facet normal  2.6771942834e-02 9.9963182420e-01 -4.4135155468e-03
   outer loop
     vertex 8.4256263762e-01 4.0766585575e-03 2.4000000000e-01
     vertex 8.6871337652e-01 3.5970516684e-03 2.9000000000e-01
     vertex 8.8395596076e-01 3.1888277763e-03 2.9000000000e-01
   endloop
 endfacet
 facet normal  2.6771942834e-02 9.9963182420e-01 -4.4135155468e-03
   outer loop
     vertex 8.4256263762e-01 4.0766585575e-03 2.4000000000e-01
     vertex 8.8395596076e-01 3.1888277763e-03 2.9000000000e-01
     vertex 8.5983756643e-01 3.6140048132e-03 2.4000000000e-01
   endloop
 endfacet
 facet normal  6.9633943859e-02 9.9725656361e-01 -2.5108966523e-02
   outer loop
     vertex 8.5983756643e-01 3.6140048132e-03 2.4000000000e-01
     vertex 8.8395596076e-01 3.1888277763e-03 2.9000000000e-01
     vertex 8.7707848279e-01 2.4101491097e-03 2.4000000000e-01
   endloop
 endfacet
 facet normal  6.9633943859e-02 9.9725656361e-01 -2.5108966523e-02
   outer loop
     vertex 8.8395596076e-01 3.1888277763e-03 2.9000000000e-01
     vertex 8.9916853402e-01 2.1266021556e-03 2.9000000000e-01
     vertex 8.7707848279e-01 2.4101491097e-03 2.4000000000e-01
   endloop
 endfacet
 facet normal  9.2477160088e-02 9.9509195125e-01 -3.5213398243e-02
   outer loop
     vertex 8.7707848279e-01 2.4101491097e-03 2.4000000000e-01
     vertex 8.9916853402e-01 2.1266021556e-03 2.9000000000e-01
     vertex 8.8980936420e-01 1.2270265279e-03 2.4000000000e-01
   endloop
 endfacet
 facet normal  9.2477160088e-02 9.9509195125e-01 -3.5213398243e-02
   outer loop
     vertex 8.9916853402e-01 2.1266021556e-03 2.9000000000e-01
     vertex 9.1040166468e-01 1.0826704658e-03 2.9000000000e-01
     vertex 8.8980936420e-01 1.2270265279e-03 2.4000000000e-01
   endloop
 endfacet
 facet normal  1.0564062021e-01 9.9357361221e-01 -4.0639100395e-02
   outer loop
     vertex 8.8980936420e-01 1.2270265279e-03 2.4000000000e-01
     vertex 9.1040166468e-01 1.0826704658e-03 2.9000000000e-01
     vertex 8.9727274759e-01 4.3349050752e-04 2.4000000000e-01
   endloop
 endfacet
 facet normal  1.0564062021e-01 9.9357361221e-01 -4.0639100395e-02
   outer loop
     vertex 9.1040166468e-01 1.0826704658e-03 2.9000000000e-01
     vertex 9.1698700296e-01 3.8249162428e-04 2.9000000000e-01
     vertex 8.9727274759e-01 4.3349050752e-04 2.4000000000e-01
   endloop
 endfacet
 facet normal  1.1331254411e-01 9.9259943252e-01 -4.3665019375e-02
   outer loop
     vertex 8.9727274759e-01 4.3349050752e-04 2.4000000000e-01
     vertex 9.1698700296e-01 3.8249162428e-04 2.9000000000e-01
     vertex 9.0107005384e-01 -1.2246467991e-17 2.4000000000e-01
   endloop
 endfacet
 facet normal  1.1331254411e-01 9.9259943252e-01 -4.3665019375e-02
   outer loop
     vertex 9.1698700296e-01 3.8249162428e-04 2.9000000000e-01
     vertex 9.2033756730e-01 -1.5308084989e-17 2.9000000000e-01
     vertex 9.0107005384e-01 -1.2246467991e-17 2.4000000000e-01
   endloop
 endfacet
 facet normal  -0.0000000000e+00 0.0000000000e+00 1.0000000000e+00
   outer loop
     vertex 9.2033756730e-01 -1.5308084989e-17 2.9000000000e-01
     vertex 9.1698700296e-01 -1.9124581214e-04 2.9000000000e-01
     vertex 9.1698700296e-01 -3.8249162428e-04 2.9000000000e-01
   endloop
 endfacet
 facet normal  0.0000000000e+00 0.0000000000e+00 1.0000000000e+00
   outer loop
     vertex 9.1698700296e-01 -3.8249162428e-04 2.9000000000e-01
     vertex 9.1698700296e-01 -1.9124581214e-04 2.9000000000e-01
     vertex 9.1040166468e-01 -5.4133523290e-04 2.9000000000e-01
   endloop
 endfacet
 facet normal  -0.0000000000e+00 0.0000000000e+00 1.0000000000e+00
   outer loop
     vertex 9.1698700296e-01 -3.8249162428e-04 2.9000000000e-01
     vertex 9.1040166468e-01 -5.4133523290e-04 2.9000000000e-01
     vertex 9.1040166468e-01 -1.0826704658e-03 2.9000000000e-01
   endloop
 endfacet
 facet normal  0.0000000000e+00 0.0000000000e+00 1.0000000000e+00
   outer loop
     vertex 9.1040166468e-01 -1.0826704658e-03 2.9000000000e-01
     vertex 9.1040166468e-01 -5.4133523290e-04 2.9000000000e-01
     vertex 8.9916853402e-01 -1.0633010778e-03 2.9000000000e-01
   endloop
 endfacet
 facet normal  0.0000000000e+00 0.0000000000e+00 1.0000000000e+00
   outer loop
     vertex 9.1040166468e-01 -1.0826704658e-03 2.9000000000e-01
     vertex 8.9916853402e-01 -1.0633010778e-03 2.9000000000e-01
     vertex 8.9916853402e-01 -2.1266021556e-03 2.9000000000e-01
   endloop
 endfacet
 facet normal  0.0000000000e+00 0.0000000000e+00 1.0000000000e+00
   outer loop
     vertex 8.9916853402e-01 -2.1266021556e-03 2.9000000000e-01
     vertex 8.9916853402e-01 -1.0633010778e-03 2.9000000000e-01
     vertex 8.8395596076e-01 -1.5944138882e-03 2.9000000000e-01
   endloop
 endfacet
 facet normal  0.0000000000e+00 0.0000000000e+00 1.0000000000e+00
   outer loop
     vertex 8.9916853402e-01 -2.1266021556e-03 2.9000000000e-01
     vertex 8.8395596076e-01 -1.5944138882e-03 2.9000000000e-01
     vertex 8.8395596076e-01 -3.1888277763e-03 2.9000000000e-01
   endloop
 endfacet
 facet normal  0.0000000000e+00 0.0000000000e+00 1.0000000000e+00
   outer loop
     vertex 8.8395596076e-01 -3.1888277763e-03 2.9000000000e-01
     vertex 8.8395596076e-01 -1.5944138882e-03 2.9000000000e-01
     vertex 8.6871337652e-01 -3.5970516684e-03 2.9000000000e-01
   endloop
 endfacet
 facet normal  -0.0000000000e+00 0.0000000000e+00 1.0000000000e+00
   outer loop
     vertex 8.8395596076e-01 -1.5944138882e-03 2.9000000000e-01
     vertex 8.6871337652e-01 -1.7985258342e-03 2.9000000000e-01
     vertex 8.6871337652e-01 -3.5970516684e-03 2.9000000000e-01
   endloop
 endfacet
 facet normal  0.0000000000e+00 0.0000000000e+00 1.0000000000e+00
   outer loop
     vertex 8.6871337652e-01 -3.5970516684e-03 2.9000000000e-01
     vertex 8.6871337652e-01 -1.7985258342e-03 2.9000000000e-01
     vertex 8.5744973153e-01 -3.0448466350e-03 2.9000000000e-01
   endloop
 endfacet
 facet normal  0.0000000000e+00 0.0000000000e+00 1.0000000000e+00
   outer loop
     vertex 8.6871337652e-01 -1.7985258342e-03 2.9000000000e-01
     vertex 8.5744973153e-01 -1.5224233175e-03 2.9000000000e-01
     vertex 8.5744973153e-01 -3.0448466350e-03 2.9000000000e-01
   endloop
 endfacet
 facet normal  0.0000000000e+00 0.0000000000e+00 1.0000000000e+00
   outer loop
     vertex 8.5744973153e-01 -3.0448466350e-03 2.9000000000e-01
     vertex 8.5744973153e-01 -1.5224233175e-03 2.9000000000e-01
     vertex 8.5094460811e-01 -1.8559465265e-03 2.9000000000e-01
   endloop
 endfacet
 facet normal  0.0000000000e+00 0.0000000000e+00 1.0000000000e+00
   outer loop
     vertex 8.5744973153e-01 -1.5224233175e-03 2.9000000000e-01
     vertex 8.5094460811e-01 -9.2797326326e-04 2.9000000000e-01
     vertex 8.5094460811e-01 -1.8559465265e-03 2.9000000000e-01
   endloop
 endfacet
 facet normal  0.0000000000e+00 0.0000000000e+00 1.0000000000e+00
   outer loop
     vertex 8.5094460811e-01 -1.8559465265e-03 2.9000000000e-01
     vertex 8.5094460811e-01 -9.2797326326e-04 2.9000000000e-01
     vertex 8.4833756730e-01 -1.5308084989e-17 2.9000000000e-01
   endloop
 endfacet
 facet normal  0.0000000000e+00 -0.0000000000e+00 1.0000000000e+00
   outer loop
     vertex 8.4833756730e-01 -1.5308084989e-17 2.9000000000e-01
     vertex 8.5094460811e-01 9.2797326326e-04 2.9000000000e-01
     vertex 8.5094460811e-01 1.8559465265e-03 2.9000000000e-01
   endloop
 endfacet
 facet normal  0.0000000000e+00 0.0000000000e+00 1.0000000000e+00
   outer loop
     vertex 8.5094460811e-01 1.8559465265e-03 2.9000000000e-01
     vertex 8.5094460811e-01 9.2797326326e-04 2.9000000000e-01
     vertex 8.5744973153e-01 1.5224233175e-03 2.9000000000e-01
   endloop
 endfacet
 facet normal  0.0000000000e+00 -0.0000000000e+00 1.0000000000e+00
   outer loop
     vertex 8.5094460811e-01 1.8559465265e-03 2.9000000000e-01
     vertex 8.5744973153e-01 1.5224233175e-03 2.9000000000e-01
     vertex 8.5744973153e-01 3.0448466350e-03 2.9000000000e-01
   endloop
 endfacet
 facet normal  4.9283470198e-15 -0.0000000000e+00 1.0000000000e+00
   outer loop
     vertex 8.5744973153e-01 3.0448466350e-03 2.9000000000e-01
     vertex 8.5744973153e-01 1.5224233175e-03 2.9000000000e-01
     vertex 8.6871337652e-01 1.7985258342e-03 2.9000000000e-01
   endloop
 endfacet
 facet normal  4.9283470198e-15 -0.0000000000e+00 1.0000000000e+00
   outer loop
     vertex 8.5744973153e-01 3.0448466350e-03 2.9000000000e-01
     vertex 8.6871337652e-01 1.7985258342e-03 2.9000000000e-01
     vertex 8.6871337652e-01 3.5970516684e-03 2.9000000000e-01
   endloop
 endfacet
 facet normal  -3.6418464456e-15 0.0000000000e+00 1.0000000000e+00
   outer loop
     vertex 8.6871337652e-01 3.5970516684e-03 2.9000000000e-01
     vertex 8.6871337652e-01 1.7985258342e-03 2.9000000000e-01
     vertex 8.8395596076e-01 1.5944138882e-03 2.9000000000e-01
   endloop
 endfacet
 facet normal  -3.6418464456e-15 0.0000000000e+00 1.0000000000e+00
   outer loop
     vertex 8.6871337652e-01 3.5970516684e-03 2.9000000000e-01
     vertex 8.8395596076e-01 1.5944138882e-03 2.9000000000e-01
     vertex 8.8395596076e-01 3.1888277763e-03 2.9000000000e-01
   endloop
 endfacet
 facet normal  0.0000000000e+00 0.0000000000e+00 1.0000000000e+00
   outer loop
     vertex 8.8395596076e-01 3.1888277763e-03 2.9000000000e-01
     vertex 8.8395596076e-01 1.5944138882e-03 2.9000000000e-01
     vertex 8.9916853402e-01 2.1266021556e-03 2.9000000000e-01
   endloop
 endfacet
 facet normal  0.0000000000e+00 -0.0000000000e+00 1.0000000000e+00
   outer loop
     vertex 8.8395596076e-01 1.5944138882e-03 2.9000000000e-01
     vertex 8.9916853402e-01 1.0633010778e-03 2.9000000000e-01
     vertex 8.9916853402e-01 2.1266021556e-03 2.9000000000e-01
   endloop
 endfacet
 facet normal  0.0000000000e+00 0.0000000000e+00 1.0000000000e+00
   outer loop
     vertex 8.9916853402e-01 2.1266021556e-03 2.9000000000e-01
     vertex 8.9916853402e-01 1.0633010778e-03 2.9000000000e-01
     vertex 9.1040166468e-01 1.0826704658e-03 2.9000000000e-01
   endloop
 endfacet
 facet normal  0.0000000000e+00 -0.0000000000e+00 1.0000000000e+00
   outer loop
     vertex 8.9916853402e-01 1.0633010778e-03 2.9000000000e-01
     vertex 9.1040166468e-01 5.4133523290e-04 2.9000000000e-01
     vertex 9.1040166468e-01 1.0826704658e-03 2.9000000000e-01
   endloop
 endfacet
 facet normal  -0.0000000000e+00 0.0000000000e+00 1.0000000000e+00
   outer loop
     vertex 9.1040166468e-01 1.0826704658e-03 2.9000000000e-01
     vertex 9.1040166468e-01 5.4133523290e-04 2.9000000000e-01
     vertex 9.1698700296e-01 3.8249162428e-04 2.9000000000e-01
   endloop
 endfacet
 facet normal  0.0000000000e+00 -0.0000000000e+00 1.0000000000e+00
   outer loop
     vertex 9.1040166468e-01 5.4133523290e-04 2.9000000000e-01
     vertex 9.1698700296e-01 1.9124581214e-04 2.9000000000e-01
     vertex 9.1698700296e-01 3.8249162428e-04 2.9000000000e-01
   endloop
 endfacet
 facet normal  -0.0000000000e+00 0.0000000000e+00 1.0000000000e+00
   outer loop
     vertex 9.1698700296e-01 3.8249162428e-04 2.9000000000e-01
     vertex 9.1698700296e-01 1.9124581214e-04 2.9000000000e-01
     vertex 9.2033756730e-01 -1.5308084989e-17 2.9000000000e-01
   endloop
 endfacet
 facet normal  0.0000000000e+00 0.0000000000e+00 1.0000000000e+00
   outer loop
     vertex 9.2033756730e-01 -1.5308084989e-17 2.9000000000e-01
     vertex 9.1698700296e-01 2.6131128357e-18 2.9000000000e-01
     vertex 9.1698700296e-01 -1.9124581214e-04 2.9000000000e-01
   endloop
 endfacet
 facet normal  0.0000000000e+00 0.0000000000e+00 1.0000000000e+00
   outer loop
     vertex 9.1698700296e-01 -1.9124581214e-04 2.9000000000e-01
     vertex 9.1698700296e-01 2.6131128357e-18 2.9000000000e-01
     vertex 9.1040166468e-01 -1.3537334668e-17 2.9000000000e-01
   endloop
 endfacet
 facet normal  0.0000000000e+00 0.0000000000e+00 1.0000000000e+00
   outer loop
     vertex 9.1698700296e-01 -1.9124581214e-04 2.9000000000e-01
     vertex 9.1040166468e-01 -1.3537334668e-17 2.9000000000e-01
     vertex 9.1040166468e-01 -5.4133523290e-04 2.9000000000e-01
   endloop
 endfacet
 facet normal  0.0000000000e+00 0.0000000000e+00 1.0000000000e+00
   outer loop
     vertex 9.1040166468e-01 -5.4133523290e-04 2.9000000000e-01
     vertex 9.1040166468e-01 -1.3537334668e-17 2.9000000000e-01
     vertex 8.9916853402e-01 -1.3654670378e-17 2.9000000000e-01
   endloop
 endfacet
 facet normal  0.0000000000e+00 0.0000000000e+00 1.0000000000e+00
   outer loop
     vertex 9.1040166468e-01 -5.4133523290e-04 2.9000000000e-01
     vertex 8.9916853402e-01 -1.3654670378e-17 2.9000000000e-01
     vertex 8.9916853402e-01 -1.0633010778e-03 2.9000000000e-01
   endloop
 endfacet
 facet normal  0.0000000000e+00 0.0000000000e+00 1.0000000000e+00
   outer loop
     vertex 8.9916853402e-01 -1.0633010778e-03 2.9000000000e-01
     vertex 8.9916853402e-01 -1.3654670378e-17 2.9000000000e-01
     vertex 8.8395596076e-01 -1.4874404120e-17 2.9000000000e-01
   endloop
 endfacet
 facet normal  0.0000000000e+00 0.0000000000e+00 1.0000000000e+00
   outer loop
     vertex 8.9916853402e-01 -1.0633010778e-03 2.9000000000e-01
     vertex 8.8395596076e-01 -1.4874404120e-17 2.9000000000e-01
     vertex 8.8395596076e-01 -1.5944138882e-03 2.9000000000e-01
   endloop
 endfacet
 facet normal  0.0000000000e+00 0.0000000000e+00 1.0000000000e+00
   outer loop
     vertex 8.8395596076e-01 -1.5944138882e-03 2.9000000000e-01
     vertex 8.8395596076e-01 -1.4874404120e-17 2.9000000000e-01
     vertex 8.6871337652e-01 -1.7985258342e-03 2.9000000000e-01
   endloop
 endfacet
 facet normal  -0.0000000000e+00 0.0000000000e+00 1.0000000000e+00
   outer loop
     vertex 8.8395596076e-01 -1.4874404120e-17 2.9000000000e-01
     vertex 8.6871337652e-01 -1.4874404120e-17 2.9000000000e-01
     vertex 8.6871337652e-01 -1.7985258342e-03 2.9000000000e-01
   endloop
 endfacet
 facet normal  0.0000000000e+00 0.0000000000e+00 1.0000000000e+00
   outer loop
     vertex 8.6871337652e-01 -1.7985258342e-03 2.9000000000e-01
     vertex 8.6871337652e-01 -1.4874404120e-17 2.9000000000e-01
     vertex 8.5744973153e-01 -1.5224233175e-03 2.9000000000e-01
   endloop
 endfacet
 facet normal  -0.0000000000e+00 0.0000000000e+00 1.0000000000e+00
   outer loop
     vertex 8.6871337652e-01 -1.4874404120e-17 2.9000000000e-01
     vertex 8.5744973153e-01 -1.5697664592e-17 2.9000000000e-01
     vertex 8.5744973153e-01 -1.5224233175e-03 2.9000000000e-01
   endloop
 endfacet
 facet normal  0.0000000000e+00 0.0000000000e+00 1.0000000000e+00
   outer loop
     vertex 8.5744973153e-01 -1.5224233175e-03 2.9000000000e-01
     vertex 8.5744973153e-01 -1.5697664592e-17 2.9000000000e-01
     vertex 8.5094460811e-01 -9.2797326326e-04 2.9000000000e-01
   endloop
 endfacet
 facet normal  -0.0000000000e+00 0.0000000000e+00 1.0000000000e+00
   outer loop
     vertex 8.5744973153e-01 -1.5697664592e-17 2.9000000000e-01
     vertex 8.5094460811e-01 -1.6582619015e-17 2.9000000000e-01
     vertex 8.5094460811e-01 -9.2797326326e-04 2.9000000000e-01
   endloop
 endfacet
 facet normal  0.0000000000e+00 0.0000000000e+00 1.0000000000e+00
   outer loop
     vertex 8.5094460811e-01 -9.2797326326e-04 2.9000000000e-01
     vertex 8.5094460811e-01 -1.6582619015e-17 2.9000000000e-01
     vertex 8.4833756730e-01 -1.5308084989e-17 2.9000000000e-01
   endloop
 endfacet
 facet normal  0.0000000000e+00 -0.0000000000e+00 1.0000000000e+00
   outer loop
     vertex 8.4833756730e-01 -1.5308084989e-17 2.9000000000e-01
     vertex 8.5094460811e-01 -1.6582619015e-17 2.9000000000e-01
     vertex 8.5094460811e-01 9.2797326326e-04 2.9000000000e-01
   endloop
 endfacet
 facet normal  0.0000000000e+00 0.0000000000e+00 1.0000000000e+00
   outer loop
     vertex 8.5094460811e-01 9.2797326326e-04 2.9000000000e-01
     vertex 8.5094460811e-01 -1.6582619015e-17 2.9000000000e-01
     vertex 8.5744973153e-01 -1.5697664592e-17 2.9000000000e-01
   endloop
 endfacet
 facet normal  0.0000000000e+00 -0.0000000000e+00 1.0000000000e+00
   outer loop
     vertex 8.5094460811e-01 9.2797326326e-04 2.9000000000e-01
     vertex 8.5744973153e-01 -1.5697664592e-17 2.9000000000e-01
     vertex 8.5744973153e-01 1.5224233175e-03 2.9000000000e-01
   endloop
 endfacet
 facet normal  4.9283470198e-15 -0.0000000000e+00 1.0000000000e+00
   outer loop
     vertex 8.5744973153e-01 1.5224233175e-03 2.9000000000e-01
     vertex 8.5744973153e-01 -1.5697664592e-17 2.9000000000e-01
     vertex 8.6871337652e-01 -1.4874404120e-17 2.9000000000e-01
   endloop
 endfacet
 facet normal  4.9283470198e-15 -0.0000000000e+00 1.0000000000e+00
   outer loop
     vertex 8.5744973153e-01 1.5224233175e-03 2.9000000000e-01
     vertex 8.6871337652e-01 -1.4874404120e-17 2.9000000000e-01
     vertex 8.6871337652e-01 1.7985258342e-03 2.9000000000e-01
   endloop
 endfacet
 facet normal  -3.6418464456e-15 0.0000000000e+00 1.0000000000e+00
   outer loop
     vertex 8.6871337652e-01 1.7985258342e-03 2.9000000000e-01
     vertex 8.6871337652e-01 -1.4874404120e-17 2.9000000000e-01
     vertex 8.8395596076e-01 -1.4874404120e-17 2.9000000000e-01
   endloop
 endfacet
 facet normal  -3.6418464456e-15 0.0000000000e+00 1.0000000000e+00
   outer loop
     vertex 8.6871337652e-01 1.7985258342e-03 2.9000000000e-01
     vertex 8.8395596076e-01 -1.4874404120e-17 2.9000000000e-01
     vertex 8.8395596076e-01 1.5944138882e-03 2.9000000000e-01
   endloop
 endfacet
 facet normal  0.0000000000e+00 0.0000000000e+00 1.0000000000e+00
   outer loop
     vertex 8.8395596076e-01 1.5944138882e-03 2.9000000000e-01
     vertex 8.8395596076e-01 -1.4874404120e-17 2.9000000000e-01
     vertex 8.9916853402e-01 1.0633010778e-03 2.9000000000e-01
   endloop
 endfacet
 facet normal  0.0000000000e+00 0.0000000000e+00 1.0000000000e+00
   outer loop
     vertex 8.8395596076e-01 -1.4874404120e-17 2.9000000000e-01
     vertex 8.9916853402e-01 -1.3654670378e-17 2.9000000000e-01
     vertex 8.9916853402e-01 1.0633010778e-03 2.9000000000e-01
   endloop
 endfacet
 facet normal  0.0000000000e+00 -0.0000000000e+00 1.0000000000e+00
   outer loop
     vertex 8.9916853402e-01 1.0633010778e-03 2.9000000000e-01
     vertex 8.9916853402e-01 -1.3654670378e-17 2.9000000000e-01
     vertex 9.1040166468e-01 5.4133523290e-04 2.9000000000e-01
   endloop
 endfacet
 facet normal  0.0000000000e+00 -0.0000000000e+00 1.0000000000e+00
   outer loop
     vertex 8.9916853402e-01 -1.3654670378e-17 2.9000000000e-01
     vertex 9.1040166468e-01 -1.3537334668e-17 2.9000000000e-01
     vertex 9.1040166468e-01 5.4133523290e-04 2.9000000000e-01
   endloop
 endfacet
 facet normal  0.0000000000e+00 0.0000000000e+00 1.0000000000e+00
   outer loop
     vertex 9.1040166468e-01 5.4133523290e-04 2.9000000000e-01
     vertex 9.1040166468e-01 -1.3537334668e-17 2.9000000000e-01
     vertex 9.1698700296e-01 1.9124581214e-04 2.9000000000e-01
   endloop
 endfacet
 facet normal  0.0000000000e+00 -0.0000000000e+00 1.0000000000e+00
   outer loop
     vertex 9.1040166468e-01 -1.3537334668e-17 2.9000000000e-01
     vertex 9.1698700296e-01 2.6131128357e-18 2.9000000000e-01
     vertex 9.1698700296e-01 1.9124581214e-04 2.9000000000e-01
   endloop
 endfacet
 facet normal  -0.0000000000e+00 0.0000000000e+00 1.0000000000e+00
   outer loop
     vertex 9.1698700296e-01 1.9124581214e-04 2.9000000000e-01
     vertex 9.1698700296e-01 2.6131128357e-18 2.9000000000e-01
     vertex 9.2033756730e-01 -1.5308084989e-17 2.9000000000e-01
   endloop
 endfacet
endsolid
