/*--------------------------------*- C++ -*----------------------------------*\
  =========                 |
  \\      /  F ield         | OpenFOAM: The Open Source CFD Toolbox
   \\    /   O peration     | Website:  https://openfoam.org
    \\  /    A nd           | Version:  11
     \\/     M anipulation  |
\*---------------------------------------------------------------------------*/
FoamFile
{
    format      ascii;
    class       faceSet;
    location    "constant/polyMesh/sets";
    object      nonOrthoFaces;
}
// * * * * * * * * * * * * * * * * * * * * * * * * * * * * * * * * * * * * * //


44163
(
65536 
65537 
65538 
65539 
65540 
65541 
65542 
65543 
65544 
65545 
65546 
65547 
65548 
65549 
65550 
65551 
65552 
65553 
65554 
65555 
65556 
65557 
65558 
65559 
65560 
65561 
65562 
65563 
65564 
128 
131 
132 
134 
137 
138 
139 
140 
141 
142 
144 
147 
148 
149 
150 
151 
152 
153 
154 
155 
65692 
156 
157 
158 
65695 
159 
65696 
160 
161 
65698 
162 
163 
164 
65701 
165 
65702 
166 
65703 
167 
65704 
168 
65705 
169 
65706 
170 
171 
65708 
172 
173 
174 
65711 
175 
65712 
176 
65713 
177 
65714 
178 
65715 
179 
65716 
180 
65717 
181 
65718 
182 
65719 
183 
65720 
184 
65721 
185 
65722 
186 
65723 
187 
65724 
188 
65725 
189 
65726 
190 
65727 
191 
65728 
192 
65729 
193 
65730 
194 
65731 
195 
65732 
196 
65733 
197 
65734 
198 
65735 
199 
65736 
200 
65737 
201 
65738 
202 
65739 
203 
65740 
204 
65741 
205 
65742 
206 
65743 
207 
65744 
208 
65745 
209 
65746 
210 
65747 
211 
65748 
212 
65749 
213 
65750 
214 
65751 
215 
65752 
216 
65753 
217 
65754 
218 
65755 
219 
65756 
220 
65757 
221 
65758 
222 
65759 
223 
65760 
224 
65761 
225 
65762 
226 
65763 
227 
65764 
228 
65765 
229 
65766 
230 
65767 
231 
65768 
232 
65769 
233 
65770 
234 
65771 
235 
65772 
236 
65773 
237 
65774 
238 
239 
65776 
65777 
65778 
65779 
65780 
65781 
65782 
65783 
65784 
65785 
65786 
65787 
65788 
65789 
65790 
65791 
65792 
65793 
65794 
65795 
65796 
65797 
65798 
65799 
65800 
65801 
65802 
65803 
368 
371 
372 
374 
377 
378 
379 
380 
381 
382 
384 
387 
388 
389 
390 
391 
392 
393 
394 
65931 
395 
396 
397 
65934 
398 
65935 
399 
400 
65937 
401 
402 
403 
65940 
404 
65941 
405 
65942 
406 
65943 
407 
65944 
408 
65945 
409 
410 
65947 
411 
412 
413 
65950 
414 
65951 
415 
65952 
416 
65953 
417 
65954 
418 
65955 
419 
65956 
420 
65957 
421 
65958 
422 
65959 
423 
65960 
424 
65961 
425 
65962 
426 
65963 
427 
65964 
428 
65965 
429 
65966 
430 
65967 
431 
65968 
432 
65969 
433 
65970 
434 
65971 
435 
65972 
436 
65973 
437 
65974 
438 
65975 
439 
65976 
440 
65977 
441 
65978 
442 
65979 
443 
65980 
444 
65981 
445 
65982 
446 
65983 
447 
65984 
448 
65985 
449 
65986 
450 
65987 
451 
65988 
452 
65989 
453 
65990 
454 
65991 
455 
65992 
456 
65993 
457 
65994 
458 
65995 
459 
65996 
460 
65997 
461 
65998 
462 
65999 
463 
66000 
464 
66001 
465 
66002 
466 
66003 
467 
66004 
468 
66005 
469 
66006 
470 
66007 
471 
66008 
472 
66009 
473 
66010 
474 
66011 
475 
66012 
476 
66013 
477 
66014 
478 
66015 
479 
66016 
66017 
66018 
66019 
66020 
66021 
66022 
66023 
66024 
66025 
66026 
66027 
66028 
66029 
66030 
66031 
66032 
66033 
66034 
66035 
66036 
66037 
66038 
66039 
66040 
66041 
66042 
608 
611 
612 
614 
617 
618 
619 
620 
621 
622 
624 
627 
628 
629 
630 
66167 
631 
632 
66169 
633 
66170 
634 
635 
636 
66173 
637 
66174 
638 
639 
66176 
640 
641 
642 
66179 
643 
66180 
644 
66181 
645 
66182 
646 
66183 
647 
66184 
648 
649 
66186 
650 
651 
652 
66189 
653 
66190 
654 
66191 
655 
66192 
656 
66193 
657 
66194 
658 
66195 
659 
66196 
660 
66197 
661 
66198 
662 
66199 
663 
66200 
664 
66201 
665 
66202 
666 
66203 
667 
66204 
668 
66205 
669 
66206 
670 
66207 
671 
66208 
672 
66209 
673 
66210 
674 
66211 
675 
66212 
676 
66213 
677 
66214 
678 
66215 
679 
66216 
680 
66217 
681 
66218 
682 
66219 
683 
66220 
684 
66221 
685 
66222 
686 
66223 
687 
66224 
688 
66225 
689 
66226 
690 
66227 
691 
66228 
692 
66229 
693 
66230 
694 
66231 
695 
66232 
696 
66233 
697 
66234 
698 
66235 
699 
66236 
700 
66237 
701 
66238 
702 
66239 
703 
66240 
704 
66241 
705 
66242 
706 
707 
66244 
708 
66245 
709 
66246 
710 
66247 
711 
66248 
712 
66249 
713 
66250 
714 
66251 
715 
66252 
716 
717 
66254 
718 
66255 
719 
66256 
66257 
66258 
66259 
66260 
66261 
66262 
66263 
66264 
66265 
66266 
66267 
66268 
66269 
66270 
66271 
66272 
66273 
66274 
66275 
66276 
66277 
66278 
66279 
66280 
66281 
848 
851 
852 
854 
857 
858 
859 
860 
861 
862 
864 
867 
868 
869 
66406 
870 
871 
66408 
872 
66409 
873 
874 
875 
66412 
876 
66413 
877 
878 
66415 
879 
880 
881 
66418 
882 
66419 
883 
66420 
884 
66421 
885 
66422 
886 
66423 
887 
888 
66425 
889 
890 
891 
66428 
892 
66429 
893 
66430 
894 
66431 
895 
66432 
896 
66433 
897 
66434 
898 
66435 
899 
66436 
900 
66437 
901 
66438 
902 
66439 
903 
66440 
904 
66441 
905 
66442 
906 
66443 
907 
66444 
908 
66445 
909 
66446 
910 
66447 
911 
66448 
912 
66449 
913 
66450 
914 
66451 
915 
66452 
916 
66453 
917 
66454 
918 
66455 
919 
66456 
920 
66457 
66458 
922 
66459 
923 
66460 
924 
66461 
925 
66462 
926 
66463 
927 
66464 
928 
66465 
929 
66466 
930 
66467 
66468 
932 
66469 
933 
66470 
934 
66471 
935 
66472 
936 
66473 
937 
66474 
938 
66475 
939 
66476 
940 
66477 
941 
66478 
942 
66479 
943 
66480 
944 
66481 
945 
66482 
946 
66483 
947 
66484 
948 
66485 
949 
66486 
950 
66487 
951 
66488 
952 
66489 
953 
66490 
954 
66491 
955 
66492 
956 
66493 
957 
66494 
958 
66495 
959 
66496 
66497 
66498 
66499 
66500 
66501 
66502 
66503 
66504 
66505 
66506 
66507 
66508 
66509 
66510 
66511 
66512 
66513 
66514 
66515 
66516 
66517 
66518 
66519 
66520 
1088 
1091 
1092 
1094 
1097 
1098 
1099 
1100 
1101 
1102 
1104 
1107 
1108 
1109 
1110 
1111 
66648 
1112 
1113 
1114 
66651 
1115 
66652 
1116 
1117 
66654 
1118 
1119 
1120 
66657 
1121 
66658 
1122 
66659 
1123 
66660 
1124 
66661 
1125 
66662 
1126 
1127 
66664 
1128 
1129 
1130 
66667 
1131 
66668 
1132 
66669 
1133 
66670 
1134 
66671 
1135 
66672 
1136 
66673 
1137 
66674 
1138 
66675 
1139 
66676 
1140 
66677 
1141 
66678 
1142 
66679 
1143 
66680 
1144 
66681 
1145 
66682 
1146 
66683 
1147 
66684 
1148 
66685 
1149 
66686 
1150 
66687 
1151 
66688 
1152 
66689 
1153 
66690 
1154 
66691 
1155 
66692 
1156 
66693 
1157 
66694 
1158 
66695 
1159 
66696 
1160 
66697 
66698 
1162 
66699 
1163 
66700 
1164 
66701 
1165 
66702 
1166 
66703 
1167 
66704 
1168 
66705 
1169 
66706 
1170 
66707 
66708 
1172 
66709 
1173 
66710 
1174 
66711 
1175 
66712 
1176 
66713 
1177 
66714 
1178 
66715 
1179 
66716 
1180 
66717 
1181 
66718 
1182 
66719 
1183 
66720 
1184 
1185 
66722 
1186 
66723 
1187 
66724 
1188 
66725 
1189 
66726 
1190 
66727 
1191 
66728 
1192 
66729 
1193 
66730 
1194 
1195 
66732 
1196 
66733 
1197 
66734 
1198 
66735 
1199 
66736 
66737 
66738 
66739 
66740 
66741 
66742 
66743 
66744 
66745 
66746 
66747 
66748 
66749 
66750 
66751 
66752 
66753 
66754 
66755 
66756 
66757 
66758 
66759 
1287 
1328 
1329 
1331 
1332 
1334 
1337 
1338 
1339 
1340 
1341 
1342 
1344 
1347 
1348 
1349 
1350 
66887 
1351 
1352 
1353 
66890 
1354 
66891 
1355 
1356 
66893 
1357 
1358 
1359 
66896 
1360 
66897 
1361 
66898 
1362 
66899 
1363 
66900 
1364 
66901 
1365 
1366 
66903 
1367 
1368 
1369 
66906 
1370 
66907 
1371 
66908 
1372 
66909 
1373 
66910 
1374 
66911 
1375 
66912 
1376 
66913 
1377 
66914 
1378 
66915 
1379 
66916 
1380 
66917 
1381 
66918 
1382 
66919 
1383 
66920 
1384 
66921 
1385 
66922 
1386 
66923 
1387 
66924 
1388 
66925 
1389 
66926 
1390 
66927 
1391 
66928 
1392 
66929 
1393 
66930 
1394 
66931 
1395 
66932 
1396 
66933 
1397 
66934 
1398 
66935 
1399 
66936 
1400 
66937 
1401 
66938 
1402 
66939 
1403 
66940 
1404 
66941 
1405 
66942 
1406 
66943 
1407 
66944 
1408 
66945 
1409 
66946 
1410 
66947 
1411 
66948 
1412 
66949 
1413 
66950 
1414 
66951 
1415 
66952 
1416 
66953 
1417 
66954 
1418 
66955 
1419 
66956 
1420 
66957 
1421 
66958 
1422 
66959 
1423 
1424 
66961 
1425 
66962 
1426 
66963 
1427 
66964 
1428 
66965 
1429 
66966 
1430 
66967 
1431 
66968 
1432 
66969 
1433 
1434 
66971 
1435 
66972 
1436 
66973 
1437 
66974 
1438 
66975 
1439 
66976 
66977 
66978 
66979 
66980 
66981 
66982 
66983 
66984 
66985 
66986 
66987 
66988 
66989 
66990 
66991 
66992 
66993 
66994 
66995 
66996 
66997 
66998 
1568 
1571 
1572 
1574 
1577 
1578 
1579 
1580 
1581 
1582 
1584 
1587 
1588 
1589 
67126 
1590 
1591 
1592 
67129 
1593 
67130 
1594 
1595 
67132 
1596 
1597 
1598 
67135 
1599 
67136 
1600 
67137 
1601 
67138 
1602 
67139 
1603 
67140 
1604 
1605 
67142 
1606 
1607 
1608 
67145 
1609 
67146 
1610 
67147 
1611 
67148 
1612 
67149 
1613 
67150 
1614 
67151 
1615 
67152 
1616 
67153 
1617 
67154 
1618 
67155 
1619 
67156 
1620 
67157 
1621 
67158 
1622 
67159 
1623 
67160 
1624 
67161 
1625 
67162 
1626 
67163 
1627 
67164 
1628 
67165 
1629 
67166 
1630 
67167 
1631 
67168 
1632 
67169 
1633 
67170 
1634 
67171 
1635 
67172 
1636 
67173 
1637 
67174 
1638 
67175 
1639 
67176 
1640 
67177 
67178 
1642 
67179 
1643 
67180 
1644 
67181 
1645 
67182 
1646 
67183 
1647 
67184 
1648 
67185 
1649 
67186 
1650 
67187 
67188 
1652 
67189 
1653 
67190 
1654 
67191 
1655 
67192 
1656 
67193 
1657 
67194 
1658 
67195 
1659 
67196 
1660 
67197 
1661 
67198 
1662 
67199 
1663 
67200 
1664 
67201 
1665 
67202 
1666 
67203 
1667 
67204 
1668 
67205 
1669 
67206 
1670 
67207 
1671 
67208 
1672 
67209 
1673 
67210 
1674 
67211 
1675 
67212 
1676 
67213 
1677 
67214 
1678 
67215 
1679 
67216 
67217 
67218 
67219 
67220 
67221 
67222 
67223 
67224 
67225 
67226 
67227 
67228 
67229 
67230 
67231 
67232 
67233 
67234 
67235 
67236 
67237 
1808 
1811 
1812 
1814 
1817 
1818 
1819 
1820 
1821 
1822 
1824 
1827 
1828 
67365 
1829 
1830 
1831 
67368 
1832 
67369 
1833 
1834 
67371 
1835 
67372 
1836 
1837 
67374 
1838 
67375 
1839 
67376 
1840 
67377 
1841 
67378 
1842 
67379 
1843 
1844 
67381 
1845 
1846 
1847 
67384 
1848 
67385 
1849 
67386 
1850 
67387 
1851 
67388 
1852 
67389 
1853 
67390 
1854 
67391 
1855 
67392 
1856 
67393 
1857 
67394 
1858 
67395 
1859 
67396 
1860 
67397 
1861 
67398 
1862 
67399 
1863 
67400 
1864 
67401 
1865 
67402 
1866 
67403 
1867 
67404 
1868 
67405 
1869 
67406 
1870 
67407 
1871 
67408 
1872 
67409 
1873 
67410 
1874 
67411 
1875 
67412 
1876 
67413 
1877 
67414 
1878 
67415 
1879 
67416 
1880 
67417 
67418 
1882 
67419 
1883 
67420 
1884 
67421 
1885 
67422 
1886 
67423 
1887 
67424 
1888 
67425 
1889 
67426 
1890 
67427 
67428 
1892 
67429 
1893 
67430 
1894 
67431 
1895 
67432 
1896 
67433 
1897 
67434 
1898 
67435 
1899 
67436 
1900 
67437 
1901 
67438 
1902 
67439 
1903 
67440 
1904 
67441 
1905 
67442 
1906 
67443 
1907 
67444 
1908 
67445 
1909 
67446 
1910 
67447 
1911 
67448 
1912 
67449 
1913 
67450 
1914 
67451 
1915 
67452 
1916 
67453 
1917 
67454 
1918 
67455 
1919 
67456 
67457 
67458 
67459 
67460 
67461 
67462 
67463 
67464 
67465 
67466 
67467 
67468 
67469 
67470 
67471 
67472 
67473 
67474 
67475 
67476 
2048 
2051 
2052 
2054 
2057 
2058 
2059 
2060 
2061 
2062 
2064 
2067 
67604 
2068 
2069 
2070 
67607 
2071 
67608 
2072 
2073 
67610 
2074 
67611 
2075 
2076 
67613 
2077 
67614 
2078 
67615 
2079 
67616 
2080 
67617 
2081 
67618 
2082 
2083 
67620 
2084 
2085 
2086 
67623 
2087 
67624 
2088 
67625 
2089 
67626 
2090 
67627 
2091 
67628 
2092 
67629 
2093 
67630 
2094 
67631 
2095 
67632 
2096 
67633 
2097 
67634 
2098 
67635 
2099 
67636 
2100 
67637 
2101 
67638 
2102 
67639 
2103 
67640 
2104 
67641 
2105 
67642 
2106 
67643 
2107 
67644 
2108 
67645 
2109 
67646 
2110 
67647 
2111 
67648 
2112 
67649 
2113 
67650 
2114 
67651 
2115 
67652 
2116 
67653 
2117 
67654 
2118 
67655 
2119 
67656 
2120 
67657 
2121 
67658 
2122 
67659 
2123 
67660 
2124 
67661 
2125 
67662 
2126 
67663 
2127 
67664 
2128 
67665 
2129 
67666 
2130 
67667 
2131 
67668 
2132 
67669 
2133 
67670 
2134 
67671 
2135 
67672 
2136 
67673 
2137 
67674 
2138 
67675 
2139 
67676 
2140 
67677 
2141 
67678 
2142 
67679 
2143 
67680 
2144 
67681 
2145 
67682 
2146 
67683 
2147 
67684 
2148 
67685 
2149 
67686 
2150 
67687 
2151 
67688 
2152 
67689 
2153 
67690 
2154 
67691 
2155 
67692 
2156 
67693 
2157 
67694 
2158 
67695 
2159 
67696 
67697 
67698 
67699 
67700 
67701 
67702 
67703 
67704 
67705 
67706 
67707 
67708 
67709 
67710 
67711 
67712 
67713 
67714 
67715 
2288 
2291 
2292 
2294 
2297 
2298 
2299 
2300 
2301 
2302 
2304 
67843 
2307 
2308 
2309 
67846 
2310 
67847 
2311 
2312 
67849 
2313 
2314 
2315 
67852 
2316 
67853 
2317 
67854 
2318 
67855 
2319 
67856 
2320 
67857 
2321 
2322 
67859 
2323 
2324 
2325 
67862 
2326 
67863 
2327 
67864 
2328 
67865 
2329 
67866 
2330 
67867 
2331 
67868 
2332 
67869 
2333 
67870 
2334 
67871 
2335 
67872 
2336 
67873 
2337 
67874 
2338 
67875 
2339 
67876 
2340 
67877 
2341 
67878 
2342 
67879 
2343 
67880 
2344 
67881 
2345 
67882 
2346 
67883 
2347 
67884 
2348 
67885 
2349 
67886 
2350 
67887 
2351 
67888 
2352 
67889 
2353 
67890 
2354 
67891 
2355 
67892 
2356 
67893 
2357 
67894 
2358 
67895 
2359 
67896 
2360 
67897 
2361 
67898 
2362 
67899 
2363 
67900 
2364 
67901 
2365 
67902 
2366 
67903 
2367 
67904 
2368 
67905 
2369 
67906 
2370 
67907 
2371 
67908 
2372 
67909 
2373 
67910 
2374 
67911 
2375 
67912 
2376 
67913 
2377 
67914 
2378 
67915 
2379 
2380 
67917 
2381 
67918 
2382 
67919 
2383 
67920 
2384 
67921 
2385 
67922 
2386 
67923 
2387 
67924 
2388 
67925 
2389 
2390 
67927 
2391 
67928 
2392 
67929 
2393 
67930 
2394 
67931 
2395 
67932 
2396 
67933 
2397 
67934 
2398 
67935 
2399 
67936 
67937 
67938 
67939 
67940 
67941 
67942 
67943 
67944 
67945 
67946 
67947 
67948 
67949 
67950 
67951 
67952 
67953 
67954 
2528 
2531 
2532 
2534 
2537 
2538 
2539 
2540 
2541 
2542 
2544 
68082 
2547 
2548 
68085 
2549 
68086 
2550 
2551 
68088 
2552 
2553 
2554 
68091 
2555 
68092 
2556 
68093 
2557 
68094 
2558 
68095 
2559 
68096 
2560 
2561 
68098 
2562 
2563 
2564 
68101 
2565 
68102 
2566 
68103 
2567 
68104 
2568 
68105 
2569 
68106 
2570 
68107 
2571 
68108 
2572 
68109 
2573 
68110 
2574 
68111 
2575 
68112 
2576 
68113 
2577 
68114 
2578 
68115 
2579 
68116 
2580 
68117 
2581 
68118 
2582 
68119 
2583 
68120 
2584 
68121 
2585 
68122 
2586 
68123 
2587 
68124 
2588 
68125 
2589 
68126 
2590 
68127 
2591 
68128 
2592 
68129 
2593 
68130 
2594 
68131 
2595 
68132 
2596 
68133 
2597 
68134 
2598 
68135 
2599 
68136 
2600 
68137 
2601 
68138 
2602 
68139 
2603 
68140 
2604 
68141 
2605 
68142 
2606 
68143 
2607 
68144 
2608 
68145 
2609 
68146 
2610 
68147 
2611 
68148 
2612 
68149 
2613 
68150 
2614 
68151 
2615 
68152 
2616 
68153 
2617 
68154 
2618 
68155 
2619 
68156 
2620 
68157 
2621 
68158 
2622 
68159 
2623 
68160 
2624 
68161 
2625 
68162 
2626 
68163 
2627 
68164 
2628 
68165 
2629 
68166 
2630 
68167 
2631 
68168 
2632 
68169 
2633 
68170 
2634 
68171 
2635 
68172 
2636 
68173 
2637 
68174 
2638 
68175 
2639 
68176 
68177 
68178 
68179 
68180 
68181 
68182 
68183 
68184 
68185 
68186 
68187 
68188 
68189 
68190 
68191 
68192 
68193 
2731 
2733 
2735 
2765 
2767 
2768 
2771 
2772 
2774 
2777 
2778 
2779 
2780 
2781 
2782 
2784 
68321 
2787 
68324 
2788 
68325 
2789 
2790 
68327 
2791 
2792 
2793 
68330 
2794 
68331 
2795 
68332 
2796 
68333 
2797 
68334 
2798 
68335 
2799 
2800 
68337 
2801 
2802 
2803 
68340 
2804 
68341 
2805 
68342 
2806 
68343 
2807 
68344 
2808 
68345 
2809 
68346 
2810 
68347 
2811 
68348 
2812 
68349 
2813 
68350 
2814 
68351 
2815 
68352 
2816 
68353 
2817 
68354 
2818 
68355 
2819 
68356 
2820 
68357 
2821 
68358 
2822 
68359 
2823 
68360 
2824 
68361 
2825 
68362 
2826 
68363 
2827 
68364 
2828 
68365 
2829 
68366 
2830 
68367 
2831 
68368 
2832 
68369 
2833 
68370 
2834 
68371 
2835 
68372 
2836 
68373 
2837 
68374 
2838 
68375 
2839 
68376 
2840 
68377 
2841 
68378 
2842 
68379 
2843 
68380 
2844 
68381 
2845 
68382 
2846 
68383 
2847 
68384 
2848 
68385 
2849 
68386 
2850 
68387 
2851 
68388 
2852 
68389 
2853 
68390 
2854 
68391 
2855 
68392 
2856 
68393 
2857 
68394 
2858 
68395 
2859 
68396 
2860 
68397 
2861 
68398 
2862 
68399 
2863 
68400 
2864 
68401 
2865 
68402 
2866 
68403 
2867 
68404 
2868 
68405 
2869 
68406 
2870 
68407 
2871 
68408 
2872 
68409 
2873 
68410 
2874 
68411 
2875 
68412 
2876 
68413 
2877 
68414 
2878 
68415 
2879 
68416 
68417 
68418 
68419 
68420 
68421 
68422 
68423 
68424 
68425 
68426 
68427 
68428 
68429 
68430 
68431 
68432 
3005 
3007 
3008 
3011 
3012 
3013 
3014 
3017 
3018 
3019 
3020 
3021 
3022 
68560 
3024 
68563 
3027 
68564 
3028 
3029 
68566 
3030 
3031 
3032 
68569 
3033 
68570 
3034 
68571 
3035 
68572 
3036 
68573 
3037 
68574 
3038 
3039 
68576 
3040 
3041 
3042 
68579 
3043 
68580 
3044 
68581 
3045 
68582 
3046 
68583 
3047 
68584 
3048 
68585 
3049 
68586 
3050 
68587 
3051 
68588 
3052 
68589 
3053 
68590 
3054 
68591 
3055 
68592 
3056 
68593 
3057 
68594 
3058 
68595 
3059 
68596 
3060 
68597 
3061 
68598 
3062 
68599 
3063 
68600 
3064 
68601 
3065 
68602 
3066 
68603 
3067 
68604 
3068 
68605 
3069 
68606 
3070 
68607 
3071 
68608 
3072 
68609 
3073 
68610 
3074 
68611 
3075 
68612 
3076 
68613 
3077 
68614 
3078 
68615 
3079 
68616 
3080 
68617 
68618 
3082 
68619 
3083 
68620 
3084 
68621 
3085 
68622 
3086 
68623 
3087 
68624 
3088 
68625 
3089 
68626 
3090 
68627 
68628 
3092 
68629 
3093 
68630 
3094 
68631 
3095 
68632 
3096 
68633 
3097 
68634 
3098 
68635 
3099 
68636 
3100 
68637 
3101 
68638 
3102 
68639 
3103 
68640 
3104 
68641 
3105 
68642 
3106 
68643 
3107 
68644 
3108 
68645 
3109 
68646 
3110 
68647 
3111 
68648 
3112 
68649 
3113 
68650 
3114 
68651 
3115 
68652 
3116 
68653 
3117 
68654 
3118 
68655 
3119 
68656 
68657 
68658 
68659 
68660 
68661 
68662 
68663 
68664 
68665 
68666 
68667 
68668 
68669 
68670 
68671 
3248 
3251 
3252 
3254 
3257 
3258 
3259 
3260 
3261 
3262 
68799 
3264 
68802 
68803 
3267 
3268 
68805 
3269 
68806 
3270 
3271 
68808 
3272 
68809 
3273 
68810 
3274 
68811 
3275 
68812 
3276 
68813 
3277 
3278 
68815 
3279 
3280 
3281 
68818 
3282 
68819 
3283 
68820 
3284 
68821 
3285 
68822 
3286 
68823 
3287 
68824 
3288 
68825 
3289 
68826 
3290 
68827 
3291 
68828 
3292 
68829 
3293 
68830 
3294 
68831 
3295 
68832 
3296 
68833 
3297 
68834 
3298 
68835 
3299 
68836 
3300 
68837 
3301 
68838 
3302 
68839 
3303 
68840 
3304 
68841 
3305 
68842 
3306 
68843 
3307 
68844 
3308 
68845 
3309 
68846 
3310 
68847 
3311 
68848 
3312 
68849 
3313 
68850 
3314 
68851 
3315 
68852 
3316 
68853 
3317 
68854 
3318 
68855 
3319 
68856 
3320 
68857 
3321 
68858 
3322 
68859 
3323 
68860 
3324 
68861 
3325 
68862 
3326 
68863 
3327 
68864 
3328 
68865 
3329 
68866 
3330 
68867 
3331 
68868 
3332 
68869 
3333 
68870 
3334 
68871 
3335 
68872 
3336 
68873 
3337 
68874 
3338 
68875 
3339 
68876 
3340 
68877 
3341 
68878 
3342 
68879 
3343 
68880 
3344 
68881 
3345 
68882 
3346 
68883 
3347 
68884 
3348 
68885 
3349 
68886 
3350 
68887 
3351 
68888 
3352 
68889 
3353 
68890 
3354 
68891 
3355 
68892 
3356 
68893 
3357 
68894 
3358 
68895 
3359 
68896 
68897 
68898 
68899 
68900 
68901 
68902 
68903 
68904 
68905 
68906 
68907 
68908 
68909 
68910 
3453 
3455 
3457 
3475 
3477 
3479 
3488 
3489 
3491 
3492 
3493 
3494 
3497 
3498 
69035 
3499 
3500 
69037 
3501 
69038 
3502 
3504 
69041 
69042 
3507 
69044 
3508 
3509 
3510 
69047 
3511 
69048 
3512 
69049 
3513 
69050 
3514 
69051 
3515 
69052 
3516 
3517 
69054 
3518 
3519 
3520 
69057 
3521 
69058 
3522 
69059 
3523 
69060 
3524 
69061 
3525 
69062 
3526 
69063 
3527 
69064 
3528 
69065 
3529 
69066 
3530 
69067 
3531 
69068 
3532 
69069 
3533 
69070 
3534 
69071 
3535 
69072 
3536 
69073 
3537 
69074 
3538 
69075 
3539 
69076 
3540 
69077 
3541 
69078 
3542 
69079 
3543 
69080 
3544 
69081 
3545 
69082 
3546 
69083 
3547 
69084 
3548 
69085 
3549 
69086 
3550 
69087 
3551 
69088 
3552 
69089 
3553 
69090 
3554 
69091 
3555 
69092 
3556 
69093 
3557 
69094 
3558 
69095 
3559 
69096 
3560 
69097 
69098 
3562 
69099 
3563 
69100 
3564 
69101 
3565 
69102 
3566 
69103 
3567 
69104 
3568 
69105 
3569 
69106 
3570 
69107 
69108 
3572 
69109 
3573 
69110 
3574 
69111 
3575 
69112 
3576 
69113 
69114 
3578 
69115 
3579 
69116 
3580 
69117 
3581 
69118 
3582 
69119 
3583 
69120 
3584 
69121 
3585 
69122 
3586 
69123 
3587 
69124 
3588 
69125 
3589 
69126 
3590 
69127 
3591 
69128 
3592 
69129 
3593 
69130 
3594 
69131 
3595 
69132 
3596 
69133 
3597 
69134 
3598 
69135 
3599 
69136 
69137 
69138 
69139 
69140 
69141 
69142 
69143 
69144 
69145 
69146 
69147 
69148 
69149 
3728 
3731 
3732 
3733 
3734 
3737 
69274 
3738 
3739 
69276 
3740 
69277 
3741 
3742 
69280 
3744 
69281 
69283 
3747 
3748 
3749 
69286 
3750 
69287 
3751 
69288 
3752 
69289 
3753 
69290 
3754 
69291 
3755 
3756 
69293 
3757 
3758 
3759 
69296 
3760 
69297 
3761 
69298 
3762 
69299 
3763 
69300 
3764 
69301 
3765 
69302 
3766 
69303 
3767 
69304 
3768 
69305 
3769 
69306 
3770 
69307 
3771 
69308 
3772 
69309 
3773 
69310 
3774 
69311 
3775 
69312 
3776 
69313 
3777 
69314 
3778 
69315 
3779 
69316 
3780 
69317 
3781 
69318 
3782 
69319 
3783 
69320 
3784 
69321 
3785 
69322 
3786 
69323 
3787 
69324 
3788 
69325 
3789 
69326 
3790 
69327 
3791 
69328 
3792 
69329 
3793 
69330 
3794 
69331 
3795 
69332 
3796 
69333 
3797 
69334 
3798 
69335 
3799 
69336 
3800 
69337 
3801 
69338 
3802 
69339 
3803 
69340 
3804 
69341 
3805 
69342 
3806 
69343 
3807 
69344 
3808 
69345 
3809 
69346 
3810 
69347 
69348 
3812 
69349 
3813 
69350 
3814 
69351 
3815 
69352 
3816 
69353 
3817 
69354 
3818 
69355 
3819 
69356 
3820 
69357 
3821 
69358 
3822 
69359 
3824 
69361 
3825 
69362 
3826 
69363 
3827 
69364 
3828 
69365 
3829 
69366 
3830 
69367 
3831 
69368 
3832 
69369 
3833 
69370 
3834 
69371 
3835 
69372 
3836 
69373 
3837 
69374 
3838 
69375 
3839 
69376 
69377 
69378 
69379 
69380 
69381 
69382 
69383 
69384 
69385 
69386 
69387 
69388 
3968 
3971 
3972 
3974 
3975 
3977 
3978 
3979 
69516 
3980 
3981 
3982 
69519 
3983 
69520 
3984 
3985 
69522 
3987 
3988 
69525 
3989 
69526 
3990 
69527 
3991 
69528 
3992 
69529 
3993 
69530 
3994 
3995 
69532 
3996 
3997 
3998 
69535 
3999 
69536 
4000 
69537 
4001 
69538 
4002 
69539 
4003 
69540 
4004 
69541 
4005 
69542 
4006 
69543 
4007 
69544 
4008 
69545 
4009 
69546 
4010 
69547 
4011 
69548 
4012 
69549 
4013 
69550 
4014 
69551 
4015 
69552 
4016 
69553 
4017 
69554 
4018 
69555 
4019 
69556 
4020 
69557 
4021 
69558 
4022 
69559 
4023 
69560 
4024 
69561 
4025 
69562 
4026 
69563 
4027 
69564 
4028 
69565 
4029 
69566 
4030 
69567 
4031 
69568 
4032 
69569 
4033 
69570 
4034 
69571 
4035 
69572 
4036 
69573 
4037 
69574 
4038 
69575 
4039 
69576 
4040 
69577 
4041 
69578 
4042 
69579 
4043 
69580 
4044 
69581 
4045 
69582 
4046 
69583 
4047 
69584 
4048 
69585 
4049 
69586 
4050 
69587 
4051 
69588 
4052 
69589 
4053 
69590 
4054 
69591 
4055 
69592 
4056 
69593 
4057 
69594 
4058 
69595 
4059 
69596 
4060 
69597 
4061 
69598 
4062 
69599 
4063 
69600 
4064 
69601 
4065 
69602 
4066 
69603 
4067 
69604 
4068 
69605 
4069 
69606 
4070 
69607 
4071 
69608 
4072 
69609 
4073 
69610 
4074 
69611 
4075 
69612 
4076 
69613 
4077 
69614 
4078 
69615 
4079 
69616 
69617 
69618 
69619 
69620 
69621 
69622 
69623 
69624 
69625 
69626 
69627 
4169 
4171 
4173 
4205 
4207 
4208 
4211 
4212 
4213 
4214 
4217 
4218 
69755 
4219 
4220 
4221 
69758 
4222 
69759 
4223 
4224 
69761 
4227 
69764 
4228 
69765 
4229 
69766 
4230 
69767 
4231 
69768 
4232 
69769 
4233 
4234 
69771 
4235 
4236 
4237 
69774 
4238 
69775 
4239 
69776 
4240 
69777 
4241 
69778 
4242 
69779 
4243 
69780 
4244 
69781 
4245 
69782 
4246 
69783 
4247 
69784 
4248 
69785 
4249 
69786 
4250 
69787 
4251 
69788 
4252 
69789 
4253 
69790 
4254 
69791 
4255 
69792 
4256 
69793 
4257 
69794 
4258 
69795 
4259 
69796 
4260 
69797 
4261 
69798 
4262 
69799 
4263 
69800 
4264 
69801 
4265 
69802 
4266 
69803 
4267 
69804 
4268 
69805 
4269 
69806 
4270 
69807 
4271 
69808 
4272 
69809 
4273 
69810 
4274 
69811 
4275 
69812 
4276 
69813 
4277 
69814 
4278 
69815 
4279 
69816 
4280 
69817 
69818 
4282 
69819 
4283 
69820 
4284 
69821 
4285 
69822 
4286 
69823 
4287 
69824 
4288 
69825 
4289 
69826 
4290 
69827 
69828 
4292 
69829 
4293 
69830 
4294 
69831 
4295 
69832 
4296 
69833 
4297 
69834 
4298 
69835 
4299 
69836 
4300 
69837 
4301 
69838 
4302 
69839 
4303 
69840 
4304 
69841 
4305 
69842 
4306 
69843 
4307 
69844 
4308 
69845 
4309 
69846 
4310 
69847 
4311 
69848 
4312 
69849 
4313 
69850 
4314 
69851 
4315 
69852 
4316 
69853 
4317 
69854 
4318 
69855 
4319 
69856 
69857 
69858 
69859 
69860 
69861 
69862 
69863 
69864 
69865 
69866 
69868 
4448 
4451 
4452 
4454 
4457 
69994 
4458 
4459 
4460 
69997 
4461 
69998 
4462 
70000 
4464 
70003 
4467 
70004 
4468 
70005 
4469 
70006 
4470 
70007 
4471 
70008 
4472 
4473 
70010 
4474 
4475 
4476 
70013 
4477 
70014 
4478 
70015 
4479 
70016 
4480 
70017 
4481 
70018 
4482 
70019 
4483 
70020 
4484 
70021 
4485 
70022 
4486 
70023 
4487 
70024 
4488 
70025 
4489 
70026 
4490 
70027 
4491 
70028 
4492 
70029 
4493 
70030 
4494 
70031 
4495 
70032 
4496 
70033 
4497 
70034 
4498 
70035 
4499 
70036 
4500 
70037 
4501 
70038 
4502 
70039 
4503 
70040 
4504 
70041 
4505 
70042 
4506 
70043 
4507 
70044 
4508 
70045 
4509 
70046 
4510 
70047 
4511 
70048 
4512 
70049 
4513 
70050 
4514 
70051 
4515 
70052 
4516 
70053 
4517 
70054 
4518 
70055 
4519 
70056 
4520 
70057 
70058 
4522 
70059 
4523 
70060 
4524 
70061 
4525 
70062 
4526 
70063 
4527 
70064 
4528 
70065 
4529 
70066 
4530 
70067 
70068 
4532 
70069 
4533 
70070 
4534 
70071 
4535 
70072 
4536 
70073 
4537 
70074 
4538 
70075 
4539 
70076 
4540 
70077 
4541 
70078 
4542 
70079 
4543 
70080 
4544 
70081 
4545 
70082 
4546 
70083 
4547 
70084 
4548 
70085 
4549 
70086 
4550 
70087 
4551 
70088 
4552 
70089 
4553 
70090 
4554 
70091 
4555 
70092 
4556 
70093 
4557 
70094 
4558 
70095 
4559 
70096 
70097 
70098 
70099 
70100 
70101 
70102 
70103 
70104 
70105 
70107 
4688 
4689 
4691 
4692 
70230 
4694 
70232 
70233 
4697 
4698 
4699 
70236 
4700 
70237 
4701 
4702 
70239 
4704 
70242 
70243 
4707 
70244 
4708 
70245 
4709 
70246 
4710 
70247 
4711 
4712 
70249 
4713 
4714 
4715 
70252 
4716 
70253 
4717 
70254 
4718 
70255 
4719 
70256 
4720 
70257 
4721 
70258 
4722 
70259 
4723 
70260 
4724 
70261 
4725 
70262 
4726 
70263 
4727 
70264 
4728 
70265 
4729 
70266 
4730 
70267 
4731 
70268 
4732 
70269 
4733 
70270 
4734 
70271 
4735 
70272 
4736 
70273 
4737 
70274 
4738 
70275 
4739 
70276 
4740 
70277 
4741 
70278 
4742 
70279 
4743 
70280 
4744 
70281 
4745 
70282 
4746 
70283 
4747 
70284 
4748 
70285 
4749 
70286 
4750 
70287 
4751 
70288 
4752 
70289 
4753 
70290 
4754 
70291 
4755 
70292 
4756 
70293 
4757 
70294 
4758 
70295 
4759 
70296 
4760 
70297 
4761 
70298 
4762 
70299 
4763 
70300 
4764 
70301 
4765 
70302 
4766 
70303 
4767 
70304 
4768 
70305 
4769 
70306 
4770 
70307 
4771 
70308 
4772 
70309 
4773 
70310 
4774 
70311 
4775 
70312 
4776 
70313 
4777 
70314 
4778 
70315 
4779 
70316 
4780 
70317 
4781 
70318 
4782 
70319 
4783 
70320 
4784 
70321 
4785 
70322 
4786 
70323 
4787 
70324 
4788 
70325 
4789 
70326 
4790 
70327 
4791 
70328 
4792 
70329 
4793 
70330 
4794 
70331 
4795 
70332 
4796 
70333 
4797 
70334 
4798 
70335 
4799 
70336 
70337 
70338 
70339 
70340 
70341 
70342 
70343 
70344 
70346 
4891 
4928 
4929 
4931 
4932 
4934 
70472 
4937 
4938 
70475 
4939 
70476 
4940 
4941 
70478 
4942 
4944 
70481 
70482 
70483 
4947 
70484 
4948 
70485 
4949 
70486 
4950 
4951 
70488 
4952 
4953 
4954 
70491 
4955 
70492 
4956 
70493 
4957 
70494 
4958 
70495 
4959 
70496 
4960 
70497 
4961 
70498 
4962 
70499 
4963 
70500 
4964 
70501 
4965 
70502 
4966 
70503 
4967 
70504 
4968 
70505 
4969 
70506 
4970 
70507 
4971 
70508 
4972 
70509 
4973 
70510 
4974 
70511 
4975 
70512 
4976 
70513 
4977 
70514 
4978 
70515 
4979 
70516 
4980 
70517 
4981 
70518 
4982 
70519 
4983 
70520 
4984 
70521 
4985 
70522 
4986 
70523 
4987 
70524 
4988 
70525 
4989 
70526 
4990 
70527 
4991 
70528 
4992 
70529 
4993 
70530 
4994 
70531 
4995 
70532 
4996 
70533 
4997 
70534 
4998 
70535 
4999 
70536 
5000 
70537 
5001 
70538 
5002 
70539 
5003 
70540 
5004 
70541 
5005 
70542 
5006 
70543 
5007 
70544 
5008 
5009 
70546 
5010 
70547 
5011 
70548 
5012 
70549 
5013 
70550 
5014 
70551 
5015 
70552 
5016 
70553 
5017 
70554 
5018 
5019 
70556 
5020 
70557 
5021 
70558 
5022 
70559 
5023 
70560 
5024 
70561 
5025 
70562 
5026 
70563 
5027 
70564 
5028 
70565 
5029 
70566 
5030 
70567 
5031 
70568 
5032 
70569 
5033 
70570 
5034 
70571 
5035 
70572 
5036 
70573 
5037 
70574 
5038 
70575 
5039 
70576 
70577 
70578 
70579 
70580 
70581 
70582 
70583 
70585 
5168 
5171 
70708 
5172 
70710 
5174 
70711 
5177 
70714 
5178 
70715 
5179 
5180 
70717 
5181 
5182 
70720 
5184 
70721 
70722 
70723 
5187 
70724 
5188 
70725 
5189 
5190 
70727 
5191 
5192 
5193 
70730 
5194 
70731 
5195 
70732 
5196 
70733 
5197 
70734 
5198 
70735 
5199 
70736 
5200 
70737 
5201 
70738 
5202 
70739 
5203 
70740 
5204 
70741 
5205 
70742 
5206 
70743 
5207 
70744 
5208 
70745 
5209 
70746 
5210 
70747 
5211 
70748 
5212 
70749 
5213 
70750 
5214 
70751 
5215 
70752 
5216 
70753 
5217 
70754 
5218 
70755 
5219 
70756 
5220 
70757 
5221 
70758 
5222 
70759 
5223 
70760 
5224 
70761 
5225 
70762 
5226 
70763 
5227 
70764 
5228 
70765 
5229 
70766 
5230 
70767 
5231 
70768 
5232 
70769 
5233 
70770 
5234 
70771 
5235 
70772 
5236 
70773 
5237 
70774 
5238 
70775 
5239 
70776 
5240 
70777 
5241 
70778 
5242 
70779 
5243 
70780 
5244 
70781 
5245 
70782 
5246 
70783 
5247 
70784 
5248 
70785 
5249 
70786 
5250 
70787 
5251 
70788 
5252 
70789 
5253 
70790 
5254 
70791 
5255 
70792 
5256 
70793 
5257 
70794 
5258 
70795 
5259 
70796 
5260 
70797 
5261 
70798 
5262 
70799 
5263 
70800 
5264 
70801 
5265 
70802 
5266 
70803 
5267 
70804 
5268 
70805 
5269 
70806 
5270 
70807 
5271 
70808 
5272 
70809 
5273 
70810 
5274 
70811 
5275 
70812 
5276 
70813 
5277 
70814 
5278 
70815 
5279 
70816 
70817 
70818 
70819 
70820 
70821 
70822 
70824 
5408 
70947 
5411 
5412 
70949 
70950 
5414 
5415 
70953 
5417 
70954 
5418 
5419 
70956 
5420 
5421 
5422 
70959 
70960 
5424 
70961 
70962 
70963 
5427 
70964 
5428 
5429 
70966 
5430 
5431 
5432 
70969 
5433 
70970 
5434 
70971 
5435 
70972 
5436 
70973 
5437 
70974 
5438 
70975 
5439 
70976 
5440 
70977 
5441 
70978 
5442 
70979 
5443 
70980 
5444 
70981 
5445 
70982 
5446 
70983 
5447 
70984 
5448 
70985 
5449 
70986 
5450 
70987 
5451 
70988 
5452 
70989 
5453 
70990 
5454 
70991 
5455 
70992 
5456 
70993 
5457 
70994 
5458 
70995 
5459 
70996 
5460 
70997 
5461 
70998 
5462 
70999 
5463 
71000 
5464 
71001 
5465 
71002 
5466 
71003 
5467 
71004 
5468 
71005 
5469 
71006 
5470 
71007 
5471 
71008 
5472 
71009 
5473 
71010 
5474 
71011 
5475 
71012 
5476 
71013 
5477 
71014 
5478 
71015 
5479 
71016 
5480 
71017 
5481 
71018 
5482 
71019 
5483 
71020 
5484 
71021 
5485 
71022 
5486 
71023 
5487 
71024 
5488 
71025 
5489 
71026 
5490 
71027 
5491 
71028 
5492 
71029 
5493 
71030 
5494 
71031 
5495 
71032 
5496 
71033 
5497 
71034 
5498 
71035 
5499 
71036 
5500 
71037 
5501 
71038 
5502 
71039 
5503 
71040 
5504 
71041 
5505 
71042 
5506 
71043 
5507 
71044 
5508 
71045 
5509 
71046 
5510 
71047 
5511 
71048 
5512 
71049 
5513 
71050 
5514 
71051 
5515 
71052 
5516 
71053 
5517 
71054 
5518 
71055 
5519 
71056 
71057 
71058 
71059 
71060 
71061 
71063 
5648 
5651 
5652 
71189 
5654 
71192 
71193 
5657 
5658 
71195 
5659 
5660 
5661 
71198 
5662 
71199 
71200 
5664 
71201 
71202 
71203 
5667 
5668 
71205 
5669 
5670 
5671 
71208 
5672 
71209 
5673 
71210 
5674 
71211 
5675 
71212 
5676 
71213 
5677 
71214 
5678 
71215 
5679 
71216 
5680 
71217 
5681 
71218 
5682 
71219 
5683 
71220 
5684 
71221 
5685 
71222 
5686 
71223 
5687 
71224 
5688 
71225 
5689 
71226 
5690 
71227 
5691 
71228 
5692 
71229 
5693 
71230 
5694 
71231 
5695 
71232 
5696 
71233 
5697 
71234 
5698 
71235 
5699 
71236 
5700 
71237 
5701 
71238 
5702 
71239 
5703 
71240 
5704 
71241 
5705 
71242 
5706 
71243 
5707 
71244 
5708 
71245 
5709 
71246 
5710 
71247 
5711 
71248 
5712 
71249 
5713 
71250 
5714 
71251 
5715 
71252 
5716 
71253 
5717 
71254 
5718 
71255 
5719 
71256 
5720 
71257 
5721 
71258 
5722 
71259 
5723 
71260 
5724 
71261 
5725 
71262 
5726 
71263 
5727 
71264 
5728 
71265 
5729 
71266 
5730 
71267 
5731 
71268 
5732 
71269 
5733 
71270 
5734 
71271 
5735 
5736 
71273 
5737 
71274 
5738 
71275 
5739 
71276 
5740 
71277 
5741 
71278 
5742 
71279 
5743 
71280 
5744 
71281 
5745 
71282 
5746 
71283 
5747 
71284 
5748 
71285 
5749 
71286 
5750 
71287 
5751 
71288 
5752 
71289 
5753 
71290 
5754 
71291 
5755 
71292 
5756 
71293 
5757 
71294 
5758 
71295 
5759 
71296 
71297 
71298 
71299 
71300 
71302 
5885 
5887 
5888 
5891 
71428 
5892 
5894 
71431 
71432 
5897 
71434 
5898 
5899 
5900 
71437 
5901 
71438 
5902 
71439 
71440 
5904 
71441 
71442 
5907 
71444 
5908 
5909 
5910 
71447 
5911 
71448 
5912 
71449 
5913 
71450 
5914 
71451 
5915 
71452 
5916 
71453 
5917 
71454 
5918 
71455 
5919 
71456 
5920 
71457 
5921 
71458 
5922 
71459 
5923 
71460 
5924 
71461 
5925 
71462 
5926 
71463 
5927 
71464 
5928 
71465 
5929 
71466 
5930 
71467 
5931 
71468 
5932 
71469 
5933 
71470 
5934 
71471 
5935 
71472 
5936 
71473 
5937 
71474 
5938 
71475 
5939 
71476 
5940 
71477 
5941 
71478 
5942 
71479 
5943 
71480 
5944 
71481 
5945 
71482 
5946 
71483 
5947 
71484 
5948 
71485 
5949 
71486 
5950 
71487 
5951 
71488 
5952 
71489 
5953 
71490 
5954 
71491 
5955 
71492 
5956 
71493 
5957 
71494 
5958 
71495 
5959 
71496 
5960 
71497 
5961 
71498 
5962 
71499 
5963 
71500 
5964 
5965 
71502 
5966 
71503 
5967 
71504 
5968 
71505 
5969 
71506 
5970 
71507 
5971 
71508 
5972 
71509 
5973 
71510 
5974 
5975 
71512 
5976 
71513 
5977 
71514 
5978 
71515 
5979 
71516 
5980 
71517 
5981 
71518 
5982 
71519 
5983 
71520 
5984 
71521 
5985 
71522 
5986 
71523 
5987 
71524 
5988 
71525 
5989 
71526 
5990 
71527 
5991 
71528 
5992 
71529 
5993 
71530 
5994 
71531 
5995 
71532 
5996 
71533 
5997 
71534 
5998 
71535 
5999 
71536 
71537 
71538 
71539 
71541 
6128 
71667 
6131 
6132 
71670 
6134 
71671 
71673 
6137 
6138 
6139 
71676 
6140 
71677 
6141 
71678 
6142 
71679 
71680 
6144 
71681 
71683 
6147 
6148 
6149 
71686 
6150 
71687 
6151 
71688 
6152 
71689 
6153 
71690 
6154 
71691 
6155 
71692 
6156 
71693 
6157 
71694 
6158 
71695 
6159 
71696 
6160 
71697 
6161 
71698 
6162 
71699 
6163 
71700 
6164 
71701 
6165 
71702 
6166 
71703 
6167 
71704 
6168 
71705 
6169 
71706 
6170 
71707 
6171 
71708 
6172 
71709 
6173 
71710 
6174 
71711 
6175 
71712 
6176 
71713 
6177 
71714 
6178 
71715 
6179 
71716 
6180 
71717 
6181 
71718 
6182 
71719 
6183 
71720 
6184 
71721 
6185 
71722 
6186 
71723 
6187 
71724 
6188 
71725 
6189 
71726 
6190 
71727 
6191 
71728 
6192 
71729 
6193 
71730 
6194 
71731 
6195 
71732 
6196 
71733 
6197 
71734 
6198 
71735 
6199 
71736 
6200 
71737 
6201 
71738 
6202 
71739 
6203 
71740 
6204 
71741 
6205 
71742 
6206 
71743 
6207 
71744 
6208 
71745 
6209 
71746 
6210 
71747 
6211 
71748 
6212 
71749 
6213 
6214 
71751 
6215 
71752 
6216 
71753 
6217 
71754 
6218 
71755 
6219 
71756 
6220 
71757 
6221 
71758 
6222 
71759 
6223 
71760 
6224 
71761 
6225 
71762 
6226 
71763 
6227 
71764 
6228 
71765 
6229 
71766 
6230 
71767 
6231 
71768 
6232 
71769 
6233 
71770 
6234 
71771 
6235 
71772 
6236 
71773 
6237 
71774 
6238 
71775 
6239 
71776 
71777 
71778 
71780 
6368 
71906 
6371 
6372 
71909 
71910 
6374 
71912 
6378 
71915 
6379 
71916 
6380 
71917 
6381 
71918 
6382 
71919 
71920 
6384 
71922 
6387 
6388 
71925 
6389 
71926 
6390 
71927 
6391 
71928 
6392 
71929 
6393 
71930 
6394 
71931 
6395 
71932 
6396 
71933 
6397 
71934 
6398 
71935 
6399 
71936 
6400 
71937 
6401 
71938 
6402 
71939 
6403 
71940 
6404 
71941 
6405 
71942 
6406 
71943 
6407 
71944 
6408 
71945 
6409 
71946 
6410 
71947 
6411 
71948 
6412 
71949 
6413 
71950 
6414 
71951 
6415 
71952 
6416 
71953 
6417 
71954 
6418 
71955 
6419 
71956 
6420 
71957 
6421 
71958 
6422 
71959 
6423 
71960 
6424 
71961 
6425 
71962 
6426 
71963 
6427 
71964 
6428 
71965 
6429 
71966 
6430 
71967 
6431 
71968 
6432 
71969 
6433 
71970 
6434 
71971 
6435 
71972 
6436 
71973 
6437 
71974 
6438 
71975 
6439 
71976 
6440 
71977 
6441 
71978 
6442 
71979 
6443 
71980 
6444 
71981 
6445 
71982 
6446 
71983 
6447 
71984 
6448 
71985 
6449 
71986 
6450 
71987 
6451 
71988 
6452 
71989 
6453 
71990 
6454 
71991 
6455 
71992 
6456 
71993 
6457 
71994 
6458 
71995 
6459 
71996 
6460 
71997 
6461 
71998 
6462 
71999 
6463 
72000 
6464 
72001 
6465 
72002 
6466 
72003 
6467 
72004 
6468 
72005 
6469 
72006 
6470 
72007 
6471 
72008 
6472 
72009 
6473 
72010 
6474 
72011 
6475 
72012 
6476 
72013 
6477 
72014 
6478 
72015 
6479 
72016 
72017 
72019 
6608 
72145 
6611 
72148 
6612 
72149 
6613 
6614 
72151 
6615 
6617 
72154 
6618 
72155 
6619 
72156 
6620 
72157 
6621 
72158 
6622 
72159 
72160 
6624 
72161 
6627 
72164 
6628 
72165 
6629 
72166 
6630 
72167 
6631 
72168 
6632 
72169 
6633 
72170 
6634 
72171 
6635 
72172 
6636 
72173 
6637 
72174 
6638 
72175 
6639 
72176 
6640 
72177 
6641 
72178 
6642 
72179 
6643 
72180 
6644 
72181 
6645 
72182 
6646 
72183 
6647 
72184 
6648 
72185 
6649 
72186 
6650 
72187 
6651 
72188 
6652 
72189 
6653 
72190 
6654 
72191 
6655 
72192 
6656 
72193 
6657 
72194 
6658 
72195 
6659 
72196 
6660 
72197 
6661 
72198 
6662 
72199 
6663 
72200 
6664 
72201 
6665 
72202 
6666 
72203 
6667 
72204 
6668 
72205 
6669 
72206 
6670 
72207 
6671 
72208 
6672 
72209 
6673 
72210 
6674 
72211 
6675 
72212 
6676 
72213 
6677 
72214 
6678 
72215 
6679 
72216 
6680 
72217 
6681 
72218 
6682 
72219 
6683 
72220 
6684 
72221 
6685 
72222 
6686 
72223 
6687 
72224 
6688 
72225 
6689 
72226 
6690 
72227 
6691 
72228 
6692 
72229 
6693 
72230 
6694 
72231 
6695 
72232 
6696 
72233 
6697 
72234 
6698 
72235 
6699 
72236 
6700 
72237 
6701 
72238 
6702 
72239 
6703 
72240 
6704 
72241 
6705 
72242 
6706 
72243 
6707 
72244 
6708 
72245 
6709 
72246 
6710 
72247 
6711 
72248 
6712 
72249 
6713 
72250 
6714 
72251 
6715 
72252 
6716 
72253 
6717 
72254 
6718 
72255 
6719 
72256 
72258 
72384 
6848 
72387 
6851 
72388 
6852 
72390 
6854 
72393 
6857 
72394 
6858 
72395 
6859 
72396 
6860 
72397 
6861 
72398 
6862 
72400 
6864 
72403 
6867 
72404 
6868 
72405 
6869 
72406 
6870 
72407 
6871 
72408 
6872 
72409 
6873 
72410 
6874 
72411 
6875 
72412 
6876 
72413 
6877 
72414 
6878 
72415 
6879 
72416 
6880 
72417 
6881 
72418 
6882 
72419 
6883 
72420 
6884 
72421 
6885 
72422 
6886 
72423 
6887 
72424 
6888 
72425 
6889 
72426 
6890 
72427 
6891 
72428 
6892 
72429 
6893 
72430 
6894 
72431 
6895 
72432 
6896 
72433 
6897 
72434 
6898 
72435 
6899 
72436 
6900 
72437 
6901 
72438 
6902 
72439 
6903 
72440 
6904 
72441 
6905 
72442 
6906 
72443 
6907 
72444 
6908 
72445 
6909 
72446 
6910 
72447 
6911 
72448 
6912 
72449 
6913 
72450 
6914 
72451 
6915 
72452 
6916 
72453 
6917 
72454 
6918 
72455 
6919 
72456 
6920 
72457 
6921 
72458 
6922 
72459 
6923 
72460 
6924 
72461 
6925 
72462 
6926 
72463 
6927 
72464 
6928 
72465 
6929 
72466 
6930 
72467 
6931 
72468 
6932 
72469 
6933 
72470 
6934 
72471 
6935 
72472 
6936 
72473 
6937 
72474 
6938 
72475 
6939 
72476 
6940 
72477 
6941 
72478 
6942 
72479 
6943 
72480 
6944 
72481 
6945 
72482 
6946 
72483 
6947 
72484 
6948 
72485 
6949 
72486 
6950 
72487 
6951 
72488 
6952 
72489 
6953 
72490 
6954 
72491 
6955 
72492 
6956 
72493 
6957 
72494 
6958 
72495 
6959 
72497 
72623 
7088 
7089 
72626 
72627 
7091 
7092 
72629 
7094 
72632 
72633 
7097 
72634 
7098 
72635 
7099 
72636 
7100 
72637 
7101 
7102 
72639 
7104 
72642 
72643 
7107 
72644 
7108 
72645 
7109 
72646 
7110 
72647 
7111 
72648 
7112 
72649 
7113 
72650 
7114 
72651 
7115 
72652 
7116 
72653 
7117 
72654 
7118 
72655 
7119 
72656 
7120 
72657 
7121 
72658 
7122 
72659 
7123 
72660 
7124 
72661 
7125 
72662 
7126 
72663 
7127 
72664 
7128 
72665 
7129 
72666 
7130 
72667 
7131 
72668 
7132 
72669 
7133 
72670 
7134 
72671 
7135 
72672 
7136 
72673 
7137 
72674 
7138 
72675 
7139 
72676 
7140 
72677 
7141 
72678 
7142 
72679 
7143 
72680 
7144 
72681 
7145 
72682 
7146 
72683 
7147 
72684 
7148 
72685 
7149 
72686 
7150 
72687 
7151 
72688 
7152 
72689 
7153 
72690 
7154 
72691 
7155 
72692 
7156 
72693 
7157 
72694 
7158 
72695 
7159 
72696 
7160 
72697 
72698 
7162 
72699 
7163 
72700 
7164 
72701 
7165 
72702 
7166 
72703 
7167 
72704 
7168 
72705 
7169 
72706 
7170 
72707 
72708 
7172 
72709 
7173 
72710 
7174 
72711 
7175 
72712 
7176 
72713 
7177 
72714 
7178 
72715 
7179 
72716 
7180 
72717 
7181 
72718 
7182 
72719 
7183 
72720 
7184 
72721 
7185 
72722 
7186 
72723 
7187 
72724 
7188 
72725 
7189 
72726 
7190 
72727 
7191 
72728 
7192 
72729 
7193 
72730 
7194 
72731 
7195 
72732 
7196 
72733 
7197 
72734 
7198 
7199 
72736 
72862 
7328 
72865 
72866 
7331 
72868 
7332 
7334 
72871 
7335 
72872 
72873 
7337 
72874 
7338 
72875 
7339 
72876 
7340 
7341 
72878 
7342 
7344 
72881 
72882 
72883 
7347 
72884 
7348 
72885 
7349 
72886 
7350 
72887 
7351 
72888 
7352 
72889 
7353 
72890 
7354 
72891 
7355 
72892 
7356 
72893 
7357 
72894 
7358 
72895 
7359 
72896 
7360 
72897 
7361 
72898 
7362 
72899 
7363 
72900 
7364 
72901 
7365 
72902 
7366 
72903 
7367 
72904 
7368 
72905 
7369 
72906 
7370 
72907 
7371 
72908 
7372 
72909 
7373 
72910 
7374 
72911 
7375 
72912 
7376 
72913 
7377 
72914 
7378 
72915 
7379 
72916 
7380 
72917 
7381 
72918 
7382 
72919 
7383 
72920 
7384 
72921 
7385 
72922 
7386 
72923 
7387 
72924 
7388 
72925 
7389 
72926 
7390 
72927 
7391 
72928 
7392 
72929 
7393 
72930 
7394 
72931 
7395 
72932 
7396 
72933 
7397 
72934 
7398 
72935 
7399 
72936 
7400 
72937 
72938 
7402 
72939 
7403 
72940 
7404 
72941 
7405 
72942 
7406 
72943 
7407 
72944 
7408 
72945 
7409 
72946 
7410 
72947 
72948 
7412 
72949 
7413 
72950 
7414 
72951 
7415 
72952 
7416 
72953 
7417 
72954 
7418 
72955 
7419 
72956 
7420 
72957 
7421 
72958 
7422 
72959 
7423 
72960 
7424 
72961 
7425 
72962 
7426 
72963 
7427 
72964 
7428 
72965 
7429 
72966 
7430 
72967 
7431 
72968 
7432 
72969 
7433 
72970 
7434 
72971 
7435 
72972 
7436 
72973 
7437 
7438 
72975 
7439 
73101 
7565 
7567 
73104 
7568 
73105 
73107 
7571 
73108 
7572 
73110 
7574 
73111 
73112 
73113 
7577 
73114 
7578 
73115 
7579 
73116 
7580 
73117 
7581 
7582 
73120 
7584 
73121 
73122 
73123 
7587 
73124 
7588 
73125 
7589 
73126 
7590 
73127 
7591 
73128 
7592 
73129 
7593 
73130 
7594 
73131 
7595 
73132 
7596 
73133 
7597 
73134 
7598 
73135 
7599 
73136 
7600 
73137 
7601 
73138 
7602 
73139 
7603 
73140 
7604 
73141 
7605 
73142 
7606 
73143 
7607 
73144 
7608 
73145 
7609 
73146 
7610 
73147 
7611 
73148 
7612 
73149 
7613 
73150 
7614 
73151 
7615 
73152 
7616 
73153 
7617 
73154 
7618 
73155 
7619 
73156 
7620 
73157 
7621 
73158 
7622 
73159 
7623 
73160 
7624 
73161 
7625 
73162 
7626 
73163 
7627 
73164 
7628 
73165 
7629 
73166 
7630 
73167 
7631 
73168 
7632 
73169 
7633 
73170 
7634 
73171 
7635 
73172 
7636 
73173 
7637 
73174 
7638 
73175 
7639 
73176 
7640 
73177 
73178 
7642 
73179 
7643 
73180 
7644 
73181 
7645 
73182 
7646 
73183 
7647 
73184 
7648 
73185 
7649 
73186 
7650 
73187 
73188 
7652 
73189 
7653 
73190 
7654 
73191 
7655 
73192 
7656 
73193 
7657 
73194 
7658 
73195 
7659 
73196 
7660 
73197 
7661 
73198 
7662 
73199 
7663 
73200 
7664 
73201 
7665 
73202 
7666 
73203 
73204 
7668 
73205 
7669 
73206 
7670 
73207 
7671 
73208 
7672 
73209 
7673 
73210 
7674 
73211 
7675 
73212 
7676 
7677 
73214 
7678 
7679 
73340 
7805 
73343 
7807 
73344 
7808 
7809 
73346 
7811 
7812 
73349 
73350 
7814 
73351 
73352 
73353 
7817 
73354 
7818 
7819 
73356 
7820 
7821 
7822 
73359 
73360 
7824 
73361 
73362 
73363 
7827 
73364 
7828 
73365 
7829 
73366 
7830 
73367 
7831 
73368 
7832 
73369 
7833 
73370 
7834 
73371 
7835 
73372 
7836 
73373 
7837 
73374 
7838 
73375 
7839 
73376 
7840 
73377 
7841 
73378 
7842 
73379 
7843 
73380 
7844 
73381 
7845 
73382 
7846 
73383 
7847 
73384 
7848 
73385 
7849 
73386 
7850 
73387 
7851 
73388 
7852 
73389 
7853 
73390 
7854 
73391 
7855 
73392 
7856 
73393 
7857 
73394 
7858 
73395 
7859 
73396 
7860 
73397 
7861 
73398 
7862 
73399 
7863 
73400 
7864 
73401 
7865 
73402 
7866 
73403 
7867 
73404 
7868 
73405 
7869 
73406 
7870 
73407 
7871 
73408 
7872 
73409 
7873 
73410 
7874 
73411 
7875 
73412 
7876 
7877 
73414 
7878 
73415 
7879 
73416 
7880 
73417 
7881 
73418 
7882 
73419 
7883 
73420 
7884 
73421 
7885 
73422 
7886 
7887 
73424 
7888 
73425 
7889 
73426 
7890 
73427 
7891 
73428 
7892 
73429 
7893 
73430 
7894 
73431 
7895 
73432 
7896 
73433 
7897 
73434 
7898 
73435 
7899 
73436 
7900 
73437 
7901 
73438 
7902 
73439 
7903 
73440 
7904 
73441 
7905 
73442 
7906 
73443 
7907 
73444 
7908 
73445 
7909 
73446 
7910 
73447 
7911 
73448 
7912 
73449 
7913 
73450 
7914 
73451 
7915 
7916 
73453 
7917 
7918 
7919 
73579 
73582 
73583 
8048 
73585 
8049 
8051 
73588 
8052 
73589 
73590 
8054 
73591 
8055 
73592 
73593 
8057 
8058 
73595 
8059 
8060 
8061 
73598 
8062 
73599 
73600 
8064 
73601 
73602 
73603 
8067 
73604 
8068 
73605 
8069 
73606 
8070 
73607 
8071 
73608 
8072 
73609 
8073 
73610 
8074 
73611 
8075 
73612 
8076 
73613 
8077 
73614 
8078 
73615 
8079 
73616 
8080 
73617 
8081 
73618 
8082 
73619 
8083 
73620 
8084 
73621 
8085 
73622 
8086 
73623 
8087 
73624 
8088 
73625 
8089 
73626 
8090 
73627 
8091 
73628 
8092 
73629 
8093 
73630 
8094 
73631 
8095 
73632 
8096 
73633 
8097 
73634 
8098 
73635 
8099 
73636 
8100 
73637 
8101 
73638 
8102 
73639 
8103 
73640 
8104 
73641 
8105 
73642 
8106 
73643 
8107 
73644 
8108 
73645 
8109 
73646 
8110 
73647 
8111 
73648 
8112 
73649 
8113 
73650 
8114 
73651 
8115 
73652 
8116 
73653 
8117 
73654 
8118 
73655 
8119 
73656 
8120 
73657 
73658 
8122 
73659 
8123 
73660 
8124 
73661 
8125 
73662 
8126 
73663 
8127 
73664 
8128 
73665 
8129 
73666 
8130 
73667 
73668 
8132 
73669 
8133 
73670 
8134 
73671 
8135 
73672 
8136 
73673 
8137 
73674 
8138 
73675 
8139 
73676 
8140 
73677 
8141 
73678 
8142 
73679 
8143 
73680 
8144 
73681 
8145 
73682 
8146 
73683 
8147 
73684 
8148 
73685 
8149 
73686 
8150 
73687 
8151 
73688 
8152 
73689 
8153 
73690 
8154 
8155 
73692 
8156 
8157 
8158 
8159 
73818 
73821 
73822 
73824 
8288 
73825 
73827 
8291 
73828 
8292 
73829 
73830 
8294 
73831 
73832 
8297 
73834 
8298 
8299 
8300 
73837 
8301 
73838 
8302 
73839 
73840 
8304 
73841 
73842 
73843 
8307 
73844 
8308 
73845 
8309 
73846 
8310 
73847 
8311 
73848 
8312 
73849 
8313 
73850 
8314 
73851 
8315 
73852 
8316 
73853 
8317 
73854 
8318 
73855 
8319 
73856 
8320 
73857 
8321 
73858 
8322 
73859 
8323 
73860 
8324 
73861 
8325 
73862 
8326 
73863 
8327 
73864 
8328 
73865 
8329 
73866 
8330 
73867 
8331 
73868 
8332 
73869 
8333 
73870 
8334 
73871 
8335 
73872 
8336 
73873 
8337 
73874 
8338 
73875 
8339 
73876 
8340 
73877 
8341 
73878 
8342 
73879 
8343 
73880 
8344 
73881 
8345 
73882 
8346 
73883 
8347 
73884 
8348 
73885 
8349 
73886 
8350 
73887 
8351 
73888 
8352 
73889 
8353 
73890 
8354 
73891 
8355 
73892 
8356 
73893 
8357 
73894 
8358 
73895 
8359 
73896 
8360 
73897 
73898 
8362 
73899 
8363 
73900 
8364 
73901 
8365 
73902 
8366 
73903 
8367 
73904 
8368 
73905 
8369 
73906 
8370 
73907 
73908 
8372 
73909 
8373 
73910 
8374 
73911 
8375 
73912 
8376 
73913 
8377 
73914 
8378 
73915 
8379 
73916 
8380 
73917 
8381 
73918 
8382 
73919 
8383 
73920 
8384 
73921 
8385 
73922 
8386 
73923 
8387 
73924 
8388 
73925 
8389 
73926 
8390 
73927 
8391 
73928 
8392 
73929 
8393 
8394 
73931 
8395 
8396 
8397 
8398 
8399 
74054 
74056 
74057 
74060 
74061 
74063 
8528 
8529 
74066 
74067 
8531 
74068 
8532 
74069 
8533 
74070 
8534 
74071 
74073 
8537 
8538 
8539 
74076 
8540 
74077 
8541 
74078 
8542 
74079 
74080 
8544 
74081 
74082 
74083 
8547 
74084 
8548 
74085 
8549 
74086 
8550 
74087 
8551 
74088 
8552 
74089 
8553 
74090 
8554 
74091 
8555 
74092 
8556 
74093 
8557 
74094 
8558 
74095 
8559 
74096 
8560 
74097 
8561 
74098 
8562 
74099 
8563 
74100 
8564 
74101 
8565 
74102 
8566 
74103 
8567 
74104 
8568 
74105 
8569 
74106 
8570 
74107 
8571 
74108 
8572 
74109 
8573 
74110 
8574 
74111 
8575 
74112 
8576 
74113 
8577 
74114 
8578 
74115 
8579 
74116 
8580 
74117 
8581 
74118 
8582 
74119 
8583 
74120 
8584 
74121 
8585 
74122 
8586 
74123 
8587 
74124 
8588 
74125 
8589 
74126 
8590 
74127 
8591 
74128 
8592 
74129 
8593 
74130 
8594 
74131 
8595 
74132 
8596 
74133 
8597 
74134 
8598 
74135 
8599 
74136 
8600 
74137 
74138 
8602 
74139 
8603 
74140 
8604 
74141 
8605 
74142 
8606 
74143 
8607 
74144 
8608 
74145 
8609 
74146 
8610 
74147 
74148 
8612 
74149 
8613 
74150 
8614 
74151 
8615 
74152 
8616 
74153 
8617 
74154 
8618 
74155 
8619 
74156 
8620 
74157 
8621 
74158 
8622 
74159 
8623 
74160 
8624 
74161 
8625 
74162 
8626 
74163 
8627 
74164 
8628 
74165 
8629 
74166 
8630 
74167 
8631 
74168 
8632 
8633 
74170 
8634 
8635 
8636 
8637 
8638 
8639 
74296 
74299 
74300 
74302 
74303 
8768 
74305 
74306 
74307 
8771 
74308 
8772 
74309 
74310 
8774 
74312 
8777 
8778 
74315 
8779 
74316 
8780 
74317 
8781 
74318 
8782 
74319 
74320 
8784 
74321 
74322 
74323 
8787 
74324 
8788 
74325 
8789 
74326 
8790 
74327 
8791 
74328 
8792 
74329 
8793 
74330 
8794 
74331 
8795 
74332 
8796 
74333 
8797 
74334 
8798 
74335 
8799 
74336 
8800 
74337 
8801 
74338 
8802 
74339 
8803 
74340 
8804 
74341 
8805 
74342 
8806 
74343 
8807 
74344 
8808 
74345 
8809 
74346 
8810 
74347 
8811 
74348 
8812 
74349 
8813 
74350 
8814 
74351 
8815 
74352 
8816 
74353 
8817 
74354 
8818 
74355 
8819 
74356 
8820 
74357 
8821 
74358 
8822 
74359 
8823 
74360 
8824 
74361 
8825 
74362 
8826 
74363 
8827 
74364 
8828 
74365 
8829 
74366 
8830 
74367 
8831 
74368 
8832 
8833 
74370 
8834 
74371 
8835 
74372 
8836 
74373 
8837 
74374 
8838 
8839 
74376 
8840 
74377 
8841 
74378 
8842 
74379 
8843 
74380 
8844 
74381 
8845 
74382 
8846 
74383 
8847 
74384 
8848 
74385 
8849 
74386 
8850 
74387 
8851 
74388 
8852 
74389 
8853 
74390 
8854 
74391 
8855 
74392 
8856 
74393 
8857 
74394 
8858 
74395 
8859 
74396 
8860 
74397 
8861 
74398 
8862 
74399 
8863 
74400 
8864 
74401 
8865 
74402 
8866 
74403 
8867 
74404 
8868 
74405 
8869 
74406 
8870 
74407 
8871 
8872 
74409 
8873 
8874 
8875 
8876 
8877 
8878 
8879 
74522 
74524 
74526 
74535 
74538 
74539 
74541 
74544 
9008 
74545 
74546 
74547 
9011 
74548 
9012 
74549 
9014 
74551 
9017 
74554 
9018 
74555 
9019 
74556 
9020 
74557 
9021 
74558 
9022 
74559 
74560 
9024 
74561 
74562 
74563 
9027 
74564 
9028 
74565 
9029 
74566 
9030 
74567 
9031 
74568 
9032 
74569 
9033 
74570 
9034 
74571 
9035 
74572 
9036 
74573 
9037 
74574 
9038 
74575 
9039 
74576 
9040 
74577 
9041 
74578 
9042 
74579 
9043 
74580 
9044 
74581 
9045 
74582 
9046 
74583 
9047 
74584 
9048 
74585 
9049 
74586 
9050 
74587 
9051 
74588 
9052 
74589 
9053 
74590 
9054 
74591 
9055 
74592 
9056 
74593 
9057 
74594 
9058 
74595 
9059 
74596 
9060 
74597 
9061 
74598 
9062 
74599 
9063 
74600 
9064 
74601 
9065 
74602 
9066 
74603 
9067 
74604 
9068 
74605 
9069 
74606 
9070 
74607 
9071 
74608 
9072 
74609 
9073 
74610 
9074 
74611 
9075 
74612 
9076 
74613 
9077 
74614 
9078 
74615 
9079 
74616 
9080 
74617 
74618 
9082 
74619 
9083 
74620 
9084 
74621 
9085 
74622 
9086 
74623 
9087 
74624 
9088 
74625 
9089 
74626 
9090 
74627 
74628 
9092 
74629 
9093 
74630 
9094 
74631 
9095 
74632 
9096 
74633 
9097 
74634 
9098 
74635 
9099 
74636 
9100 
74637 
9101 
74638 
9102 
74639 
9103 
74640 
9104 
74641 
9105 
74642 
9106 
74643 
9107 
74644 
9108 
74645 
9109 
74646 
9110 
9111 
74648 
9112 
9113 
9114 
9115 
9116 
9117 
9118 
9119 
9209 
74771 
74773 
74774 
74777 
74778 
74780 
74783 
74784 
9248 
74785 
74786 
74787 
9251 
74788 
9252 
74790 
9254 
74793 
9257 
74794 
9258 
74795 
9259 
74796 
9260 
74797 
9261 
74798 
9262 
74799 
74800 
9264 
74801 
74802 
74803 
9267 
74804 
9268 
74805 
9269 
74806 
9270 
74807 
9271 
74808 
9272 
74809 
9273 
74810 
9274 
74811 
9275 
74812 
9276 
74813 
9277 
74814 
9278 
74815 
9279 
74816 
9280 
74817 
9281 
74818 
9282 
74819 
9283 
74820 
9284 
74821 
9285 
74822 
9286 
74823 
9287 
74824 
9288 
74825 
9289 
74826 
9290 
74827 
9291 
74828 
9292 
74829 
9293 
74830 
9294 
74831 
9295 
74832 
9296 
74833 
9297 
74834 
9298 
74835 
9299 
74836 
9300 
74837 
9301 
74838 
9302 
74839 
9303 
74840 
9304 
74841 
9305 
74842 
9306 
74843 
9307 
74844 
9308 
74845 
9309 
74846 
9310 
74847 
9311 
74848 
9312 
74849 
9313 
74850 
9314 
74851 
9315 
74852 
9316 
74853 
9317 
74854 
9318 
74855 
9319 
74856 
9320 
74857 
9321 
74858 
9322 
74859 
9323 
74860 
9324 
74861 
9325 
74862 
9326 
74863 
9327 
74864 
9328 
74865 
9329 
74866 
9330 
74867 
9331 
74868 
9332 
74869 
9333 
74870 
9334 
74871 
9335 
74872 
9336 
74873 
9337 
74874 
9338 
74875 
9339 
74876 
9340 
74877 
9341 
74878 
9342 
74879 
9343 
74880 
9344 
74881 
9345 
74882 
9346 
74883 
9347 
74884 
9348 
74885 
9349 
9350 
9351 
9352 
9353 
9354 
9355 
9356 
9357 
9358 
9359 
9451 
9455 
9457 
75013 
75016 
75017 
75019 
9485 
75022 
75023 
9487 
75024 
9488 
75025 
75026 
75027 
9491 
9492 
75029 
9494 
75032 
75033 
9497 
75034 
9498 
75035 
9499 
75036 
9500 
75037 
9501 
75038 
9502 
75039 
75040 
9504 
75041 
75042 
75043 
9507 
75044 
9508 
75045 
9509 
75046 
9510 
75047 
9511 
75048 
9512 
75049 
9513 
75050 
9514 
75051 
9515 
75052 
9516 
75053 
9517 
75054 
9518 
75055 
9519 
75056 
9520 
75057 
9521 
75058 
9522 
75059 
9523 
75060 
9524 
75061 
9525 
75062 
9526 
75063 
9527 
75064 
9528 
75065 
9529 
75066 
9530 
75067 
9531 
75068 
9532 
75069 
9533 
75070 
9534 
75071 
9535 
75072 
9536 
75073 
9537 
75074 
9538 
75075 
9539 
75076 
9540 
75077 
9541 
75078 
9542 
75079 
9543 
75080 
9544 
75081 
9545 
75082 
9546 
75083 
9547 
75084 
9548 
75085 
9549 
75086 
9550 
75087 
9551 
75088 
9552 
75089 
9553 
75090 
9554 
75091 
9555 
75092 
9556 
75093 
9557 
75094 
9558 
75095 
9559 
9560 
75097 
9561 
75098 
9562 
75099 
9563 
75100 
9564 
75101 
9565 
75102 
9566 
75103 
9567 
75104 
9568 
75105 
9569 
75106 
9570 
75107 
9571 
75108 
9572 
75109 
9573 
75110 
9574 
75111 
9575 
75112 
9576 
75113 
9577 
75114 
9578 
75115 
9579 
75116 
9580 
75117 
9581 
75118 
9582 
75119 
9583 
75120 
9584 
75121 
9585 
75122 
9586 
75123 
9587 
75124 
9588 
9589 
9590 
9591 
9592 
9593 
9594 
9595 
9596 
9597 
9598 
9599 
9687 
9691 
9693 
9695 
9697 
9699 
9701 
9703 
9705 
9715 
75252 
9717 
75255 
9719 
75256 
75258 
75259 
75261 
75262 
75263 
75264 
9728 
75265 
75266 
9731 
75268 
9732 
9734 
75271 
75272 
75273 
9737 
75274 
9738 
75275 
9739 
75276 
9740 
75277 
9741 
75278 
9742 
75279 
75280 
9744 
75281 
75282 
75283 
9747 
75284 
9748 
75285 
9749 
75286 
9750 
75287 
9751 
75288 
9752 
75289 
9753 
75290 
9754 
75291 
9755 
75292 
9756 
75293 
9757 
75294 
9758 
75295 
9759 
75296 
9760 
75297 
9761 
75298 
9762 
75299 
9763 
75300 
9764 
75301 
9765 
75302 
9766 
75303 
9767 
75304 
9768 
75305 
9769 
75306 
9770 
75307 
9771 
75308 
9772 
75309 
9773 
75310 
9774 
75311 
9775 
75312 
9776 
75313 
9777 
75314 
9778 
75315 
9779 
75316 
9780 
75317 
9781 
75318 
9782 
75319 
9783 
75320 
9784 
75321 
9785 
75322 
9786 
75323 
9787 
75324 
9788 
75325 
9789 
75326 
9790 
75327 
9791 
75328 
9792 
75329 
9793 
75330 
9794 
75331 
9795 
75332 
9796 
75333 
9797 
75334 
9798 
75335 
9799 
75336 
9800 
75337 
9801 
75338 
9802 
75339 
9803 
75340 
9804 
75341 
9805 
75342 
9806 
75343 
9807 
75344 
9808 
75345 
9809 
75346 
9810 
75347 
9811 
75348 
9812 
75349 
9813 
75350 
9814 
75351 
9815 
75352 
9816 
75353 
9817 
75354 
9818 
75355 
9819 
75356 
9820 
75357 
9821 
75358 
9822 
75359 
9823 
75360 
9824 
75361 
9825 
75362 
9826 
75363 
9827 
9828 
9829 
9830 
9831 
9832 
9833 
9834 
9835 
9836 
9837 
9838 
9839 
9925 
9929 
9935 
9937 
9939 
9941 
9943 
9945 
9947 
9949 
75491 
75494 
75495 
75497 
75500 
75501 
75502 
75503 
75504 
9968 
75505 
75507 
9971 
9972 
75510 
9974 
75511 
75512 
75513 
9977 
75514 
9978 
75515 
9979 
75516 
9980 
75517 
9981 
75518 
9982 
75519 
75520 
9984 
75521 
75522 
75523 
9987 
75524 
9988 
75525 
9989 
75526 
9990 
75527 
9991 
75528 
9992 
75529 
9993 
75530 
9994 
75531 
9995 
75532 
9996 
75533 
9997 
75534 
9998 
75535 
9999 
75536 
10000 
75537 
10001 
75538 
10002 
75539 
10003 
75540 
10004 
75541 
10005 
75542 
10006 
75543 
10007 
75544 
10008 
75545 
10009 
75546 
10010 
75547 
10011 
75548 
10012 
75549 
10013 
75550 
10014 
75551 
10015 
75552 
10016 
75553 
10017 
75554 
10018 
75555 
10019 
75556 
10020 
75557 
10021 
75558 
10022 
75559 
10023 
75560 
10024 
75561 
10025 
75562 
10026 
75563 
10027 
75564 
10028 
75565 
10029 
75566 
10030 
75567 
10031 
75568 
10032 
75569 
10033 
75570 
10034 
75571 
10035 
75572 
10036 
75573 
10037 
75574 
10038 
75575 
10039 
75576 
10040 
75577 
75578 
10042 
75579 
10043 
75580 
10044 
75581 
10045 
75582 
10046 
75583 
10047 
75584 
10048 
75585 
10049 
75586 
10050 
75587 
75588 
10052 
75589 
10053 
75590 
10054 
75591 
10055 
75592 
10056 
75593 
10057 
75594 
10058 
75595 
10059 
75596 
10060 
75597 
10061 
75598 
10062 
75599 
10063 
75600 
10064 
75601 
10065 
75602 
10066 
10067 
10068 
10069 
10070 
10071 
10072 
10073 
10074 
10075 
10076 
10077 
10078 
10079 
75711 
10175 
75713 
10177 
10179 
10181 
10185 
10187 
10191 
10193 
75730 
10195 
75733 
75734 
75736 
75739 
75740 
75741 
75742 
75743 
75744 
75746 
10211 
10212 
75749 
10213 
75750 
75751 
75752 
75753 
10217 
75754 
10218 
75755 
10219 
75756 
10220 
75757 
10221 
75758 
75759 
75760 
10224 
75761 
75762 
75763 
10227 
75764 
10228 
75765 
10229 
75766 
10230 
75767 
10231 
75768 
10232 
75769 
10233 
75770 
10234 
75771 
10235 
75772 
10236 
75773 
10237 
75774 
10238 
75775 
10239 
75776 
10240 
75777 
10241 
75778 
10242 
75779 
10243 
75780 
10244 
75781 
10245 
75782 
10246 
75783 
10247 
75784 
10248 
75785 
10249 
75786 
10250 
75787 
10251 
75788 
10252 
75789 
10253 
75790 
10254 
75791 
10255 
75792 
10256 
75793 
10257 
75794 
10258 
75795 
10259 
75796 
10260 
75797 
10261 
75798 
10262 
75799 
10263 
75800 
10264 
10265 
75802 
10266 
75803 
10267 
75804 
10268 
75805 
10269 
75806 
10270 
75807 
10271 
75808 
10272 
75809 
10273 
75810 
10274 
75811 
10275 
75812 
10276 
10277 
75814 
10278 
75815 
10279 
75816 
10280 
75817 
10281 
75818 
10282 
75819 
10283 
75820 
10284 
75821 
10285 
75822 
10286 
75823 
10287 
75824 
10288 
75825 
10289 
75826 
10290 
75827 
75828 
10292 
75829 
10293 
75830 
10294 
75831 
10295 
75832 
10296 
75833 
10297 
75834 
10298 
75835 
10299 
75836 
10300 
75837 
10301 
75838 
10302 
75839 
10303 
75840 
10304 
75841 
10305 
10306 
10307 
10308 
10309 
10310 
10311 
10312 
10313 
10314 
10315 
10316 
10317 
10318 
10319 
10415 
10417 
10419 
10421 
10423 
10425 
10427 
10429 
10431 
75969 
10433 
10435 
75972 
75973 
75975 
75978 
75979 
75980 
75981 
75982 
75983 
10447 
75985 
10449 
10450 
10451 
75988 
75989 
10453 
75990 
10454 
75991 
10455 
75992 
10456 
75993 
10457 
75994 
75995 
10459 
75996 
10460 
75997 
10461 
75998 
10462 
75999 
10463 
76000 
10464 
76001 
10465 
76002 
10466 
76003 
10467 
76004 
76005 
10469 
76006 
10470 
76007 
10471 
76008 
10472 
76009 
10473 
76010 
10474 
76011 
10475 
76012 
10476 
76013 
10477 
76014 
10478 
76015 
10479 
76016 
10480 
76017 
10481 
76018 
10482 
76019 
10483 
76020 
10484 
76021 
10485 
76022 
10486 
76023 
10487 
76024 
10488 
76025 
10489 
76026 
10490 
76027 
10491 
76028 
10492 
76029 
10493 
76030 
10494 
76031 
10495 
76032 
10496 
76033 
10497 
76034 
10498 
76035 
10499 
76036 
10500 
76037 
10501 
76038 
10502 
76039 
10503 
76040 
10504 
76041 
10505 
76042 
10506 
76043 
10507 
76044 
10508 
76045 
10509 
76046 
10510 
76047 
10511 
76048 
10512 
76049 
10513 
76050 
10514 
76051 
10515 
76052 
10516 
76053 
10517 
76054 
10518 
76055 
10519 
76056 
10520 
76057 
10521 
76058 
10522 
76059 
10523 
76060 
10524 
76061 
10525 
76062 
10526 
76063 
10527 
76064 
10528 
76065 
10529 
76066 
10530 
76067 
10531 
76068 
10532 
76069 
10533 
76070 
10534 
76071 
10535 
76072 
10536 
76073 
10537 
76074 
10538 
76075 
10539 
76076 
10540 
76077 
10541 
76078 
10542 
76079 
10543 
76080 
10544 
10545 
10546 
10547 
10548 
10549 
10550 
10551 
10552 
10553 
10554 
10555 
10556 
10557 
10558 
10559 
10651 
76189 
76191 
10655 
76193 
10657 
10659 
10661 
10663 
76208 
76211 
76212 
76213 
76214 
76217 
76218 
76219 
76220 
76221 
76222 
76224 
10690 
76227 
76228 
76229 
10693 
76230 
10694 
76231 
10695 
76232 
76233 
10697 
76234 
10698 
76235 
10699 
76236 
10700 
76237 
10701 
76238 
10702 
76239 
10703 
76240 
10704 
76241 
76242 
10706 
76243 
76244 
76245 
10709 
76246 
10710 
76247 
10711 
76248 
10712 
76249 
10713 
76250 
10714 
76251 
10715 
76252 
10716 
76253 
10717 
76254 
10718 
76255 
10719 
76256 
10720 
76257 
10721 
76258 
10722 
76259 
10723 
76260 
10724 
76261 
10725 
76262 
10726 
76263 
10727 
76264 
10728 
76265 
10729 
76266 
10730 
76267 
10731 
76268 
10732 
76269 
10733 
76270 
10734 
76271 
10735 
76272 
10736 
76273 
10737 
76274 
10738 
76275 
10739 
76276 
10740 
76277 
10741 
76278 
10742 
76279 
10743 
76280 
10744 
76281 
10745 
76282 
10746 
76283 
10747 
76284 
10748 
76285 
10749 
76286 
10750 
76287 
10751 
76288 
10752 
76289 
10753 
76290 
10754 
76291 
10755 
76292 
10756 
76293 
10757 
76294 
10758 
76295 
10759 
76296 
10760 
76297 
10761 
76298 
10762 
76299 
76300 
10764 
76301 
10765 
76302 
10766 
76303 
10767 
76304 
10768 
76305 
10769 
76306 
10770 
76307 
10771 
76308 
10772 
76309 
76310 
10774 
76311 
10775 
76312 
10776 
76313 
10777 
76314 
10778 
76315 
10779 
76316 
10780 
76317 
10781 
76318 
10782 
76319 
10783 
10784 
10785 
10786 
10787 
10788 
10789 
10790 
10791 
10792 
10793 
10794 
10795 
10796 
10797 
10798 
10799 
10899 
10901 
10903 
76444 
76446 
76447 
76450 
76451 
76453 
76456 
76457 
76458 
76459 
76460 
76461 
76462 
76463 
76466 
10930 
76467 
76468 
76469 
76470 
10934 
76471 
76472 
76473 
10937 
76474 
10938 
76475 
10939 
76476 
10940 
76477 
10941 
76478 
10942 
76479 
10943 
76480 
10944 
76481 
76482 
10946 
76483 
76484 
76485 
10949 
76486 
10950 
76487 
10951 
76488 
10952 
76489 
10953 
76490 
10954 
76491 
10955 
76492 
10956 
76493 
10957 
76494 
10958 
76495 
10959 
76496 
10960 
76497 
10961 
76498 
10962 
76499 
10963 
76500 
10964 
76501 
10965 
76502 
10966 
76503 
10967 
76504 
10968 
76505 
10969 
76506 
10970 
76507 
10971 
76508 
10972 
76509 
10973 
76510 
10974 
76511 
10975 
76512 
10976 
76513 
10977 
76514 
10978 
76515 
10979 
76516 
10980 
76517 
10981 
76518 
10982 
76519 
10983 
76520 
10984 
76521 
10985 
76522 
10986 
76523 
10987 
76524 
10988 
76525 
10989 
76526 
10990 
76527 
10991 
76528 
10992 
76529 
10993 
10994 
76531 
10995 
76532 
10996 
76533 
10997 
76534 
10998 
76535 
10999 
11000 
76537 
11001 
76538 
11002 
76539 
11003 
76540 
11004 
76541 
11005 
76542 
11006 
76543 
11007 
76544 
11008 
76545 
11009 
76546 
11010 
76547 
11011 
76548 
11012 
76549 
11013 
76550 
11014 
76551 
11015 
76552 
11016 
76553 
11017 
76554 
11018 
76555 
11019 
76556 
11020 
76557 
11021 
76558 
11022 
11023 
11024 
11025 
11026 
11027 
11028 
11029 
11030 
11031 
11032 
11033 
11034 
11035 
11036 
11037 
11038 
11039 
11133 
11135 
76683 
76685 
76686 
76689 
76690 
76692 
76693 
76695 
76696 
76697 
76698 
76699 
76700 
76702 
76705 
76706 
11170 
76707 
76708 
76709 
76710 
11174 
76711 
76712 
76713 
11177 
76714 
11178 
76715 
11179 
76716 
11180 
76717 
11181 
76718 
11182 
76719 
11183 
76720 
11184 
76721 
76722 
11186 
76723 
76724 
76725 
11189 
76726 
11190 
76727 
11191 
76728 
11192 
76729 
11193 
76730 
11194 
76731 
11195 
76732 
11196 
76733 
11197 
76734 
11198 
76735 
11199 
76736 
11200 
76737 
11201 
76738 
11202 
76739 
11203 
76740 
11204 
76741 
11205 
76742 
11206 
76743 
11207 
76744 
11208 
76745 
11209 
76746 
11210 
76747 
11211 
76748 
11212 
76749 
11213 
76750 
11214 
76751 
11215 
76752 
11216 
76753 
11217 
76754 
11218 
76755 
11219 
76756 
11220 
76757 
11221 
76758 
11222 
76759 
11223 
76760 
11224 
76761 
11225 
76762 
11226 
76763 
11227 
76764 
11228 
76765 
11229 
76766 
11230 
76767 
11231 
76768 
11232 
76769 
11233 
76770 
11234 
76771 
11235 
76772 
11236 
76773 
11237 
76774 
11238 
76775 
11239 
76776 
11240 
76777 
11241 
76778 
11242 
76779 
11243 
76780 
11244 
76781 
11245 
76782 
11246 
76783 
11247 
76784 
11248 
76785 
11249 
76786 
11250 
76787 
11251 
76788 
11252 
76789 
11253 
76790 
11254 
76791 
11255 
76792 
11256 
76793 
11257 
76794 
11258 
76795 
11259 
76796 
11260 
76797 
11261 
11262 
11263 
11264 
11265 
11266 
11267 
11268 
11269 
11270 
11271 
11272 
11273 
11274 
11275 
11276 
11277 
11278 
11279 
11369 
11373 
11375 
11377 
76922 
76924 
76925 
76928 
76929 
76931 
76934 
76935 
76936 
76937 
76938 
76939 
76940 
76941 
76944 
76945 
76946 
11410 
76947 
76948 
76949 
76950 
11414 
76951 
76952 
76953 
11417 
76954 
11418 
76955 
11419 
76956 
11420 
76957 
11421 
76958 
11422 
76959 
11423 
76960 
11424 
76961 
76962 
11426 
76963 
76964 
76965 
11429 
76966 
11430 
76967 
11431 
76968 
11432 
76969 
11433 
76970 
11434 
76971 
11435 
76972 
11436 
76973 
11437 
76974 
11438 
76975 
11439 
76976 
11440 
76977 
11441 
76978 
11442 
76979 
11443 
76980 
11444 
76981 
11445 
76982 
11446 
76983 
11447 
76984 
11448 
76985 
11449 
76986 
11450 
76987 
11451 
76988 
11452 
76989 
11453 
76990 
11454 
76991 
11455 
76992 
11456 
76993 
11457 
76994 
11458 
76995 
11459 
76996 
11460 
76997 
11461 
76998 
11462 
76999 
11463 
77000 
11464 
77001 
11465 
77002 
11466 
77003 
11467 
77004 
11468 
77005 
11469 
77006 
11470 
77007 
11471 
11472 
77009 
11473 
77010 
11474 
77011 
11475 
77012 
11476 
77013 
11477 
77014 
11478 
77015 
11479 
77016 
11480 
77017 
11481 
77018 
11482 
77019 
11483 
77020 
11484 
77021 
11485 
77022 
11486 
77023 
11487 
77024 
11488 
77025 
11489 
77026 
11490 
77027 
11491 
77028 
11492 
77029 
11493 
77030 
11494 
77031 
11495 
77032 
11496 
77033 
11497 
77034 
11498 
77035 
11499 
77036 
11500 
11501 
11502 
11503 
11504 
11505 
11506 
11507 
11508 
11509 
11510 
11511 
11512 
11513 
11514 
11515 
11516 
11517 
11518 
11519 
11611 
11615 
11617 
11619 
11623 
11625 
11627 
77164 
77167 
77168 
77170 
77173 
77174 
77175 
77176 
77177 
77178 
77180 
77183 
77184 
77185 
77186 
11650 
77187 
77188 
77189 
77190 
11654 
77191 
77192 
77193 
11657 
77194 
11658 
77195 
11659 
77196 
11660 
77197 
11661 
77198 
11662 
77199 
11663 
77200 
11664 
77201 
77202 
11666 
77203 
77204 
77205 
11669 
77206 
11670 
77207 
11671 
77208 
11672 
77209 
11673 
77210 
11674 
77211 
11675 
77212 
11676 
77213 
11677 
77214 
11678 
77215 
11679 
77216 
11680 
77217 
11681 
77218 
11682 
77219 
11683 
77220 
11684 
77221 
11685 
77222 
11686 
77223 
11687 
77224 
11688 
77225 
11689 
77226 
11690 
77227 
11691 
77228 
11692 
77229 
11693 
77230 
11694 
77231 
11695 
77232 
11696 
77233 
11697 
77234 
11698 
77235 
11699 
77236 
11700 
77237 
11701 
77238 
11702 
77239 
11703 
77240 
11704 
77241 
11705 
77242 
11706 
77243 
11707 
77244 
11708 
77245 
11709 
77246 
11710 
77247 
11711 
77248 
11712 
77249 
11713 
77250 
11714 
77251 
11715 
77252 
11716 
77253 
77254 
11718 
77255 
11719 
77256 
11720 
77257 
11721 
77258 
11722 
77259 
11723 
77260 
11724 
77261 
11725 
77262 
11726 
77263 
11727 
77264 
11728 
77265 
11729 
77266 
11730 
77267 
11731 
77268 
11732 
77269 
77270 
11734 
77271 
77272 
11736 
77273 
11737 
77274 
11738 
77275 
11739 
11740 
11741 
11742 
11743 
11744 
11745 
11746 
11747 
11748 
11749 
11750 
11751 
11752 
11753 
11754 
11755 
11756 
11757 
11758 
11759 
11851 
11853 
11855 
11857 
11859 
11861 
77403 
77404 
77406 
77407 
77409 
77412 
77413 
77414 
77415 
77416 
77417 
77419 
77422 
77423 
77424 
77425 
77426 
11890 
77427 
77428 
77429 
77430 
11894 
77431 
77432 
77433 
11897 
77434 
11898 
77435 
11899 
77436 
11900 
77437 
11901 
77438 
11902 
77439 
11903 
77440 
11904 
77441 
77442 
11906 
77443 
77444 
77445 
11909 
77446 
11910 
77447 
11911 
77448 
11912 
77449 
11913 
77450 
11914 
77451 
11915 
77452 
11916 
77453 
11917 
77454 
11918 
77455 
11919 
77456 
11920 
77457 
11921 
77458 
11922 
77459 
11923 
77460 
11924 
77461 
11925 
77462 
11926 
77463 
11927 
77464 
11928 
77465 
11929 
77466 
11930 
77467 
11931 
77468 
11932 
77469 
11933 
77470 
11934 
77471 
11935 
77472 
11936 
77473 
11937 
77474 
11938 
77475 
11939 
77476 
11940 
77477 
11941 
77478 
11942 
77479 
11943 
77480 
11944 
77481 
11945 
77482 
11946 
77483 
11947 
77484 
11948 
77485 
11949 
77486 
11950 
77487 
11951 
77488 
11952 
77489 
11953 
77490 
11954 
77491 
11955 
77492 
11956 
77493 
11957 
77494 
11958 
77495 
11959 
77496 
11960 
77497 
11961 
77498 
11962 
77499 
11963 
77500 
11964 
77501 
11965 
77502 
11966 
77503 
11967 
77504 
11968 
77505 
11969 
77506 
11970 
77507 
11971 
77508 
11972 
77509 
11973 
77510 
11974 
77511 
11975 
77512 
11976 
77513 
11977 
77514 
11978 
11979 
11980 
11981 
11982 
11983 
11984 
11985 
11986 
11987 
11988 
11989 
11990 
11991 
11992 
11993 
11994 
11995 
11996 
11997 
11998 
11999 
12091 
12093 
12095 
12097 
12099 
12101 
12103 
77642 
12107 
77645 
12109 
77646 
12111 
77648 
77651 
77652 
77653 
77654 
77655 
77656 
77658 
77661 
77662 
77663 
77664 
77665 
77666 
12130 
77667 
77668 
77669 
77670 
12134 
77671 
77672 
77673 
12137 
77674 
12138 
77675 
12139 
77676 
12140 
77677 
12141 
77678 
12142 
77679 
12143 
77680 
12144 
77681 
77682 
12146 
77683 
77684 
77685 
12149 
77686 
12150 
77687 
12151 
77688 
12152 
77689 
12153 
77690 
12154 
77691 
12155 
77692 
12156 
77693 
12157 
77694 
12158 
77695 
12159 
77696 
12160 
77697 
12161 
77698 
12162 
77699 
12163 
77700 
12164 
77701 
12165 
77702 
12166 
77703 
12167 
77704 
12168 
77705 
12169 
77706 
12170 
77707 
12171 
77708 
12172 
12173 
77710 
12174 
77711 
12175 
77712 
12176 
77713 
12177 
77714 
12178 
77715 
12179 
77716 
12180 
77717 
12181 
77718 
12182 
12183 
77720 
12184 
77721 
12185 
77722 
12186 
77723 
12187 
77724 
12188 
77725 
12189 
77726 
12190 
77727 
12191 
77728 
12192 
12193 
77730 
12194 
77731 
12195 
77732 
12196 
77733 
12197 
77734 
12198 
77735 
12199 
77736 
12200 
77737 
12201 
77738 
12202 
77739 
12203 
77740 
12204 
77741 
12205 
77742 
12206 
77743 
12207 
77744 
12208 
77745 
12209 
77746 
12210 
77747 
12211 
77748 
12212 
77749 
12213 
77750 
12214 
77751 
12215 
77752 
12216 
77753 
12217 
12218 
12219 
12220 
12221 
12222 
12223 
12224 
12225 
12226 
12227 
12228 
12229 
12230 
12231 
12232 
12233 
12234 
12235 
12236 
12237 
12238 
12239 
12333 
12335 
12337 
12339 
12341 
12343 
77881 
12345 
77884 
77885 
77887 
77890 
77891 
77892 
77893 
77894 
77895 
77896 
77897 
77900 
77901 
77902 
77903 
77904 
77905 
77906 
12370 
77907 
77908 
77909 
77910 
12374 
77911 
77912 
77913 
12377 
77914 
12378 
77915 
12379 
77916 
12380 
77917 
12381 
77918 
12382 
77919 
12383 
77920 
12384 
77921 
77922 
12386 
77923 
77924 
77925 
12389 
77926 
12390 
77927 
12391 
77928 
12392 
77929 
12393 
77930 
12394 
77931 
12395 
77932 
12396 
77933 
12397 
77934 
12398 
77935 
12399 
77936 
12400 
77937 
12401 
77938 
12402 
77939 
12403 
77940 
12404 
77941 
12405 
77942 
12406 
77943 
12407 
77944 
12408 
77945 
12409 
77946 
12410 
77947 
12411 
77948 
12412 
77949 
12413 
77950 
12414 
77951 
12415 
77952 
12416 
77953 
12417 
77954 
12418 
77955 
12419 
77956 
12420 
77957 
12421 
77958 
12422 
77959 
12423 
77960 
12424 
77961 
12425 
77962 
12426 
77963 
12427 
12428 
77965 
12429 
77966 
12430 
77967 
12431 
77968 
12432 
77969 
12433 
77970 
12434 
77971 
12435 
77972 
12436 
77973 
12437 
77974 
12438 
77975 
12439 
77976 
12440 
77977 
12441 
77978 
12442 
77979 
12443 
77980 
12444 
77981 
12445 
77982 
12446 
77983 
12447 
77984 
12448 
77985 
12449 
77986 
12450 
77987 
12451 
77988 
12452 
77989 
12453 
77990 
12454 
77991 
12455 
77992 
12456 
12457 
12458 
12459 
12460 
12461 
12462 
12463 
12464 
12465 
12466 
12467 
12468 
12469 
12470 
12471 
12472 
12473 
12474 
12475 
12476 
12477 
12478 
12479 
12573 
12575 
12577 
12579 
12581 
78120 
78123 
78124 
78126 
78129 
78130 
78131 
78132 
78133 
78134 
78136 
78139 
78140 
78141 
78142 
78143 
78144 
78145 
78146 
12610 
78147 
78148 
78149 
78150 
12614 
78151 
78152 
78153 
12617 
78154 
12618 
78155 
12619 
78156 
12620 
78157 
12621 
78158 
12622 
78159 
12623 
78160 
12624 
78161 
78162 
12626 
78163 
78164 
78165 
12629 
78166 
12630 
78167 
12631 
78168 
12632 
78169 
12633 
78170 
12634 
78171 
12635 
78172 
12636 
78173 
12637 
78174 
12638 
78175 
12639 
78176 
12640 
78177 
12641 
78178 
12642 
78179 
12643 
78180 
12644 
78181 
12645 
78182 
12646 
78183 
12647 
78184 
12648 
78185 
12649 
78186 
12650 
78187 
12651 
78188 
12652 
78189 
12653 
78190 
12654 
78191 
12655 
78192 
12656 
78193 
12657 
78194 
12658 
78195 
12659 
78196 
12660 
78197 
12661 
78198 
12662 
78199 
12663 
78200 
12664 
78201 
12665 
78202 
12666 
78203 
12667 
78204 
12668 
78205 
12669 
78206 
12670 
78207 
12671 
78208 
12672 
78209 
12673 
78210 
12674 
78211 
12675 
78212 
12676 
78213 
12677 
78214 
12678 
78215 
12679 
78216 
12680 
78217 
12681 
78218 
12682 
78219 
78220 
12684 
78221 
12685 
78222 
12686 
78223 
12687 
78224 
12688 
78225 
12689 
78226 
12690 
78227 
12691 
78228 
12692 
78229 
78230 
12694 
78231 
12695 
12696 
12697 
12698 
12699 
12700 
12701 
12702 
12703 
12704 
12705 
12706 
12707 
12708 
12709 
12710 
12711 
12712 
12713 
12714 
12715 
12716 
12717 
12718 
12719 
12813 
12815 
78359 
12825 
78362 
78363 
12827 
78365 
12829 
78368 
78369 
78370 
78371 
78372 
78373 
78375 
78378 
78379 
78380 
78381 
78382 
78383 
78384 
78385 
78386 
12850 
78387 
78388 
78389 
78390 
12854 
78391 
78392 
78393 
12857 
78394 
12858 
78395 
12859 
78396 
12860 
78397 
12861 
78398 
12862 
78399 
12863 
78400 
12864 
78401 
78402 
12866 
78403 
78404 
78405 
12869 
78406 
12870 
78407 
12871 
78408 
12872 
78409 
12873 
78410 
12874 
78411 
12875 
78412 
12876 
78413 
12877 
78414 
12878 
78415 
12879 
78416 
12880 
78417 
12881 
78418 
12882 
78419 
12883 
78420 
12884 
78421 
12885 
78422 
12886 
78423 
12887 
78424 
12888 
78425 
12889 
78426 
12890 
78427 
12891 
78428 
12892 
78429 
12893 
78430 
12894 
78431 
12895 
78432 
12896 
78433 
12897 
78434 
12898 
78435 
12899 
78436 
12900 
78437 
12901 
78438 
12902 
78439 
12903 
78440 
12904 
78441 
12905 
12906 
78443 
12907 
78444 
12908 
78445 
12909 
78446 
12910 
78447 
12911 
78448 
12912 
78449 
12913 
78450 
12914 
78451 
12915 
78452 
12916 
78453 
12917 
78454 
12918 
78455 
12919 
78456 
12920 
78457 
12921 
78458 
12922 
78459 
12923 
78460 
12924 
78461 
12925 
78462 
12926 
78463 
12927 
78464 
12928 
78465 
12929 
78466 
12930 
78467 
12931 
78468 
12932 
78469 
12933 
78470 
12934 
12935 
12936 
12937 
12938 
12939 
12940 
12941 
12942 
12943 
12944 
12945 
12946 
12947 
12948 
12949 
12950 
12951 
12952 
12953 
12954 
12955 
12956 
12957 
12958 
12959 
13049 
13053 
13055 
13057 
78595 
13059 
78597 
13061 
78598 
78599 
13063 
78601 
13065 
78602 
78603 
13067 
78605 
78606 
78607 
78608 
78609 
13073 
78610 
78611 
13075 
78612 
13077 
78614 
78617 
78618 
78619 
78620 
78621 
78622 
78623 
13087 
78624 
78625 
13089 
78626 
13090 
78627 
78628 
78629 
78630 
13094 
78631 
78632 
78633 
13097 
78634 
13098 
78635 
13099 
78636 
13100 
78637 
13101 
78638 
13102 
78639 
13103 
78640 
13104 
78641 
78642 
13106 
78643 
78644 
78645 
13109 
78646 
13110 
78647 
13111 
78648 
13112 
78649 
13113 
78650 
13114 
78651 
13115 
78652 
13116 
78653 
13117 
78654 
13118 
78655 
13119 
78656 
13120 
78657 
13121 
78658 
13122 
78659 
13123 
78660 
13124 
78661 
13125 
78662 
13126 
78663 
13127 
78664 
13128 
78665 
13129 
78666 
13130 
78667 
13131 
78668 
13132 
78669 
13133 
78670 
13134 
78671 
13135 
78672 
13136 
78673 
13137 
78674 
13138 
78675 
13139 
78676 
13140 
78677 
13141 
78678 
13142 
78679 
13143 
78680 
13144 
78681 
13145 
78682 
13146 
78683 
13147 
78684 
13148 
78685 
13149 
78686 
13150 
78687 
13151 
78688 
13152 
78689 
13153 
78690 
13154 
78691 
13155 
78692 
13156 
78693 
13157 
78694 
13158 
78695 
13159 
78696 
13160 
78697 
13161 
78698 
13162 
78699 
13163 
78700 
13164 
78701 
13165 
78702 
13166 
78703 
13167 
78704 
13168 
78705 
13169 
78706 
13170 
78707 
13171 
78708 
13172 
78709 
13173 
13174 
13175 
13176 
13177 
13178 
13179 
13180 
13181 
13182 
13183 
13184 
13185 
13186 
13187 
13188 
13189 
13190 
13191 
13192 
13193 
13194 
13195 
13196 
13197 
13198 
13199 
13293 
13295 
78837 
78841 
78844 
78845 
78846 
78847 
78848 
78849 
78850 
78851 
78853 
78856 
78857 
78858 
78859 
78860 
78861 
78862 
78863 
78864 
78865 
78866 
13330 
78867 
78868 
78869 
78870 
13334 
78871 
78872 
78873 
13337 
78874 
13338 
78875 
13339 
78876 
13340 
78877 
13341 
78878 
13342 
78879 
13343 
78880 
13344 
78881 
78882 
13346 
78883 
78884 
78885 
13349 
78886 
13350 
78887 
13351 
78888 
13352 
78889 
13353 
78890 
13354 
78891 
13355 
78892 
13356 
78893 
13357 
78894 
13358 
78895 
13359 
78896 
13360 
78897 
13361 
78898 
13362 
78899 
13363 
78900 
13364 
78901 
13365 
78902 
13366 
78903 
13367 
78904 
13368 
78905 
13369 
78906 
13370 
78907 
13371 
78908 
13372 
78909 
13373 
78910 
13374 
78911 
13375 
78912 
13376 
78913 
13377 
78914 
13378 
78915 
13379 
78916 
13380 
78917 
13381 
78918 
13382 
78919 
13383 
13384 
78921 
13385 
78922 
13386 
78923 
13387 
78924 
13388 
78925 
13389 
78926 
13390 
78927 
13391 
78928 
13392 
78929 
13393 
78930 
13394 
78931 
13395 
78932 
13396 
78933 
13397 
78934 
13398 
78935 
13399 
78936 
13400 
78937 
13401 
78938 
13402 
78939 
78940 
13404 
78941 
13405 
78942 
13406 
78943 
13407 
78944 
13408 
78945 
13409 
78946 
13410 
78947 
13411 
78948 
13412 
13414 
13415 
13416 
13417 
13418 
13419 
13420 
13421 
13422 
13423 
13424 
13425 
13426 
13427 
13428 
13429 
13430 
13431 
13432 
13433 
13434 
13435 
13436 
13437 
13438 
13439 
13531 
13537 
13539 
79076 
79077 
13541 
79079 
13543 
79080 
79081 
13545 
79083 
79084 
79085 
13549 
79086 
79087 
13551 
79088 
79089 
13553 
79090 
79091 
13555 
79092 
13557 
79095 
13559 
79096 
79097 
79098 
79099 
79100 
79101 
79102 
79103 
79104 
79105 
79106 
13570 
79107 
79108 
79109 
79110 
13574 
79111 
79112 
79113 
13577 
79114 
13578 
79115 
13579 
79116 
13580 
79117 
13581 
79118 
13582 
79119 
13583 
79120 
13584 
79121 
79122 
13586 
79123 
79124 
79125 
13589 
79126 
13590 
79127 
13591 
79128 
13592 
79129 
13593 
79130 
13594 
79131 
13595 
79132 
13596 
79133 
13597 
79134 
13598 
79135 
13599 
79136 
13600 
79137 
13601 
79138 
13602 
79139 
13603 
79140 
13604 
79141 
13605 
79142 
13606 
79143 
13607 
79144 
13608 
79145 
13609 
79146 
13610 
79147 
13611 
79148 
13612 
79149 
13613 
79150 
13614 
79151 
13615 
79152 
13616 
79153 
13617 
79154 
13618 
79155 
13619 
79156 
13620 
79157 
13621 
79158 
13622 
79159 
13623 
79160 
13624 
79161 
13625 
79162 
13626 
79163 
13627 
79164 
13628 
79165 
13629 
79166 
13630 
79167 
13631 
79168 
13632 
79169 
13633 
79170 
13634 
79171 
13635 
79172 
13636 
79173 
13637 
79174 
13638 
79175 
13639 
79176 
13640 
79177 
13641 
79178 
13642 
79179 
13643 
79180 
13644 
79181 
13645 
79182 
13646 
79183 
13647 
79184 
13648 
79185 
13649 
79186 
13650 
79187 
13651 
13652 
13653 
13654 
13655 
13656 
13657 
13658 
13659 
13660 
13661 
13662 
13663 
13664 
13665 
13666 
13667 
13668 
13669 
13670 
13671 
13672 
13673 
13674 
13675 
13676 
13677 
13678 
13679 
13771 
13773 
13777 
79315 
13779 
79319 
79322 
79323 
79324 
79325 
79326 
79327 
79328 
79329 
79331 
79334 
79335 
79336 
79337 
79338 
79339 
79340 
79341 
79342 
79343 
79344 
79345 
79346 
13810 
79347 
13811 
79348 
79349 
13813 
79350 
13814 
79351 
79352 
79353 
13817 
79354 
13818 
79355 
13819 
79356 
13820 
79357 
13821 
79358 
13822 
79359 
13823 
79360 
13824 
79361 
79362 
13826 
79363 
79364 
79365 
13829 
79366 
13830 
79367 
13831 
79368 
13832 
79369 
13833 
79370 
13834 
79371 
13835 
79372 
13836 
79373 
13837 
79374 
13838 
79375 
13839 
79376 
13840 
79377 
13841 
79378 
13842 
79379 
13843 
79380 
13844 
79381 
13845 
79382 
13846 
79383 
13847 
79384 
13848 
79385 
13849 
79386 
13850 
79387 
13851 
79388 
13852 
79389 
13853 
79390 
13854 
79391 
13855 
79392 
13856 
79393 
13857 
79394 
13858 
79395 
13859 
79396 
13860 
79397 
13861 
13862 
79399 
13863 
79400 
13864 
79401 
13865 
79402 
13866 
79403 
13867 
79404 
13868 
79405 
13869 
79406 
13870 
79407 
13871 
79408 
13872 
79409 
13873 
79410 
13874 
79411 
13875 
79412 
13876 
79413 
13877 
79414 
13878 
79415 
13879 
79416 
13880 
79417 
13881 
79418 
13882 
79419 
13883 
79420 
13884 
79421 
13885 
79422 
13886 
79423 
13887 
79424 
13888 
79425 
13889 
79426 
13890 
13891 
13892 
13893 
13894 
13895 
13896 
13897 
13898 
13899 
13900 
13901 
13902 
13903 
13904 
13905 
13906 
13907 
13908 
13909 
13910 
13911 
13912 
13913 
13914 
13915 
13916 
13917 
13918 
13919 
14011 
79554 
79558 
79561 
79562 
79563 
79564 
79565 
79566 
79567 
14031 
79568 
79569 
14033 
79570 
14035 
79573 
79574 
79575 
79576 
79577 
79578 
79579 
79580 
79581 
79582 
79583 
79584 
79585 
79586 
14050 
79587 
79588 
79589 
79590 
14054 
79591 
79592 
79593 
14057 
79594 
14058 
79595 
14059 
79596 
14060 
79597 
14061 
79598 
14062 
79599 
14063 
79600 
14064 
79601 
79602 
14066 
79603 
79604 
79605 
14069 
79606 
14070 
79607 
14071 
79608 
14072 
79609 
14073 
79610 
14074 
79611 
14075 
79612 
14076 
79613 
14077 
79614 
14078 
79615 
14079 
79616 
14080 
79617 
14081 
79618 
14082 
79619 
14083 
79620 
14084 
79621 
14085 
79622 
14086 
79623 
14087 
79624 
14088 
79625 
14089 
79626 
14090 
79627 
14091 
79628 
14092 
79629 
14093 
79630 
14094 
79631 
14095 
79632 
14096 
79633 
14097 
79634 
14098 
79635 
14099 
79636 
14100 
79637 
14101 
79638 
14102 
79639 
14103 
79640 
14104 
79641 
14105 
79642 
14106 
79643 
14107 
79644 
14108 
79645 
14109 
79646 
14110 
79647 
14111 
79648 
14112 
79649 
14113 
79650 
14114 
79651 
14115 
79652 
14116 
79653 
14117 
79654 
14118 
79655 
14119 
79656 
14120 
79657 
14121 
79658 
14122 
79659 
79660 
14124 
79661 
14125 
79662 
14126 
79663 
14127 
79664 
14128 
79665 
14129 
14130 
14131 
14132 
14134 
14135 
14136 
14137 
14138 
14139 
14140 
14141 
14142 
14143 
14144 
14145 
14146 
14147 
14148 
14149 
14150 
14151 
14152 
14153 
14154 
14155 
14156 
14157 
14158 
14159 
14253 
79790 
14255 
79792 
79793 
14257 
79794 
14259 
79796 
79797 
14261 
14263 
79800 
79801 
79802 
79803 
79804 
79805 
79806 
79807 
79809 
79812 
79813 
79814 
79815 
79816 
79817 
79818 
79819 
79820 
79821 
79822 
79823 
79824 
79825 
79826 
14290 
79827 
14291 
79828 
79829 
14293 
79830 
14294 
79831 
79832 
79833 
14297 
79834 
14298 
79835 
14299 
79836 
14300 
79837 
14301 
79838 
14302 
79839 
14303 
79840 
14304 
79841 
14305 
79842 
14306 
79843 
79844 
79845 
14309 
79846 
14310 
79847 
14311 
79848 
14312 
79849 
14313 
79850 
14314 
79851 
14315 
79852 
14316 
79853 
14317 
79854 
14318 
79855 
14319 
79856 
14320 
79857 
14321 
79858 
14322 
79859 
14323 
79860 
14324 
79861 
14325 
79862 
14326 
79863 
14327 
79864 
14328 
79865 
14329 
79866 
14330 
79867 
14331 
79868 
14332 
79869 
14333 
79870 
14334 
79871 
14335 
79872 
14336 
79873 
14337 
79874 
14338 
79875 
14339 
14340 
79877 
14341 
79878 
14342 
79879 
14343 
79880 
14344 
79881 
14345 
79882 
14346 
79883 
14347 
79884 
14348 
79885 
14349 
79886 
14350 
79887 
14351 
79888 
14352 
79889 
14353 
79890 
14354 
79891 
14355 
79892 
14356 
79893 
14357 
79894 
14358 
79895 
14359 
79896 
14360 
79897 
14361 
79898 
14362 
79899 
14363 
79900 
14364 
79901 
14365 
79902 
14366 
79903 
14367 
79904 
14368 
14369 
14370 
14371 
14372 
14374 
14376 
14377 
14378 
14379 
14380 
14381 
14382 
14383 
14384 
14385 
14386 
14387 
14388 
14389 
14390 
14391 
14392 
14393 
14394 
14395 
14396 
14397 
14398 
14399 
14491 
14495 
80032 
14497 
14499 
80036 
80039 
80040 
80041 
80042 
80043 
14507 
80044 
80045 
14509 
80046 
14511 
80048 
80049 
80051 
80052 
80053 
80054 
80055 
80056 
80057 
80058 
80059 
80060 
80061 
80062 
80063 
14527 
80064 
80065 
14529 
80066 
80067 
14531 
80068 
14532 
80069 
80070 
14534 
80071 
80072 
80073 
14537 
80074 
14538 
80075 
14539 
80076 
14540 
80077 
14541 
80078 
14542 
80079 
14543 
80080 
14544 
80081 
14545 
80082 
14546 
80083 
80084 
80085 
14549 
80086 
14550 
80087 
14551 
80088 
14552 
80089 
14553 
80090 
14554 
80091 
14555 
80092 
14556 
80093 
14557 
80094 
14558 
80095 
14559 
80096 
14560 
80097 
14561 
80098 
14562 
80099 
14563 
80100 
14564 
80101 
14565 
80102 
14566 
80103 
14567 
80104 
14568 
80105 
14569 
80106 
14570 
80107 
14571 
80108 
14572 
80109 
14573 
80110 
14574 
80111 
14575 
80112 
14576 
80113 
14577 
80114 
14578 
80115 
14579 
80116 
14580 
80117 
14581 
80118 
14582 
80119 
14583 
80120 
14584 
80121 
14585 
80122 
14586 
80123 
14587 
80124 
14588 
80125 
14589 
80126 
14590 
80127 
14591 
80128 
14592 
80129 
14593 
80130 
14594 
80131 
14595 
80132 
14596 
80133 
14597 
80134 
14598 
80135 
14599 
80136 
14600 
80137 
14601 
80138 
14602 
80139 
14603 
80140 
14604 
80141 
14605 
80142 
14606 
80143 
14607 
14608 
14609 
14610 
14611 
14612 
14613 
14614 
14615 
14616 
14617 
14618 
14619 
14620 
14621 
14622 
14623 
14624 
14625 
14626 
14627 
14628 
14629 
14630 
14631 
14632 
14633 
14634 
14635 
14636 
14637 
14638 
14639 
80268 
14733 
80270 
80271 
14735 
80275 
14741 
80278 
80279 
14743 
80280 
80281 
80282 
80283 
14747 
80284 
80285 
14749 
80287 
80290 
80291 
80292 
80293 
80294 
80295 
80296 
80297 
80298 
80299 
80300 
80301 
80302 
80303 
80304 
80305 
80306 
80307 
14771 
80308 
14772 
80309 
80310 
14774 
80311 
80312 
80313 
14777 
80314 
14778 
80315 
14779 
80316 
14780 
80317 
14781 
80318 
14782 
80319 
14783 
80320 
14784 
80321 
80322 
14786 
80323 
80324 
80325 
14789 
80326 
14790 
80327 
14791 
80328 
14792 
80329 
14793 
80330 
14794 
80331 
14795 
80332 
14796 
80333 
14797 
80334 
14798 
80335 
14799 
80336 
14800 
80337 
14801 
80338 
14802 
80339 
14803 
80340 
14804 
80341 
14805 
14806 
80343 
14807 
80344 
14808 
80345 
14809 
80346 
14810 
80347 
14811 
80348 
14812 
80349 
14813 
80350 
14814 
80351 
14815 
80352 
14816 
80353 
14817 
14818 
80355 
14819 
80356 
14820 
80357 
14821 
80358 
14822 
80359 
14823 
80360 
14824 
80361 
14825 
80362 
14826 
80363 
14827 
80364 
14828 
80365 
14829 
80366 
14830 
80367 
14831 
80368 
14832 
80369 
14833 
80370 
14834 
80371 
14835 
80372 
14836 
80373 
14837 
80374 
14838 
80375 
14839 
80376 
14840 
80377 
14841 
80378 
14842 
80379 
14843 
80380 
14844 
80381 
14845 
80382 
14846 
14847 
14848 
14849 
14850 
14851 
14852 
14853 
14854 
14855 
14856 
14857 
14858 
14859 
14860 
14861 
14862 
14863 
14864 
14865 
14866 
14867 
14868 
14869 
14870 
14871 
14872 
14873 
14874 
14875 
14876 
14877 
14878 
14879 
14973 
80510 
14975 
14977 
80514 
80515 
80517 
80518 
80519 
80520 
80521 
80522 
80523 
80524 
80526 
80527 
80529 
80530 
80531 
80532 
80533 
80534 
80535 
14999 
80536 
80537 
15001 
80538 
80539 
15003 
80540 
80541 
15005 
80542 
15006 
80543 
80544 
80545 
80546 
80547 
15011 
80548 
15012 
80549 
80550 
15014 
80551 
80552 
80553 
15017 
80554 
15018 
80555 
15019 
80556 
15020 
80557 
15021 
80558 
15022 
80559 
15023 
80560 
15024 
80561 
15025 
80562 
80563 
15027 
80564 
15028 
80565 
15029 
80566 
15030 
80567 
15031 
80568 
15032 
80569 
15033 
80570 
15034 
80571 
15035 
80572 
15036 
80573 
15037 
80574 
15038 
80575 
15039 
80576 
15040 
80577 
15041 
80578 
15042 
80579 
15043 
80580 
15044 
80581 
15045 
80582 
15046 
80583 
15047 
80584 
15048 
80585 
15049 
80586 
15050 
80587 
15051 
80588 
15052 
80589 
15053 
80590 
15054 
80591 
15055 
80592 
15056 
80593 
15057 
80594 
15058 
80595 
15059 
80596 
15060 
80597 
15061 
80598 
15062 
80599 
15063 
80600 
15064 
80601 
15065 
80602 
15066 
80603 
15067 
80604 
15068 
80605 
15069 
80606 
15070 
80607 
15071 
80608 
15072 
80609 
15073 
80610 
15074 
80611 
15075 
80612 
15076 
80613 
15077 
80614 
15078 
80615 
15079 
80616 
15080 
80617 
15081 
80618 
15082 
80619 
15083 
80620 
15084 
80621 
15085 
15086 
80623 
15087 
15088 
15089 
15090 
15091 
15092 
15093 
15094 
15095 
15096 
15097 
15098 
15099 
15100 
15101 
15102 
15103 
15104 
15105 
15106 
15107 
15108 
15109 
15110 
15111 
15112 
15113 
15114 
15115 
15116 
15117 
15118 
15119 
80675 
80677 
80679 
80681 
80683 
80685 
80687 
80689 
80691 
80693 
80695 
80697 
80699 
80701 
80703 
80705 
80707 
80709 
80711 
80713 
80715 
80717 
80719 
80721 
80723 
80725 
80727 
80729 
80733 
80746 
80747 
80748 
15213 
80750 
80751 
15215 
80753 
80754 
80756 
80757 
80758 
80759 
80760 
80761 
80762 
80763 
80764 
80765 
80766 
80768 
80769 
80770 
80771 
80772 
80773 
80774 
80775 
80776 
80777 
80778 
80779 
80780 
80781 
80782 
15246 
80783 
80784 
80785 
80786 
80787 
15251 
80788 
15252 
80789 
80790 
15254 
80791 
80792 
80793 
15257 
80794 
15258 
80795 
15259 
80796 
15260 
80797 
15261 
80798 
15262 
80799 
80800 
15264 
80801 
80802 
80803 
15267 
80804 
15268 
80805 
15269 
80806 
15270 
80807 
15271 
80808 
15272 
80809 
15273 
80810 
15274 
80811 
15275 
80812 
15276 
80813 
15277 
80814 
15278 
80815 
15279 
80816 
15280 
80817 
15281 
80818 
15282 
80819 
15283 
80820 
15284 
80821 
15285 
80822 
15286 
80823 
15287 
80824 
15288 
80825 
15289 
80826 
15290 
80827 
15291 
80828 
15292 
80829 
15293 
80830 
15294 
80831 
15295 
15296 
80833 
15297 
80834 
15298 
80835 
15299 
80836 
15300 
80837 
15301 
80838 
15302 
80839 
15303 
80840 
15304 
80841 
15305 
80842 
15306 
80843 
15307 
80844 
15308 
80845 
15309 
80846 
15310 
80847 
15311 
80848 
15312 
80849 
15313 
80850 
15314 
80851 
15315 
80852 
15316 
80853 
15317 
80854 
15318 
80855 
15319 
80856 
15320 
80857 
15321 
80858 
15322 
80859 
15323 
80860 
15324 
15325 
80862 
15326 
15327 
15328 
15329 
15330 
15331 
15332 
15333 
15334 
15335 
15336 
15337 
15338 
15339 
15340 
15341 
15342 
15343 
15344 
15345 
15346 
15347 
15348 
15349 
15350 
15351 
15352 
15353 
15354 
15355 
15356 
15357 
15358 
15359 
80907 
80908 
80909 
80910 
80911 
80912 
80913 
80914 
80915 
80916 
80917 
80918 
80919 
80920 
80921 
80922 
80923 
80924 
80925 
80926 
80927 
80928 
80929 
80930 
80931 
80932 
80933 
80934 
80935 
80936 
80937 
80938 
80939 
80943 
80951 
80953 
80955 
80957 
80959 
80961 
80965 
80967 
80969 
80971 
80975 
80977 
80979 
80983 
80985 
80986 
80987 
80989 
80991 
15455 
80992 
80993 
15457 
80994 
80995 
80997 
15461 
80998 
80999 
15463 
81000 
81001 
81002 
81004 
81007 
81008 
81009 
81010 
81011 
81012 
81013 
81014 
81015 
81016 
81017 
81018 
81019 
81020 
81021 
81022 
15486 
81023 
81024 
81025 
81026 
81027 
15491 
81028 
15492 
81029 
81030 
15494 
81031 
15495 
81032 
81033 
15497 
81034 
15498 
81035 
15499 
81036 
15500 
81037 
15501 
81038 
15502 
81039 
81040 
15504 
81041 
81042 
81043 
15507 
81044 
15508 
81045 
15509 
81046 
15510 
81047 
15511 
81048 
15512 
81049 
15513 
81050 
15514 
81051 
15515 
81052 
15516 
81053 
15517 
81054 
15518 
81055 
15519 
81056 
15520 
81057 
15521 
81058 
15522 
81059 
15523 
81060 
15524 
81061 
15525 
81062 
15526 
81063 
15527 
81064 
15528 
81065 
15529 
81066 
15530 
81067 
15531 
81068 
15532 
81069 
15533 
81070 
15534 
15535 
81072 
15536 
81073 
15537 
81074 
15538 
81075 
15539 
81076 
15540 
81077 
15541 
81078 
15542 
81079 
15543 
81080 
15544 
81081 
15545 
81082 
15546 
81083 
15547 
81084 
15548 
81085 
15549 
81086 
15550 
81087 
15551 
81088 
15552 
81089 
15553 
81090 
15554 
81091 
15555 
81092 
15556 
81093 
15557 
81094 
15558 
81095 
15559 
81096 
15560 
81097 
15561 
81098 
15562 
81099 
15563 
15564 
15565 
15566 
15567 
15568 
15569 
15570 
15571 
15572 
15574 
15575 
15576 
15577 
15578 
15579 
15580 
15581 
15582 
15583 
15584 
15585 
15586 
15587 
15588 
15589 
15590 
15591 
15592 
15593 
15594 
15595 
15596 
15597 
15598 
15599 
81150 
81152 
81154 
81190 
81192 
81194 
81196 
81200 
81202 
81204 
81206 
81208 
81214 
81216 
81225 
15693 
81230 
81231 
15695 
81233 
15697 
81236 
81237 
81238 
81239 
81240 
81241 
81243 
81246 
81247 
81248 
81249 
81250 
81251 
81252 
81253 
81254 
81255 
81256 
81257 
81258 
81259 
81260 
81261 
81262 
15726 
81263 
81264 
81265 
81266 
81267 
15731 
81268 
15732 
81269 
81270 
15734 
81271 
81272 
81273 
15737 
81274 
15738 
81275 
15739 
81276 
15740 
81277 
15741 
81278 
15742 
81279 
81280 
15744 
81281 
81282 
81283 
15747 
81284 
15748 
81285 
15749 
81286 
15750 
81287 
15751 
81288 
15752 
81289 
15753 
81290 
15754 
81291 
15755 
81292 
15756 
81293 
15757 
81294 
15758 
81295 
15759 
81296 
15760 
81297 
15761 
81298 
15762 
81299 
15763 
81300 
15764 
81301 
15765 
81302 
15766 
81303 
15767 
81304 
15768 
81305 
15769 
81306 
15770 
81307 
15771 
81308 
15772 
81309 
15773 
15774 
81311 
15775 
81312 
15776 
81313 
15777 
81314 
15778 
81315 
15779 
81316 
15780 
81317 
15781 
81318 
15782 
81319 
15783 
81320 
15784 
81321 
15785 
81322 
15786 
81323 
15787 
81324 
15788 
81325 
15789 
81326 
15790 
81327 
15791 
81328 
15792 
81329 
15793 
81330 
15794 
81331 
15795 
81332 
15796 
81333 
15797 
81334 
15798 
81335 
15799 
81336 
15800 
81337 
15801 
81338 
15802 
15803 
15804 
15805 
15806 
15807 
15808 
15809 
15810 
15811 
15812 
15814 
15815 
15816 
15817 
15818 
15819 
15820 
15821 
15822 
15823 
15824 
15825 
15826 
15827 
15828 
15829 
15830 
15831 
15832 
15833 
15834 
15835 
15836 
15837 
15838 
15839 
81433 
81435 
81437 
81441 
81443 
81445 
81447 
81449 
81464 
81469 
15933 
81470 
15935 
81472 
81475 
81476 
81477 
81478 
81479 
81480 
81482 
81485 
81486 
81487 
81488 
81489 
81490 
81491 
81492 
81493 
81494 
81495 
81496 
81497 
81498 
81499 
81500 
81501 
81502 
15966 
81503 
81504 
81505 
81506 
81507 
15971 
81508 
15972 
81509 
81510 
15974 
81511 
81512 
81513 
15977 
81514 
15978 
81515 
15979 
81516 
15980 
81517 
15981 
81518 
15982 
81519 
15983 
81520 
15984 
81521 
81522 
81523 
15987 
81524 
15988 
81525 
15989 
81526 
15990 
81527 
15991 
81528 
15992 
81529 
15993 
81530 
15994 
81531 
15995 
81532 
15996 
81533 
15997 
81534 
15998 
81535 
15999 
81536 
16000 
81537 
16001 
81538 
16002 
81539 
16003 
81540 
16004 
81541 
16005 
81542 
16006 
81543 
16007 
81544 
16008 
81545 
16009 
81546 
16010 
81547 
16011 
81548 
16012 
16013 
81550 
16014 
81551 
16015 
81552 
16016 
81553 
16017 
81554 
16018 
81555 
16019 
81556 
16020 
81557 
16021 
81558 
16022 
81559 
16023 
81560 
16024 
81561 
16025 
81562 
16026 
81563 
16027 
81564 
16028 
81565 
16029 
81566 
16030 
81567 
16031 
81568 
16032 
81569 
16033 
81570 
16034 
81571 
16035 
81572 
16036 
81573 
16037 
81574 
16038 
81575 
16039 
81576 
16040 
81577 
16041 
16042 
16043 
16044 
16045 
16046 
16047 
16048 
16049 
16050 
16051 
16052 
16053 
16054 
16055 
16056 
16057 
16058 
16059 
16060 
16061 
16062 
16063 
16064 
16065 
16066 
16067 
16068 
16069 
16070 
16071 
16072 
16073 
16074 
16075 
16076 
16077 
16078 
16079 
81674 
81676 
81678 
81700 
81702 
81703 
81708 
81709 
81711 
81714 
81715 
81716 
81717 
81718 
81719 
81721 
81724 
81725 
81726 
81727 
81728 
81729 
81730 
81731 
81732 
81733 
81734 
81735 
81736 
81737 
81738 
81739 
16203 
81740 
81741 
16205 
81742 
16206 
81743 
81744 
81745 
81746 
81747 
16211 
81748 
16212 
81749 
81750 
16214 
81751 
81752 
81753 
16217 
81754 
16218 
81755 
16219 
81756 
16220 
81757 
16221 
81758 
16222 
81759 
81760 
16224 
81761 
81762 
81763 
16227 
81764 
16228 
81765 
16229 
81766 
16230 
81767 
16231 
81768 
16232 
81769 
16233 
81770 
16234 
81771 
16235 
81772 
16236 
81773 
16237 
81774 
16238 
81775 
16239 
81776 
16240 
81777 
16241 
81778 
16242 
81779 
16243 
81780 
16244 
81781 
16245 
81782 
16246 
81783 
16247 
81784 
16248 
81785 
16249 
81786 
16250 
81787 
16251 
16252 
81789 
16253 
81790 
16254 
81791 
16255 
81792 
16256 
81793 
16257 
81794 
16258 
81795 
16259 
81796 
16260 
81797 
16261 
81798 
16262 
81799 
16263 
81800 
16264 
81801 
16265 
81802 
16266 
81803 
16267 
81804 
16268 
81805 
16269 
81806 
16270 
81807 
16271 
81808 
16272 
81809 
16273 
81810 
16274 
81811 
16275 
81812 
16276 
81813 
16277 
81814 
16278 
81815 
16279 
81816 
16280 
16281 
16282 
16283 
16284 
16285 
16286 
16287 
16288 
16289 
16290 
16291 
16292 
16293 
16294 
16295 
16296 
16297 
16298 
16299 
16300 
16301 
16302 
16303 
16304 
16305 
16306 
16307 
16308 
16309 
16310 
16311 
16312 
16313 
16314 
16315 
16316 
16317 
16318 
16319 
81909 
81911 
81913 
81915 
81921 
81923 
81925 
81942 
81947 
81948 
16413 
81950 
16415 
81953 
16417 
81954 
81955 
16419 
81956 
81957 
16421 
81958 
81959 
16423 
81960 
16425 
81963 
81964 
81965 
81966 
81967 
81968 
81969 
81970 
81971 
81972 
81973 
81974 
81975 
81976 
81977 
81978 
81979 
81980 
81981 
81982 
16446 
81983 
81984 
81985 
16449 
81986 
81987 
16451 
81988 
16452 
81989 
81990 
16454 
81991 
81992 
81993 
16457 
81994 
16458 
81995 
16459 
81996 
16460 
81997 
16461 
81998 
16462 
81999 
82000 
16464 
82001 
82002 
82003 
16467 
82004 
16468 
82005 
16469 
82006 
16470 
82007 
16471 
82008 
16472 
82009 
16473 
82010 
16474 
82011 
16475 
82012 
16476 
82013 
16477 
82014 
16478 
82015 
16479 
82016 
16480 
82017 
16481 
82018 
16482 
82019 
16483 
82020 
16484 
82021 
16485 
82022 
16486 
82023 
16487 
82024 
16488 
82025 
16489 
82026 
16490 
82027 
16491 
82028 
16492 
82029 
16493 
82030 
16494 
82031 
16495 
82032 
16496 
82033 
16497 
82034 
16498 
82035 
16499 
82036 
16500 
82037 
16501 
82038 
16502 
82039 
16503 
82040 
16504 
82041 
16505 
82042 
16506 
82043 
16507 
82044 
16508 
82045 
16509 
82046 
16510 
82047 
16511 
82048 
16512 
82049 
16513 
82050 
16514 
82051 
16515 
82052 
16516 
82053 
16517 
82054 
16518 
82055 
16519 
16520 
16521 
16522 
16523 
16524 
16525 
16526 
16527 
16528 
16529 
16530 
16532 
16534 
16535 
16536 
16537 
16538 
16539 
16540 
16541 
16542 
16543 
16544 
16545 
16546 
16547 
16548 
16549 
16550 
16551 
16552 
16553 
16554 
16555 
16556 
16557 
16558 
16559 
82146 
82148 
82150 
82181 
82184 
82186 
82187 
82189 
16653 
16655 
82192 
82193 
16657 
82194 
82195 
16659 
82196 
82197 
16661 
82199 
16663 
16665 
82202 
82203 
16667 
82204 
82205 
82206 
82207 
82208 
82209 
82210 
82211 
82212 
82213 
82214 
82215 
82216 
82217 
82218 
82219 
82220 
82221 
82222 
16686 
82223 
82224 
82225 
82226 
82227 
16691 
82228 
16692 
82229 
82230 
16694 
82231 
82232 
82233 
16697 
82234 
16698 
82235 
16699 
82236 
16700 
82237 
16701 
82238 
16702 
82239 
82240 
16704 
82241 
82242 
82243 
16707 
82244 
16708 
82245 
16709 
82246 
16710 
82247 
16711 
82248 
16712 
82249 
16713 
82250 
16714 
82251 
16715 
82252 
16716 
82253 
16717 
82254 
16718 
82255 
82256 
82257 
16721 
82258 
16722 
82259 
16723 
82260 
16724 
82261 
16725 
82262 
16726 
82263 
16727 
82264 
16728 
82265 
16729 
82266 
16730 
82267 
16731 
82268 
16732 
82269 
16733 
82270 
16734 
82271 
16735 
82272 
16736 
82273 
16737 
82274 
16738 
82275 
16739 
82276 
16740 
82277 
16741 
82278 
16742 
82279 
16743 
82280 
16744 
82281 
16745 
82282 
16746 
82283 
16747 
82284 
16748 
82285 
16749 
82286 
16750 
82287 
16751 
82288 
16752 
82289 
16753 
82290 
16754 
82291 
16755 
82292 
16756 
82293 
16757 
82294 
16758 
16759 
16760 
16761 
16762 
16763 
16764 
16765 
16766 
16767 
16768 
16769 
16770 
16772 
16773 
16774 
16775 
16776 
16777 
16778 
16779 
16780 
16781 
16782 
16783 
16784 
16785 
16786 
16787 
16788 
16789 
16790 
16791 
16792 
16793 
16794 
16795 
16796 
16797 
16798 
16799 
82420 
82425 
82426 
82428 
82431 
82432 
82433 
82434 
82435 
16899 
82436 
16901 
82438 
16903 
82441 
82442 
82443 
82444 
82445 
16909 
82446 
82447 
16911 
82448 
82449 
16913 
82450 
82451 
82452 
82453 
16917 
82454 
82455 
16919 
82456 
82457 
16921 
82458 
82459 
82460 
82461 
82462 
16926 
82463 
82464 
82465 
82466 
82467 
16931 
82468 
16932 
82469 
82470 
16934 
82471 
82472 
82473 
16937 
82474 
16938 
82475 
16939 
82476 
16940 
82477 
16941 
82478 
16942 
82479 
82480 
16944 
82481 
82482 
82483 
16947 
82484 
16948 
82485 
16949 
82486 
16950 
82487 
16951 
82488 
16952 
82489 
16953 
82490 
16954 
82491 
16955 
82492 
16956 
82493 
16957 
82494 
16958 
82495 
16959 
82496 
16960 
82497 
16961 
82498 
16962 
82499 
16963 
82500 
16964 
82501 
16965 
82502 
16966 
82503 
16967 
82504 
16968 
82505 
16969 
82506 
16970 
82507 
16971 
82508 
16972 
82509 
16973 
82510 
16974 
82511 
16975 
82512 
16976 
82513 
16977 
82514 
16978 
82515 
16979 
82516 
16980 
82517 
16981 
82518 
16982 
82519 
16983 
82520 
16984 
82521 
16985 
82522 
16986 
82523 
16987 
82524 
16988 
82525 
16989 
82526 
16990 
82527 
16991 
82528 
16992 
82529 
16993 
82530 
16994 
82531 
16995 
82532 
16996 
82533 
16997 
16998 
16999 
17000 
17001 
17002 
17003 
17004 
17005 
17006 
17007 
17008 
17009 
17010 
17011 
17012 
17013 
17014 
17015 
17016 
17017 
17018 
17019 
17020 
17021 
17022 
17023 
17024 
17025 
17026 
17027 
17028 
17029 
17030 
17031 
17032 
17033 
17034 
17035 
17036 
17037 
17038 
17039 
82624 
82659 
82664 
82665 
82667 
82670 
82671 
82672 
82673 
82674 
82675 
82677 
82680 
82681 
82682 
82683 
82684 
82685 
82686 
82687 
82688 
82689 
82690 
82691 
82692 
82693 
82694 
82695 
82696 
82697 
82698 
82699 
82700 
82701 
82702 
17166 
82703 
82704 
82705 
82706 
82707 
17171 
82708 
17172 
82709 
82710 
17174 
82711 
82712 
82713 
17177 
82714 
17178 
82715 
17179 
82716 
17180 
82717 
17181 
82718 
17182 
82719 
82720 
17184 
82721 
82722 
82723 
17187 
82724 
17188 
82725 
17189 
82726 
17190 
82727 
17191 
82728 
17192 
82729 
17193 
82730 
17194 
82731 
17195 
17196 
82733 
17197 
82734 
17198 
82735 
17199 
82736 
17200 
82737 
17201 
82738 
17202 
82739 
17203 
82740 
17204 
82741 
17205 
82742 
17206 
82743 
17207 
17208 
82745 
17209 
82746 
17210 
82747 
17211 
82748 
17212 
82749 
17213 
82750 
17214 
82751 
17215 
82752 
17216 
82753 
17217 
82754 
17218 
82755 
17219 
82756 
17220 
82757 
17221 
82758 
17222 
82759 
17223 
82760 
17224 
82761 
17225 
82762 
17226 
82763 
17227 
82764 
17228 
82765 
17229 
82766 
17230 
82767 
17231 
82768 
17232 
82769 
17233 
82770 
17234 
82771 
17235 
82772 
17236 
17237 
17238 
17239 
17240 
17241 
17242 
17243 
17244 
17245 
17246 
17247 
17248 
17249 
17250 
17251 
17252 
17253 
17254 
17255 
17256 
17257 
17258 
17259 
17260 
17261 
17262 
17263 
17264 
17265 
17266 
17267 
17268 
17269 
17270 
17271 
17272 
17273 
17274 
17275 
17276 
17277 
17278 
17279 
82898 
82903 
82904 
82906 
17371 
82909 
82910 
82911 
82912 
82913 
82914 
82916 
82919 
82920 
82921 
82922 
82923 
82924 
82925 
82926 
82927 
82928 
82929 
82930 
82931 
82932 
82933 
82934 
82935 
82936 
82937 
82938 
82939 
82940 
82941 
82942 
17406 
82943 
82944 
82945 
82946 
82947 
17411 
82948 
17412 
82949 
82950 
17414 
82951 
82952 
82953 
17417 
82954 
17418 
82955 
17419 
82956 
17420 
82957 
17421 
82958 
17422 
82959 
82960 
17424 
82961 
82962 
82963 
17427 
82964 
17428 
82965 
17429 
82966 
17430 
82967 
17431 
82968 
17432 
82969 
17433 
82970 
17434 
82971 
17435 
82972 
17436 
82973 
17437 
82974 
17438 
82975 
17439 
82976 
17440 
82977 
17441 
82978 
17442 
82979 
17443 
82980 
17444 
82981 
17445 
82982 
17446 
82983 
17447 
82984 
17448 
82985 
17449 
82986 
17450 
82987 
17451 
82988 
17452 
82989 
17453 
82990 
17454 
82991 
17455 
82992 
17456 
82993 
17457 
82994 
17458 
82995 
17459 
82996 
17460 
82997 
17461 
82998 
17462 
82999 
17463 
83000 
17464 
83001 
17465 
83002 
17466 
83003 
17467 
83004 
17468 
83005 
17469 
83006 
17470 
83007 
17471 
83008 
17472 
83009 
17473 
83010 
17474 
83011 
17475 
17476 
17477 
17478 
17479 
17480 
17481 
17482 
17483 
17484 
17485 
17486 
17487 
17488 
17489 
17490 
17491 
17492 
17493 
17494 
17495 
17496 
17497 
17498 
17499 
17500 
17501 
17502 
17503 
17504 
17505 
17506 
17507 
17508 
17509 
17510 
17511 
17512 
17513 
17514 
17515 
17516 
17517 
17518 
17519 
83110 
83112 
83114 
83120 
83122 
83124 
83128 
83130 
83132 
83137 
83142 
83143 
83145 
83148 
83149 
83150 
83151 
83152 
83153 
83155 
83158 
83159 
83160 
83161 
83162 
83163 
83164 
83165 
83166 
83167 
83168 
83169 
83170 
83172 
83173 
83174 
83175 
83176 
83177 
83178 
83179 
83180 
83181 
83182 
17646 
83183 
83184 
83185 
83186 
83187 
17651 
83188 
17652 
83189 
83190 
17654 
83191 
83192 
83193 
17657 
83194 
17658 
83195 
17659 
83196 
17660 
83197 
17661 
83198 
17662 
83199 
83200 
17664 
83201 
83202 
83203 
17667 
83204 
17668 
83205 
17669 
83206 
17670 
83207 
17671 
83208 
17672 
83209 
17673 
83210 
17674 
83211 
17675 
83212 
17676 
83213 
17677 
83214 
17678 
83215 
17679 
83216 
17680 
83217 
17681 
83218 
17682 
83219 
17683 
83220 
17684 
83221 
17685 
83222 
17686 
83223 
17687 
83224 
17688 
83225 
17689 
83226 
17690 
83227 
17691 
83228 
17692 
83229 
17693 
83230 
17694 
83231 
17695 
83232 
17696 
83233 
17697 
83234 
17698 
83235 
17699 
83236 
17700 
83237 
17701 
83238 
17702 
83239 
17703 
83240 
17704 
83241 
17705 
83242 
17706 
83243 
17707 
83244 
17708 
83245 
17709 
83246 
17710 
83247 
17711 
83248 
17712 
83249 
17713 
83250 
17714 
17715 
17716 
17717 
17718 
17719 
17720 
17721 
17722 
17723 
17724 
17725 
17726 
17727 
17728 
17729 
17730 
17731 
17732 
17733 
17734 
17735 
17736 
17737 
17738 
17739 
17740 
17741 
17742 
17743 
17744 
17745 
17746 
17747 
17748 
17749 
17750 
17751 
17752 
17753 
17754 
17755 
17756 
17757 
17758 
17759 
83343 
83345 
83347 
83349 
83351 
83353 
83355 
83357 
83376 
83381 
83382 
83384 
83387 
17851 
83388 
83389 
17853 
83390 
83391 
17855 
83392 
83394 
83397 
83398 
83399 
83400 
83401 
83402 
83403 
83404 
83405 
83406 
83407 
83408 
83410 
83411 
83412 
83413 
83414 
83415 
83416 
83417 
83418 
83419 
83420 
83421 
83422 
17886 
83423 
83424 
83425 
17889 
83426 
83427 
17891 
83428 
17892 
83429 
83430 
17894 
83431 
83432 
83433 
17897 
83434 
17898 
83435 
17899 
83436 
17900 
83437 
17901 
83438 
17902 
83439 
83440 
17904 
83441 
83442 
83443 
17907 
83444 
17908 
83445 
17909 
83446 
17910 
83447 
17911 
83448 
17912 
83449 
17913 
83450 
17914 
83451 
17915 
83452 
17916 
83453 
17917 
83454 
17918 
83455 
17919 
83456 
17920 
83457 
17921 
83458 
17922 
83459 
17923 
83460 
17924 
17925 
83462 
17926 
83463 
17927 
83464 
17928 
83465 
17929 
83466 
17930 
83467 
17931 
83468 
17932 
83469 
17933 
83470 
17934 
83471 
17935 
83472 
17936 
83473 
17937 
83474 
17938 
83475 
17939 
83476 
17940 
83477 
17941 
83478 
17942 
83479 
17943 
83480 
17944 
83481 
17945 
83482 
17946 
83483 
17947 
83484 
17948 
83485 
17949 
83486 
17950 
83487 
17951 
83488 
17952 
83489 
17953 
17954 
17955 
17956 
17957 
17958 
17959 
17960 
17961 
17962 
17963 
17964 
17965 
17966 
17967 
17968 
17969 
17970 
17972 
17973 
17974 
17975 
17976 
17977 
17978 
17979 
17980 
17981 
17982 
17983 
17984 
17985 
17986 
17987 
17988 
17989 
17990 
17991 
17992 
17993 
17994 
17995 
17996 
17997 
17998 
17999 
83582 
83584 
83586 
83588 
83590 
83592 
83594 
83615 
83618 
83620 
83621 
83623 
83626 
83627 
83628 
83629 
18093 
83630 
83631 
18095 
83633 
18097 
18099 
83636 
83637 
83638 
83639 
83640 
83641 
18105 
83642 
83643 
18107 
83644 
83645 
18109 
83646 
83647 
83648 
83649 
83650 
83651 
83652 
83653 
83654 
83655 
83656 
83657 
83658 
83659 
83660 
83661 
83662 
18126 
83663 
83664 
83665 
83666 
83667 
18131 
83668 
18132 
83669 
83670 
18134 
83671 
83672 
83673 
18137 
83674 
18138 
83675 
18139 
83676 
18140 
83677 
18141 
83678 
18142 
83679 
18143 
83680 
18144 
83681 
83682 
83683 
18147 
83684 
18148 
83685 
18149 
83686 
18150 
83687 
18151 
83688 
18152 
83689 
18153 
83690 
18154 
83691 
18155 
83692 
18156 
83693 
18157 
83694 
18158 
83695 
18159 
83696 
18160 
83697 
18161 
83698 
18162 
83699 
18163 
18164 
83701 
18165 
18166 
83703 
18167 
83704 
18168 
83705 
18169 
83706 
18170 
83707 
18171 
83708 
18172 
83709 
18173 
83710 
18174 
83711 
18175 
83712 
18176 
83713 
18177 
83714 
18178 
83715 
18179 
83716 
18180 
83717 
18181 
83718 
18182 
83719 
18183 
83720 
18184 
83721 
18185 
83722 
18186 
83723 
18187 
83724 
18188 
83725 
18189 
83726 
18190 
83727 
18191 
83728 
18192 
18193 
18194 
18195 
18196 
18197 
18198 
18199 
18200 
18201 
18202 
18203 
18204 
18205 
18206 
18207 
18208 
18209 
18210 
18211 
18212 
18213 
18214 
18215 
18216 
18217 
18218 
18219 
18220 
18221 
18222 
18223 
18224 
18225 
18226 
18227 
18228 
18229 
18230 
18231 
18232 
18233 
18234 
18235 
18236 
18237 
18238 
18239 
83851 
83853 
83854 
83859 
83860 
83862 
83865 
83866 
83867 
83868 
83869 
83870 
83872 
18337 
83875 
18339 
83876 
83877 
18341 
83878 
83879 
83880 
83881 
83882 
83883 
83884 
83885 
83886 
83887 
83888 
83889 
83890 
83891 
83892 
83893 
83894 
83895 
83896 
83897 
83898 
83899 
18363 
83900 
83901 
18365 
83902 
18366 
83903 
83904 
83905 
83906 
83907 
18371 
83908 
18372 
83909 
83910 
18374 
83911 
83912 
83913 
18377 
83914 
18378 
83915 
18379 
83916 
18380 
83917 
18381 
83918 
18382 
83919 
83920 
18384 
83921 
83922 
83923 
18387 
83924 
18388 
83925 
18389 
83926 
18390 
83927 
18391 
83928 
18392 
83929 
18393 
83930 
18394 
83931 
18395 
83932 
18396 
83933 
18397 
83934 
18398 
83935 
18399 
83936 
18400 
83937 
18401 
83938 
18402 
83939 
18403 
83940 
18404 
83941 
18405 
83942 
18406 
83943 
18407 
83944 
18408 
83945 
18409 
83946 
18410 
83947 
18411 
83948 
18412 
83949 
18413 
83950 
18414 
83951 
18415 
83952 
18416 
83953 
18417 
83954 
18418 
83955 
18419 
83956 
18420 
83957 
18421 
83958 
18422 
83959 
18423 
83960 
18424 
83961 
18425 
83962 
18426 
83963 
18427 
83964 
18428 
83965 
18429 
83966 
18430 
83967 
18431 
18432 
18433 
18434 
18435 
18436 
18437 
18438 
18439 
18440 
18441 
18442 
18443 
18444 
18445 
18446 
18447 
18448 
18449 
18450 
18452 
18453 
18454 
18455 
18456 
18457 
18458 
18459 
18460 
18461 
18462 
18463 
18464 
18465 
18466 
18467 
18468 
18469 
18470 
18471 
18472 
18473 
18474 
18475 
18476 
18477 
18478 
18479 
84060 
84062 
84093 
84098 
84099 
84101 
84104 
84105 
84106 
84107 
84108 
84109 
84110 
84111 
18575 
18577 
84114 
84115 
18579 
84116 
84117 
84118 
84119 
18583 
84120 
84121 
18585 
84122 
84123 
18587 
84124 
84125 
18589 
84126 
84127 
18591 
84128 
84129 
84130 
84131 
84132 
84133 
84134 
84135 
84136 
84137 
84138 
84139 
84140 
84141 
84142 
18606 
84143 
84144 
84145 
84146 
84147 
18611 
84148 
18612 
84149 
84150 
18614 
84151 
84152 
84153 
18617 
84154 
18618 
84155 
18619 
84156 
18620 
84157 
18621 
84158 
18622 
84159 
84160 
18624 
84161 
84162 
84163 
18627 
84164 
18628 
84165 
18629 
84166 
18630 
84167 
18631 
84168 
18632 
84169 
18633 
84170 
18634 
84171 
18635 
84172 
18636 
84173 
18637 
84174 
18638 
84175 
18639 
84176 
18640 
84177 
18641 
84178 
18642 
84179 
18643 
84180 
18644 
84181 
18645 
84182 
18646 
84183 
18647 
84184 
18648 
84185 
18649 
84186 
18650 
84187 
18651 
84188 
18652 
84189 
18653 
84190 
18654 
84191 
18655 
84192 
18656 
84193 
18657 
84194 
18658 
84195 
18659 
84196 
18660 
84197 
18661 
84198 
18662 
84199 
18663 
84200 
18664 
84201 
18665 
84202 
18666 
84203 
18667 
84204 
18668 
84205 
18669 
84206 
18670 
18671 
18672 
18673 
18674 
18675 
18676 
18677 
18678 
18679 
18680 
18681 
18682 
18683 
18684 
18685 
18686 
18687 
18688 
18689 
18690 
18692 
18693 
18694 
18695 
18696 
18697 
18698 
18700 
18702 
18703 
18704 
18705 
18706 
18707 
18708 
18709 
18710 
18711 
18712 
18713 
18714 
18715 
18716 
18717 
18718 
18719 
18721 
84299 
84301 
84303 
18768 
18770 
18771 
18772 
18773 
18774 
18775 
18776 
18778 
18780 
18782 
18784 
18786 
18788 
18790 
18792 
18794 
84332 
18796 
18798 
84337 
84338 
84340 
84343 
84344 
84345 
84346 
84347 
18811 
84348 
18813 
84350 
18815 
84353 
18817 
84354 
84355 
84356 
84357 
18821 
84358 
84359 
18823 
84360 
84361 
18825 
84362 
84363 
18827 
84364 
84365 
18829 
84366 
84367 
84368 
84369 
84370 
84371 
18835 
84372 
84373 
18837 
84374 
84375 
84376 
84377 
84378 
84379 
84380 
84381 
84382 
18846 
84383 
84384 
84385 
84386 
84387 
18851 
84388 
18852 
84389 
84390 
18854 
84391 
84392 
84393 
18857 
84394 
18858 
84395 
18859 
84396 
18860 
84397 
18861 
84398 
18862 
84399 
84400 
18864 
84401 
84402 
84403 
18867 
84404 
18868 
84405 
18869 
84406 
18870 
84407 
18871 
84408 
18872 
84409 
18873 
84410 
18874 
84411 
18875 
84412 
18876 
84413 
18877 
84414 
18878 
84415 
18879 
84416 
18880 
84417 
18881 
84418 
18882 
18883 
84420 
18884 
84421 
18885 
84422 
18886 
84423 
18887 
84424 
18888 
84425 
18889 
84426 
18890 
84427 
18891 
84428 
18892 
84429 
18893 
84430 
18894 
84431 
18895 
84432 
18896 
84433 
18897 
84434 
18898 
84435 
18899 
84436 
18900 
84437 
18901 
84438 
18902 
84439 
18903 
84440 
18904 
84441 
18905 
84442 
18906 
84443 
18907 
84444 
18908 
84445 
18909 
18910 
18911 
18912 
18913 
18914 
18915 
18916 
18917 
18918 
18919 
18920 
18921 
18922 
18923 
18924 
18925 
18926 
18927 
18928 
18929 
18930 
18932 
18933 
18934 
18935 
18936 
18937 
18938 
18939 
18940 
18941 
18942 
18943 
18944 
18945 
18946 
18947 
18948 
18949 
18950 
18951 
18952 
18953 
18954 
18955 
18956 
18957 
18958 
18959 
18961 
84540 
84542 
19006 
19008 
84546 
19010 
84548 
19012 
19013 
19014 
19015 
19016 
19017 
19018 
19019 
19020 
19021 
19022 
19023 
19024 
19025 
19026 
19027 
19028 
19029 
19030 
19031 
19032 
19033 
19034 
84571 
19035 
19036 
19037 
19038 
19039 
84576 
84577 
19041 
19042 
84579 
19043 
84580 
19045 
84582 
84583 
19047 
84584 
84585 
19049 
84586 
19050 
84587 
19051 
19052 
84589 
19053 
19054 
19055 
84592 
19056 
84593 
19057 
84594 
19058 
84595 
19059 
84596 
19060 
84597 
19061 
84598 
84599 
19063 
84600 
19064 
84601 
19065 
84602 
19066 
84603 
19067 
84604 
19068 
84605 
84606 
19070 
84607 
19071 
84608 
84609 
84610 
19074 
84611 
84612 
19076 
84613 
84614 
19078 
84615 
84616 
84617 
84618 
19082 
84619 
84620 
19084 
84621 
19085 
84622 
19086 
84623 
84624 
19088 
84625 
19089 
84626 
19090 
84627 
19091 
84628 
19092 
84629 
84630 
19094 
84631 
19095 
84632 
19096 
84633 
19097 
84634 
19098 
84635 
19099 
84636 
19100 
84637 
19101 
84638 
84639 
19103 
84640 
84641 
84642 
19106 
84643 
19107 
84644 
19108 
84645 
19109 
84646 
19110 
84647 
19111 
84648 
19112 
84649 
19113 
84650 
19114 
84651 
19115 
84652 
19116 
84653 
19117 
84654 
19118 
84655 
19119 
84656 
19120 
84657 
19121 
19122 
84659 
19123 
84660 
19124 
84661 
19125 
84662 
19126 
84663 
19127 
84664 
19128 
84665 
19129 
84666 
19130 
84667 
19131 
84668 
19132 
84669 
19133 
84670 
19134 
84671 
19135 
84672 
19136 
84673 
19137 
84674 
19138 
84675 
19139 
84676 
19140 
84677 
19141 
84678 
19142 
84679 
19143 
84680 
19144 
84681 
19145 
84682 
19146 
84683 
19147 
84684 
19148 
19149 
19150 
19151 
19152 
19153 
19154 
19155 
19156 
19157 
19158 
19159 
19160 
19161 
19162 
19163 
19164 
19165 
19166 
19167 
19168 
19169 
19171 
19172 
19173 
19174 
19175 
19176 
19177 
19178 
19179 
19180 
19181 
19182 
19183 
19184 
19185 
19186 
19187 
19188 
19189 
19190 
19191 
19192 
19193 
19194 
19195 
19196 
19197 
19198 
84777 
84779 
84810 
84815 
84816 
84818 
84821 
84822 
84823 
84824 
84825 
84826 
84828 
84831 
84832 
84833 
84834 
84835 
84836 
84837 
84838 
84839 
84840 
84841 
84842 
84843 
84844 
84845 
84846 
84847 
84848 
84849 
84850 
84851 
84852 
84853 
84854 
84855 
84856 
84857 
84858 
84859 
19323 
84860 
84861 
19325 
84862 
19326 
84863 
19327 
84864 
84865 
84866 
19330 
84867 
19331 
84868 
84869 
19333 
84870 
19334 
84871 
19335 
84872 
19336 
84873 
19337 
84874 
19338 
84875 
19339 
84876 
19340 
84877 
19341 
84878 
19342 
84879 
19343 
84880 
84881 
19345 
84882 
19346 
84883 
19347 
84884 
19348 
84885 
19349 
84886 
19350 
84887 
19351 
84888 
19352 
84889 
19353 
84890 
19354 
84891 
19355 
84892 
19356 
84893 
19357 
84894 
19358 
84895 
19359 
84896 
19360 
84897 
19361 
84898 
19362 
84899 
19363 
84900 
19364 
84901 
19365 
84902 
19366 
84903 
19367 
84904 
19368 
84905 
19369 
84906 
19370 
84907 
19371 
84908 
19372 
84909 
19373 
84910 
19374 
84911 
19375 
84912 
19376 
84913 
19377 
84914 
19378 
84915 
19379 
84916 
19380 
84917 
19381 
84918 
19382 
84919 
19383 
84920 
19384 
84921 
19385 
84922 
19386 
84923 
19387 
19388 
19389 
19390 
19391 
19392 
19393 
19394 
19395 
19396 
19397 
19398 
19399 
19400 
19401 
19402 
19403 
19404 
19405 
19406 
19407 
19408 
19410 
19411 
19412 
19413 
19414 
19415 
19416 
19417 
19418 
19419 
19420 
19421 
19422 
19423 
19424 
19425 
19426 
19427 
19428 
19429 
19430 
19431 
19432 
19433 
19434 
19435 
19436 
19437 
85016 
85018 
85020 
85042 
85044 
85046 
85048 
85054 
85055 
85057 
85060 
85061 
85062 
85063 
85064 
85065 
85066 
85067 
85068 
85069 
85070 
85072 
85073 
85074 
85075 
85076 
85077 
85078 
85079 
85080 
85081 
85082 
85083 
85084 
85085 
85086 
85087 
85088 
85089 
85090 
85091 
85092 
85093 
85094 
85095 
85096 
85097 
85098 
85099 
85100 
85101 
19565 
85102 
85103 
85104 
85105 
19569 
85106 
19570 
85107 
85108 
19572 
85109 
19573 
85110 
19574 
85111 
19575 
85112 
19576 
85113 
19577 
85114 
19578 
85115 
19579 
85116 
85117 
19581 
85118 
19582 
85119 
85120 
19584 
85121 
19585 
85122 
19586 
85123 
19587 
85124 
19588 
85125 
19589 
85126 
19590 
85127 
19591 
85128 
19592 
85129 
19593 
85130 
19594 
85131 
19595 
85132 
19596 
85133 
19597 
85134 
19598 
85135 
19599 
85136 
19600 
85137 
19601 
85138 
19602 
85139 
19603 
85140 
19604 
85141 
19605 
85142 
19606 
85143 
19607 
85144 
19608 
85145 
19609 
85146 
19610 
85147 
19611 
85148 
19612 
85149 
19613 
85150 
19614 
85151 
19615 
85152 
19616 
85153 
19617 
85154 
19618 
85155 
19619 
85156 
19620 
85157 
19621 
85158 
19622 
85159 
19623 
85160 
19624 
85161 
19625 
85162 
19626 
19627 
19628 
19629 
19630 
19631 
19632 
19633 
19634 
19635 
19636 
19637 
19638 
19639 
19640 
19641 
19642 
19643 
19644 
19645 
19646 
19647 
19648 
19649 
19650 
19651 
19652 
19653 
19654 
19655 
19656 
19657 
19658 
19659 
19660 
19661 
19662 
19663 
19664 
19665 
19666 
19667 
19668 
19669 
19670 
19671 
19672 
19673 
19674 
19675 
19676 
85255 
85257 
85263 
85265 
85269 
85271 
85293 
85294 
85296 
85299 
85300 
85301 
85302 
85303 
85304 
85305 
85306 
85308 
85311 
85312 
85313 
85314 
85315 
85316 
85317 
85318 
85319 
85320 
85321 
85322 
85323 
85324 
85325 
85326 
85327 
85328 
85329 
85330 
85331 
85332 
85333 
85334 
85335 
85336 
85337 
19801 
85338 
85339 
19803 
85340 
19804 
85341 
85342 
85343 
85344 
19808 
85345 
85346 
85347 
19811 
85348 
19812 
85349 
19813 
85350 
19814 
85351 
19815 
85352 
19816 
85353 
19817 
85354 
19818 
85355 
85356 
19820 
85357 
85358 
85359 
19823 
85360 
19824 
85361 
19825 
85362 
19826 
85363 
19827 
85364 
19828 
85365 
19829 
85366 
19830 
85367 
19831 
85368 
19832 
85369 
19833 
85370 
19834 
85371 
19835 
85372 
19836 
85373 
19837 
85374 
19838 
85375 
19839 
85376 
19840 
85377 
19841 
85378 
19842 
85379 
19843 
85380 
19844 
85381 
19845 
85382 
19846 
85383 
19847 
85384 
19848 
85385 
19849 
85386 
19850 
85387 
19851 
85388 
19852 
85389 
19853 
85390 
19854 
85391 
19855 
85392 
19856 
85393 
19857 
85394 
19858 
85395 
19859 
85396 
19860 
85397 
19861 
85398 
19862 
85399 
19863 
85400 
19864 
85401 
19865 
19866 
19867 
19868 
19869 
19870 
19871 
19872 
19873 
19874 
19876 
19877 
19878 
19879 
19880 
19881 
19882 
19883 
19884 
19885 
19886 
19888 
19889 
19890 
19891 
19892 
19893 
19894 
19895 
19896 
19897 
19898 
19899 
19900 
19901 
19902 
19903 
19904 
19905 
19906 
19907 
19908 
19909 
19910 
19911 
19912 
19913 
19914 
19915 
85492 
85496 
85498 
85500 
85508 
85510 
85512 
85528 
85530 
85531 
85532 
85535 
85538 
85539 
85540 
85541 
85542 
85543 
85544 
85545 
85546 
85547 
85550 
85551 
85552 
85553 
85554 
85555 
85556 
85557 
85558 
85559 
85560 
85561 
85562 
85563 
85564 
85565 
85566 
85567 
85568 
85569 
85570 
85571 
85572 
85573 
85574 
85575 
85576 
85577 
85578 
85579 
20043 
85580 
85581 
85582 
85583 
20047 
85584 
85585 
85586 
20050 
85587 
20051 
85588 
20052 
85589 
20053 
85590 
20054 
85591 
20055 
85592 
20056 
85593 
20057 
85594 
85595 
20059 
85596 
20060 
85597 
85598 
20062 
85599 
20063 
85600 
20064 
85601 
20065 
85602 
20066 
85603 
20067 
85604 
20068 
85605 
20069 
85606 
20070 
85607 
20071 
85608 
20072 
85609 
20073 
85610 
20074 
85611 
20075 
85612 
20076 
85613 
20077 
85614 
20078 
85615 
20079 
85616 
20080 
85617 
20081 
85618 
20082 
85619 
20083 
85620 
20084 
85621 
20085 
85622 
20086 
85623 
20087 
85624 
20088 
85625 
20089 
85626 
20090 
85627 
20091 
85628 
20092 
85629 
20093 
85630 
20094 
85631 
20095 
85632 
20096 
85633 
20097 
85634 
20098 
85635 
20099 
85636 
20100 
85637 
20101 
85638 
20102 
85639 
20103 
85640 
20104 
20105 
20106 
20107 
20108 
20109 
20110 
20111 
20112 
20113 
20114 
20115 
20116 
20117 
20118 
20119 
20120 
20121 
20122 
20123 
20124 
20125 
20126 
20127 
20128 
20129 
20130 
20131 
20132 
20133 
20134 
20135 
20136 
20137 
20138 
20139 
20140 
20141 
20142 
20143 
20144 
20145 
20146 
20147 
20148 
20149 
20150 
20151 
20152 
20153 
20154 
85733 
85735 
85737 
85739 
85741 
85743 
85770 
85774 
85777 
85778 
85779 
85780 
85781 
85782 
85783 
85784 
85786 
85789 
85790 
85791 
85792 
85793 
85794 
85795 
85796 
85797 
85798 
85799 
85800 
85801 
85802 
85803 
85804 
85805 
85806 
85807 
85808 
85809 
85810 
85811 
85812 
85813 
85814 
85815 
20279 
85816 
85817 
20281 
85818 
20282 
85819 
20283 
85820 
85821 
20285 
85822 
20286 
85823 
85824 
85825 
20289 
85826 
20290 
85827 
20291 
85828 
20292 
85829 
20293 
85830 
20294 
85831 
20295 
85832 
20296 
85833 
85834 
20298 
85835 
85836 
85837 
20301 
85838 
20302 
85839 
20303 
85840 
20304 
85841 
20305 
85842 
20306 
85843 
20307 
85844 
20308 
85845 
20309 
85846 
20310 
85847 
20311 
85848 
20312 
85849 
20313 
85850 
20314 
85851 
20315 
85852 
20316 
20317 
85854 
20318 
20319 
85856 
20320 
85857 
20321 
85858 
20322 
85859 
20323 
85860 
20324 
85861 
20325 
85862 
20326 
85863 
20327 
85864 
20328 
85865 
20329 
85866 
20330 
85867 
20331 
85868 
20332 
85869 
20333 
85870 
20334 
85871 
20335 
85872 
20336 
85873 
20337 
85874 
20338 
85875 
20339 
85876 
20340 
85877 
20341 
85878 
20342 
85879 
20343 
20344 
20345 
20346 
20347 
20348 
20349 
20350 
20351 
20352 
20353 
20354 
20355 
20356 
20357 
20358 
20359 
20360 
20361 
20362 
20363 
20364 
20366 
20367 
20368 
20369 
20370 
20371 
20372 
20373 
20374 
20375 
20376 
20377 
20378 
20379 
20380 
20381 
20382 
20383 
20384 
20385 
20386 
20387 
20388 
20389 
20390 
20391 
20392 
20393 
85970 
85990 
85992 
85994 
86009 
86013 
86016 
86017 
86018 
86019 
86020 
86021 
86022 
86023 
86025 
86028 
86029 
86030 
86031 
86032 
86033 
86034 
86035 
86036 
86037 
86038 
86039 
86040 
86041 
86042 
86043 
86044 
86045 
86046 
86047 
86048 
86049 
86050 
86051 
86052 
86053 
86054 
86055 
86056 
86057 
20521 
86058 
86059 
86060 
86061 
20525 
86062 
86063 
86064 
20528 
86065 
20529 
86066 
20530 
86067 
86068 
20532 
86069 
20533 
86070 
20534 
86071 
20535 
86072 
20536 
86073 
20537 
86074 
86075 
86076 
20540 
86077 
20541 
86078 
20542 
86079 
20543 
86080 
20544 
86081 
20545 
20546 
86083 
20547 
86084 
20548 
86085 
20549 
86086 
20550 
86087 
20551 
86088 
20552 
86089 
20553 
86090 
20554 
86091 
20555 
20556 
86093 
20557 
86094 
20558 
86095 
20559 
86096 
20560 
86097 
20561 
86098 
20562 
86099 
20563 
86100 
20564 
86101 
20565 
86102 
20566 
86103 
20567 
86104 
20568 
86105 
20569 
86106 
20570 
86107 
20571 
86108 
20572 
86109 
20573 
86110 
20574 
86111 
20575 
86112 
20576 
86113 
20577 
86114 
20578 
86115 
20579 
86116 
20580 
86117 
20581 
86118 
20582 
20583 
20584 
20585 
20586 
20587 
20588 
20589 
20590 
20591 
20592 
20593 
20594 
20595 
20596 
20597 
20598 
20599 
20600 
20601 
20602 
20603 
20604 
20605 
20606 
20607 
20608 
20609 
20610 
20611 
20612 
20613 
20614 
20615 
20616 
20617 
20618 
20619 
20620 
20621 
20622 
20623 
20624 
20625 
20626 
20627 
20628 
20629 
20630 
20631 
20632 
86209 
86211 
86215 
86217 
86248 
86249 
86251 
86252 
86255 
86256 
86257 
86258 
86259 
86260 
86261 
86262 
86264 
86267 
86268 
86269 
86270 
86271 
86272 
86273 
86274 
86275 
86276 
86277 
86278 
86279 
86280 
86281 
86282 
86283 
86284 
86285 
86286 
86287 
86288 
86289 
86290 
86291 
86292 
86293 
86294 
86295 
86296 
20760 
86297 
86298 
86299 
86300 
20764 
86301 
86302 
86303 
86304 
20768 
86305 
20769 
86306 
20770 
86307 
20771 
86308 
20772 
86309 
20773 
86310 
20774 
86311 
86312 
20776 
86313 
86314 
86315 
20779 
86316 
20780 
86317 
20781 
86318 
20782 
86319 
20783 
86320 
20784 
86321 
20785 
86322 
20786 
86323 
20787 
86324 
20788 
86325 
20789 
86326 
20790 
86327 
20791 
86328 
20792 
86329 
20793 
86330 
20794 
86331 
20795 
86332 
20796 
86333 
20797 
86334 
20798 
86335 
20799 
86336 
20800 
86337 
20801 
86338 
20802 
86339 
20803 
86340 
20804 
86341 
20805 
86342 
20806 
86343 
20807 
86344 
20808 
86345 
20809 
86346 
20810 
86347 
20811 
86348 
20812 
86349 
20813 
86350 
20814 
86351 
20815 
86352 
20816 
86353 
20817 
86354 
20818 
86355 
20819 
86356 
20820 
86357 
20821 
20822 
20823 
20824 
20825 
20826 
20827 
20828 
20829 
20830 
20831 
20832 
20833 
20834 
20835 
20836 
20837 
20838 
20839 
20840 
20841 
20842 
20844 
20845 
20846 
20847 
20848 
20849 
20850 
20851 
20852 
20853 
20854 
20855 
20856 
20857 
20858 
20859 
20860 
20861 
20862 
20863 
20864 
20865 
20866 
20867 
20868 
20869 
20870 
20871 
86448 
86454 
86456 
86458 
86460 
86462 
86466 
86468 
86470 
86472 
86474 
86476 
86487 
86491 
86494 
86495 
86496 
86497 
86498 
86499 
86500 
86501 
86503 
86506 
86507 
86508 
86509 
86510 
86511 
86512 
86513 
86514 
86515 
86516 
86517 
86518 
86519 
86520 
86521 
86522 
86523 
86524 
86525 
86526 
86527 
86528 
86529 
86530 
86531 
86532 
86533 
86534 
86535 
20999 
86536 
21000 
86537 
86538 
21002 
86539 
21003 
86540 
21004 
86541 
86542 
21006 
86543 
21007 
86544 
21008 
86545 
21009 
86546 
21010 
86547 
21011 
86548 
21012 
86549 
21013 
86550 
21014 
86551 
21015 
86552 
86553 
86554 
21018 
86555 
21019 
86556 
21020 
86557 
21021 
86558 
21022 
86559 
21023 
86560 
21024 
86561 
21025 
86562 
21026 
86563 
21027 
86564 
21028 
86565 
21029 
86566 
21030 
86567 
21031 
86568 
21032 
86569 
21033 
86570 
21034 
86571 
21035 
86572 
21036 
86573 
21037 
86574 
21038 
86575 
21039 
86576 
21040 
86577 
21041 
86578 
21042 
86579 
21043 
86580 
21044 
86581 
21045 
86582 
21046 
86583 
21047 
86584 
21048 
86585 
21049 
86586 
21050 
86587 
21051 
86588 
21052 
86589 
21053 
86590 
21054 
86591 
21055 
86592 
21056 
86593 
21057 
86594 
21058 
86595 
21059 
86596 
21060 
21061 
21062 
21063 
21064 
21065 
21066 
21067 
21068 
21069 
21070 
21071 
21072 
21073 
21074 
21075 
21076 
21077 
21078 
21079 
21080 
21081 
21082 
21083 
21084 
21085 
21086 
21087 
21088 
21089 
21090 
21091 
21092 
21093 
21094 
21095 
21096 
21097 
21098 
21099 
21100 
21101 
21102 
21103 
21104 
21105 
21106 
21107 
21108 
21109 
21110 
86689 
86691 
86726 
86730 
86731 
86733 
86734 
86735 
86736 
86737 
86738 
86739 
86740 
86742 
86745 
86746 
86747 
86748 
86749 
86750 
86751 
86752 
86753 
86754 
86755 
86756 
86757 
86758 
86759 
86760 
86761 
86762 
86763 
86764 
86765 
86766 
86767 
86768 
86769 
86770 
86771 
86772 
86773 
86774 
21238 
86775 
86776 
86777 
86778 
21242 
86779 
86780 
86781 
21245 
86782 
21246 
86783 
21247 
86784 
21248 
86785 
21249 
86786 
21250 
86787 
21251 
86788 
21252 
86789 
86790 
21254 
86791 
86792 
86793 
21257 
86794 
21258 
86795 
21259 
86796 
21260 
86797 
21261 
86798 
21262 
21263 
86800 
21264 
86801 
21265 
86802 
21266 
86803 
21267 
86804 
21268 
86805 
21269 
86806 
21270 
86807 
21271 
86808 
21272 
21273 
86810 
21274 
86811 
21275 
86812 
21276 
86813 
21277 
86814 
21278 
86815 
21279 
86816 
21280 
86817 
21281 
86818 
21282 
86819 
21283 
86820 
21284 
86821 
21285 
86822 
21286 
86823 
21287 
86824 
21288 
86825 
21289 
86826 
21290 
86827 
21291 
86828 
21292 
86829 
21293 
86830 
21294 
86831 
21295 
86832 
21296 
86833 
21297 
86834 
21298 
86835 
21299 
21300 
21301 
21302 
21303 
21304 
21305 
21306 
21307 
21308 
21309 
21310 
21311 
21312 
21313 
21314 
21315 
21316 
21317 
21318 
21319 
21320 
21322 
21323 
21324 
21325 
21326 
21327 
21328 
21329 
21330 
21331 
21332 
21333 
21334 
21335 
21336 
21337 
21338 
21339 
21340 
21341 
21342 
21343 
21344 
21345 
21346 
21347 
21348 
21349 
21351 
21353 
86924 
86928 
86930 
86932 
86934 
86936 
86938 
86940 
86942 
86948 
86950 
86952 
86962 
86964 
86965 
86969 
86972 
86973 
86974 
86975 
86976 
86977 
86978 
86979 
86981 
86984 
86985 
86986 
86987 
86988 
86989 
86990 
86991 
86992 
86993 
86994 
86995 
86996 
86997 
86998 
86999 
87000 
87001 
87002 
87003 
87004 
87005 
87006 
87007 
87008 
87009 
87010 
21474 
87011 
87012 
21476 
87013 
21477 
87014 
21478 
87015 
87016 
21480 
87017 
21481 
87018 
21482 
87019 
21483 
87020 
21484 
87021 
87022 
21486 
87023 
21487 
87024 
21488 
87025 
21489 
87026 
21490 
87027 
21491 
87028 
87029 
21493 
87030 
87031 
87032 
21496 
87033 
21497 
87034 
21498 
87035 
21499 
87036 
21500 
87037 
21501 
87038 
21502 
87039 
21503 
87040 
21504 
87041 
21505 
87042 
21506 
87043 
21507 
87044 
21508 
87045 
21509 
87046 
21510 
87047 
21511 
87048 
21512 
87049 
21513 
87050 
21514 
87051 
21515 
87052 
21516 
87053 
21517 
87054 
21518 
87055 
21519 
87056 
21520 
87057 
21521 
87058 
21522 
87059 
21523 
87060 
21524 
87061 
21525 
87062 
21526 
87063 
21527 
87064 
21528 
87065 
21529 
87066 
21530 
87067 
21531 
87068 
21532 
87069 
21533 
87070 
21534 
87071 
21535 
87072 
21536 
87073 
21537 
87074 
21538 
21539 
21540 
21541 
21542 
21543 
21544 
21545 
21546 
21547 
21548 
21549 
21550 
21551 
21552 
21553 
21554 
21555 
21556 
21557 
21558 
21559 
21560 
21561 
21562 
21563 
21564 
21565 
21566 
21567 
21568 
21569 
21570 
21571 
21572 
21573 
21574 
21575 
21576 
21577 
21578 
21579 
21580 
21581 
21582 
21583 
21584 
21585 
21586 
21587 
21588 
21589 
21590 
21592 
87167 
87169 
87179 
87181 
87183 
87204 
87208 
87211 
87212 
87213 
87214 
87215 
87216 
87217 
87218 
87220 
87223 
87224 
87225 
87226 
87227 
87228 
87229 
87230 
87231 
87232 
87233 
87234 
87235 
87236 
87237 
87238 
87239 
87240 
87241 
87242 
87243 
87244 
87245 
87246 
87247 
87248 
87249 
87250 
87251 
87252 
21716 
87253 
87254 
87255 
21719 
87256 
21720 
87257 
87258 
21722 
87259 
87260 
87261 
21725 
87262 
21726 
87263 
21727 
87264 
21728 
87265 
21729 
87266 
21730 
87267 
87268 
21732 
87269 
87270 
87271 
21735 
87272 
21736 
87273 
21737 
87274 
21738 
87275 
21739 
87276 
21740 
87277 
21741 
87278 
21742 
87279 
21743 
87280 
21744 
87281 
21745 
87282 
21746 
87283 
21747 
87284 
21748 
87285 
21749 
87286 
21750 
87287 
21751 
87288 
21752 
87289 
21753 
87290 
21754 
87291 
21755 
87292 
21756 
87293 
21757 
87294 
21758 
87295 
21759 
87296 
21760 
87297 
21761 
87298 
21762 
87299 
21763 
87300 
21764 
87301 
21765 
87302 
21766 
87303 
21767 
87304 
21768 
87305 
21769 
87306 
21770 
87307 
21771 
87308 
21772 
87309 
21773 
87310 
21774 
87311 
21775 
87312 
21776 
87313 
21777 
21778 
21779 
21780 
21781 
21782 
21783 
21784 
21785 
21786 
21787 
21788 
21789 
21790 
21791 
21792 
21793 
21794 
21795 
21796 
21797 
21798 
21800 
21801 
21802 
21803 
21804 
21805 
21806 
21807 
21808 
21809 
21810 
21811 
21812 
21813 
21814 
21815 
21816 
21817 
21818 
21819 
21820 
21821 
21822 
21823 
21824 
21825 
21826 
21827 
21829 
87406 
87408 
87410 
87412 
87414 
87443 
87447 
87450 
87451 
87452 
87453 
87454 
87455 
87456 
87457 
87459 
87462 
87463 
87464 
87465 
87466 
87467 
87468 
87469 
87470 
87471 
87472 
87473 
87474 
87475 
87476 
87477 
87478 
87479 
87480 
87481 
87482 
87483 
87484 
87485 
87486 
87487 
87488 
87489 
87490 
87491 
21955 
87492 
87493 
87494 
21958 
87495 
21959 
87496 
87497 
21961 
87498 
87499 
87500 
21964 
87501 
21965 
87502 
21966 
87503 
21967 
87504 
21968 
87505 
21969 
87506 
87507 
21971 
87508 
87509 
87510 
21974 
87511 
21975 
87512 
21976 
87513 
21977 
87514 
21978 
87515 
21979 
21980 
87517 
21981 
87518 
21982 
87519 
21983 
87520 
21984 
87521 
21985 
87522 
21986 
87523 
21987 
87524 
21988 
87525 
21989 
21990 
87527 
21991 
87528 
21992 
87529 
21993 
87530 
21994 
87531 
21995 
87532 
21996 
87533 
21997 
87534 
21998 
87535 
21999 
87536 
22000 
87537 
22001 
87538 
22002 
87539 
22003 
87540 
22004 
87541 
22005 
87542 
22006 
87543 
22007 
87544 
22008 
87545 
22009 
87546 
22010 
87547 
22011 
87548 
22012 
87549 
22013 
87550 
22014 
87551 
22015 
87552 
22016 
22017 
22018 
22019 
22020 
22021 
22022 
22023 
22024 
22025 
22026 
22027 
22028 
22029 
22030 
22031 
22032 
22033 
22034 
22035 
22036 
22037 
22038 
22039 
22040 
22041 
22042 
22043 
22044 
22045 
22046 
22047 
22048 
22049 
22050 
22051 
22052 
22053 
22054 
22055 
22056 
22057 
22058 
22059 
22060 
22061 
22062 
22063 
22064 
22065 
22066 
87645 
87647 
87649 
87651 
87653 
87655 
87657 
87682 
87686 
87689 
87690 
87691 
87692 
87693 
87694 
87695 
87696 
87698 
87701 
87702 
87703 
87704 
87705 
87706 
87707 
87708 
87709 
87710 
87711 
87712 
87713 
87714 
87715 
87716 
87717 
87718 
87719 
87720 
87721 
87722 
87723 
87724 
87725 
87726 
87727 
87728 
87729 
87730 
22194 
87731 
87732 
87733 
22197 
87734 
22198 
87735 
87736 
22200 
87737 
87738 
87739 
22203 
87740 
22204 
87741 
22205 
87742 
22206 
87743 
22207 
87744 
22208 
87745 
22209 
87746 
22210 
87747 
87748 
87749 
22213 
87750 
22214 
87751 
22215 
87752 
22216 
87753 
22217 
87754 
22218 
87755 
22219 
87756 
22220 
87757 
22221 
87758 
22222 
87759 
22223 
87760 
22224 
87761 
22225 
87762 
22226 
87763 
22227 
87764 
22228 
87765 
22229 
87766 
22230 
87767 
22231 
87768 
22232 
87769 
22233 
87770 
22234 
87771 
22235 
87772 
22236 
87773 
22237 
87774 
22238 
87775 
22239 
87776 
22240 
87777 
22241 
87778 
22242 
87779 
22243 
87780 
22244 
87781 
22245 
87782 
22246 
87783 
22247 
87784 
22248 
87785 
22249 
87786 
22250 
87787 
22251 
87788 
22252 
87789 
22253 
87790 
22254 
87791 
22255 
22256 
22257 
22258 
22259 
22260 
22261 
22262 
22263 
22264 
22265 
22266 
22267 
22268 
22269 
22270 
22271 
22272 
22273 
22274 
22275 
22276 
22278 
22279 
22280 
22281 
22282 
22283 
22284 
22285 
22286 
22287 
22288 
22289 
22290 
22291 
22292 
22293 
22294 
22295 
22296 
22297 
22298 
22299 
22300 
22301 
22302 
22303 
22304 
22305 
87882 
87884 
87886 
87888 
87890 
87892 
87894 
87898 
87900 
87902 
87921 
87925 
87928 
87929 
87930 
87931 
87932 
87933 
87934 
87935 
87937 
87940 
87941 
87942 
87943 
87944 
87945 
87946 
87947 
87948 
87949 
87950 
87951 
87952 
87953 
87954 
87955 
87956 
87957 
87958 
87959 
87960 
87961 
87962 
87963 
87964 
87965 
87966 
87967 
87968 
87969 
22433 
87970 
87971 
87972 
22436 
87973 
22437 
87974 
87975 
22439 
87976 
87977 
87978 
22442 
87979 
22443 
87980 
22444 
87981 
22445 
87982 
22446 
87983 
22447 
87984 
87985 
22449 
87986 
87987 
87988 
22452 
87989 
22453 
87990 
22454 
87991 
22455 
87992 
22456 
87993 
22457 
87994 
22458 
87995 
22459 
87996 
22460 
87997 
22461 
87998 
22462 
87999 
22463 
88000 
22464 
88001 
22465 
88002 
22466 
88003 
22467 
88004 
22468 
88005 
22469 
88006 
22470 
88007 
22471 
88008 
22472 
88009 
22473 
88010 
22474 
88011 
22475 
88012 
22476 
88013 
22477 
88014 
22478 
88015 
22479 
88016 
22480 
88017 
22481 
88018 
22482 
88019 
22483 
88020 
22484 
88021 
22485 
88022 
22486 
88023 
22487 
88024 
22488 
88025 
22489 
88026 
22490 
88027 
22491 
88028 
22492 
88029 
22493 
88030 
22494 
22495 
22496 
22497 
22498 
22499 
22500 
22501 
22502 
22503 
22504 
22505 
22506 
22507 
22508 
22509 
22510 
22511 
22512 
22513 
22514 
22515 
22516 
22517 
22518 
22519 
22520 
22521 
22522 
22523 
22524 
22525 
22526 
22527 
22528 
22529 
22530 
22531 
22532 
22533 
22534 
22535 
22536 
22537 
22538 
22539 
22540 
22541 
22542 
22543 
22544 
88121 
88123 
88125 
88127 
88129 
88131 
88160 
88164 
88167 
88168 
88169 
88170 
88171 
88172 
88173 
88174 
88176 
88179 
88180 
88181 
88182 
88183 
88184 
88185 
88186 
88187 
88188 
88189 
88190 
88191 
88192 
88193 
88194 
88195 
88196 
88197 
88198 
88199 
88200 
88201 
88202 
88203 
88204 
88205 
88206 
88207 
88208 
22672 
88209 
88210 
88211 
22675 
88212 
22676 
88213 
88214 
22678 
88215 
88216 
88217 
22681 
88218 
22682 
88219 
22683 
88220 
22684 
88221 
22685 
88222 
22686 
88223 
88224 
22688 
88225 
88226 
88227 
22691 
88228 
22692 
88229 
22693 
88230 
22694 
88231 
22695 
88232 
22696 
88233 
22697 
88234 
22698 
88235 
22699 
88236 
22700 
88237 
22701 
88238 
22702 
88239 
22703 
88240 
22704 
88241 
22705 
88242 
22706 
88243 
22707 
88244 
22708 
88245 
22709 
88246 
22710 
88247 
22711 
88248 
22712 
88249 
22713 
88250 
22714 
88251 
22715 
88252 
22716 
88253 
22717 
88254 
22718 
88255 
22719 
88256 
22720 
88257 
22721 
88258 
22722 
88259 
22723 
88260 
22724 
88261 
22725 
88262 
22726 
88263 
22727 
88264 
22728 
88265 
22729 
88266 
22730 
88267 
22731 
88268 
22732 
88269 
22733 
22734 
22735 
22736 
22737 
22738 
22739 
22740 
22741 
22742 
22743 
22744 
22745 
22746 
22747 
22748 
22749 
22750 
22751 
22752 
22753 
22754 
22755 
22756 
22757 
22758 
22759 
22760 
22761 
22762 
22763 
22764 
22765 
22766 
22767 
22768 
22769 
22770 
22771 
22772 
22773 
22774 
22775 
22776 
22777 
22778 
22779 
22780 
22781 
22782 
22783 
88360 
88364 
88366 
88368 
88372 
88374 
88376 
88399 
88403 
88406 
88407 
88408 
88409 
88410 
88411 
88412 
88413 
88415 
88418 
88419 
88420 
88421 
88422 
88423 
88424 
88425 
88426 
88427 
88428 
88429 
88430 
88431 
88432 
88433 
88434 
88435 
88436 
88437 
88438 
88439 
88440 
88441 
88442 
88443 
88444 
88445 
88446 
88447 
22911 
88448 
88449 
88450 
22914 
88451 
22915 
88452 
88453 
22917 
88454 
88455 
88456 
22920 
88457 
22921 
88458 
22922 
88459 
22923 
88460 
22924 
88461 
22925 
88462 
88463 
22927 
88464 
88465 
22930 
88467 
22931 
88468 
22932 
88469 
22933 
88470 
22934 
88471 
22935 
22936 
88473 
22937 
22938 
88475 
22939 
88476 
22940 
88477 
22941 
88478 
22942 
88479 
22943 
88480 
22944 
88481 
22945 
88482 
22946 
88483 
22947 
88484 
22948 
88485 
22949 
88486 
22950 
88487 
22951 
88488 
22952 
88489 
22953 
88490 
22954 
88491 
22955 
88492 
22956 
88493 
22957 
88494 
22958 
88495 
22959 
88496 
22960 
88497 
22961 
88498 
22962 
88499 
22963 
88500 
22964 
88501 
22965 
88502 
22966 
88503 
22967 
88504 
22968 
88505 
22969 
88506 
22970 
88507 
22971 
88508 
22972 
22973 
22974 
22975 
22976 
22977 
22978 
22979 
22980 
22981 
22982 
22983 
22984 
22985 
22986 
22987 
22988 
22989 
22990 
22991 
22992 
22993 
22994 
22995 
22996 
22997 
22998 
22999 
23000 
23001 
23002 
23003 
23004 
23005 
23006 
23007 
23008 
23009 
23010 
23011 
23012 
23013 
23014 
23015 
23016 
23017 
23018 
23019 
23020 
23021 
23022 
88597 
88601 
88603 
88605 
88638 
88642 
88645 
88646 
88647 
88648 
88649 
88650 
88651 
88652 
88654 
88657 
88658 
88659 
88660 
88661 
88662 
88663 
88664 
88665 
88666 
88667 
88668 
88669 
88670 
88671 
88672 
88673 
88674 
88675 
88676 
88677 
88678 
88679 
88680 
88681 
88682 
88683 
88684 
88685 
88686 
23150 
88687 
88688 
88689 
23153 
88690 
23154 
88691 
88692 
23156 
88693 
88694 
88695 
23159 
88696 
23160 
88697 
23161 
88698 
23162 
88699 
23163 
88700 
23164 
88701 
23165 
88702 
23166 
88703 
88704 
88705 
23169 
88706 
23170 
88707 
23171 
88708 
23172 
88709 
23173 
88710 
23174 
88711 
23175 
88712 
23176 
88713 
23177 
88714 
23178 
88715 
23179 
88716 
23180 
88717 
23181 
88718 
23182 
88719 
23183 
88720 
23184 
88721 
23185 
88722 
23186 
88723 
23187 
88724 
23188 
88725 
23189 
88726 
23190 
88727 
23191 
88728 
23192 
88729 
23193 
88730 
23194 
88731 
23195 
88732 
23196 
88733 
23197 
88734 
23198 
88735 
23199 
88736 
23200 
88737 
23201 
88738 
23202 
88739 
23203 
88740 
23204 
88741 
23205 
88742 
23206 
88743 
23207 
88744 
23208 
88745 
23209 
88746 
23210 
88747 
23211 
23212 
23213 
23214 
23215 
23216 
23217 
23218 
23219 
23220 
23222 
23223 
23224 
23225 
23226 
23227 
23228 
23229 
23230 
23231 
23232 
23234 
23235 
23236 
23237 
23238 
23239 
23240 
23241 
23242 
23243 
23244 
23245 
23246 
23247 
23248 
23249 
23250 
23251 
23252 
23253 
23254 
23255 
23256 
23257 
23258 
23259 
23260 
23261 
88840 
88842 
88877 
88881 
88884 
88885 
88886 
88887 
88888 
88889 
88890 
88891 
88893 
88896 
88897 
88898 
88899 
88900 
88901 
88902 
88903 
88904 
88905 
88906 
88907 
88908 
88909 
88910 
88911 
88912 
88913 
88914 
88915 
88916 
88917 
88918 
88919 
88920 
88921 
88922 
23386 
88923 
88924 
23388 
88925 
23389 
88926 
88927 
88928 
23392 
88929 
23393 
88930 
88931 
23395 
88932 
23396 
88933 
88934 
23398 
88935 
23399 
88936 
23400 
88937 
23401 
88938 
23402 
88939 
23403 
88940 
88941 
23405 
88942 
88943 
88944 
23408 
88945 
23409 
88946 
23410 
88947 
23411 
88948 
23412 
88949 
23413 
88950 
23414 
88951 
23415 
88952 
23416 
88953 
23417 
88954 
23418 
88955 
23419 
88956 
23420 
88957 
23421 
88958 
23422 
88959 
23423 
88960 
23424 
88961 
23425 
88962 
23426 
88963 
23427 
88964 
23428 
88965 
23429 
88966 
23430 
88967 
23431 
88968 
23432 
88969 
23433 
88970 
23434 
88971 
23435 
88972 
23436 
88973 
23437 
88974 
23438 
88975 
23439 
88976 
23440 
88977 
23441 
88978 
23442 
88979 
23443 
88980 
23444 
88981 
23445 
88982 
23446 
88983 
23447 
88984 
23448 
88985 
23449 
88986 
23450 
23451 
23452 
23453 
23454 
23455 
23456 
23457 
23458 
23459 
23460 
23461 
23462 
23463 
23464 
23465 
23466 
23467 
23468 
23469 
23470 
23471 
23472 
23473 
23474 
23475 
23476 
23477 
23478 
23479 
23480 
23481 
23482 
23483 
23484 
23485 
23486 
23487 
23488 
23489 
23490 
23491 
23492 
23493 
23494 
23495 
23496 
23497 
23498 
23499 
23500 
89085 
89087 
89089 
89116 
89120 
89123 
89124 
89125 
89126 
89127 
89128 
89129 
89130 
89132 
89135 
89136 
89137 
89138 
89139 
89140 
89141 
89142 
89143 
89144 
89145 
89146 
89147 
89148 
89149 
89150 
89151 
89152 
89153 
89154 
89155 
89156 
89157 
89158 
89159 
89160 
89161 
23625 
89162 
89163 
23627 
89164 
23628 
89165 
89166 
89167 
23631 
89168 
23632 
89169 
89170 
23634 
89171 
23635 
89172 
89173 
23637 
89174 
23638 
89175 
23639 
89176 
23640 
89177 
23641 
89178 
23642 
89179 
23643 
89180 
23644 
89181 
89182 
89183 
23647 
89184 
23648 
89185 
23649 
89186 
23650 
89187 
23651 
89188 
23652 
89189 
23653 
89190 
23654 
89191 
23655 
89192 
23656 
89193 
23657 
89194 
23658 
89195 
23659 
89196 
23660 
89197 
23661 
89198 
23662 
89199 
23663 
89200 
23664 
89201 
23665 
89202 
23666 
89203 
23667 
89204 
23668 
89205 
23669 
89206 
23670 
89207 
23671 
89208 
23672 
89209 
23673 
89210 
23674 
89211 
23675 
89212 
23676 
89213 
23677 
89214 
23678 
89215 
23679 
89216 
23680 
89217 
23681 
89218 
23682 
89219 
23683 
89220 
23684 
89221 
23685 
89222 
23686 
89223 
23687 
89224 
23688 
89225 
23689 
23690 
23691 
23692 
23693 
23694 
23695 
23696 
23697 
23698 
23699 
23700 
23701 
23702 
23703 
23704 
23705 
23706 
23707 
23708 
23709 
23710 
23712 
23713 
23714 
23715 
23716 
23718 
23719 
23720 
23721 
23722 
23723 
23724 
23725 
23726 
23727 
23728 
23729 
23730 
23731 
23732 
23733 
23734 
23735 
23736 
23737 
23738 
23739 
89316 
89320 
89322 
89324 
89326 
89328 
89355 
89358 
89359 
89360 
89361 
89362 
89364 
89365 
89366 
89367 
89368 
89369 
89371 
89374 
89375 
89376 
89377 
89378 
89379 
89380 
89381 
89382 
89383 
89384 
23848 
89385 
89386 
23850 
89387 
89388 
23852 
89389 
89390 
89391 
89392 
89393 
89394 
89395 
89396 
89397 
89398 
89399 
89400 
89401 
89402 
89403 
23867 
89404 
89405 
89406 
23870 
89407 
23871 
89408 
23872 
89409 
23873 
89410 
89411 
89412 
23876 
89413 
23877 
89414 
23878 
89415 
23879 
89416 
23880 
89417 
23881 
89418 
89419 
23883 
89420 
89421 
89422 
23886 
89423 
23887 
89424 
23888 
89425 
23889 
89426 
23890 
89427 
23891 
23892 
89429 
23893 
89430 
23894 
89431 
23895 
89432 
23896 
89433 
23897 
89434 
23898 
89435 
23899 
89436 
23900 
89437 
23901 
23902 
89439 
23903 
89440 
23904 
89441 
23905 
89442 
23906 
89443 
23907 
89444 
23908 
89445 
23909 
89446 
23910 
89447 
23911 
89448 
23912 
89449 
23913 
89450 
23914 
89451 
23915 
89452 
23916 
89453 
23917 
89454 
23918 
89455 
23919 
89456 
23920 
89457 
23921 
89458 
23922 
89459 
23923 
89460 
23924 
89461 
23925 
89462 
23926 
89463 
23927 
89464 
23928 
23929 
23930 
23931 
23932 
23933 
23934 
23935 
23936 
23937 
23938 
23939 
23940 
23941 
23942 
23943 
23944 
23945 
23946 
23947 
23948 
23949 
23950 
23951 
23952 
23953 
23954 
23955 
23956 
23957 
23958 
23959 
23960 
23961 
23962 
23963 
23964 
23965 
23966 
23967 
23968 
23969 
23970 
23971 
23972 
23973 
23974 
23975 
23976 
23977 
23978 
89559 
89561 
89563 
89565 
89567 
89569 
89571 
89573 
89575 
89577 
89579 
89591 
89593 
89595 
89596 
89597 
89599 
89601 
89602 
89603 
89604 
89605 
89607 
89608 
89609 
89611 
89612 
89613 
89614 
89615 
89616 
89617 
89618 
89619 
89620 
89621 
89622 
89623 
89624 
89625 
89626 
89627 
89628 
89629 
89630 
89631 
89632 
89633 
89634 
89635 
89636 
89637 
89638 
89639 
89640 
89641 
89642 
24106 
89643 
89644 
89645 
24109 
89646 
24110 
89647 
89648 
24112 
89649 
89650 
89651 
24115 
89652 
24116 
89653 
24117 
89654 
24118 
89655 
24119 
89656 
24120 
89657 
89658 
24122 
89659 
89660 
89661 
24125 
89662 
24126 
89663 
24127 
89664 
24128 
89665 
24129 
89666 
24130 
89667 
24131 
89668 
24132 
89669 
24133 
89670 
24134 
89671 
24135 
89672 
24136 
89673 
24137 
89674 
24138 
89675 
24139 
89676 
24140 
89677 
24141 
89678 
24142 
89679 
24143 
89680 
24144 
89681 
24145 
89682 
24146 
89683 
24147 
89684 
24148 
89685 
24149 
89686 
24150 
89687 
24151 
89688 
24152 
89689 
24153 
89690 
24154 
89691 
24155 
89692 
24156 
89693 
24157 
89694 
24158 
89695 
24159 
89696 
24160 
89697 
24161 
89698 
24162 
89699 
24163 
89700 
24164 
89701 
24165 
89702 
24166 
89703 
24167 
24168 
24169 
24170 
24171 
24172 
24173 
24174 
24175 
24176 
24177 
24178 
24179 
24180 
24181 
24182 
24183 
24184 
24185 
24186 
24187 
24188 
24189 
24190 
24191 
24192 
24193 
24194 
24195 
24196 
24197 
24198 
24199 
24200 
24201 
24202 
24203 
24204 
24205 
24206 
24207 
24208 
24209 
24210 
24211 
24212 
24213 
24214 
24215 
24216 
24217 
89798 
89800 
89802 
89804 
89808 
89810 
89814 
89816 
89818 
89831 
89834 
89835 
89836 
89837 
89840 
89841 
89842 
89843 
89844 
89845 
89847 
89850 
89851 
89852 
89853 
89854 
89855 
89856 
89857 
89858 
89859 
89860 
89861 
89862 
24326 
89863 
89864 
24328 
89865 
89866 
89867 
89868 
89869 
89870 
89871 
89872 
89873 
89874 
89875 
89876 
89877 
89878 
89879 
89880 
89881 
24345 
89882 
89883 
89884 
24348 
89885 
24349 
89886 
89887 
24351 
89888 
89889 
89890 
24354 
89891 
24355 
89892 
24356 
89893 
24357 
89894 
24358 
89895 
24359 
89896 
89897 
24361 
89898 
89899 
89900 
24364 
89901 
24365 
89902 
24366 
89903 
24367 
89904 
24368 
89905 
24369 
89906 
24370 
89907 
24371 
89908 
24372 
89909 
24373 
89910 
24374 
89911 
24375 
24376 
89913 
24377 
24378 
89915 
24379 
89916 
24380 
89917 
24381 
89918 
24382 
89919 
24383 
89920 
24384 
89921 
24385 
89922 
24386 
89923 
24387 
89924 
24388 
89925 
24389 
89926 
24390 
89927 
24391 
89928 
24392 
89929 
24393 
89930 
24394 
89931 
24395 
89932 
24396 
89933 
24397 
89934 
24398 
89935 
24399 
89936 
24400 
89937 
24401 
89938 
24402 
89939 
24403 
89940 
24404 
89941 
24405 
89942 
24406 
24407 
24408 
24409 
24410 
24411 
24412 
24413 
24414 
24415 
24416 
24417 
24418 
24419 
24420 
24421 
24422 
24423 
24424 
24425 
24426 
24427 
24429 
24430 
24431 
24432 
24433 
24434 
24435 
24436 
24437 
24438 
24439 
24440 
24441 
24442 
24443 
24444 
24445 
24446 
24447 
24448 
24449 
24450 
24451 
24452 
24453 
24454 
24455 
24456 
90027 
90031 
90037 
90039 
90041 
90043 
90045 
90047 
90049 
90051 
90070 
90073 
90074 
90076 
90079 
90080 
90081 
90082 
90083 
90084 
90086 
90089 
90090 
90091 
90092 
90093 
90094 
90095 
90096 
90097 
90098 
90099 
90100 
90101 
90102 
90103 
90104 
90105 
90106 
90107 
90108 
90109 
90110 
90111 
90112 
90113 
90114 
90115 
90116 
90117 
90118 
90119 
90120 
24584 
90121 
90122 
90123 
24587 
90124 
24588 
90125 
90126 
24590 
90127 
90128 
90129 
24593 
90130 
24594 
90131 
24595 
90132 
24596 
90133 
24597 
90134 
24598 
90135 
90136 
24600 
90137 
90138 
90139 
24603 
90140 
24604 
90141 
24605 
90142 
24606 
24607 
90144 
24608 
90145 
24609 
90146 
24610 
90147 
24611 
90148 
24612 
90149 
24613 
90150 
24614 
90151 
24615 
90152 
24616 
24617 
90154 
24618 
90155 
24619 
90156 
24620 
90157 
24621 
90158 
24622 
90159 
24623 
90160 
24624 
90161 
24625 
90162 
24626 
90163 
24627 
90164 
24628 
90165 
24629 
90166 
24630 
90167 
24631 
90168 
24632 
90169 
24633 
90170 
24634 
90171 
24635 
90172 
24636 
90173 
24637 
90174 
24638 
90175 
24639 
90176 
24640 
90177 
24641 
90178 
24642 
90179 
24643 
90180 
24644 
90181 
24645 
24646 
24647 
24648 
24649 
24650 
24651 
24652 
24653 
24654 
24655 
24656 
24657 
24658 
24659 
24660 
24661 
24662 
24663 
24664 
24665 
24666 
24667 
24668 
24669 
24670 
24671 
24672 
24673 
24674 
24675 
24676 
24677 
24678 
24679 
24680 
24681 
24682 
24683 
24684 
24685 
24686 
24687 
24688 
24689 
24690 
24691 
24692 
24693 
24694 
24695 
90268 
90272 
90274 
90276 
90278 
90280 
90282 
90284 
90286 
90296 
90298 
90300 
90309 
90312 
90313 
90315 
90318 
90319 
90320 
90321 
90322 
90323 
90325 
90328 
90329 
90330 
90331 
90332 
90333 
90334 
90335 
90336 
90337 
90338 
90339 
90340 
90341 
90342 
90343 
90344 
90345 
90346 
90347 
90348 
90349 
90350 
90351 
90352 
90353 
90354 
90355 
90356 
90357 
90358 
90359 
24823 
90360 
90361 
90362 
24826 
90363 
24827 
90364 
90365 
24829 
90366 
24830 
90367 
90368 
24832 
90369 
24833 
90370 
24834 
90371 
24835 
90372 
24836 
90373 
24837 
90374 
90375 
24839 
90376 
90377 
90378 
24842 
90379 
24843 
90380 
24844 
90381 
24845 
90382 
24846 
90383 
24847 
90384 
24848 
90385 
24849 
90386 
24850 
90387 
24851 
90388 
24852 
90389 
24853 
90390 
24854 
90391 
24855 
90392 
24856 
90393 
24857 
90394 
24858 
90395 
24859 
90396 
24860 
90397 
24861 
90398 
24862 
90399 
24863 
90400 
24864 
90401 
24865 
90402 
24866 
90403 
24867 
90404 
24868 
90405 
24869 
90406 
24870 
90407 
24871 
90408 
24872 
90409 
24873 
90410 
24874 
90411 
24875 
90412 
24876 
90413 
24877 
90414 
24878 
90415 
24879 
90416 
24880 
90417 
24881 
90418 
24882 
90419 
24883 
90420 
24884 
24885 
24886 
24887 
24888 
24889 
24890 
24891 
24892 
24893 
24894 
24895 
24896 
24897 
24898 
24899 
24900 
24901 
24902 
24903 
24904 
24905 
24906 
24907 
24908 
24909 
24910 
24911 
24912 
24913 
24914 
24915 
24916 
24917 
24918 
24919 
24920 
24921 
24922 
24923 
24924 
24925 
24926 
24927 
24928 
24929 
24930 
24931 
24932 
24933 
24934 
24936 
90511 
90515 
90517 
90545 
90547 
90548 
90551 
90552 
90554 
90557 
90558 
90559 
90560 
90561 
90562 
90564 
90567 
90568 
90569 
90570 
90571 
90572 
90573 
90574 
90575 
90576 
90577 
90578 
90579 
90580 
90581 
90582 
90583 
90584 
90585 
90586 
90587 
90588 
90589 
90590 
90591 
90592 
90593 
90594 
90595 
90596 
90597 
90598 
25062 
90599 
90600 
90601 
25065 
90602 
25066 
90603 
90604 
25068 
90605 
90606 
90607 
25071 
90608 
25072 
90609 
25073 
90610 
25074 
90611 
25075 
90612 
25076 
90613 
90614 
25078 
90615 
90616 
90617 
25081 
90618 
25082 
90619 
25083 
90620 
25084 
90621 
25085 
90622 
25086 
90623 
25087 
90624 
25088 
90625 
25089 
90626 
25090 
90627 
25091 
90628 
25092 
90629 
25093 
90630 
25094 
90631 
25095 
90632 
25096 
90633 
25097 
90634 
25098 
90635 
25099 
90636 
25100 
90637 
25101 
90638 
25102 
90639 
25103 
90640 
25104 
90641 
25105 
90642 
25106 
90643 
25107 
90644 
25108 
90645 
25109 
90646 
25110 
90647 
25111 
90648 
25112 
90649 
25113 
90650 
25114 
90651 
25115 
90652 
25116 
90653 
25117 
90654 
25118 
90655 
25119 
90656 
25120 
90657 
25121 
90658 
25122 
90659 
25123 
25124 
25125 
25126 
25127 
25128 
25129 
25130 
25131 
25132 
25133 
25134 
25135 
25136 
25137 
25138 
25139 
25140 
25141 
25142 
25143 
25144 
25146 
25147 
25148 
25149 
25150 
25151 
25152 
25153 
25154 
25155 
25156 
25157 
25158 
25159 
25160 
25162 
25163 
25164 
25165 
25166 
25167 
25168 
25169 
25170 
25171 
25172 
25173 
25175 
90748 
90787 
90790 
90791 
90793 
90796 
90797 
90798 
90799 
90800 
90801 
90803 
90806 
90807 
90808 
90809 
90810 
90811 
90812 
90813 
90814 
90815 
90816 
90817 
90818 
90819 
90820 
90821 
90822 
90823 
90824 
90825 
90826 
90827 
90828 
90829 
90830 
90831 
90832 
90833 
90834 
90835 
90836 
90837 
25301 
90838 
90839 
90840 
25304 
90841 
25305 
90842 
90843 
25307 
90844 
25308 
90845 
90846 
25310 
90847 
25311 
90848 
25312 
90849 
25313 
90850 
25314 
90851 
25315 
90852 
90853 
25317 
90854 
90855 
90856 
25320 
90857 
25321 
90858 
25322 
90859 
25323 
90860 
25324 
90861 
25325 
90862 
25326 
90863 
25327 
90864 
25328 
90865 
25329 
90866 
25330 
90867 
25331 
90868 
25332 
90869 
25333 
90870 
25334 
90871 
25335 
90872 
25336 
90873 
25337 
90874 
25338 
90875 
25339 
90876 
25340 
90877 
25341 
90878 
25342 
90879 
25343 
90880 
25344 
90881 
25345 
90882 
25346 
90883 
25347 
90884 
25348 
90885 
25349 
90886 
25350 
90887 
25351 
90888 
25352 
90889 
25353 
90890 
25354 
90891 
25355 
90892 
25356 
90893 
25357 
90894 
25358 
90895 
25359 
90896 
25360 
90897 
25361 
90898 
25362 
25363 
25364 
25365 
25366 
25367 
25368 
25369 
25370 
25371 
25372 
25373 
25374 
25375 
25376 
25377 
25378 
25379 
25380 
25381 
25382 
25383 
25384 
25385 
25386 
25387 
25388 
25389 
25390 
25391 
25392 
25393 
25394 
25395 
25396 
25397 
25398 
25399 
25400 
25401 
25402 
25403 
25404 
25405 
25406 
25407 
25408 
25409 
25410 
25411 
25412 
25414 
91026 
91029 
91030 
91032 
91035 
91036 
91037 
91038 
91039 
91040 
91042 
91045 
91046 
91047 
91048 
91049 
91050 
91051 
91052 
91053 
91054 
91055 
91056 
91057 
91058 
91059 
91060 
91061 
91062 
91063 
25527 
91064 
91065 
25529 
91066 
91067 
25531 
91068 
91069 
91070 
91071 
91072 
91073 
91074 
91075 
91076 
25540 
91077 
91078 
91079 
25543 
91080 
25544 
91081 
91082 
25546 
91083 
91084 
91085 
25549 
91086 
25550 
91087 
25551 
91088 
25552 
91089 
25553 
91090 
25554 
91091 
91092 
25556 
91093 
91094 
91095 
25559 
91096 
25560 
91097 
25561 
91098 
25562 
25563 
91100 
25564 
91101 
25565 
91102 
25566 
91103 
25567 
91104 
25568 
91105 
25569 
91106 
25570 
91107 
25571 
91108 
25572 
25573 
91110 
25574 
91111 
25575 
91112 
25576 
91113 
25577 
91114 
25578 
91115 
25579 
91116 
25580 
91117 
25581 
91118 
25582 
91119 
25583 
91120 
25584 
91121 
25585 
91122 
25586 
91123 
25587 
91124 
25588 
91125 
25589 
91126 
25590 
91127 
25591 
91128 
25592 
91129 
25593 
91130 
25594 
91131 
25595 
91132 
25596 
91133 
25597 
91134 
25598 
91135 
25599 
91136 
25600 
91137 
25601 
25602 
25603 
25604 
25605 
25606 
25607 
25608 
25609 
25610 
25611 
25612 
25613 
25614 
25615 
25616 
25617 
25618 
25619 
25620 
25621 
25622 
25623 
25624 
25625 
25626 
25627 
25628 
25629 
25630 
25631 
25632 
25633 
25634 
25635 
25636 
25637 
25638 
25639 
25640 
25641 
25642 
25643 
25644 
25645 
25646 
25647 
25648 
25649 
25650 
25651 
25653 
91265 
91268 
91269 
91271 
91274 
91275 
91276 
91277 
91278 
91279 
91281 
91284 
91285 
91286 
91287 
91288 
91289 
91290 
91291 
91292 
91293 
91294 
91295 
91296 
91297 
91298 
91299 
91300 
91301 
91302 
91303 
91304 
91305 
91306 
91307 
91308 
91309 
91310 
91311 
91312 
91313 
91314 
91315 
25779 
91316 
91317 
91318 
25782 
91319 
25783 
91320 
91321 
25785 
91322 
25786 
91323 
91324 
25788 
91325 
25789 
91326 
25790 
91327 
25791 
91328 
25792 
91329 
25793 
91330 
91331 
25795 
91332 
91333 
91334 
25798 
91335 
25799 
91336 
25800 
91337 
25801 
25802 
91339 
25803 
91340 
25804 
91341 
25805 
91342 
25806 
91343 
25807 
91344 
25808 
91345 
25809 
91346 
25810 
91347 
25811 
25812 
91349 
25813 
91350 
25814 
91351 
25815 
91352 
25816 
91353 
25817 
91354 
25818 
91355 
25819 
91356 
25820 
91357 
25821 
91358 
25822 
91359 
25823 
91360 
25824 
91361 
25825 
91362 
25826 
91363 
25827 
91364 
25828 
91365 
25829 
91366 
25830 
91367 
25831 
91368 
25832 
91369 
25833 
91370 
25834 
91371 
25835 
91372 
25836 
91373 
25837 
91374 
25838 
91375 
25839 
91376 
25840 
25841 
25842 
25843 
25844 
25845 
25846 
25847 
25848 
25849 
25850 
25851 
25853 
25854 
25855 
25856 
25857 
25858 
25859 
25860 
25861 
25863 
25864 
25865 
25866 
25867 
25868 
25869 
25870 
25871 
25872 
25873 
25874 
25875 
25876 
25877 
25878 
25879 
25880 
25881 
25882 
25883 
25884 
25885 
25886 
25887 
25888 
25889 
25890 
25892 
91504 
91505 
91507 
91508 
91509 
91510 
91513 
91514 
91515 
91516 
91517 
91518 
91520 
91523 
91524 
91525 
91526 
91527 
91528 
91529 
91530 
91531 
91532 
91533 
91534 
91535 
91536 
91537 
91538 
91539 
91540 
91541 
91542 
91543 
91544 
91545 
91546 
91547 
91548 
91549 
91550 
91551 
91552 
91553 
91554 
26018 
91555 
91556 
91557 
26021 
91558 
26022 
91559 
91560 
26024 
91561 
91562 
91563 
26027 
91564 
26028 
91565 
26029 
91566 
26030 
91567 
26031 
91568 
26032 
91569 
91570 
26034 
91571 
91572 
91573 
26037 
91574 
26038 
91575 
26039 
91576 
26040 
26041 
91578 
26042 
91579 
26043 
91580 
26044 
91581 
26045 
91582 
26046 
91583 
26047 
91584 
26048 
91585 
26049 
91586 
26050 
26051 
91588 
26052 
91589 
26053 
91590 
26054 
91591 
26055 
91592 
26056 
91593 
26057 
91594 
26058 
91595 
26059 
91596 
26060 
91597 
26061 
91598 
26062 
91599 
26063 
91600 
26064 
91601 
26065 
91602 
26066 
91603 
26067 
91604 
26068 
91605 
26069 
91606 
26070 
91607 
26071 
91608 
26072 
91609 
26073 
91610 
26074 
91611 
26075 
91612 
26076 
91613 
26077 
91614 
26078 
91615 
26079 
26080 
26081 
26082 
26083 
26084 
26085 
26086 
26087 
26088 
26089 
26090 
26091 
26092 
26093 
26094 
26095 
26096 
26097 
26098 
26099 
26100 
26101 
26102 
26103 
26104 
26105 
26106 
26107 
26108 
26109 
26110 
26111 
26112 
26113 
26114 
26115 
26116 
26117 
26118 
26119 
26120 
26121 
26122 
26123 
26124 
26125 
26126 
26127 
26128 
26129 
26131 
91743 
91746 
91747 
91749 
91752 
91753 
91754 
91755 
91756 
91757 
91759 
91762 
91763 
91764 
91765 
91766 
91767 
91768 
91769 
91770 
91771 
91772 
91773 
91774 
91775 
91776 
91777 
91778 
91779 
91780 
91781 
91782 
91783 
91784 
91785 
91786 
91787 
91788 
91789 
91790 
91791 
91792 
91793 
26257 
91794 
91795 
91796 
26260 
91797 
26261 
91798 
91799 
26263 
91800 
26264 
91801 
91802 
26266 
91803 
26267 
91804 
26268 
91805 
26269 
91806 
26270 
91807 
26271 
91808 
91809 
26273 
91810 
91811 
91812 
26276 
91813 
26277 
91814 
26278 
91815 
26279 
26280 
91817 
26281 
91818 
26282 
91819 
26283 
91820 
26284 
91821 
26285 
91822 
26286 
91823 
26287 
91824 
26288 
91825 
26289 
26290 
91827 
26291 
91828 
26292 
91829 
26293 
91830 
26294 
91831 
26295 
91832 
26296 
91833 
26297 
91834 
26298 
91835 
26299 
91836 
26300 
91837 
26301 
91838 
26302 
91839 
26303 
91840 
26304 
91841 
26305 
91842 
26306 
91843 
26307 
91844 
26308 
91845 
26309 
91846 
26310 
91847 
26311 
91848 
26312 
91849 
26313 
91850 
26314 
91851 
26315 
91852 
26316 
91853 
26317 
91854 
26318 
26319 
26320 
26321 
26322 
26323 
26324 
26325 
26326 
26327 
26328 
26329 
26330 
26331 
26332 
26333 
26334 
26335 
26336 
26337 
26338 
26339 
26340 
26341 
26342 
26343 
26344 
26345 
26346 
26347 
26348 
26349 
26350 
26351 
26352 
26353 
26354 
26355 
26356 
26357 
26358 
26359 
26360 
26361 
26362 
26363 
26364 
26365 
26366 
26367 
26368 
26370 
91982 
91983 
91985 
91986 
91988 
91989 
91991 
91992 
91993 
91994 
91995 
91996 
91998 
92001 
92002 
92003 
92004 
92005 
92006 
92007 
92008 
92009 
92010 
92011 
92012 
92013 
92014 
92015 
92016 
92017 
92018 
92019 
92020 
92021 
92022 
92023 
92024 
92025 
92026 
92027 
92028 
92029 
92030 
92031 
92032 
26496 
92033 
92034 
92035 
26499 
92036 
26500 
92037 
92038 
26502 
92039 
92040 
92041 
26505 
92042 
26506 
92043 
26507 
92044 
26508 
92045 
26509 
92046 
26510 
92047 
92048 
26512 
92049 
92050 
92051 
26515 
92052 
26516 
92053 
26517 
92054 
26518 
26519 
92056 
26520 
92057 
26521 
92058 
26522 
92059 
26523 
92060 
26524 
92061 
26525 
92062 
26526 
92063 
26527 
92064 
26528 
26529 
92066 
26530 
92067 
26531 
92068 
26532 
92069 
26533 
92070 
26534 
92071 
26535 
92072 
26536 
92073 
26537 
92074 
26538 
92075 
26539 
92076 
26540 
92077 
26541 
92078 
26542 
92079 
26543 
92080 
26544 
92081 
26545 
92082 
26546 
92083 
26547 
92084 
26548 
92085 
26549 
92086 
26550 
92087 
26551 
92088 
26552 
92089 
26553 
92090 
26554 
92091 
26555 
92092 
26556 
92093 
26557 
26558 
26559 
26560 
26561 
26562 
26563 
26564 
26565 
26566 
26567 
26568 
26569 
26570 
26571 
26572 
26573 
26574 
26575 
26576 
26577 
26578 
26579 
26580 
26581 
26582 
26583 
26584 
26585 
26586 
26587 
26588 
26589 
26590 
26591 
26592 
26593 
26594 
26595 
26596 
26597 
26598 
26599 
26600 
26601 
26602 
26603 
26604 
26605 
26606 
26607 
26609 
92218 
92221 
92222 
92224 
92225 
92227 
92230 
92231 
92232 
92233 
92234 
92235 
92237 
92240 
92241 
92242 
92243 
92244 
92245 
92246 
92247 
92248 
92249 
92250 
92251 
92252 
92253 
92254 
92255 
92256 
92257 
92258 
92259 
92260 
92261 
92262 
92263 
92264 
92265 
92266 
92267 
92268 
92269 
92270 
92271 
26735 
92272 
92273 
92274 
26738 
92275 
26739 
92276 
92277 
26741 
92278 
92279 
92280 
26744 
92281 
26745 
92282 
26746 
92283 
26747 
92284 
26748 
92285 
26749 
92286 
92287 
26751 
92288 
92289 
92290 
26754 
92291 
26755 
92292 
26756 
92293 
26757 
92294 
26758 
92295 
26759 
92296 
26760 
92297 
26761 
92298 
26762 
92299 
26763 
92300 
26764 
92301 
26765 
92302 
26766 
92303 
26767 
92304 
26768 
92305 
26769 
92306 
26770 
92307 
26771 
92308 
26772 
92309 
26773 
92310 
26774 
92311 
26775 
92312 
26776 
92313 
26777 
92314 
26778 
92315 
26779 
92316 
26780 
92317 
26781 
92318 
26782 
92319 
26783 
92320 
26784 
92321 
26785 
92322 
26786 
92323 
26787 
92324 
26788 
92325 
26789 
92326 
26790 
92327 
26791 
92328 
26792 
92329 
26793 
92330 
26794 
92331 
26795 
92332 
26796 
26797 
26798 
26799 
26800 
26801 
26802 
26803 
26804 
26805 
26806 
26807 
26809 
26810 
26811 
26812 
26813 
26814 
26815 
26816 
26817 
26819 
26820 
26821 
26822 
26823 
26824 
26825 
26826 
26827 
26828 
26829 
26830 
26831 
26832 
26833 
26834 
26835 
26836 
26837 
26838 
26839 
26840 
26841 
26842 
26843 
26844 
26845 
26846 
26848 
92457 
92459 
92460 
92463 
92464 
92466 
92469 
92470 
92471 
92472 
92473 
92474 
92476 
92479 
92480 
92481 
92482 
92483 
92484 
92485 
92486 
92487 
92488 
92489 
92490 
92491 
92492 
92493 
92494 
92495 
92496 
92497 
92498 
92499 
92500 
92501 
92502 
92503 
92504 
92505 
92506 
92507 
92508 
92509 
92510 
26974 
92511 
92512 
92513 
26977 
92514 
26978 
92515 
92516 
26980 
92517 
26981 
92518 
92519 
26983 
92520 
26984 
92521 
26985 
92522 
26986 
92523 
26987 
92524 
26988 
92525 
26989 
92526 
26990 
92527 
92528 
92529 
26993 
92530 
26994 
92531 
26995 
92532 
26996 
26997 
92534 
26998 
92535 
26999 
92536 
27000 
92537 
27001 
92538 
27002 
92539 
27003 
92540 
27004 
92541 
27005 
92542 
27006 
27007 
92544 
27008 
92545 
27009 
92546 
27010 
92547 
27011 
92548 
27012 
92549 
27013 
92550 
27014 
92551 
27015 
92552 
27016 
92553 
27017 
92554 
27018 
92555 
27019 
92556 
27020 
92557 
27021 
92558 
27022 
92559 
27023 
92560 
27024 
92561 
27025 
92562 
27026 
92563 
27027 
92564 
27028 
92565 
27029 
92566 
27030 
92567 
27031 
92568 
27032 
92569 
27033 
92570 
27034 
92571 
27035 
27036 
27037 
27038 
27039 
27040 
27041 
27042 
27043 
27044 
27045 
27046 
27047 
27048 
27049 
27050 
27051 
27052 
27053 
27054 
27055 
27056 
27057 
27058 
27059 
27060 
27061 
27062 
27063 
27064 
27065 
27066 
27067 
27068 
27069 
27070 
27071 
27072 
27073 
27074 
27075 
27076 
27077 
27078 
27079 
27080 
27081 
27082 
27083 
27084 
27085 
27087 
92699 
92702 
92703 
92705 
92706 
92708 
92709 
92710 
92711 
92712 
92713 
92715 
92718 
92719 
92720 
92721 
92722 
92723 
92724 
92725 
92726 
92727 
92728 
92729 
92730 
92731 
92732 
92733 
92734 
92735 
92736 
92737 
92738 
92739 
92740 
92741 
92742 
92743 
92744 
92745 
92746 
92747 
92748 
92749 
27213 
92750 
92751 
92752 
27216 
92753 
27217 
92754 
92755 
27219 
92756 
92757 
92758 
27222 
92759 
27223 
92760 
27224 
92761 
27225 
92762 
27226 
92763 
27227 
92764 
92765 
27229 
92766 
92767 
92768 
27232 
92769 
27233 
92770 
27234 
92771 
27235 
27236 
92773 
27237 
92774 
27238 
92775 
27239 
92776 
27240 
92777 
27241 
92778 
27242 
92779 
27243 
92780 
27244 
92781 
27245 
27246 
92783 
27247 
92784 
27248 
92785 
27249 
92786 
27250 
92787 
27251 
92788 
27252 
92789 
27253 
92790 
27254 
92791 
27255 
92792 
27256 
92793 
27257 
92794 
27258 
92795 
27259 
92796 
27260 
92797 
27261 
92798 
27262 
92799 
27263 
92800 
27264 
92801 
27265 
92802 
27266 
92803 
27267 
92804 
27268 
92805 
27269 
92806 
27270 
92807 
27271 
92808 
27272 
92809 
27273 
92810 
27274 
27275 
27276 
27277 
27278 
27279 
27280 
27281 
27282 
27283 
27284 
27285 
27286 
27287 
27288 
27289 
27290 
27291 
27292 
27293 
27294 
27295 
27296 
27297 
27298 
27299 
27300 
27301 
27302 
27303 
27304 
27305 
27306 
27307 
27308 
27309 
27310 
27311 
27312 
27313 
27314 
27315 
27316 
27317 
27318 
27319 
27320 
27321 
27322 
27323 
27324 
27326 
92938 
92939 
92941 
92942 
92944 
92947 
92948 
92949 
92950 
92951 
92952 
92954 
92957 
92958 
92959 
92960 
92961 
92962 
92963 
92964 
92965 
92966 
92967 
92968 
92969 
92970 
92971 
92972 
92973 
92974 
92975 
92976 
92977 
92978 
92979 
92980 
92981 
92982 
92983 
92984 
92985 
92986 
92987 
92988 
27452 
92989 
92990 
92991 
27455 
92992 
27456 
92993 
92994 
27458 
92995 
92996 
92997 
27461 
92998 
27462 
92999 
27463 
93000 
27464 
93001 
27465 
93002 
27466 
93003 
93004 
27468 
93005 
93006 
93007 
27471 
93008 
27472 
93009 
27473 
93010 
27474 
27475 
93012 
27476 
93013 
27477 
93014 
27478 
93015 
27479 
93016 
27480 
93017 
27481 
93018 
27482 
93019 
27483 
93020 
27484 
27485 
93022 
27486 
93023 
27487 
93024 
27488 
93025 
27489 
93026 
27490 
93027 
27491 
93028 
27492 
93029 
27493 
93030 
27494 
93031 
27495 
93032 
27496 
93033 
27497 
93034 
27498 
93035 
27499 
93036 
27500 
93037 
27501 
93038 
27502 
93039 
27503 
93040 
27504 
93041 
27505 
93042 
27506 
93043 
27507 
93044 
27508 
93045 
27509 
93046 
27510 
93047 
27511 
93048 
27512 
93049 
27513 
27514 
27515 
27516 
27517 
27518 
27519 
27520 
27521 
27522 
27523 
27524 
27525 
27526 
27527 
27528 
27529 
27530 
27531 
27532 
27533 
27534 
27535 
27536 
27537 
27538 
27539 
27540 
27541 
27542 
27543 
27544 
27545 
27546 
27547 
27548 
27549 
27550 
27551 
27552 
27553 
27554 
27555 
27556 
27557 
27558 
27559 
27560 
27561 
27562 
27563 
27565 
93177 
93180 
93181 
93183 
93186 
93187 
93188 
93189 
93190 
93191 
93193 
93196 
93197 
93198 
93199 
93200 
93201 
93202 
93203 
93204 
93205 
93206 
93207 
93208 
93209 
93210 
93211 
93212 
93213 
93214 
93215 
93216 
93217 
93218 
93219 
93220 
93221 
93222 
93223 
93224 
93225 
93226 
93227 
27691 
93228 
93229 
93230 
27694 
93231 
27695 
93232 
93233 
27697 
93234 
93235 
93236 
27700 
93237 
27701 
93238 
27702 
93239 
27703 
93240 
27704 
93241 
27705 
93242 
93243 
27707 
93244 
93245 
93246 
27710 
93247 
27711 
93248 
27712 
93249 
27713 
93250 
27714 
93251 
27715 
93252 
27716 
93253 
27717 
93254 
27718 
93255 
27719 
93256 
27720 
93257 
27721 
93258 
27722 
93259 
27723 
93260 
27724 
93261 
27725 
93262 
27726 
93263 
27727 
93264 
27728 
93265 
27729 
93266 
27730 
93267 
27731 
93268 
27732 
93269 
27733 
93270 
27734 
93271 
27735 
93272 
27736 
93273 
27737 
93274 
27738 
93275 
27739 
93276 
27740 
93277 
27741 
93278 
27742 
93279 
27743 
93280 
27744 
93281 
27745 
93282 
27746 
93283 
27747 
93284 
27748 
93285 
27749 
93286 
27750 
93287 
27751 
93288 
27752 
27753 
27754 
27755 
27756 
27757 
27758 
27759 
27760 
27761 
27762 
27763 
27764 
27765 
27766 
27767 
27768 
27769 
27770 
27771 
27772 
27773 
27774 
27775 
27776 
27777 
27778 
27779 
27780 
27781 
27782 
27783 
27784 
27785 
27786 
27787 
27788 
27789 
27790 
27791 
27792 
27793 
27794 
27795 
27796 
27797 
27798 
27799 
27800 
27801 
27802 
27804 
93416 
93419 
93420 
93421 
93422 
93423 
93425 
93426 
93427 
93428 
93429 
93430 
93432 
93435 
93436 
93437 
93438 
93439 
93440 
93441 
93442 
93443 
93444 
93445 
93446 
93447 
93448 
93449 
93450 
93451 
93452 
93453 
93454 
93455 
93456 
93457 
93458 
93459 
93460 
93461 
93462 
93463 
93464 
93465 
93466 
27930 
93467 
93468 
93469 
27933 
93470 
27934 
93471 
93472 
27936 
93473 
93474 
93475 
27939 
93476 
27940 
93477 
27941 
93478 
27942 
93479 
27943 
93480 
27944 
93481 
27945 
93482 
27946 
93483 
93484 
93485 
27949 
93486 
27950 
93487 
27951 
93488 
27952 
93489 
27953 
93490 
27954 
93491 
27955 
93492 
27956 
93493 
27957 
93494 
27958 
93495 
27959 
93496 
27960 
93497 
27961 
93498 
27962 
93499 
27963 
93500 
27964 
93501 
27965 
93502 
27966 
93503 
27967 
93504 
27968 
93505 
27969 
93506 
27970 
93507 
27971 
93508 
27972 
93509 
27973 
93510 
27974 
93511 
27975 
93512 
27976 
93513 
27977 
93514 
27978 
93515 
27979 
93516 
27980 
93517 
27981 
93518 
27982 
93519 
27983 
93520 
27984 
93521 
27985 
93522 
27986 
93523 
27987 
93524 
27988 
93525 
27989 
93526 
27990 
93527 
27991 
27992 
27993 
27994 
27995 
27996 
27997 
27998 
27999 
28000 
28001 
28002 
28003 
28004 
28005 
28006 
28007 
28008 
28009 
28010 
28011 
28012 
28013 
28014 
28015 
28016 
28017 
28018 
28019 
28020 
28021 
28022 
28023 
28024 
28025 
28026 
28027 
28028 
28029 
28030 
28031 
28032 
28033 
28034 
28035 
28036 
28037 
28038 
28039 
28040 
28041 
28043 
93655 
93658 
93659 
93661 
93664 
93665 
93666 
93667 
93668 
93669 
93671 
93674 
93675 
93676 
93677 
93678 
93679 
93680 
93681 
93682 
93683 
93684 
93685 
93686 
93687 
93688 
93689 
93690 
93691 
93692 
93693 
93694 
93695 
93696 
93697 
93698 
93699 
93700 
93701 
93702 
93703 
93704 
93705 
28169 
93706 
93707 
93708 
28172 
93709 
28173 
93710 
93711 
28175 
93712 
93713 
93714 
28178 
93715 
28179 
93716 
28180 
93717 
28181 
93718 
28182 
93719 
28183 
93720 
93721 
28185 
93722 
93723 
93724 
28188 
93725 
28189 
93726 
28190 
93727 
28191 
93728 
28192 
93729 
28193 
93730 
28194 
93731 
28195 
93732 
28196 
93733 
28197 
93734 
28198 
93735 
28199 
93736 
28200 
93737 
28201 
93738 
28202 
93739 
28203 
93740 
28204 
93741 
28205 
93742 
28206 
93743 
28207 
93744 
28208 
93745 
28209 
93746 
28210 
93747 
28211 
93748 
28212 
93749 
28213 
93750 
28214 
93751 
28215 
93752 
28216 
93753 
28217 
93754 
28218 
93755 
28219 
93756 
28220 
93757 
28221 
93758 
28222 
93759 
28223 
93760 
28224 
93761 
28225 
93762 
28226 
93763 
28227 
93764 
28228 
93765 
28229 
93766 
28230 
28231 
28232 
28233 
28234 
28235 
28236 
28237 
28238 
28239 
28240 
28241 
28242 
28243 
28244 
28245 
28246 
28247 
28248 
28249 
28250 
28251 
28252 
28253 
28254 
28255 
28256 
28257 
28258 
28259 
28260 
28261 
28262 
28263 
28264 
28265 
28266 
28267 
28268 
28269 
28270 
28271 
28272 
28273 
28274 
28275 
28276 
28277 
28278 
28279 
28280 
28282 
93894 
93897 
93898 
93900 
93903 
93904 
93905 
93906 
93907 
93908 
93910 
93913 
93914 
93915 
93916 
93917 
93918 
93919 
93920 
93921 
93922 
93923 
93924 
93925 
93926 
93927 
93928 
93929 
93930 
93931 
93932 
93933 
93934 
93935 
93936 
93937 
93938 
93939 
93940 
93941 
93942 
93943 
93944 
28408 
93945 
93946 
93947 
28411 
93948 
28412 
93949 
93950 
28414 
93951 
93952 
93953 
28417 
93954 
28418 
93955 
28419 
93956 
28420 
93957 
28421 
93958 
28422 
93959 
93960 
28424 
93961 
93962 
93963 
28427 
93964 
28428 
93965 
28429 
93966 
28430 
93967 
28431 
93968 
28432 
93969 
28433 
93970 
28434 
93971 
28435 
93972 
28436 
93973 
28437 
93974 
28438 
93975 
28439 
93976 
28440 
93977 
28441 
93978 
28442 
93979 
28443 
93980 
28444 
93981 
28445 
93982 
28446 
93983 
28447 
93984 
28448 
93985 
28449 
93986 
28450 
93987 
28451 
93988 
28452 
93989 
28453 
93990 
28454 
93991 
28455 
93992 
28456 
93993 
28457 
93994 
28458 
93995 
28459 
93996 
28460 
93997 
28461 
93998 
28462 
93999 
28463 
94000 
28464 
94001 
28465 
94002 
28466 
94003 
28467 
94004 
28468 
94005 
28469 
28470 
28471 
28472 
28473 
28474 
28475 
28476 
28477 
28478 
28479 
28480 
28482 
28483 
28484 
28485 
28486 
28487 
28488 
28489 
28490 
28492 
28493 
28494 
28495 
28496 
28497 
28498 
28499 
28500 
28501 
28502 
28503 
28504 
28505 
28506 
28507 
28508 
28509 
28510 
28511 
28512 
28513 
28514 
28515 
28516 
28517 
28518 
28519 
28521 
94130 
94132 
94133 
94136 
94137 
94139 
94142 
94143 
94144 
94145 
94146 
94147 
94149 
94152 
94153 
94154 
94155 
94156 
94157 
94158 
94159 
94160 
94161 
94162 
94163 
94164 
94165 
94166 
94167 
94168 
94169 
94170 
94171 
94172 
94173 
94174 
94175 
94176 
94177 
94178 
94179 
94180 
94181 
94182 
94183 
28647 
94184 
94185 
94186 
28650 
94187 
28651 
94188 
94189 
28653 
94190 
94191 
94192 
28656 
94193 
28657 
94194 
28658 
94195 
28659 
94196 
28660 
94197 
28661 
94198 
94199 
28663 
94200 
94201 
94202 
28666 
94203 
28667 
94204 
28668 
94205 
28669 
94206 
28670 
94207 
28671 
94208 
28672 
94209 
28673 
94210 
28674 
94211 
28675 
94212 
28676 
94213 
28677 
94214 
28678 
94215 
28679 
94216 
28680 
94217 
28681 
94218 
28682 
94219 
28683 
94220 
28684 
94221 
28685 
94222 
28686 
94223 
28687 
94224 
28688 
94225 
28689 
94226 
28690 
94227 
28691 
94228 
28692 
94229 
28693 
94230 
28694 
94231 
28695 
94232 
28696 
94233 
28697 
94234 
28698 
94235 
28699 
94236 
28700 
94237 
28701 
94238 
28702 
94239 
28703 
94240 
28704 
94241 
28705 
94242 
28706 
94243 
28707 
94244 
28708 
28709 
28710 
28711 
28712 
28713 
28714 
28715 
28716 
28717 
28718 
28719 
28721 
28722 
28723 
28724 
28725 
28726 
28727 
28728 
28729 
28731 
28732 
28733 
28734 
28735 
28736 
28737 
28738 
28739 
28740 
28741 
28742 
28743 
28744 
28745 
28746 
28747 
28748 
28749 
28750 
28751 
28752 
28753 
28754 
28755 
28756 
28757 
28758 
28760 
94372 
94375 
94376 
94378 
94381 
94382 
94383 
94384 
94385 
94386 
94388 
94391 
94392 
94393 
94394 
94395 
94396 
94397 
94398 
94399 
94400 
94401 
94402 
94403 
94404 
94405 
94406 
94407 
94408 
94409 
94410 
94411 
94412 
94413 
94414 
94415 
94416 
94417 
94418 
94419 
94420 
94421 
94422 
28886 
94423 
94424 
94425 
28889 
94426 
28890 
94427 
94428 
28892 
94429 
94430 
94431 
28895 
94432 
28896 
94433 
28897 
94434 
28898 
94435 
28899 
94436 
28900 
94437 
94438 
28902 
94439 
94440 
94441 
28905 
94442 
28906 
94443 
28907 
94444 
28908 
94445 
28909 
94446 
28910 
94447 
28911 
94448 
28912 
94449 
28913 
94450 
28914 
94451 
28915 
94452 
28916 
94453 
28917 
94454 
28918 
94455 
28919 
94456 
28920 
94457 
28921 
94458 
28922 
94459 
28923 
94460 
28924 
94461 
28925 
94462 
28926 
94463 
28927 
94464 
28928 
94465 
28929 
94466 
28930 
94467 
28931 
94468 
28932 
94469 
28933 
94470 
28934 
94471 
28935 
94472 
28936 
94473 
28937 
94474 
28938 
94475 
28939 
94476 
28940 
94477 
28941 
94478 
28942 
94479 
28943 
94480 
28944 
94481 
28945 
94482 
28946 
94483 
28947 
28948 
28949 
28950 
28951 
28952 
28953 
28954 
28955 
28956 
28957 
28958 
28959 
28960 
28961 
28962 
28963 
28964 
28966 
28967 
28968 
28969 
28970 
28971 
28972 
28973 
28974 
28975 
28976 
28977 
28978 
28979 
28980 
28981 
28982 
28983 
28984 
28985 
28986 
28987 
28988 
28989 
28990 
28991 
28992 
28993 
28994 
28995 
28996 
28997 
28999 
94611 
94614 
94615 
94617 
94618 
94620 
94621 
94622 
94623 
94624 
94625 
94627 
94630 
94631 
94632 
94633 
94634 
94635 
94636 
94637 
94638 
94639 
94640 
94641 
94642 
94643 
94644 
94645 
94646 
94647 
94648 
94649 
94650 
94651 
94652 
94653 
94654 
94655 
94656 
94657 
94658 
29122 
94659 
94660 
29124 
94661 
29125 
94662 
94663 
94664 
29128 
94665 
29129 
94666 
94667 
29131 
94668 
94669 
94670 
29134 
94671 
29135 
94672 
29136 
94673 
29137 
94674 
29138 
94675 
29139 
94676 
94677 
29141 
94678 
94679 
94680 
29144 
94681 
29145 
94682 
29146 
94683 
29147 
94684 
29148 
94685 
29149 
94686 
29150 
94687 
29151 
94688 
29152 
94689 
29153 
94690 
29154 
94691 
29155 
94692 
29156 
94693 
29157 
94694 
29158 
94695 
29159 
94696 
29160 
94697 
29161 
94698 
29162 
94699 
29163 
94700 
29164 
94701 
29165 
94702 
29166 
94703 
29167 
94704 
29168 
94705 
29169 
94706 
29170 
94707 
29171 
94708 
29172 
94709 
29173 
94710 
29174 
94711 
29175 
94712 
29176 
94713 
29177 
94714 
29178 
94715 
29179 
94716 
29180 
94717 
29181 
94718 
29182 
94719 
29183 
94720 
29184 
94721 
29185 
94722 
29186 
29187 
29188 
29189 
29190 
29191 
29192 
29193 
29194 
29195 
29196 
29197 
29198 
29199 
29200 
29201 
29202 
29203 
29204 
29205 
29206 
29207 
29208 
29209 
29210 
29211 
29212 
29213 
29214 
29215 
29216 
29217 
29218 
29219 
29220 
29221 
29222 
29223 
29224 
29225 
29226 
29227 
29228 
29229 
29230 
29231 
29232 
29233 
29234 
29235 
29236 
29238 
94850 
94853 
94854 
94856 
94859 
94860 
94861 
94862 
94863 
94864 
94866 
94869 
94870 
94871 
94872 
94873 
94874 
94875 
94876 
94877 
94878 
94879 
94880 
94881 
94882 
94883 
94884 
94885 
94886 
94887 
94888 
94889 
94890 
94891 
94892 
94893 
94894 
94895 
94896 
94897 
29361 
94898 
94899 
29363 
94900 
29364 
94901 
94902 
94903 
29367 
94904 
29368 
94905 
94906 
29370 
94907 
94908 
94909 
29373 
94910 
29374 
94911 
29375 
94912 
29376 
94913 
29377 
94914 
29378 
94915 
94916 
29380 
94917 
94918 
94919 
29383 
94920 
29384 
94921 
29385 
94922 
29386 
94923 
29387 
94924 
29388 
94925 
29389 
94926 
29390 
94927 
29391 
94928 
29392 
94929 
29393 
94930 
29394 
94931 
29395 
94932 
29396 
94933 
29397 
94934 
29398 
94935 
29399 
94936 
29400 
94937 
29401 
94938 
29402 
94939 
29403 
94940 
29404 
94941 
29405 
94942 
29406 
94943 
29407 
94944 
29408 
94945 
29409 
94946 
29410 
94947 
29411 
94948 
29412 
94949 
29413 
94950 
29414 
94951 
29415 
94952 
29416 
94953 
29417 
94954 
29418 
94955 
29419 
94956 
29420 
94957 
29421 
94958 
29422 
94959 
29423 
94960 
29424 
94961 
29425 
29426 
29427 
29428 
29429 
29430 
29431 
29432 
29433 
29434 
29435 
29436 
29437 
29438 
29439 
29440 
29441 
29442 
29443 
29444 
29445 
29446 
29447 
29448 
29449 
29450 
29451 
29452 
29453 
29454 
29455 
29456 
29457 
29458 
29459 
29460 
29461 
29462 
29463 
29464 
29465 
29466 
29467 
29468 
29469 
29470 
29471 
29472 
29473 
29474 
29475 
29477 
95052 
95089 
95090 
95092 
95093 
95095 
95098 
95099 
95100 
95101 
95102 
95103 
95105 
95108 
95109 
95110 
95111 
95112 
95113 
95114 
95115 
95116 
95117 
95118 
95119 
95120 
95121 
95122 
95123 
95124 
95125 
95126 
95127 
95128 
95129 
95130 
95131 
95132 
95133 
95134 
95135 
95136 
95137 
95138 
95139 
29603 
95140 
95141 
95142 
29606 
95143 
29607 
95144 
95145 
29609 
95146 
95147 
95148 
29612 
95149 
29613 
95150 
29614 
95151 
29615 
95152 
29616 
95153 
29617 
95154 
95155 
29619 
95156 
95157 
95158 
29622 
95159 
29623 
95160 
29624 
95161 
29625 
95162 
29626 
95163 
29627 
95164 
29628 
95165 
29629 
95166 
29630 
95167 
29631 
95168 
29632 
95169 
29633 
95170 
29634 
95171 
29635 
95172 
29636 
95173 
29637 
95174 
29638 
95175 
29639 
95176 
29640 
95177 
29641 
95178 
29642 
95179 
29643 
95180 
29644 
95181 
29645 
95182 
29646 
95183 
29647 
95184 
29648 
95185 
29649 
95186 
29650 
95187 
29651 
95188 
29652 
95189 
29653 
95190 
29654 
95191 
29655 
95192 
29656 
95193 
29657 
95194 
29658 
95195 
29659 
95196 
29660 
95197 
29661 
95198 
29662 
95199 
29663 
95200 
29664 
29665 
29666 
29667 
29668 
29669 
29670 
29671 
29672 
29673 
29674 
29675 
29677 
29678 
29679 
29680 
29681 
29682 
29683 
29684 
29685 
29687 
29688 
29689 
29690 
29691 
29692 
29693 
29694 
29695 
29696 
29697 
29698 
29699 
29700 
29701 
29702 
29703 
29704 
29705 
29706 
29707 
29708 
29709 
29710 
29711 
29712 
29713 
29714 
29716 
95328 
95329 
95331 
95332 
95334 
95337 
95338 
95339 
95340 
95341 
95342 
95344 
95347 
95348 
95349 
95350 
95351 
95352 
95353 
95354 
95355 
95356 
95357 
95358 
95359 
95360 
95361 
95362 
95363 
95364 
95365 
95366 
95367 
95368 
95369 
95370 
95371 
95372 
95373 
95374 
95375 
29839 
95376 
95377 
29841 
95378 
29842 
95379 
95380 
95381 
29845 
95382 
29846 
95383 
95384 
29848 
95385 
95386 
95387 
29851 
95388 
29852 
95389 
29853 
95390 
29854 
95391 
29855 
95392 
29856 
95393 
95394 
29858 
95395 
95396 
95397 
29861 
95398 
29862 
95399 
29863 
95400 
29864 
95401 
29865 
95402 
29866 
95403 
29867 
95404 
29868 
95405 
29869 
95406 
29870 
95407 
29871 
95408 
29872 
95409 
29873 
95410 
29874 
95411 
29875 
95412 
29876 
95413 
29877 
95414 
29878 
95415 
29879 
95416 
29880 
95417 
29881 
95418 
29882 
95419 
29883 
95420 
29884 
95421 
29885 
95422 
29886 
95423 
29887 
95424 
29888 
95425 
29889 
95426 
29890 
95427 
29891 
95428 
29892 
95429 
29893 
95430 
29894 
95431 
29895 
95432 
29896 
95433 
29897 
95434 
29898 
95435 
29899 
95436 
29900 
95437 
29901 
95438 
29902 
95439 
29903 
29904 
29905 
29906 
29907 
29908 
29909 
29910 
29911 
29912 
29913 
29914 
29915 
29916 
29917 
29918 
29919 
29920 
29921 
29922 
29923 
29924 
29925 
29926 
29927 
29928 
29929 
29930 
29931 
29932 
29933 
29934 
29935 
29936 
29937 
29938 
29939 
29940 
29941 
29942 
29943 
29944 
29945 
29946 
29947 
29948 
29949 
29950 
29951 
29952 
29953 
95567 
95570 
95571 
95573 
95576 
95577 
95578 
95579 
95580 
95581 
95583 
95586 
95587 
95588 
95589 
95590 
95591 
95592 
95593 
95594 
95595 
95596 
95597 
95598 
95599 
95600 
95601 
95602 
95603 
95604 
95605 
95606 
95607 
95608 
95609 
95610 
95611 
95612 
95613 
95614 
95615 
95616 
95617 
30081 
95618 
95619 
95620 
30084 
95621 
30085 
95622 
95623 
30087 
95624 
95625 
95626 
30090 
95627 
30091 
95628 
30092 
95629 
30093 
95630 
30094 
95631 
30095 
95632 
95633 
30097 
95634 
95635 
95636 
30100 
95637 
30101 
95638 
30102 
95639 
30103 
30104 
95641 
30105 
95642 
30106 
95643 
30107 
95644 
30108 
95645 
30109 
95646 
30110 
95647 
30111 
95648 
30112 
95649 
30113 
30114 
95651 
30115 
95652 
30116 
95653 
30117 
95654 
30118 
95655 
30119 
95656 
30120 
95657 
30121 
95658 
30122 
95659 
30123 
95660 
30124 
95661 
30125 
95662 
30126 
95663 
30127 
95664 
30128 
95665 
30129 
95666 
30130 
95667 
30131 
95668 
30132 
95669 
30133 
95670 
30134 
95671 
30135 
95672 
30136 
95673 
30137 
95674 
30138 
95675 
30139 
95676 
30140 
95677 
30141 
95678 
30142 
30143 
30144 
30145 
30146 
30147 
30148 
30149 
30150 
30151 
30152 
30153 
30154 
30155 
30156 
30157 
30158 
30159 
30160 
30161 
30162 
30163 
30164 
30165 
30166 
30167 
30168 
30169 
30170 
30171 
30172 
30173 
30174 
30175 
30176 
30177 
30178 
30179 
30180 
30181 
30182 
30183 
30184 
30185 
30186 
30187 
30188 
30189 
30190 
30191 
30192 
95767 
95769 
95771 
95803 
95805 
95806 
95809 
95810 
95812 
95815 
95816 
95817 
95818 
95819 
95820 
95822 
95825 
95826 
95827 
95828 
95829 
95830 
95831 
95832 
95833 
95834 
95835 
95836 
95837 
95838 
95839 
95840 
95841 
95842 
95843 
95844 
95845 
95846 
95847 
95848 
95849 
95850 
95851 
95852 
95853 
95854 
95855 
95856 
30320 
95857 
95858 
95859 
30323 
95860 
30324 
95861 
95862 
30326 
95863 
95864 
95865 
30329 
95866 
30330 
95867 
30331 
95868 
30332 
95869 
30333 
95870 
30334 
95871 
95872 
30336 
95873 
95874 
95875 
30339 
95876 
30340 
95877 
30341 
95878 
30342 
95879 
30343 
95880 
30344 
95881 
30345 
95882 
30346 
95883 
30347 
95884 
30348 
95885 
30349 
95886 
30350 
95887 
30351 
95888 
30352 
30353 
95890 
30354 
95891 
30355 
95892 
30356 
95893 
30357 
95894 
30358 
95895 
30359 
95896 
30360 
95897 
30361 
95898 
30362 
95899 
30363 
95900 
30364 
95901 
30365 
95902 
30366 
95903 
30367 
95904 
30368 
95905 
30369 
95906 
30370 
95907 
30371 
95908 
30372 
95909 
30373 
95910 
30374 
95911 
30375 
95912 
30376 
95913 
30377 
95914 
30378 
95915 
30379 
95916 
30380 
95917 
30381 
30382 
30383 
30384 
30385 
30386 
30387 
30388 
30389 
30390 
30391 
30392 
30393 
30394 
30395 
30396 
30397 
30398 
30399 
30400 
30401 
30402 
30403 
30404 
30405 
30406 
30407 
30408 
30409 
30410 
30411 
30412 
30413 
30414 
30415 
30416 
30417 
30418 
30419 
30420 
30421 
30422 
30423 
30424 
30425 
30426 
30427 
30428 
30429 
30430 
30431 
96045 
96048 
96049 
96051 
96052 
96054 
96055 
96056 
96057 
96058 
96059 
96061 
96062 
96064 
96065 
96066 
96067 
96068 
96069 
96070 
96071 
96072 
96073 
96074 
96075 
96076 
96077 
96078 
96079 
96080 
96081 
96082 
96083 
96084 
96085 
96086 
96087 
96088 
96089 
96090 
96091 
96092 
96093 
96094 
96095 
30559 
96096 
96097 
96098 
30562 
96099 
30563 
96100 
96101 
30565 
96102 
96103 
96104 
30568 
96105 
30569 
96106 
30570 
96107 
30571 
96108 
30572 
96109 
30573 
96110 
96111 
30575 
96112 
96113 
96114 
30578 
96115 
30579 
96116 
30580 
96117 
30581 
96118 
30582 
96119 
30583 
96120 
30584 
96121 
30585 
96122 
30586 
96123 
30587 
96124 
30588 
96125 
30589 
96126 
30590 
96127 
30591 
96128 
30592 
96129 
30593 
96130 
30594 
96131 
30595 
96132 
30596 
96133 
30597 
96134 
30598 
96135 
30599 
96136 
30600 
96137 
30601 
96138 
30602 
96139 
30603 
96140 
30604 
96141 
30605 
96142 
30606 
96143 
30607 
96144 
30608 
96145 
30609 
96146 
30610 
96147 
30611 
96148 
30612 
96149 
30613 
96150 
30614 
96151 
30615 
96152 
30616 
96153 
30617 
96154 
30618 
96155 
30619 
96156 
30620 
30621 
30622 
30623 
30624 
30625 
30626 
30627 
30628 
30629 
30630 
30631 
30632 
30633 
30634 
30635 
30636 
30637 
30638 
30639 
30640 
30641 
30642 
30643 
30644 
30645 
30646 
30647 
30648 
30649 
30650 
30651 
30652 
30653 
30654 
30655 
30656 
30657 
30658 
30659 
30660 
30661 
30662 
30663 
30664 
30665 
30666 
30667 
30668 
30669 
30670 
96284 
96287 
96288 
96289 
96290 
96291 
96293 
96294 
96295 
96296 
96297 
96298 
96300 
96303 
96304 
96305 
96306 
96307 
96308 
96309 
96310 
96311 
96312 
96313 
96314 
96315 
96316 
96317 
96318 
96319 
96320 
96321 
96322 
96323 
96324 
96325 
96326 
96327 
96328 
96329 
96330 
96331 
30795 
96332 
96333 
30797 
96334 
30798 
96335 
96336 
96337 
30801 
96338 
30802 
96339 
96340 
30804 
96341 
96342 
96343 
30807 
96344 
30808 
96345 
30809 
96346 
30810 
96347 
30811 
96348 
30812 
96349 
96350 
30814 
96351 
96352 
96353 
30817 
96354 
30818 
96355 
30819 
96356 
30820 
30821 
96358 
30822 
96359 
30823 
96360 
30824 
96361 
30825 
96362 
30826 
96363 
30827 
96364 
30828 
96365 
30829 
96366 
30830 
30831 
96368 
30832 
96369 
30833 
96370 
30834 
96371 
30835 
96372 
30836 
30837 
96374 
30838 
96375 
30839 
96376 
30840 
96377 
30841 
96378 
30842 
96379 
30843 
96380 
30844 
96381 
30845 
96382 
30846 
30847 
96384 
30848 
96385 
30849 
96386 
30850 
96387 
30851 
96388 
30852 
96389 
30853 
96390 
30854 
96391 
30855 
96392 
30856 
96393 
30857 
96394 
30858 
96395 
30859 
30860 
30861 
30862 
30863 
30864 
30865 
30866 
30867 
30868 
30869 
30870 
30872 
30873 
30874 
30875 
30876 
30877 
30878 
30879 
30880 
30882 
30883 
30884 
30885 
30886 
30887 
30888 
30889 
30890 
30891 
30892 
30893 
30894 
30895 
30896 
30897 
30898 
30899 
30900 
30901 
30902 
30903 
30904 
30905 
30906 
30907 
30908 
30909 
96488 
96490 
96492 
96510 
96512 
96514 
96523 
96524 
96526 
96527 
96528 
96529 
96532 
96533 
96534 
96535 
96536 
96537 
96539 
96542 
96543 
96544 
96545 
96546 
96547 
96548 
96549 
96550 
96551 
96552 
96553 
96554 
96555 
96556 
96557 
96558 
96559 
96560 
96561 
96562 
96563 
96564 
96565 
96566 
96567 
96568 
96569 
96570 
31034 
96571 
96572 
31036 
96573 
31037 
96574 
96575 
96576 
31040 
96577 
31041 
96578 
96579 
31043 
96580 
96581 
96582 
31046 
96583 
31047 
96584 
31048 
96585 
31049 
96586 
31050 
96587 
31051 
96588 
96589 
31053 
96590 
96591 
96592 
31056 
96593 
31057 
96594 
31058 
96595 
31059 
31060 
96597 
31061 
96598 
31062 
96599 
31063 
96600 
31064 
96601 
31065 
96602 
31066 
96603 
31067 
96604 
31068 
96605 
31069 
31070 
96607 
31071 
96608 
31072 
96609 
31073 
96610 
31074 
96611 
31075 
96612 
31076 
96613 
31077 
96614 
31078 
96615 
31079 
96616 
31080 
96617 
31081 
96618 
31082 
96619 
31083 
96620 
31084 
96621 
31085 
96622 
31086 
96623 
31087 
96624 
31088 
96625 
31089 
96626 
31090 
96627 
31091 
96628 
31092 
96629 
31093 
96630 
31094 
96631 
31095 
96632 
31096 
96633 
31097 
96634 
31098 
31099 
31100 
31101 
31102 
31103 
31104 
31105 
31106 
31107 
31108 
31109 
31110 
31111 
31112 
31113 
31114 
31115 
31116 
31117 
31118 
31119 
31120 
31121 
31122 
31123 
31124 
31125 
31126 
31127 
31128 
31129 
31130 
31131 
31132 
31133 
31134 
31135 
31136 
31137 
31138 
31139 
31140 
31141 
31142 
31143 
31144 
31145 
31146 
31147 
31148 
96762 
96765 
96766 
96768 
96771 
96772 
96773 
96774 
96775 
96776 
96778 
96781 
96782 
96783 
96784 
96785 
96786 
96787 
96788 
96789 
96790 
96791 
96792 
96793 
96794 
96795 
96796 
96797 
96798 
96799 
96800 
96801 
96802 
96803 
96804 
96805 
96806 
96807 
96808 
96809 
96810 
96811 
96812 
31276 
96813 
96814 
96815 
31279 
96816 
31280 
96817 
96818 
31282 
96819 
96820 
96821 
31285 
96822 
31286 
96823 
31287 
96824 
31288 
96825 
31289 
96826 
31290 
96827 
96828 
31292 
96829 
96830 
96831 
31295 
96832 
31296 
96833 
31297 
96834 
31298 
96835 
31299 
96836 
31300 
96837 
31301 
96838 
31302 
96839 
31303 
96840 
31304 
96841 
31305 
96842 
31306 
96843 
31307 
96844 
31308 
96845 
31309 
96846 
31310 
96847 
31311 
96848 
31312 
96849 
31313 
96850 
31314 
96851 
31315 
96852 
31316 
96853 
31317 
96854 
31318 
96855 
31319 
96856 
31320 
96857 
31321 
96858 
31322 
96859 
31323 
96860 
31324 
96861 
31325 
96862 
31326 
96863 
31327 
96864 
31328 
96865 
31329 
96866 
31330 
96867 
31331 
96868 
31332 
96869 
31333 
96870 
31334 
96871 
31335 
96872 
31336 
96873 
31337 
31338 
31339 
31340 
31341 
31342 
31343 
31344 
31345 
31346 
31347 
31348 
31349 
31350 
31351 
31352 
31353 
31354 
31355 
31356 
31357 
31358 
31359 
31360 
31361 
31362 
31363 
31364 
31365 
31366 
31367 
31368 
31369 
31370 
31371 
31372 
31373 
31374 
31375 
31376 
31377 
31378 
31379 
31380 
31381 
31382 
31383 
31384 
31385 
31386 
31387 
96998 
97000 
97001 
97004 
97005 
97006 
97007 
97010 
97011 
97012 
97013 
97014 
97015 
97017 
97020 
97021 
97022 
97023 
97024 
97025 
97026 
97027 
97028 
97029 
97030 
97031 
97032 
97033 
97034 
97035 
97036 
97037 
97038 
97039 
97040 
97041 
97042 
97043 
97044 
97045 
97046 
97047 
97048 
97049 
97050 
97051 
31515 
97052 
97053 
97054 
31518 
97055 
31519 
97056 
97057 
31521 
97058 
97059 
97060 
31524 
97061 
31525 
97062 
31526 
97063 
31527 
97064 
31528 
97065 
31529 
97066 
97067 
31531 
97068 
97069 
97070 
31534 
97071 
31535 
97072 
31536 
97073 
31537 
31538 
97075 
31539 
97076 
31540 
97077 
31541 
97078 
31542 
97079 
31543 
97080 
31544 
97081 
31545 
97082 
31546 
97083 
31547 
31548 
97085 
31549 
97086 
31550 
97087 
31551 
97088 
31552 
97089 
31553 
97090 
31554 
97091 
31555 
97092 
31556 
97093 
31557 
97094 
31558 
97095 
31559 
97096 
31560 
97097 
31561 
97098 
31562 
97099 
31563 
97100 
31564 
97101 
31565 
97102 
31566 
97103 
31567 
97104 
31568 
97105 
31569 
97106 
31570 
97107 
31571 
97108 
31572 
97109 
31573 
97110 
31574 
97111 
31575 
97112 
31576 
31577 
31578 
31579 
31580 
31581 
31582 
31583 
31584 
31585 
31586 
31587 
31588 
31589 
31590 
31591 
31592 
31593 
31594 
31595 
31596 
31597 
31598 
31599 
31600 
31601 
31602 
31603 
31604 
31605 
31606 
31607 
31608 
31609 
31610 
31611 
31612 
31613 
31614 
31615 
31616 
31617 
31618 
31619 
31620 
31621 
31622 
31623 
31624 
31625 
31626 
97203 
97205 
97207 
97237 
97239 
97240 
97243 
97244 
97246 
97249 
97250 
97251 
97252 
97253 
97254 
97256 
97259 
97260 
97261 
97262 
97263 
97264 
97265 
97266 
97267 
97268 
97269 
97270 
97271 
97272 
97273 
97274 
97275 
97276 
97277 
97278 
97279 
97280 
97281 
97282 
97283 
97284 
97285 
97286 
97287 
97288 
97289 
97290 
31754 
97291 
97292 
97293 
31757 
97294 
31758 
97295 
97296 
31760 
97297 
97298 
97299 
31763 
97300 
31764 
97301 
31765 
97302 
31766 
97303 
31767 
97304 
31768 
97305 
97306 
31770 
97307 
97308 
97309 
31773 
97310 
31774 
97311 
31775 
97312 
31776 
97313 
31777 
97314 
31778 
97315 
31779 
97316 
31780 
97317 
31781 
97318 
31782 
97319 
31783 
97320 
31784 
97321 
31785 
97322 
31786 
97323 
31787 
97324 
31788 
97325 
31789 
97326 
31790 
97327 
31791 
97328 
31792 
97329 
31793 
97330 
31794 
97331 
31795 
97332 
31796 
97333 
31797 
97334 
31798 
97335 
31799 
97336 
31800 
97337 
31801 
97338 
31802 
97339 
31803 
97340 
31804 
97341 
31805 
97342 
31806 
97343 
31807 
97344 
31808 
97345 
31809 
97346 
31810 
97347 
31811 
97348 
31812 
97349 
31813 
97350 
31814 
97351 
31815 
31816 
31817 
31818 
31819 
31820 
31821 
31822 
31823 
31824 
31825 
31826 
31827 
31828 
31829 
31830 
31831 
31832 
31833 
31834 
31835 
31836 
31837 
31838 
31839 
31840 
31841 
31842 
31843 
31844 
31845 
31846 
31847 
31848 
31849 
31850 
31851 
31852 
31853 
31854 
31855 
31856 
31857 
31858 
31859 
31860 
31861 
31862 
31863 
31864 
31865 
97479 
97482 
97483 
97485 
97488 
97489 
97490 
97491 
97492 
97493 
97495 
97498 
97499 
97500 
97501 
97502 
97503 
97504 
97505 
97506 
97507 
97508 
97509 
97510 
97511 
97512 
97513 
97514 
97515 
97516 
97517 
97518 
97519 
97520 
97521 
97522 
97523 
97524 
97525 
97526 
97527 
97528 
97529 
31993 
97530 
97531 
97532 
31996 
97533 
31997 
97534 
97535 
31999 
97536 
97537 
97538 
32002 
97539 
32003 
97540 
32004 
97541 
32005 
97542 
32006 
97543 
32007 
97544 
97545 
32009 
97546 
97547 
97548 
32012 
97549 
32013 
97550 
32014 
97551 
32015 
97552 
32016 
97553 
32017 
97554 
32018 
97555 
32019 
97556 
32020 
97557 
32021 
97558 
32022 
97559 
32023 
97560 
32024 
97561 
32025 
97562 
32026 
97563 
32027 
97564 
32028 
97565 
32029 
97566 
32030 
97567 
32031 
97568 
32032 
97569 
32033 
97570 
32034 
97571 
32035 
97572 
32036 
97573 
32037 
97574 
32038 
97575 
32039 
97576 
32040 
97577 
32041 
97578 
32042 
97579 
32043 
97580 
32044 
97581 
32045 
97582 
32046 
97583 
32047 
97584 
32048 
97585 
32049 
97586 
32050 
97587 
32051 
97588 
32052 
97589 
32053 
97590 
32054 
32055 
32056 
32057 
32058 
32059 
32060 
32061 
32062 
32063 
32064 
32065 
32066 
32067 
32068 
32069 
32070 
32071 
32072 
32073 
32074 
32075 
32076 
32077 
32078 
32079 
32080 
32081 
32082 
32083 
32084 
32085 
32086 
32087 
32088 
32089 
32090 
32091 
32092 
32093 
32094 
32095 
32096 
32097 
32098 
32099 
32100 
32101 
32102 
32103 
32104 
97718 
97721 
97722 
97724 
97727 
97728 
97729 
97730 
97731 
97732 
97734 
97737 
97738 
97739 
97740 
97741 
97742 
97743 
97744 
97745 
97746 
97747 
97748 
97749 
97750 
97751 
97752 
97753 
97754 
97755 
97756 
97757 
97758 
97759 
97760 
97761 
97762 
97763 
97764 
97765 
97766 
97767 
97768 
32232 
97769 
97770 
97771 
32235 
97772 
32236 
97773 
97774 
32238 
97775 
97776 
97777 
32241 
97778 
32242 
97779 
32243 
97780 
32244 
97781 
32245 
97782 
32246 
97783 
97784 
32248 
97785 
97786 
97787 
32251 
97788 
32252 
97789 
32253 
97790 
32254 
97791 
32255 
97792 
32256 
97793 
32257 
97794 
32258 
97795 
32259 
97796 
32260 
97797 
32261 
97798 
32262 
97799 
32263 
97800 
32264 
97801 
32265 
97802 
32266 
97803 
32267 
97804 
32268 
97805 
32269 
97806 
32270 
97807 
32271 
97808 
32272 
97809 
32273 
97810 
32274 
97811 
32275 
97812 
32276 
97813 
32277 
97814 
32278 
97815 
32279 
97816 
32280 
97817 
32281 
97818 
32282 
97819 
32283 
97820 
32284 
97821 
32285 
97822 
32286 
97823 
32287 
97824 
32288 
97825 
32289 
97826 
32290 
97827 
32291 
97828 
32292 
97829 
32293 
32294 
32295 
32296 
32297 
32298 
32299 
32300 
32301 
32302 
32303 
32304 
32306 
32307 
32308 
32309 
32310 
32311 
32312 
32313 
32314 
32316 
32317 
32318 
32319 
32320 
32321 
32322 
32323 
32324 
32325 
32326 
32327 
32328 
32329 
32330 
32331 
32332 
32333 
32334 
32335 
32336 
32337 
32338 
32339 
32340 
32341 
32342 
32343 
97957 
97960 
97961 
97963 
97966 
97967 
97968 
97969 
97970 
97971 
97973 
97976 
97977 
97978 
97979 
97980 
97981 
97982 
97983 
97984 
97985 
97986 
97987 
97988 
97989 
97990 
97991 
97992 
97993 
97994 
97995 
97996 
97997 
97998 
97999 
98000 
98001 
98002 
98003 
98004 
98005 
98006 
98007 
32471 
98008 
98009 
98010 
32474 
98011 
32475 
98012 
98013 
32477 
98014 
32478 
98015 
98016 
32480 
98017 
32481 
98018 
32482 
98019 
32483 
98020 
32484 
98021 
32485 
98022 
98023 
32487 
98024 
98025 
98026 
32490 
98027 
32491 
98028 
32492 
98029 
32493 
98030 
32494 
98031 
32495 
98032 
32496 
98033 
32497 
98034 
32498 
98035 
32499 
98036 
32500 
98037 
32501 
98038 
32502 
98039 
32503 
98040 
32504 
98041 
32505 
98042 
32506 
98043 
32507 
98044 
32508 
98045 
32509 
98046 
32510 
98047 
32511 
98048 
32512 
98049 
32513 
98050 
32514 
98051 
32515 
98052 
32516 
98053 
32517 
98054 
32518 
98055 
32519 
98056 
32520 
98057 
32521 
98058 
32522 
98059 
32523 
98060 
32524 
98061 
32525 
98062 
32526 
98063 
32527 
98064 
32528 
98065 
32529 
98066 
32530 
98067 
32531 
98068 
32532 
32533 
32534 
32535 
32536 
32537 
32538 
32539 
32540 
32541 
32542 
32543 
32544 
32545 
32546 
32547 
32548 
32549 
32550 
32551 
32552 
32553 
32554 
32555 
32556 
32557 
32558 
32559 
32560 
32561 
32562 
32563 
32564 
32565 
32566 
32567 
32568 
32569 
32570 
32571 
32572 
32573 
32574 
32575 
32576 
32577 
32578 
32579 
32580 
32581 
32582 
98196 
98199 
98200 
98202 
98205 
98206 
98207 
98208 
98209 
98210 
98212 
98215 
98216 
98217 
98218 
98219 
98220 
98221 
98222 
98223 
98224 
98225 
98226 
98227 
98228 
98229 
98230 
98231 
98232 
98233 
98234 
98235 
98236 
98237 
98238 
98239 
98240 
98241 
98242 
98243 
98244 
98245 
98246 
32710 
98247 
98248 
98249 
32713 
98250 
32714 
98251 
98252 
32716 
98253 
32717 
98254 
98255 
32719 
98256 
32720 
98257 
32721 
98258 
32722 
98259 
32723 
98260 
32724 
98261 
98262 
32726 
98263 
98264 
98265 
32729 
98266 
32730 
98267 
32731 
98268 
32732 
32733 
98270 
32734 
98271 
32735 
98272 
32736 
98273 
32737 
98274 
32738 
98275 
32739 
98276 
32740 
98277 
32741 
98278 
32742 
32743 
98280 
32744 
98281 
32745 
98282 
32746 
98283 
32747 
98284 
32748 
98285 
32749 
98286 
32750 
98287 
32751 
98288 
32752 
98289 
32753 
98290 
32754 
98291 
32755 
98292 
32756 
98293 
32757 
98294 
32758 
98295 
32759 
98296 
32760 
98297 
32761 
98298 
32762 
98299 
32763 
98300 
32764 
98301 
32765 
98302 
32766 
98303 
32767 
98304 
32768 
98305 
32769 
98306 
32770 
98307 
32771 
32772 
32773 
32774 
32775 
32776 
32777 
32778 
32779 
32780 
32781 
32782 
32783 
32784 
32785 
32786 
32787 
32788 
32789 
32790 
32791 
32792 
32793 
32794 
32795 
32796 
32797 
32798 
32799 
32800 
32801 
32802 
32803 
32804 
32805 
32806 
32807 
32808 
32809 
32810 
32811 
32812 
32813 
32814 
32815 
32816 
32817 
32818 
32819 
32820 
32821 
98435 
98438 
98439 
98441 
98444 
98445 
98446 
98447 
98448 
98449 
98451 
98454 
98455 
98456 
98457 
98458 
98459 
98460 
98461 
98462 
98463 
98464 
98465 
98466 
98467 
98468 
98469 
98470 
98471 
98472 
98473 
98474 
98475 
98476 
98477 
98478 
98479 
98480 
98481 
98482 
98483 
98484 
98485 
32949 
98486 
98487 
98488 
32952 
98489 
32953 
98490 
98491 
32955 
98492 
98493 
98494 
32958 
98495 
32959 
98496 
32960 
98497 
32961 
98498 
32962 
98499 
32963 
98500 
98501 
32965 
98502 
98503 
98504 
32968 
98505 
32969 
98506 
32970 
98507 
32971 
32972 
98509 
32973 
98510 
32974 
98511 
32975 
98512 
32976 
98513 
32977 
98514 
32978 
98515 
32979 
98516 
32980 
98517 
32981 
32982 
98519 
32983 
98520 
32984 
98521 
32985 
98522 
32986 
98523 
32987 
98524 
32988 
98525 
32989 
98526 
32990 
98527 
32991 
98528 
32992 
98529 
32993 
98530 
32994 
98531 
32995 
98532 
32996 
98533 
32997 
98534 
32998 
98535 
32999 
98536 
33000 
98537 
33001 
98538 
33002 
98539 
33003 
98540 
33004 
98541 
33005 
98542 
33006 
98543 
33007 
98544 
33008 
98545 
33009 
98546 
33010 
33011 
33012 
33013 
33014 
33015 
33016 
33017 
33018 
33019 
33020 
33021 
33022 
33023 
33024 
33025 
33026 
33027 
33028 
33029 
33030 
33031 
33032 
33033 
33034 
33035 
33036 
33037 
33038 
33039 
33040 
33041 
33042 
33043 
33044 
33045 
33046 
33047 
33048 
33049 
33050 
33051 
33052 
33053 
33054 
33055 
33056 
33057 
33058 
33059 
33060 
98633 
98674 
98675 
98677 
98678 
98680 
98683 
98684 
98685 
98686 
98687 
98688 
98690 
98693 
98694 
98695 
98696 
98697 
98698 
98699 
98700 
98701 
98702 
98703 
98704 
98705 
98706 
98707 
98708 
98709 
98710 
98711 
98712 
98713 
98714 
98715 
98716 
98717 
98718 
98719 
98720 
98721 
98722 
98723 
98724 
33188 
98725 
98726 
98727 
33191 
98728 
33192 
98729 
98730 
33194 
98731 
98732 
98733 
33197 
98734 
33198 
98735 
33199 
98736 
33200 
98737 
33201 
98738 
33202 
98739 
98740 
33204 
98741 
98742 
98743 
33207 
98744 
33208 
98745 
33209 
98746 
33210 
98747 
33211 
98748 
33212 
98749 
33213 
98750 
33214 
98751 
33215 
98752 
33216 
98753 
33217 
98754 
33218 
98755 
33219 
98756 
33220 
98757 
33221 
98758 
33222 
98759 
33223 
98760 
33224 
98761 
33225 
98762 
33226 
98763 
33227 
98764 
33228 
98765 
33229 
98766 
33230 
98767 
33231 
98768 
33232 
98769 
33233 
98770 
33234 
98771 
33235 
98772 
33236 
98773 
33237 
98774 
33238 
98775 
33239 
98776 
33240 
98777 
33241 
98778 
33242 
98779 
33243 
98780 
33244 
98781 
33245 
98782 
33246 
98783 
33247 
98784 
33248 
98785 
33249 
33250 
33251 
33252 
33253 
33254 
33255 
33256 
33257 
33258 
33259 
33260 
33261 
33262 
33263 
33264 
33265 
33266 
33267 
33268 
33269 
33270 
33272 
33273 
33274 
33275 
33276 
33277 
33278 
33279 
33280 
33281 
33282 
33283 
33284 
33285 
33286 
33287 
33288 
33289 
33290 
33291 
33292 
33293 
33294 
33295 
33296 
33297 
33298 
33299 
98913 
98916 
98917 
98919 
98922 
98923 
98924 
98925 
98926 
98927 
98929 
98932 
98933 
98934 
98935 
98936 
98937 
98938 
98939 
98940 
98941 
98942 
98943 
98944 
98945 
98946 
98947 
98948 
98949 
98950 
98951 
98952 
98953 
98954 
98955 
98956 
98957 
98958 
98959 
98960 
98961 
98962 
98963 
33427 
98964 
98965 
98966 
33430 
98967 
33431 
98968 
98969 
33433 
98970 
98971 
98972 
33436 
98973 
33437 
98974 
33438 
98975 
33439 
98976 
33440 
98977 
33441 
98978 
98979 
33443 
98980 
98981 
98982 
33446 
98983 
33447 
98984 
33448 
98985 
33449 
33450 
98987 
33451 
98988 
33452 
98989 
33453 
98990 
33454 
98991 
33455 
98992 
33456 
98993 
33457 
98994 
33458 
98995 
33459 
33460 
98997 
33461 
98998 
33462 
98999 
33463 
99000 
33464 
99001 
33465 
99002 
33466 
99003 
33467 
99004 
33468 
99005 
33469 
99006 
33470 
99007 
33471 
99008 
33472 
99009 
33473 
99010 
33474 
99011 
33475 
99012 
33476 
99013 
33477 
99014 
33478 
99015 
33479 
99016 
33480 
99017 
33481 
99018 
33482 
99019 
33483 
99020 
33484 
99021 
33485 
99022 
33486 
99023 
33487 
99024 
33488 
33489 
33490 
33491 
33492 
33493 
33494 
33495 
33496 
33497 
33498 
33499 
33501 
33502 
33503 
33504 
33505 
33506 
33507 
33508 
33509 
33511 
33512 
33513 
33514 
33515 
33516 
33517 
33518 
33519 
33520 
33521 
33522 
33523 
33524 
33525 
33526 
33527 
33528 
33529 
33530 
33531 
33532 
33533 
33534 
33535 
33536 
33537 
33538 
99152 
99155 
99156 
99158 
99161 
99162 
99163 
99164 
99165 
99166 
99168 
99171 
99172 
99173 
99174 
99175 
99176 
99177 
99178 
99179 
99180 
99181 
99182 
99183 
99184 
99185 
99186 
99187 
99188 
99189 
99190 
99191 
99192 
99193 
99194 
99195 
99196 
99197 
99198 
99199 
33663 
99200 
99201 
33665 
99202 
33666 
99203 
99204 
99205 
33669 
99206 
33670 
99207 
99208 
33672 
99209 
99210 
99211 
33675 
99212 
33676 
99213 
33677 
99214 
33678 
99215 
33679 
99216 
33680 
99217 
99218 
33682 
99219 
99220 
99221 
33685 
99222 
33686 
99223 
33687 
99224 
33688 
33689 
99226 
33690 
99227 
33691 
99228 
33692 
99229 
33693 
99230 
33694 
99231 
33695 
99232 
33696 
99233 
33697 
99234 
33698 
33699 
99236 
33700 
99237 
33701 
99238 
33702 
99239 
33703 
99240 
33704 
99241 
33705 
99242 
33706 
99243 
33707 
99244 
33708 
99245 
33709 
99246 
33710 
99247 
33711 
99248 
33712 
99249 
33713 
99250 
33714 
99251 
33715 
99252 
33716 
99253 
33717 
99254 
33718 
99255 
33719 
99256 
33720 
99257 
33721 
99258 
33722 
99259 
33723 
99260 
33724 
99261 
33725 
99262 
33726 
99263 
33727 
33728 
33729 
33730 
33731 
33732 
33733 
33734 
33735 
33736 
33737 
33738 
33739 
33740 
33741 
33742 
33743 
33744 
33745 
33746 
33747 
33748 
33749 
33750 
33751 
33752 
33753 
33754 
33755 
33756 
33757 
33758 
33759 
33760 
33761 
33762 
33763 
33764 
33765 
33766 
33767 
33768 
33769 
33770 
33771 
33772 
33773 
33774 
33775 
33776 
33777 
99391 
99394 
99395 
99397 
99400 
99401 
99402 
99403 
99404 
99405 
99407 
99410 
99411 
99412 
99413 
99414 
99415 
99416 
99417 
99418 
99419 
99420 
99421 
99422 
99423 
99424 
99425 
99426 
99427 
99428 
99429 
99430 
99431 
99432 
99433 
99434 
99435 
99436 
99437 
99438 
33902 
99439 
99440 
33904 
99441 
33905 
99442 
99443 
99444 
33908 
99445 
33909 
99446 
99447 
33911 
99448 
99449 
99450 
33914 
99451 
33915 
99452 
33916 
99453 
33917 
99454 
33918 
99455 
33919 
99456 
99457 
33921 
99458 
99459 
99460 
33924 
99461 
33925 
99462 
33926 
99463 
33927 
99464 
33928 
99465 
33929 
99466 
33930 
99467 
33931 
99468 
33932 
99469 
33933 
99470 
33934 
99471 
33935 
99472 
33936 
99473 
33937 
99474 
33938 
99475 
33939 
99476 
33940 
99477 
33941 
99478 
33942 
99479 
33943 
99480 
33944 
99481 
33945 
99482 
33946 
99483 
33947 
99484 
33948 
99485 
33949 
99486 
33950 
99487 
33951 
99488 
33952 
99489 
33953 
99490 
33954 
99491 
33955 
99492 
33956 
99493 
33957 
99494 
33958 
99495 
33959 
99496 
33960 
99497 
33961 
99498 
33962 
99499 
33963 
99500 
33964 
99501 
33965 
99502 
33966 
33967 
33968 
33969 
33970 
33971 
33972 
33973 
33974 
33975 
33976 
33977 
33979 
33980 
33981 
33982 
33983 
33984 
33985 
33986 
33987 
33989 
33990 
33991 
33992 
33993 
33994 
33995 
33996 
33997 
33998 
33999 
34000 
34001 
34002 
34003 
34004 
34005 
34006 
34007 
34008 
34009 
34010 
34011 
34012 
34013 
34014 
34015 
34016 
99630 
99633 
99634 
99636 
99639 
99640 
99641 
99642 
99643 
99644 
99646 
99649 
99650 
99651 
99652 
99653 
99654 
99655 
99656 
99657 
99658 
99659 
99660 
99661 
99662 
99663 
99664 
99665 
99666 
99667 
99668 
99669 
99670 
99671 
99672 
99673 
99674 
99675 
99676 
99677 
99678 
99679 
99680 
34144 
99681 
99682 
99683 
34147 
99684 
34148 
99685 
99686 
34150 
99687 
99688 
99689 
34153 
99690 
34154 
99691 
34155 
99692 
34156 
99693 
34157 
99694 
34158 
99695 
99696 
34160 
99697 
99698 
99699 
34163 
99700 
34164 
99701 
34165 
99702 
34166 
99703 
34167 
99704 
34168 
99705 
34169 
99706 
34170 
99707 
34171 
99708 
34172 
99709 
34173 
99710 
34174 
99711 
34175 
99712 
34176 
99713 
34177 
99714 
34178 
99715 
34179 
99716 
34180 
99717 
34181 
99718 
34182 
99719 
34183 
99720 
34184 
99721 
34185 
99722 
34186 
99723 
34187 
99724 
34188 
99725 
34189 
99726 
34190 
99727 
34191 
99728 
34192 
99729 
34193 
99730 
34194 
99731 
34195 
99732 
34196 
99733 
34197 
99734 
34198 
99735 
34199 
99736 
34200 
99737 
34201 
99738 
34202 
99739 
34203 
99740 
34204 
99741 
34205 
34206 
34207 
34208 
34209 
34210 
34211 
34212 
34213 
34214 
34215 
34216 
34217 
34218 
34219 
34220 
34221 
34222 
34223 
34224 
34225 
34226 
34227 
34228 
34229 
34230 
34231 
34232 
34233 
34234 
34235 
34236 
34237 
34238 
34239 
34240 
34241 
34242 
34243 
34244 
34245 
34246 
34247 
34248 
34249 
34250 
34251 
34252 
34253 
34254 
34255 
99807 
99810 
99811 
99812 
99815 
99816 
99817 
99818 
99819 
99820 
99821 
99822 
99823 
99824 
99825 
99826 
99827 
99828 
99829 
99830 
99831 
99832 
99833 
99834 
99835 
99836 
99837 
99838 
99839 
99840 
99841 
99842 
99843 
99844 
99845 
99846 
99847 
99848 
99849 
99850 
99851 
99852 
99853 
99854 
99855 
99856 
99857 
99858 
99859 
99860 
34383 
34386 
34387 
34389 
34392 
34393 
34394 
34395 
34396 
34397 
34399 
34402 
34403 
34404 
34405 
34406 
34407 
34408 
34409 
34410 
34411 
34412 
34413 
34414 
34415 
34416 
34417 
34418 
34419 
34420 
34421 
34422 
34423 
34424 
34425 
34426 
34427 
34428 
34429 
34430 
34431 
34432 
34433 
34434 
34435 
34436 
34437 
34438 
34439 
34440 
34441 
34442 
34443 
34444 
34445 
34446 
34447 
34448 
34449 
34450 
34451 
34452 
34453 
34454 
34455 
34456 
34457 
34458 
34459 
34460 
34461 
34462 
34463 
34464 
34465 
34467 
34468 
34469 
34470 
34471 
34472 
34473 
34474 
34475 
34476 
34477 
34478 
34479 
34480 
34481 
34482 
34483 
34484 
34485 
34486 
34487 
34488 
34489 
34490 
34491 
34492 
34493 
34494 
34622 
34625 
34626 
34628 
34629 
34631 
34632 
34633 
34634 
34635 
34636 
34638 
34641 
34642 
34643 
34644 
34645 
34646 
34647 
34648 
34649 
34650 
34651 
34652 
34653 
34654 
34655 
34656 
34657 
34658 
34659 
34660 
34661 
34662 
34663 
34664 
34665 
34666 
34667 
34668 
34669 
34670 
34671 
34672 
34673 
34674 
34675 
34676 
34677 
34678 
34679 
34680 
34681 
34682 
34683 
34684 
34685 
34686 
34687 
34688 
34689 
34690 
34691 
34692 
34693 
34694 
34695 
34696 
34697 
34698 
34699 
34700 
34701 
34702 
34703 
34704 
34705 
34706 
34707 
34708 
34709 
34710 
34711 
34712 
34713 
34714 
34715 
34716 
34717 
34718 
34719 
34720 
34721 
34722 
34723 
34724 
34725 
34726 
34727 
34728 
34729 
34730 
34731 
34732 
34733 
34861 
34864 
34865 
34866 
34867 
34868 
34870 
34871 
34872 
34873 
34874 
34875 
34877 
34880 
34881 
34882 
34883 
34884 
34885 
34886 
34887 
34888 
34889 
34890 
34891 
34892 
34893 
34894 
34895 
34896 
34897 
34898 
34899 
34900 
34901 
34902 
34903 
34904 
34905 
34906 
34907 
34908 
34909 
34910 
34911 
34912 
34913 
34914 
34915 
34916 
34917 
34918 
34919 
34920 
34921 
34922 
34923 
34924 
34925 
34926 
34927 
34928 
34929 
34930 
34931 
34932 
34933 
34934 
34935 
34936 
34937 
34938 
34939 
34940 
34941 
34942 
34943 
34944 
34945 
34946 
34947 
34948 
34949 
34950 
34951 
34952 
34953 
34954 
34955 
34956 
34957 
34958 
34959 
34960 
34961 
34962 
34963 
34964 
34965 
34966 
34967 
34968 
34969 
34970 
34971 
34972 
35100 
35103 
35104 
35106 
35109 
35110 
35111 
35112 
35113 
35114 
35116 
35119 
35120 
35121 
35122 
35123 
35124 
35125 
35126 
35127 
35128 
35129 
35130 
35131 
35132 
35133 
35134 
35135 
35136 
35137 
35138 
35139 
35140 
35141 
35142 
35143 
35144 
35145 
35146 
35147 
35148 
35149 
35150 
35151 
35152 
35153 
35154 
35155 
35156 
35157 
35158 
35159 
35160 
35161 
35162 
35163 
35164 
35165 
35166 
35167 
35168 
35169 
35170 
35171 
35172 
35173 
35174 
35175 
35176 
35177 
35178 
35179 
35180 
35181 
35182 
35183 
35184 
35185 
35186 
35187 
35188 
35189 
35190 
35191 
35192 
35193 
35194 
35195 
35196 
35197 
35198 
35199 
35200 
35201 
35202 
35203 
35204 
35205 
35206 
35207 
35208 
35209 
35210 
35211 
35326 
35328 
35330 
35339 
35342 
35343 
35345 
35348 
35349 
35350 
35351 
35352 
35353 
35355 
35358 
35359 
35360 
35361 
35362 
35363 
35364 
35365 
35366 
35367 
35368 
35369 
35370 
35371 
35372 
35373 
35374 
35375 
35376 
35377 
35378 
35379 
35380 
35381 
35382 
35383 
35384 
35385 
35386 
35387 
35388 
35389 
35390 
35391 
35392 
35393 
35394 
35395 
35396 
35397 
35398 
35399 
35400 
35401 
35402 
35403 
35404 
35405 
35406 
35407 
35408 
35409 
35410 
35411 
35412 
35413 
35414 
35415 
35416 
35417 
35418 
35419 
35420 
35421 
35422 
35423 
35424 
35425 
35426 
35427 
35428 
35429 
35430 
35431 
35432 
35433 
35434 
35435 
35436 
35437 
35438 
35439 
35440 
35441 
35442 
35443 
35444 
35445 
35446 
35447 
35448 
35449 
35450 
35578 
35581 
35582 
35584 
35587 
35588 
35589 
35590 
35591 
35592 
35594 
35597 
35598 
35599 
35600 
35601 
35602 
35603 
35604 
35605 
35606 
35607 
35608 
35609 
35610 
35611 
35612 
35613 
35614 
35615 
35616 
35617 
35618 
35619 
35620 
35621 
35622 
35623 
35624 
35625 
35626 
35627 
35628 
35629 
35630 
35631 
35632 
35633 
35634 
35635 
35636 
35637 
35638 
35639 
35640 
35641 
35642 
35643 
35644 
35645 
35646 
35647 
35648 
35649 
35650 
35651 
35652 
35653 
35654 
35655 
35656 
35657 
35658 
35659 
35660 
35661 
35662 
35663 
35664 
35665 
35666 
35667 
35668 
35669 
35670 
35671 
35672 
35673 
35674 
35675 
35676 
35677 
35678 
35679 
35680 
35681 
35682 
35683 
35684 
35685 
35686 
35687 
35688 
35689 
35817 
35820 
35821 
35823 
35826 
35827 
35828 
35829 
35830 
35831 
35833 
35836 
35837 
35838 
35839 
35840 
35841 
35842 
35843 
35844 
35845 
35846 
35847 
35848 
35849 
35850 
35851 
35852 
35853 
35854 
35855 
35856 
35857 
35858 
35859 
35860 
35861 
35862 
35863 
35864 
35865 
35866 
35867 
35868 
35869 
35870 
35871 
35872 
35873 
35874 
35875 
35876 
35877 
35878 
35879 
35880 
35881 
35882 
35883 
35884 
35885 
35886 
35887 
35888 
35889 
35890 
35891 
35892 
35893 
35894 
35895 
35896 
35897 
35898 
35899 
35900 
35901 
35902 
35903 
35904 
35905 
35906 
35907 
35908 
35909 
35910 
35911 
35912 
35913 
35914 
35915 
35916 
35917 
35918 
35919 
35920 
35921 
35922 
35923 
35924 
35925 
35926 
35927 
35928 
36056 
36059 
36060 
36062 
36065 
36066 
36067 
36068 
36069 
36070 
36072 
36075 
36076 
36077 
36078 
36079 
36080 
36081 
36082 
36083 
36084 
36085 
36086 
36087 
36088 
36089 
36090 
36091 
36092 
36093 
36094 
36095 
36096 
36097 
36098 
36099 
36100 
36101 
36102 
36103 
36104 
36105 
36106 
36107 
36108 
36109 
36110 
36111 
36112 
36113 
36114 
36115 
36116 
36117 
36118 
36119 
36120 
36121 
36122 
36123 
36124 
36125 
36126 
36127 
36128 
36130 
36131 
36132 
36133 
36134 
36135 
36136 
36137 
36138 
36140 
36141 
36142 
36143 
36144 
36145 
36146 
36147 
36148 
36149 
36150 
36151 
36152 
36153 
36154 
36155 
36156 
36157 
36158 
36159 
36160 
36161 
36162 
36163 
36164 
36165 
36166 
36167 
36295 
36298 
36299 
36301 
36304 
36305 
36306 
36307 
36308 
36309 
36311 
36314 
36315 
36316 
36317 
36318 
36319 
36320 
36321 
36322 
36323 
36324 
36325 
36326 
36327 
36328 
36329 
36330 
36331 
36332 
36333 
36334 
36335 
36336 
36337 
36338 
36339 
36340 
36341 
36342 
36343 
36344 
36345 
36346 
36347 
36348 
36349 
36350 
36351 
36352 
36353 
36354 
36355 
36356 
36357 
36358 
36359 
36360 
36361 
36362 
36363 
36364 
36365 
36366 
36367 
36369 
36370 
36371 
36372 
36373 
36374 
36375 
36376 
36377 
36379 
36380 
36381 
36382 
36383 
36384 
36385 
36386 
36387 
36388 
36389 
36390 
36391 
36392 
36393 
36394 
36395 
36396 
36397 
36398 
36399 
36400 
36401 
36402 
36403 
36404 
36405 
36406 
36534 
36537 
36538 
36540 
36543 
36544 
36545 
36546 
36547 
36548 
36549 
36550 
36553 
36554 
36555 
36556 
36557 
36558 
36559 
36560 
36561 
36562 
36563 
36564 
36565 
36566 
36567 
36568 
36569 
36570 
36571 
36572 
36573 
36574 
36575 
36576 
36577 
36578 
36579 
36580 
36581 
36582 
36583 
36584 
36585 
36586 
36587 
36588 
36589 
36590 
36591 
36592 
36593 
36594 
36595 
36596 
36597 
36598 
36599 
36600 
36601 
36602 
36603 
36604 
36605 
36606 
36607 
36608 
36609 
36610 
36611 
36612 
36613 
36614 
36615 
36616 
36617 
36618 
36619 
36620 
36621 
36622 
36623 
36624 
36625 
36626 
36627 
36628 
36629 
36630 
36631 
36632 
36633 
36634 
36635 
36636 
36637 
36638 
36639 
36640 
36641 
36642 
36643 
36644 
36645 
36773 
36776 
36777 
36779 
36782 
36783 
36784 
36785 
36786 
36787 
36789 
36792 
36793 
36794 
36795 
36796 
36797 
36798 
36799 
36800 
36801 
36802 
36803 
36804 
36805 
36806 
36807 
36808 
36809 
36810 
36811 
36812 
36813 
36814 
36815 
36816 
36817 
36818 
36819 
36820 
36821 
36822 
36823 
36824 
36825 
36826 
36827 
36828 
36829 
36830 
36831 
36832 
36833 
36834 
36835 
36836 
36837 
36838 
36839 
36840 
36841 
36842 
36843 
36844 
36845 
36846 
36847 
36848 
36849 
36850 
36851 
36852 
36853 
36854 
36855 
36856 
36857 
36858 
36859 
36860 
36861 
36862 
36863 
36864 
36865 
36866 
36867 
36868 
36869 
36870 
36871 
36872 
36873 
36874 
36875 
36876 
36877 
36878 
36879 
36880 
36881 
36882 
36883 
36884 
37012 
37015 
37016 
37018 
37021 
37022 
37023 
37024 
37025 
37026 
37028 
37031 
37032 
37033 
37034 
37035 
37036 
37037 
37038 
37039 
37040 
37041 
37042 
37043 
37044 
37045 
37046 
37047 
37048 
37049 
37050 
37051 
37052 
37053 
37054 
37055 
37056 
37057 
37058 
37059 
37060 
37061 
37062 
37063 
37064 
37065 
37066 
37067 
37068 
37069 
37070 
37071 
37072 
37073 
37074 
37075 
37076 
37077 
37078 
37079 
37080 
37081 
37082 
37083 
37084 
37085 
37086 
37087 
37088 
37089 
37090 
37091 
37092 
37093 
37094 
37095 
37096 
37097 
37098 
37099 
37100 
37101 
37102 
37103 
37104 
37105 
37106 
37107 
37108 
37109 
37110 
37111 
37112 
37113 
37114 
37115 
37116 
37117 
37118 
37119 
37120 
37121 
37122 
37123 
37248 
37250 
37251 
37254 
37255 
37257 
37260 
37261 
37262 
37263 
37264 
37265 
37267 
37270 
37271 
37272 
37273 
37274 
37275 
37276 
37277 
37278 
37279 
37280 
37281 
37282 
37283 
37284 
37285 
37286 
37287 
37288 
37289 
37290 
37291 
37292 
37293 
37294 
37295 
37296 
37297 
37298 
37299 
37300 
37301 
37302 
37303 
37304 
37305 
37306 
37307 
37308 
37309 
37310 
37311 
37312 
37313 
37314 
37315 
37316 
37317 
37318 
37319 
37320 
37321 
37322 
37323 
37325 
37326 
37327 
37328 
37329 
37330 
37331 
37332 
37333 
37335 
37336 
37337 
37338 
37339 
37340 
37341 
37342 
37343 
37344 
37345 
37346 
37347 
37348 
37349 
37350 
37351 
37352 
37353 
37354 
37355 
37356 
37357 
37358 
37359 
37360 
37361 
37362 
37490 
37493 
37494 
37496 
37499 
37500 
37501 
37502 
37503 
37504 
37506 
37509 
37510 
37511 
37512 
37513 
37514 
37515 
37516 
37517 
37518 
37519 
37520 
37521 
37522 
37523 
37524 
37525 
37526 
37527 
37528 
37529 
37530 
37531 
37532 
37533 
37534 
37535 
37536 
37537 
37538 
37539 
37540 
37541 
37542 
37543 
37544 
37545 
37546 
37547 
37548 
37549 
37550 
37551 
37552 
37553 
37554 
37555 
37556 
37557 
37558 
37559 
37560 
37561 
37562 
37563 
37564 
37565 
37566 
37567 
37568 
37569 
37570 
37571 
37572 
37573 
37574 
37575 
37576 
37577 
37578 
37579 
37580 
37581 
37582 
37583 
37584 
37585 
37586 
37587 
37588 
37589 
37590 
37591 
37592 
37593 
37594 
37595 
37596 
37597 
37598 
37599 
37600 
37601 
37729 
37732 
37733 
37735 
37738 
37739 
37740 
37741 
37742 
37743 
37745 
37748 
37749 
37750 
37751 
37752 
37753 
37754 
37755 
37756 
37757 
37758 
37759 
37760 
37761 
37762 
37763 
37764 
37765 
37766 
37767 
37768 
37769 
37770 
37771 
37772 
37773 
37774 
37775 
37776 
37777 
37778 
37779 
37780 
37781 
37782 
37783 
37784 
37785 
37786 
37787 
37788 
37789 
37790 
37791 
37792 
37793 
37794 
37795 
37796 
37797 
37798 
37799 
37800 
37801 
37802 
37803 
37804 
37805 
37806 
37807 
37808 
37809 
37810 
37811 
37812 
37813 
37814 
37815 
37816 
37817 
37818 
37819 
37820 
37821 
37822 
37823 
37824 
37825 
37826 
37827 
37828 
37829 
37830 
37831 
37832 
37833 
37834 
37835 
37836 
37837 
37838 
37839 
37840 
37968 
37971 
37972 
37974 
37977 
37978 
37979 
37980 
37981 
37982 
37984 
37987 
37988 
37989 
37990 
37991 
37992 
37993 
37994 
37995 
37996 
37997 
37998 
37999 
38000 
38001 
38002 
38003 
38004 
38005 
38006 
38007 
38008 
38009 
38010 
38011 
38012 
38013 
38014 
38015 
38016 
38017 
38018 
38019 
38020 
38021 
38022 
38023 
38024 
38025 
38026 
38027 
38028 
38029 
38030 
38031 
38032 
38033 
38034 
38035 
38036 
38037 
38038 
38039 
38040 
38041 
38042 
38043 
38044 
38045 
38046 
38047 
38048 
38049 
38050 
38051 
38052 
38053 
38054 
38055 
38056 
38057 
38058 
38059 
38060 
38061 
38062 
38063 
38064 
38065 
38066 
38067 
38068 
38069 
38070 
38071 
38072 
38073 
38074 
38075 
38076 
38077 
38078 
38079 
38207 
38210 
38211 
38213 
38216 
38217 
38218 
38219 
38220 
38221 
38223 
38226 
38227 
38228 
38229 
38230 
38231 
38232 
38233 
38234 
38235 
38236 
38237 
38238 
38239 
38240 
38241 
38242 
38243 
38244 
38245 
38246 
38247 
38248 
38249 
38250 
38251 
38252 
38253 
38254 
38255 
38256 
38257 
38258 
38259 
38260 
38261 
38262 
38263 
38264 
38265 
38266 
38267 
38268 
38269 
38270 
38271 
38272 
38273 
38274 
38275 
38276 
38277 
38278 
38279 
38280 
38281 
38282 
38283 
38284 
38285 
38286 
38287 
38288 
38289 
38290 
38291 
38292 
38293 
38294 
38295 
38296 
38297 
38298 
38299 
38300 
38301 
38302 
38303 
38304 
38305 
38306 
38307 
38308 
38309 
38310 
38311 
38312 
38313 
38314 
38315 
38316 
38317 
38318 
38446 
38449 
38450 
38452 
38455 
38456 
38457 
38458 
38459 
38460 
38462 
38465 
38466 
38467 
38468 
38469 
38470 
38471 
38472 
38473 
38474 
38475 
38476 
38477 
38478 
38479 
38480 
38481 
38482 
38483 
38484 
38485 
38486 
38487 
38488 
38489 
38490 
38491 
38492 
38493 
38494 
38495 
38496 
38497 
38498 
38499 
38500 
38501 
38502 
38503 
38504 
38505 
38506 
38507 
38508 
38509 
38510 
38511 
38512 
38513 
38514 
38515 
38516 
38517 
38518 
38519 
38520 
38521 
38522 
38523 
38524 
38525 
38526 
38527 
38528 
38529 
38530 
38531 
38532 
38533 
38534 
38535 
38536 
38537 
38538 
38539 
38540 
38541 
38542 
38543 
38544 
38545 
38546 
38547 
38548 
38549 
38550 
38551 
38552 
38553 
38554 
38555 
38556 
38557 
38685 
38688 
38689 
38691 
38694 
38695 
38696 
38697 
38698 
38699 
38701 
38704 
38705 
38706 
38707 
38708 
38709 
38710 
38711 
38712 
38713 
38714 
38715 
38716 
38717 
38718 
38719 
38720 
38721 
38722 
38723 
38724 
38725 
38726 
38727 
38728 
38729 
38730 
38731 
38732 
38733 
38734 
38735 
38736 
38737 
38738 
38739 
38740 
38741 
38742 
38743 
38744 
38745 
38746 
38747 
38748 
38749 
38750 
38751 
38752 
38753 
38754 
38755 
38756 
38757 
38758 
38759 
38760 
38761 
38762 
38763 
38764 
38765 
38766 
38767 
38768 
38769 
38770 
38771 
38772 
38773 
38774 
38775 
38776 
38777 
38778 
38779 
38780 
38781 
38782 
38783 
38784 
38785 
38786 
38787 
38788 
38789 
38790 
38791 
38792 
38793 
38794 
38795 
38796 
38924 
38927 
38928 
38930 
38933 
38934 
38935 
38936 
38937 
38938 
38940 
38943 
38944 
38945 
38946 
38947 
38948 
38949 
38950 
38951 
38952 
38953 
38954 
38955 
38956 
38957 
38958 
38959 
38960 
38961 
38962 
38963 
38964 
38965 
38966 
38967 
38968 
38969 
38970 
38971 
38972 
38973 
38974 
38975 
38976 
38977 
38978 
38979 
38980 
38981 
38982 
38983 
38984 
38985 
38986 
38987 
38988 
38989 
38990 
38991 
38992 
38993 
38994 
38995 
38996 
38997 
38998 
38999 
39000 
39001 
39002 
39003 
39004 
39005 
39006 
39007 
39008 
39009 
39010 
39011 
39012 
39013 
39014 
39015 
39016 
39017 
39018 
39019 
39020 
39021 
39022 
39023 
39024 
39025 
39026 
39027 
39028 
39029 
39030 
39031 
39032 
39033 
39034 
39035 
39163 
39166 
39167 
39169 
39172 
39173 
39174 
39175 
39176 
39177 
39179 
39182 
39183 
39184 
39185 
39186 
39187 
39188 
39189 
39190 
39191 
39192 
39193 
39194 
39195 
39196 
39197 
39198 
39199 
39200 
39201 
39202 
39203 
39204 
39205 
39206 
39207 
39208 
39209 
39210 
39211 
39212 
39213 
39214 
39215 
39216 
39217 
39218 
39219 
39220 
39221 
39222 
39223 
39224 
39225 
39226 
39227 
39228 
39229 
39230 
39231 
39232 
39233 
39234 
39235 
39236 
39237 
39238 
39239 
39240 
39241 
39242 
39243 
39244 
39245 
39246 
39247 
39248 
39249 
39250 
39251 
39252 
39253 
39254 
39255 
39256 
39257 
39258 
39259 
39260 
39261 
39262 
39263 
39264 
39265 
39266 
39267 
39268 
39269 
39270 
39271 
39272 
39273 
39274 
39402 
39405 
39406 
39408 
39411 
39412 
39413 
39414 
39415 
39416 
39418 
39421 
39422 
39423 
39424 
39425 
39426 
39427 
39428 
39429 
39430 
39431 
39432 
39433 
39434 
39435 
39436 
39437 
39438 
39439 
39440 
39441 
39442 
39443 
39444 
39445 
39446 
39447 
39448 
39449 
39450 
39451 
39452 
39453 
39454 
39455 
39456 
39457 
39458 
39459 
39460 
39461 
39462 
39463 
39464 
39465 
39466 
39467 
39468 
39469 
39470 
39471 
39472 
39473 
39474 
39475 
39476 
39477 
39478 
39479 
39480 
39481 
39482 
39483 
39484 
39485 
39486 
39487 
39488 
39489 
39490 
39491 
39492 
39493 
39494 
39495 
39496 
39497 
39498 
39499 
39500 
39501 
39502 
39503 
39504 
39505 
39506 
39507 
39508 
39509 
39510 
39511 
39512 
39513 
39641 
39644 
39645 
39647 
39650 
39651 
39652 
39653 
39654 
39655 
39657 
39660 
39661 
39662 
39663 
39664 
39665 
39666 
39667 
39668 
39669 
39670 
39671 
39672 
39673 
39674 
39675 
39676 
39677 
39678 
39679 
39680 
39681 
39682 
39683 
39684 
39685 
39686 
39687 
39688 
39689 
39690 
39691 
39692 
39693 
39694 
39695 
39696 
39697 
39698 
39699 
39700 
39701 
39702 
39703 
39704 
39705 
39706 
39707 
39708 
39709 
39710 
39711 
39712 
39713 
39714 
39715 
39716 
39717 
39718 
39719 
39720 
39721 
39722 
39723 
39724 
39725 
39726 
39727 
39728 
39729 
39730 
39731 
39732 
39733 
39734 
39735 
39736 
39737 
39738 
39739 
39740 
39741 
39742 
39743 
39744 
39745 
39746 
39747 
39748 
39749 
39750 
39751 
39752 
39880 
39883 
39884 
39886 
39889 
39890 
39891 
39892 
39893 
39894 
39896 
39899 
39900 
39901 
39902 
39903 
39904 
39905 
39906 
39907 
39908 
39909 
39910 
39911 
39912 
39913 
39914 
39915 
39916 
39917 
39918 
39919 
39920 
39921 
39922 
39923 
39924 
39925 
39926 
39927 
39928 
39929 
39930 
39931 
39932 
39933 
39934 
39935 
39936 
39937 
39938 
39939 
39940 
39941 
39942 
39943 
39944 
39945 
39946 
39947 
39948 
39949 
39950 
39951 
39952 
39953 
39954 
39955 
39956 
39957 
39958 
39959 
39960 
39961 
39962 
39963 
39964 
39965 
39966 
39967 
39968 
39969 
39970 
39971 
39972 
39973 
39974 
39975 
39976 
39977 
39978 
39979 
39980 
39981 
39982 
39983 
39984 
39985 
39986 
39987 
39988 
39989 
39990 
39991 
40119 
40122 
40123 
40125 
40128 
40129 
40130 
40131 
40132 
40133 
40135 
40138 
40139 
40140 
40141 
40142 
40143 
40144 
40145 
40146 
40147 
40148 
40149 
40150 
40151 
40152 
40153 
40154 
40155 
40156 
40157 
40158 
40159 
40160 
40161 
40162 
40163 
40164 
40165 
40166 
40167 
40168 
40169 
40170 
40171 
40172 
40173 
40174 
40175 
40176 
40177 
40178 
40179 
40180 
40181 
40182 
40183 
40184 
40185 
40186 
40187 
40188 
40189 
40190 
40191 
40192 
40193 
40194 
40195 
40196 
40197 
40198 
40199 
40200 
40201 
40202 
40203 
40204 
40205 
40206 
40207 
40208 
40209 
40210 
40211 
40212 
40213 
40214 
40215 
40216 
40217 
40218 
40219 
40220 
40221 
40222 
40223 
40224 
40225 
40226 
40227 
40228 
40229 
40230 
40358 
40361 
40362 
40364 
40367 
40368 
40369 
40370 
40371 
40372 
40374 
40377 
40378 
40379 
40380 
40381 
40382 
40383 
40384 
40385 
40386 
40387 
40388 
40389 
40390 
40391 
40392 
40393 
40394 
40395 
40396 
40397 
40398 
40399 
40400 
40401 
40402 
40403 
40404 
40405 
40406 
40407 
40408 
40409 
40410 
40411 
40412 
40413 
40414 
40415 
40416 
40417 
40418 
40419 
40420 
40421 
40422 
40423 
40424 
40425 
40426 
40427 
40428 
40429 
40430 
40432 
40433 
40434 
40435 
40436 
40437 
40438 
40439 
40440 
40442 
40443 
40444 
40445 
40446 
40447 
40448 
40449 
40450 
40451 
40452 
40453 
40454 
40455 
40456 
40457 
40458 
40459 
40460 
40461 
40462 
40463 
40464 
40465 
40466 
40467 
40468 
40469 
40597 
40600 
40601 
40603 
40606 
40607 
40608 
40609 
40610 
40611 
40613 
40616 
40617 
40618 
40619 
40620 
40621 
40622 
40623 
40624 
40625 
40626 
40627 
40628 
40629 
40630 
40631 
40632 
40633 
40634 
40635 
40636 
40637 
40638 
40639 
40640 
40641 
40642 
40643 
40644 
40645 
40646 
40647 
40648 
40649 
40650 
40651 
40652 
40653 
40654 
40655 
40656 
40657 
40658 
40659 
40660 
40661 
40662 
40663 
40664 
40665 
40666 
40667 
40668 
40669 
40670 
40671 
40672 
40673 
40674 
40675 
40676 
40677 
40678 
40679 
40680 
40681 
40682 
40683 
40684 
40685 
40686 
40687 
40688 
40689 
40690 
40691 
40692 
40693 
40694 
40695 
40696 
40697 
40698 
40699 
40700 
40701 
40702 
40703 
40704 
40705 
40706 
40707 
40708 
40836 
40839 
40840 
40842 
40845 
40846 
40847 
40848 
40849 
40850 
40852 
40855 
40856 
40857 
40858 
40859 
40860 
40861 
40862 
40863 
40864 
40865 
40866 
40867 
40868 
40869 
40870 
40871 
40872 
40873 
40874 
40875 
40876 
40877 
40878 
40879 
40880 
40881 
40882 
40883 
40884 
40885 
40886 
40887 
40888 
40889 
40890 
40891 
40892 
40893 
40894 
40895 
40896 
40897 
40898 
40899 
40900 
40901 
40902 
40903 
40904 
40905 
40906 
40907 
40908 
40909 
40910 
40911 
40912 
40913 
40914 
40915 
40916 
40917 
40918 
40919 
40920 
40921 
40922 
40923 
40924 
40925 
40926 
40927 
40928 
40929 
40930 
40931 
40932 
40933 
40934 
40935 
40936 
40937 
40938 
40939 
40940 
40941 
40942 
40943 
40944 
40945 
40946 
40947 
41075 
41078 
41079 
41081 
41084 
41085 
41086 
41087 
41088 
41089 
41091 
41094 
41095 
41096 
41097 
41098 
41099 
41100 
41101 
41102 
41103 
41104 
41105 
41106 
41107 
41108 
41109 
41110 
41111 
41112 
41113 
41114 
41115 
41116 
41117 
41118 
41119 
41120 
41121 
41122 
41123 
41124 
41125 
41126 
41127 
41128 
41129 
41130 
41131 
41132 
41133 
41134 
41135 
41136 
41137 
41138 
41139 
41140 
41141 
41142 
41143 
41144 
41145 
41146 
41147 
41148 
41149 
41150 
41151 
41152 
41153 
41154 
41155 
41156 
41157 
41158 
41159 
41160 
41161 
41162 
41163 
41164 
41165 
41166 
41167 
41168 
41169 
41170 
41171 
41172 
41173 
41174 
41175 
41176 
41177 
41178 
41179 
41180 
41181 
41182 
41183 
41184 
41185 
41186 
41314 
41317 
41318 
41320 
41323 
41324 
41325 
41326 
41327 
41328 
41330 
41333 
41334 
41335 
41336 
41337 
41338 
41339 
41340 
41341 
41342 
41343 
41344 
41345 
41346 
41347 
41348 
41349 
41350 
41351 
41352 
41353 
41354 
41355 
41356 
41357 
41358 
41359 
41360 
41361 
41362 
41363 
41364 
41365 
41366 
41367 
41368 
41369 
41370 
41371 
41372 
41373 
41374 
41375 
41376 
41377 
41378 
41379 
41380 
41381 
41382 
41383 
41384 
41385 
41386 
41387 
41388 
41389 
41390 
41391 
41392 
41393 
41394 
41395 
41396 
41397 
41398 
41399 
41400 
41401 
41402 
41403 
41404 
41405 
41406 
41407 
41408 
41409 
41410 
41411 
41412 
41413 
41414 
41415 
41416 
41417 
41418 
41419 
41420 
41421 
41422 
41423 
41424 
41425 
41553 
41556 
41557 
41559 
41562 
41563 
41564 
41565 
41566 
41567 
41569 
41572 
41573 
41574 
41575 
41576 
41577 
41578 
41579 
41580 
41581 
41582 
41583 
41584 
41585 
41586 
41587 
41588 
41589 
41590 
41591 
41592 
41593 
41594 
41595 
41596 
41597 
41598 
41599 
41600 
41601 
41602 
41603 
41604 
41605 
41606 
41607 
41608 
41609 
41610 
41611 
41612 
41613 
41614 
41615 
41616 
41617 
41618 
41619 
41620 
41621 
41622 
41623 
41624 
41625 
41627 
41628 
41629 
41630 
41631 
41632 
41633 
41634 
41635 
41637 
41638 
41639 
41640 
41641 
41642 
41643 
41644 
41645 
41646 
41647 
41648 
41649 
41650 
41651 
41652 
41653 
41654 
41655 
41656 
41657 
41658 
41659 
41660 
41661 
41662 
41663 
41664 
41792 
41795 
41796 
41798 
41801 
41802 
41803 
41804 
41805 
41806 
41808 
41811 
41812 
41813 
41814 
41815 
41816 
41817 
41818 
41819 
41820 
41821 
41822 
41823 
41824 
41825 
41826 
41827 
41828 
41829 
41830 
41831 
41832 
41833 
41834 
41835 
41836 
41837 
41838 
41839 
41840 
41841 
41842 
41843 
41844 
41845 
41846 
41847 
41848 
41849 
41850 
41851 
41852 
41853 
41854 
41855 
41856 
41857 
41858 
41859 
41860 
41861 
41862 
41863 
41864 
41865 
41866 
41867 
41868 
41869 
41870 
41871 
41872 
41873 
41874 
41875 
41876 
41877 
41878 
41879 
41880 
41881 
41882 
41883 
41884 
41885 
41886 
41887 
41888 
41889 
41890 
41891 
41892 
41893 
41894 
41895 
41896 
41897 
41898 
41899 
41900 
41901 
41902 
41903 
42031 
42034 
42035 
42037 
42040 
42041 
42042 
42043 
42044 
42045 
42047 
42050 
42051 
42052 
42053 
42054 
42055 
42056 
42057 
42058 
42059 
42060 
42061 
42062 
42063 
42064 
42065 
42066 
42067 
42068 
42069 
42070 
42071 
42072 
42073 
42074 
42075 
42076 
42077 
42078 
42079 
42080 
42081 
42082 
42083 
42084 
42085 
42086 
42087 
42088 
42089 
42090 
42091 
42092 
42093 
42094 
42095 
42096 
42097 
42098 
42099 
42100 
42101 
42102 
42103 
42104 
42105 
42106 
42107 
42108 
42109 
42110 
42111 
42112 
42113 
42114 
42115 
42116 
42117 
42118 
42119 
42120 
42121 
42122 
42123 
42124 
42125 
42126 
42127 
42128 
42129 
42130 
42131 
42132 
42133 
42134 
42135 
42136 
42137 
42138 
42139 
42140 
42141 
42142 
42270 
42273 
42274 
42276 
42279 
42280 
42281 
42282 
42283 
42284 
42286 
42289 
42290 
42291 
42292 
42293 
42294 
42295 
42296 
42297 
42298 
42299 
42300 
42301 
42302 
42303 
42304 
42305 
42306 
42307 
42308 
42309 
42310 
42311 
42312 
42313 
42314 
42315 
42316 
42317 
42318 
42319 
42320 
42321 
42322 
42323 
42324 
42325 
42326 
42327 
42328 
42329 
42330 
42331 
42332 
42333 
42334 
42335 
42336 
42337 
42338 
42339 
42340 
42341 
42342 
42343 
42344 
42345 
42346 
42347 
42348 
42349 
42350 
42351 
42352 
42353 
42354 
42355 
42356 
42357 
42358 
42359 
42360 
42361 
42362 
42363 
42364 
42365 
42366 
42367 
42368 
42369 
42370 
42371 
42372 
42373 
42374 
42375 
42376 
42377 
42378 
42379 
42380 
42381 
42509 
42512 
42513 
42515 
42518 
42519 
42520 
42521 
42522 
42523 
42525 
42528 
42529 
42530 
42531 
42532 
42533 
42534 
42535 
42536 
42537 
42538 
42539 
42540 
42541 
42542 
42543 
42544 
42545 
42546 
42547 
42548 
42549 
42550 
42551 
42552 
42553 
42554 
42555 
42556 
42557 
42558 
42559 
42560 
42561 
42562 
42563 
42564 
42565 
42566 
42567 
42568 
42569 
42570 
42571 
42572 
42573 
42574 
42575 
42576 
42577 
42578 
42579 
42580 
42581 
42583 
42584 
42585 
42586 
42587 
42588 
42589 
42590 
42591 
42593 
42594 
42595 
42596 
42597 
42598 
42599 
42600 
42601 
42602 
42603 
42604 
42605 
42606 
42607 
42608 
42609 
42610 
42611 
42612 
42613 
42614 
42615 
42616 
42617 
42618 
42619 
42620 
42748 
42751 
42752 
42754 
42757 
42758 
42759 
42760 
42761 
42762 
42764 
42767 
42768 
42769 
42770 
42771 
42772 
42773 
42774 
42775 
42776 
42777 
42778 
42779 
42780 
42781 
42782 
42783 
42784 
42785 
42786 
42787 
42788 
42789 
42790 
42791 
42792 
42793 
42794 
42795 
42796 
42797 
42798 
42799 
42800 
42801 
42802 
42803 
42804 
42805 
42806 
42807 
42808 
42809 
42810 
42811 
42812 
42813 
42814 
42815 
42816 
42817 
42818 
42819 
42820 
42822 
42823 
42824 
42825 
42826 
42827 
42828 
42829 
42830 
42832 
42834 
42835 
42836 
42837 
42838 
42839 
42840 
42841 
42842 
42844 
42845 
42846 
42847 
42848 
42849 
42850 
42851 
42852 
42853 
42854 
42855 
42856 
42857 
42858 
42859 
42987 
42990 
42991 
42993 
42996 
42997 
42998 
42999 
43000 
43001 
43003 
43006 
43007 
43008 
43009 
43010 
43011 
43012 
43013 
43014 
43015 
43016 
43017 
43018 
43019 
43020 
43021 
43022 
43023 
43024 
43025 
43026 
43027 
43028 
43029 
43030 
43031 
43032 
43033 
43034 
43035 
43036 
43037 
43038 
43039 
43040 
43041 
43042 
43043 
43044 
43045 
43046 
43047 
43048 
43049 
43050 
43051 
43052 
43053 
43054 
43055 
43056 
43057 
43058 
43059 
43060 
43061 
43062 
43063 
43064 
43065 
43066 
43067 
43068 
43069 
43070 
43071 
43072 
43073 
43074 
43075 
43076 
43077 
43078 
43079 
43080 
43081 
43082 
43083 
43084 
43085 
43086 
43087 
43088 
43089 
43090 
43091 
43092 
43093 
43094 
43095 
43096 
43097 
43098 
43226 
43227 
43229 
43230 
43232 
43233 
43235 
43236 
43237 
43238 
43239 
43240 
43242 
43243 
43245 
43246 
43247 
43248 
43249 
43250 
43251 
43252 
43253 
43254 
43255 
43256 
43257 
43258 
43259 
43260 
43261 
43262 
43263 
43264 
43265 
43266 
43267 
43268 
43269 
43270 
43271 
43272 
43273 
43274 
43275 
43276 
43277 
43278 
43279 
43280 
43281 
43282 
43283 
43284 
43285 
43286 
43287 
43288 
43289 
43290 
43291 
43292 
43293 
43294 
43295 
43296 
43297 
43298 
43300 
43301 
43302 
43303 
43304 
43305 
43306 
43307 
43308 
43310 
43311 
43312 
43313 
43314 
43315 
43316 
43317 
43318 
43319 
43320 
43321 
43322 
43323 
43324 
43325 
43326 
43327 
43328 
43329 
43330 
43331 
43332 
43333 
43334 
43335 
43336 
43337 
43465 
43468 
43469 
43471 
43474 
43475 
43476 
43477 
43478 
43479 
43481 
43484 
43485 
43486 
43487 
43488 
43489 
43490 
43491 
43492 
43493 
43494 
43495 
43496 
43497 
43498 
43499 
43500 
43501 
43502 
43503 
43504 
43505 
43506 
43507 
43508 
43509 
43510 
43511 
43512 
43513 
43514 
43515 
43516 
43517 
43518 
43519 
43520 
43521 
43522 
43523 
43524 
43525 
43526 
43527 
43528 
43529 
43530 
43531 
43532 
43533 
43534 
43535 
43536 
43537 
43538 
43539 
43540 
43541 
43542 
43543 
43544 
43545 
43546 
43547 
43549 
43550 
43551 
43552 
43553 
43554 
43555 
43556 
43557 
43558 
43559 
43560 
43561 
43562 
43563 
43564 
43565 
43566 
43567 
43568 
43569 
43570 
43571 
43572 
43573 
43574 
43575 
43576 
43704 
43705 
43707 
43708 
43710 
43713 
43714 
43715 
43716 
43717 
43718 
43720 
43723 
43724 
43725 
43726 
43727 
43728 
43729 
43730 
43731 
43732 
43733 
43734 
43735 
43736 
43737 
43738 
43739 
43740 
43741 
43742 
43743 
43744 
43745 
43746 
43747 
43748 
43749 
43750 
43751 
43752 
43753 
43754 
43755 
43756 
43757 
43758 
43759 
43760 
43761 
43762 
43763 
43764 
43765 
43766 
43767 
43768 
43769 
43770 
43771 
43772 
43773 
43774 
43775 
43776 
43778 
43779 
43780 
43781 
43782 
43783 
43784 
43785 
43786 
43788 
43789 
43790 
43791 
43792 
43793 
43794 
43795 
43796 
43797 
43798 
43799 
43800 
43801 
43802 
43803 
43804 
43805 
43806 
43807 
43808 
43809 
43810 
43811 
43812 
43813 
43814 
43815 
43924 
43926 
43943 
43946 
43947 
43948 
43949 
43952 
43953 
43954 
43955 
43956 
43957 
43959 
43962 
43963 
43964 
43965 
43966 
43967 
43968 
43969 
43970 
43971 
43972 
43973 
43974 
43975 
43976 
43977 
43978 
43979 
43980 
43981 
43982 
43983 
43984 
43985 
43986 
43987 
43988 
43989 
43990 
43991 
43992 
43993 
43994 
43995 
43996 
43997 
43998 
43999 
44000 
44001 
44002 
44003 
44004 
44005 
44006 
44007 
44008 
44009 
44010 
44011 
44012 
44013 
44014 
44015 
44016 
44017 
44018 
44019 
44020 
44021 
44022 
44023 
44024 
44025 
44026 
44027 
44028 
44029 
44030 
44031 
44032 
44033 
44034 
44035 
44036 
44037 
44038 
44039 
44040 
44041 
44042 
44043 
44044 
44045 
44046 
44047 
44048 
44049 
44050 
44051 
44052 
44053 
44054 
44179 
44181 
44182 
44183 
44185 
44186 
44187 
44188 
44191 
44192 
44193 
44194 
44195 
44196 
44198 
44201 
44202 
44203 
44204 
44205 
44206 
44207 
44208 
44209 
44210 
44211 
44212 
44213 
44214 
44215 
44216 
44217 
44218 
44219 
44220 
44221 
44222 
44223 
44224 
44225 
44226 
44227 
44228 
44229 
44230 
44231 
44232 
44233 
44234 
44235 
44236 
44237 
44238 
44239 
44240 
44241 
44242 
44243 
44244 
44245 
44246 
44247 
44248 
44249 
44250 
44251 
44252 
44253 
44254 
44255 
44256 
44257 
44258 
44259 
44260 
44261 
44262 
44263 
44264 
44265 
44266 
44267 
44268 
44269 
44270 
44271 
44272 
44273 
44274 
44275 
44276 
44277 
44278 
44279 
44280 
44281 
44282 
44283 
44284 
44285 
44286 
44287 
44288 
44289 
44290 
44291 
44292 
44293 
44402 
44404 
44406 
44418 
44420 
44421 
44422 
44424 
44425 
44426 
44427 
44428 
44430 
44431 
44432 
44433 
44434 
44435 
44437 
44440 
44441 
44442 
44443 
44444 
44445 
44446 
44447 
44448 
44449 
44450 
44451 
44452 
44453 
44454 
44455 
44456 
44457 
44458 
44459 
44460 
44461 
44462 
44463 
44464 
44465 
44466 
44467 
44468 
44469 
44470 
44471 
44472 
44473 
44474 
44475 
44476 
44477 
44478 
44479 
44480 
44481 
44482 
44483 
44484 
44485 
44486 
44487 
44488 
44489 
44490 
44491 
44492 
44493 
44494 
44495 
44496 
44497 
44498 
44499 
44500 
44501 
44502 
44503 
44504 
44505 
44506 
44507 
44508 
44509 
44510 
44511 
44512 
44513 
44514 
44515 
44516 
44517 
44518 
44519 
44520 
44521 
44522 
44523 
44524 
44525 
44526 
44527 
44528 
44529 
44530 
44531 
44532 
44660 
44663 
44664 
44666 
44669 
44670 
44671 
44672 
44673 
44674 
44676 
44679 
44680 
44681 
44682 
44683 
44684 
44685 
44686 
44687 
44688 
44689 
44690 
44691 
44692 
44693 
44694 
44695 
44696 
44697 
44698 
44699 
44700 
44701 
44702 
44703 
44704 
44705 
44706 
44707 
44708 
44709 
44710 
44711 
44712 
44713 
44714 
44715 
44716 
44717 
44718 
44719 
44720 
44721 
44722 
44723 
44724 
44725 
44726 
44727 
44728 
44729 
44730 
44731 
44732 
44733 
44734 
44735 
44736 
44737 
44738 
44739 
44740 
44741 
44742 
44743 
44744 
44745 
44746 
44747 
44748 
44749 
44750 
44751 
44752 
44753 
44754 
44755 
44756 
44757 
44758 
44759 
44760 
44761 
44762 
44763 
44764 
44765 
44766 
44767 
44768 
44769 
44770 
44771 
44896 
44898 
44899 
44902 
44903 
44905 
44908 
44909 
44910 
44911 
44912 
44913 
44914 
44915 
44918 
44919 
44920 
44921 
44922 
44923 
44924 
44925 
44926 
44927 
44928 
44929 
44930 
44931 
44932 
44933 
44934 
44935 
44936 
44937 
44938 
44939 
44940 
44941 
44942 
44943 
44944 
44945 
44946 
44947 
44948 
44949 
44950 
44951 
44952 
44953 
44954 
44955 
44956 
44957 
44958 
44959 
44960 
44961 
44962 
44963 
44964 
44965 
44966 
44967 
44968 
44969 
44970 
44971 
44972 
44973 
44974 
44975 
44976 
44977 
44978 
44979 
44980 
44981 
44982 
44983 
44984 
44985 
44986 
44987 
44988 
44989 
44990 
44991 
44992 
44993 
44994 
44995 
44996 
44997 
44998 
44999 
45000 
45001 
45002 
45003 
45004 
45005 
45006 
45007 
45008 
45009 
45010 
45138 
45141 
45142 
45143 
45145 
45146 
45147 
45148 
45149 
45150 
45151 
45152 
45153 
45154 
45157 
45158 
45159 
45160 
45161 
45162 
45163 
45164 
45165 
45166 
45167 
45168 
45169 
45170 
45171 
45172 
45173 
45174 
45175 
45176 
45177 
45178 
45179 
45180 
45181 
45182 
45183 
45184 
45185 
45186 
45187 
45188 
45189 
45190 
45191 
45192 
45193 
45194 
45195 
45196 
45197 
45198 
45199 
45200 
45201 
45202 
45203 
45204 
45205 
45206 
45207 
45208 
45209 
45210 
45212 
45213 
45214 
45215 
45216 
45217 
45218 
45219 
45220 
45222 
45223 
45224 
45225 
45226 
45227 
45228 
45229 
45230 
45231 
45232 
45233 
45234 
45235 
45236 
45237 
45238 
45239 
45240 
45241 
45242 
45243 
45244 
45245 
45246 
45247 
45248 
45249 
45377 
45381 
45384 
45385 
45386 
45387 
45388 
45389 
45390 
45391 
45393 
45396 
45397 
45398 
45399 
45400 
45401 
45402 
45403 
45404 
45405 
45406 
45407 
45408 
45409 
45410 
45411 
45412 
45413 
45414 
45415 
45416 
45417 
45418 
45419 
45420 
45421 
45422 
45423 
45424 
45425 
45426 
45427 
45428 
45429 
45430 
45431 
45432 
45433 
45434 
45435 
45436 
45437 
45438 
45439 
45440 
45441 
45442 
45443 
45444 
45445 
45446 
45447 
45448 
45449 
45451 
45452 
45453 
45454 
45455 
45456 
45457 
45458 
45459 
45461 
45463 
45464 
45465 
45466 
45467 
45468 
45469 
45470 
45471 
45472 
45473 
45474 
45475 
45476 
45477 
45478 
45479 
45480 
45481 
45482 
45483 
45484 
45485 
45486 
45487 
45488 
45616 
45620 
45621 
45623 
45624 
45625 
45626 
45627 
45628 
45629 
45630 
45631 
45632 
45635 
45636 
45637 
45638 
45639 
45640 
45641 
45642 
45643 
45644 
45645 
45646 
45647 
45648 
45649 
45650 
45651 
45652 
45653 
45654 
45655 
45656 
45657 
45658 
45659 
45660 
45661 
45662 
45663 
45664 
45665 
45666 
45667 
45668 
45669 
45670 
45671 
45672 
45673 
45674 
45675 
45676 
45677 
45678 
45679 
45680 
45681 
45682 
45683 
45684 
45685 
45686 
45687 
45688 
45689 
45690 
45691 
45692 
45693 
45694 
45695 
45696 
45697 
45698 
45699 
45700 
45701 
45702 
45703 
45704 
45705 
45706 
45707 
45708 
45709 
45710 
45711 
45712 
45713 
45714 
45715 
45716 
45717 
45718 
45719 
45720 
45721 
45722 
45723 
45724 
45725 
45726 
45727 
45855 
45859 
45862 
45863 
45864 
45865 
45866 
45867 
45868 
45869 
45871 
45874 
45875 
45876 
45877 
45878 
45879 
45880 
45881 
45882 
45883 
45884 
45885 
45886 
45887 
45888 
45889 
45890 
45891 
45892 
45893 
45894 
45895 
45896 
45897 
45898 
45899 
45900 
45901 
45902 
45903 
45904 
45905 
45906 
45907 
45908 
45909 
45910 
45911 
45912 
45913 
45914 
45915 
45916 
45917 
45918 
45919 
45920 
45921 
45922 
45923 
45924 
45925 
45926 
45927 
45928 
45929 
45930 
45931 
45932 
45933 
45934 
45935 
45936 
45937 
45938 
45939 
45940 
45941 
45942 
45943 
45944 
45945 
45946 
45947 
45948 
45949 
45950 
45951 
45952 
45953 
45954 
45955 
45956 
45957 
45958 
45959 
45960 
45961 
45962 
45963 
45964 
45965 
45966 
46094 
46098 
46101 
46102 
46103 
46104 
46105 
46106 
46107 
46108 
46110 
46113 
46114 
46115 
46116 
46117 
46118 
46119 
46120 
46122 
46123 
46124 
46125 
46126 
46127 
46128 
46129 
46130 
46131 
46132 
46133 
46134 
46135 
46136 
46137 
46138 
46139 
46140 
46141 
46142 
46143 
46144 
46145 
46146 
46147 
46148 
46149 
46150 
46151 
46152 
46153 
46154 
46155 
46156 
46157 
46158 
46159 
46160 
46161 
46162 
46163 
46164 
46165 
46166 
46168 
46169 
46170 
46171 
46172 
46173 
46174 
46175 
46176 
46178 
46179 
46180 
46181 
46182 
46183 
46184 
46185 
46186 
46187 
46188 
46189 
46190 
46191 
46192 
46193 
46194 
46195 
46196 
46197 
46198 
46199 
46200 
46201 
46202 
46203 
46204 
46205 
46333 
46337 
46340 
46341 
46342 
46343 
46344 
46345 
46346 
46347 
46348 
46349 
46352 
46353 
46354 
46355 
46356 
46357 
46358 
46359 
46360 
46361 
46362 
46363 
46364 
46365 
46366 
46367 
46368 
46369 
46370 
46371 
46372 
46373 
46374 
46375 
46376 
46377 
46378 
46379 
46380 
46381 
46382 
46383 
46384 
46385 
46386 
46387 
46388 
46389 
46390 
46391 
46392 
46393 
46394 
46395 
46396 
46397 
46398 
46399 
46400 
46401 
46402 
46403 
46404 
46405 
46407 
46408 
46409 
46410 
46411 
46412 
46413 
46414 
46415 
46417 
46418 
46419 
46420 
46421 
46422 
46423 
46424 
46425 
46426 
46427 
46428 
46429 
46430 
46431 
46432 
46433 
46434 
46435 
46436 
46437 
46438 
46439 
46440 
46441 
46442 
46443 
46444 
46572 
46576 
46577 
46579 
46580 
46581 
46582 
46583 
46584 
46585 
46586 
46587 
46588 
46589 
46591 
46592 
46593 
46594 
46595 
46596 
46597 
46598 
46599 
46600 
46601 
46602 
46603 
46604 
46605 
46606 
46607 
46608 
46609 
46610 
46611 
46612 
46613 
46614 
46615 
46616 
46617 
46618 
46619 
46620 
46621 
46622 
46623 
46624 
46625 
46626 
46627 
46628 
46629 
46630 
46631 
46632 
46633 
46634 
46635 
46636 
46637 
46638 
46639 
46640 
46641 
46642 
46643 
46644 
46645 
46646 
46647 
46648 
46649 
46650 
46651 
46652 
46653 
46654 
46655 
46656 
46657 
46658 
46659 
46660 
46661 
46662 
46663 
46664 
46665 
46666 
46667 
46668 
46669 
46670 
46671 
46672 
46673 
46674 
46675 
46676 
46677 
46678 
46679 
46680 
46681 
46682 
46683 
46808 
46810 
46811 
46815 
46818 
46819 
46820 
46821 
46822 
46823 
46824 
46825 
46827 
46830 
46831 
46832 
46833 
46834 
46835 
46836 
46837 
46838 
46839 
46840 
46841 
46842 
46843 
46844 
46845 
46846 
46847 
46848 
46849 
46850 
46851 
46852 
46853 
46854 
46855 
46856 
46857 
46858 
46859 
46860 
46861 
46862 
46863 
46864 
46865 
46866 
46867 
46868 
46869 
46870 
46871 
46872 
46873 
46874 
46875 
46876 
46877 
46878 
46879 
46880 
46881 
46882 
46883 
46884 
46885 
46887 
46889 
46890 
46891 
46892 
46893 
46894 
46895 
46896 
46897 
46899 
46900 
46901 
46902 
46903 
46904 
46905 
46906 
46907 
46908 
46909 
46910 
46911 
46912 
46913 
46914 
46915 
46916 
46917 
46918 
46919 
46920 
46921 
46922 
47050 
47051 
47053 
47054 
47057 
47058 
47059 
47060 
47061 
47062 
47063 
47064 
47065 
47066 
47069 
47070 
47071 
47072 
47073 
47074 
47075 
47076 
47077 
47078 
47079 
47080 
47081 
47082 
47083 
47084 
47085 
47086 
47087 
47088 
47089 
47090 
47091 
47092 
47093 
47094 
47095 
47096 
47097 
47098 
47099 
47100 
47101 
47102 
47103 
47104 
47105 
47106 
47107 
47108 
47109 
47110 
47111 
47112 
47113 
47114 
47115 
47116 
47117 
47118 
47119 
47120 
47121 
47122 
47123 
47124 
47125 
47126 
47127 
47128 
47129 
47130 
47131 
47132 
47133 
47134 
47135 
47136 
47137 
47138 
47139 
47140 
47141 
47142 
47143 
47144 
47145 
47146 
47147 
47148 
47149 
47150 
47151 
47152 
47153 
47154 
47155 
47156 
47157 
47158 
47159 
47160 
47161 
47286 
47288 
47289 
47293 
47296 
47297 
47298 
47299 
47300 
47301 
47302 
47303 
47305 
47308 
47309 
47310 
47311 
47312 
47313 
47314 
47315 
47316 
47317 
47318 
47319 
47320 
47321 
47322 
47323 
47324 
47325 
47326 
47327 
47328 
47329 
47330 
47331 
47332 
47333 
47334 
47335 
47336 
47337 
47338 
47339 
47340 
47341 
47342 
47343 
47344 
47345 
47346 
47347 
47348 
47349 
47350 
47351 
47352 
47353 
47354 
47355 
47356 
47357 
47358 
47359 
47360 
47361 
47363 
47364 
47365 
47366 
47367 
47368 
47369 
47370 
47371 
47373 
47374 
47375 
47376 
47377 
47378 
47379 
47380 
47381 
47382 
47383 
47384 
47385 
47386 
47387 
47388 
47389 
47390 
47391 
47392 
47393 
47394 
47395 
47396 
47397 
47398 
47399 
47400 
47528 
47532 
47535 
47536 
47537 
47538 
47539 
47540 
47541 
47542 
47544 
47547 
47548 
47549 
47550 
47551 
47552 
47553 
47554 
47555 
47556 
47557 
47558 
47559 
47560 
47561 
47562 
47563 
47564 
47565 
47566 
47567 
47568 
47569 
47570 
47571 
47572 
47573 
47574 
47575 
47576 
47577 
47578 
47579 
47580 
47581 
47582 
47583 
47584 
47585 
47586 
47587 
47588 
47589 
47590 
47591 
47592 
47593 
47594 
47595 
47596 
47597 
47598 
47599 
47600 
47601 
47602 
47603 
47604 
47605 
47606 
47607 
47608 
47609 
47610 
47611 
47612 
47613 
47614 
47615 
47616 
47617 
47618 
47619 
47620 
47621 
47622 
47623 
47624 
47625 
47626 
47627 
47628 
47629 
47630 
47631 
47632 
47633 
47634 
47635 
47636 
47637 
47638 
47639 
47764 
47766 
47767 
47771 
47772 
47774 
47775 
47776 
47777 
47778 
47779 
47780 
47781 
47783 
47784 
47786 
47787 
47788 
47789 
47790 
47791 
47792 
47793 
47794 
47795 
47796 
47797 
47798 
47799 
47800 
47801 
47802 
47803 
47804 
47805 
47806 
47807 
47808 
47809 
47810 
47811 
47812 
47813 
47814 
47815 
47816 
47817 
47818 
47819 
47820 
47821 
47822 
47823 
47824 
47825 
47826 
47827 
47828 
47829 
47830 
47831 
47832 
47833 
47834 
47835 
47836 
47837 
47838 
47839 
47841 
47842 
47843 
47844 
47845 
47846 
47847 
47848 
47849 
47851 
47852 
47853 
47854 
47855 
47856 
47857 
47858 
47859 
47860 
47861 
47862 
47863 
47864 
47865 
47866 
47867 
47868 
47869 
47870 
47871 
47872 
47873 
47874 
47875 
47876 
47877 
47878 
48006 
48010 
48013 
48014 
48015 
48016 
48017 
48018 
48019 
48020 
48021 
48022 
48025 
48026 
48027 
48028 
48029 
48030 
48031 
48032 
48033 
48034 
48035 
48036 
48037 
48038 
48039 
48040 
48041 
48042 
48043 
48044 
48045 
48046 
48047 
48048 
48049 
48050 
48051 
48052 
48054 
48055 
48056 
48057 
48058 
48059 
48060 
48061 
48062 
48063 
48064 
48065 
48066 
48067 
48068 
48069 
48070 
48071 
48072 
48073 
48074 
48075 
48076 
48077 
48078 
48080 
48081 
48082 
48083 
48084 
48085 
48086 
48087 
48088 
48090 
48091 
48092 
48093 
48094 
48095 
48096 
48097 
48098 
48099 
48100 
48101 
48102 
48103 
48104 
48105 
48106 
48107 
48108 
48109 
48110 
48111 
48112 
48113 
48114 
48115 
48116 
48117 
48245 
48249 
48250 
48252 
48253 
48254 
48255 
48256 
48257 
48258 
48259 
48260 
48261 
48264 
48265 
48266 
48267 
48268 
48269 
48270 
48271 
48272 
48273 
48274 
48275 
48276 
48277 
48278 
48279 
48280 
48281 
48282 
48283 
48284 
48285 
48286 
48287 
48288 
48289 
48290 
48291 
48292 
48293 
48294 
48295 
48296 
48297 
48298 
48299 
48300 
48301 
48302 
48303 
48304 
48305 
48306 
48307 
48308 
48309 
48310 
48311 
48312 
48313 
48314 
48315 
48316 
48317 
48318 
48319 
48320 
48321 
48322 
48323 
48324 
48325 
48326 
48327 
48328 
48329 
48330 
48331 
48332 
48333 
48334 
48335 
48336 
48337 
48338 
48339 
48340 
48341 
48342 
48343 
48344 
48345 
48346 
48347 
48348 
48349 
48350 
48351 
48352 
48353 
48354 
48355 
48356 
48484 
48488 
48491 
48492 
48493 
48494 
48495 
48496 
48497 
48498 
48499 
48500 
48503 
48504 
48505 
48506 
48507 
48508 
48509 
48510 
48511 
48512 
48513 
48514 
48515 
48516 
48517 
48518 
48519 
48520 
48521 
48522 
48523 
48524 
48525 
48526 
48527 
48528 
48529 
48530 
48531 
48532 
48533 
48534 
48535 
48536 
48537 
48538 
48539 
48540 
48541 
48542 
48543 
48544 
48545 
48546 
48547 
48548 
48549 
48550 
48551 
48552 
48553 
48554 
48555 
48556 
48557 
48558 
48559 
48560 
48561 
48562 
48563 
48564 
48565 
48566 
48567 
48568 
48569 
48570 
48571 
48572 
48573 
48574 
48575 
48576 
48577 
48578 
48579 
48580 
48581 
48582 
48583 
48584 
48585 
48586 
48587 
48588 
48589 
48590 
48591 
48592 
48593 
48594 
48595 
48723 
48724 
48726 
48727 
48728 
48730 
48731 
48732 
48733 
48734 
48735 
48736 
48737 
48738 
48739 
48742 
48743 
48744 
48745 
48746 
48747 
48748 
48749 
48750 
48751 
48752 
48753 
48754 
48755 
48756 
48757 
48758 
48759 
48760 
48761 
48762 
48763 
48764 
48765 
48766 
48767 
48768 
48769 
48770 
48771 
48772 
48773 
48774 
48775 
48776 
48777 
48778 
48779 
48780 
48781 
48782 
48783 
48784 
48785 
48786 
48787 
48788 
48789 
48790 
48791 
48792 
48793 
48794 
48795 
48796 
48797 
48798 
48799 
48800 
48801 
48802 
48803 
48804 
48805 
48806 
48807 
48808 
48809 
48810 
48811 
48812 
48813 
48814 
48815 
48816 
48817 
48818 
48819 
48820 
48821 
48822 
48823 
48824 
48825 
48826 
48827 
48828 
48829 
48830 
48831 
48832 
48833 
48834 
48962 
48966 
48967 
48969 
48970 
48971 
48972 
48973 
48974 
48975 
48976 
48978 
48981 
48982 
48983 
48984 
48985 
48986 
48987 
48988 
48989 
48990 
48991 
48992 
48993 
48994 
48995 
48996 
48997 
48998 
48999 
49000 
49001 
49002 
49003 
49004 
49005 
49006 
49007 
49008 
49009 
49010 
49011 
49012 
49013 
49014 
49015 
49016 
49017 
49018 
49019 
49020 
49021 
49022 
49023 
49024 
49025 
49026 
49027 
49028 
49029 
49030 
49031 
49032 
49033 
49034 
49035 
49036 
49037 
49038 
49039 
49040 
49041 
49042 
49043 
49044 
49045 
49046 
49047 
49048 
49049 
49050 
49051 
49052 
49053 
49054 
49055 
49056 
49057 
49058 
49059 
49060 
49061 
49062 
49063 
49064 
49065 
49066 
49067 
49068 
49069 
49070 
49071 
49072 
49073 
49201 
49205 
49206 
49208 
49209 
49210 
49211 
49212 
49213 
49214 
49215 
49217 
49220 
49221 
49222 
49223 
49224 
49225 
49226 
49227 
49228 
49229 
49230 
49231 
49232 
49233 
49234 
49235 
49236 
49237 
49238 
49239 
49240 
49241 
49242 
49243 
49244 
49245 
49246 
49247 
49248 
49249 
49250 
49251 
49252 
49253 
49254 
49255 
49256 
49257 
49258 
49259 
49260 
49261 
49262 
49263 
49264 
49265 
49266 
49267 
49268 
49269 
49270 
49271 
49272 
49273 
49274 
49275 
49276 
49277 
49278 
49279 
49280 
49281 
49282 
49283 
49284 
49285 
49286 
49287 
49288 
49289 
49290 
49291 
49292 
49293 
49294 
49295 
49296 
49297 
49298 
49299 
49300 
49301 
49302 
49303 
49304 
49305 
49306 
49307 
49308 
49309 
49310 
49311 
49312 
49440 
49444 
49447 
49448 
49449 
49450 
49451 
49452 
49453 
49454 
49455 
49456 
49459 
49460 
49461 
49462 
49463 
49464 
49465 
49466 
49467 
49468 
49469 
49470 
49471 
49472 
49473 
49474 
49475 
49476 
49477 
49478 
49479 
49480 
49481 
49482 
49483 
49484 
49485 
49486 
49487 
49488 
49489 
49490 
49491 
49492 
49493 
49494 
49495 
49496 
49497 
49498 
49499 
49500 
49501 
49502 
49503 
49504 
49505 
49506 
49507 
49508 
49509 
49510 
49511 
49512 
49513 
49514 
49515 
49516 
49517 
49518 
49519 
49520 
49521 
49522 
49523 
49524 
49525 
49526 
49527 
49528 
49529 
49530 
49531 
49532 
49533 
49534 
49535 
49536 
49537 
49538 
49539 
49540 
49541 
49542 
49543 
49544 
49545 
49546 
49547 
49548 
49549 
49550 
49551 
49679 
49686 
49687 
49688 
49689 
49690 
49691 
49692 
49693 
49694 
49695 
49698 
49699 
49700 
49701 
49702 
49703 
49704 
49705 
49706 
49707 
49708 
49709 
49710 
49711 
49712 
49713 
49714 
49715 
49716 
49717 
49718 
49719 
49720 
49721 
49722 
49723 
49724 
49725 
49726 
49727 
49728 
49729 
49730 
49731 
49732 
49733 
49734 
49735 
49736 
49737 
49738 
49739 
49740 
49741 
49742 
49743 
49744 
49745 
49746 
49747 
49748 
49749 
49750 
49751 
49752 
49753 
49754 
49755 
49756 
49757 
49758 
49759 
49760 
49761 
49762 
49763 
49764 
49765 
49766 
49767 
49768 
49769 
49770 
49771 
49772 
49773 
49774 
49775 
49776 
49777 
49778 
49779 
49780 
49781 
49782 
49783 
49784 
49785 
49786 
49787 
49788 
49789 
49790 
49918 
49919 
49923 
49925 
49926 
49927 
49928 
49929 
49930 
49931 
49932 
49934 
49935 
49937 
49938 
49939 
49940 
49941 
49942 
49943 
49944 
49945 
49946 
49947 
49948 
49949 
49950 
49951 
49952 
49953 
49954 
49955 
49956 
49957 
49958 
49959 
49960 
49961 
49962 
49963 
49964 
49965 
49966 
49967 
49968 
49969 
49970 
49971 
49972 
49973 
49974 
49975 
49976 
49977 
49978 
49979 
49980 
49981 
49982 
49983 
49984 
49985 
49986 
49987 
49988 
49989 
49990 
49991 
49992 
49993 
49994 
49995 
49996 
49997 
49998 
49999 
50000 
50001 
50002 
50003 
50004 
50005 
50006 
50007 
50008 
50009 
50010 
50011 
50012 
50013 
50014 
50015 
50016 
50017 
50018 
50019 
50020 
50021 
50022 
50023 
50024 
50025 
50026 
50027 
50028 
50029 
50154 
50156 
50157 
50158 
50160 
50161 
50162 
50164 
50165 
50166 
50167 
50168 
50169 
50170 
50171 
50172 
50173 
50176 
50177 
50178 
50179 
50180 
50181 
50182 
50183 
50186 
50187 
50188 
50189 
50190 
50191 
50192 
50193 
50194 
50195 
50196 
50197 
50198 
50199 
50200 
50201 
50202 
50203 
50204 
50205 
50206 
50207 
50208 
50209 
50210 
50211 
50212 
50213 
50214 
50215 
50216 
50217 
50218 
50219 
50220 
50221 
50222 
50223 
50224 
50225 
50226 
50227 
50228 
50229 
50230 
50231 
50232 
50233 
50234 
50235 
50236 
50237 
50238 
50239 
50240 
50241 
50242 
50243 
50244 
50245 
50246 
50247 
50248 
50249 
50250 
50251 
50252 
50253 
50254 
50255 
50256 
50257 
50258 
50259 
50260 
50261 
50262 
50263 
50264 
50265 
50266 
50267 
50268 
50396 
50400 
50403 
50404 
50405 
50406 
50407 
50408 
50409 
50410 
50411 
50412 
50415 
50416 
50417 
50418 
50419 
50420 
50421 
50422 
50423 
50424 
50425 
50426 
50427 
50428 
50429 
50430 
50431 
50432 
50433 
50434 
50435 
50436 
50437 
50438 
50439 
50440 
50441 
50442 
50443 
50444 
50445 
50446 
50447 
50448 
50449 
50450 
50451 
50452 
50453 
50454 
50455 
50456 
50457 
50458 
50459 
50460 
50461 
50462 
50463 
50464 
50465 
50466 
50467 
50468 
50469 
50470 
50471 
50472 
50473 
50474 
50475 
50476 
50477 
50478 
50479 
50480 
50481 
50482 
50483 
50484 
50485 
50486 
50487 
50488 
50489 
50490 
50491 
50492 
50493 
50494 
50495 
50496 
50497 
50498 
50499 
50500 
50501 
50502 
50503 
50504 
50505 
50506 
50507 
50635 
50639 
50642 
50643 
50644 
50645 
50646 
50647 
50648 
50649 
50650 
50651 
50654 
50655 
50656 
50657 
50658 
50659 
50660 
50661 
50662 
50663 
50664 
50665 
50666 
50667 
50668 
50669 
50670 
50671 
50672 
50673 
50674 
50675 
50676 
50677 
50678 
50679 
50680 
50681 
50682 
50683 
50684 
50685 
50686 
50687 
50688 
50689 
50690 
50691 
50692 
50693 
50694 
50695 
50696 
50697 
50698 
50699 
50700 
50701 
50702 
50703 
50704 
50705 
50706 
50707 
50708 
50709 
50710 
50711 
50712 
50713 
50714 
50715 
50716 
50717 
50718 
50719 
50720 
50721 
50722 
50723 
50724 
50725 
50726 
50727 
50728 
50729 
50730 
50731 
50732 
50733 
50734 
50735 
50736 
50737 
50738 
50739 
50740 
50741 
50742 
50743 
50744 
50745 
50746 
50874 
50878 
50879 
50881 
50882 
50883 
50884 
50885 
50886 
50887 
50888 
50890 
50893 
50894 
50895 
50896 
50897 
50898 
50899 
50900 
50901 
50902 
50903 
50904 
50905 
50906 
50907 
50908 
50909 
50910 
50911 
50912 
50913 
50914 
50915 
50916 
50917 
50918 
50919 
50920 
50921 
50922 
50923 
50924 
50925 
50926 
50927 
50928 
50929 
50930 
50931 
50932 
50933 
50934 
50935 
50936 
50937 
50938 
50939 
50940 
50941 
50942 
50943 
50944 
50945 
50946 
50947 
50948 
50949 
50950 
50951 
50952 
50953 
50954 
50955 
50956 
50957 
50958 
50959 
50960 
50961 
50962 
50963 
50964 
50965 
50966 
50967 
50968 
50969 
50970 
50971 
50972 
50973 
50974 
50975 
50976 
50977 
50978 
50979 
50980 
50981 
50982 
50983 
50984 
50985 
51113 
51117 
51118 
51120 
51121 
51122 
51123 
51124 
51125 
51126 
51127 
51129 
51132 
51133 
51134 
51135 
51136 
51137 
51138 
51139 
51140 
51141 
51142 
51143 
51144 
51145 
51146 
51147 
51148 
51149 
51150 
51151 
51152 
51153 
51154 
51155 
51156 
51157 
51158 
51159 
51160 
51161 
51162 
51163 
51164 
51165 
51166 
51167 
51168 
51169 
51170 
51171 
51172 
51173 
51174 
51175 
51176 
51177 
51178 
51179 
51180 
51181 
51182 
51183 
51184 
51185 
51186 
51187 
51188 
51189 
51190 
51191 
51192 
51193 
51194 
51195 
51196 
51197 
51198 
51199 
51200 
51201 
51202 
51203 
51204 
51205 
51206 
51207 
51208 
51209 
51210 
51211 
51212 
51213 
51214 
51215 
51216 
51217 
51218 
51219 
51220 
51221 
51222 
51223 
51224 
51352 
51353 
51355 
51356 
51357 
51359 
51360 
51361 
51362 
51363 
51364 
51365 
51366 
51367 
51368 
51371 
51372 
51373 
51374 
51375 
51376 
51377 
51378 
51379 
51380 
51381 
51382 
51383 
51384 
51385 
51386 
51387 
51388 
51389 
51390 
51391 
51392 
51393 
51394 
51395 
51396 
51397 
51398 
51399 
51400 
51401 
51402 
51403 
51404 
51405 
51406 
51407 
51408 
51409 
51410 
51411 
51412 
51413 
51414 
51415 
51416 
51417 
51418 
51419 
51420 
51421 
51422 
51423 
51424 
51425 
51426 
51427 
51428 
51429 
51430 
51431 
51432 
51433 
51434 
51435 
51436 
51437 
51438 
51439 
51440 
51441 
51442 
51443 
51444 
51445 
51446 
51447 
51448 
51449 
51450 
51451 
51452 
51453 
51454 
51455 
51456 
51457 
51458 
51459 
51460 
51461 
51462 
51463 
51591 
51595 
51598 
51599 
51600 
51601 
51602 
51603 
51604 
51605 
51606 
51607 
51610 
51611 
51612 
51613 
51614 
51615 
51616 
51617 
51618 
51619 
51620 
51621 
51622 
51623 
51624 
51625 
51626 
51627 
51628 
51629 
51630 
51631 
51632 
51633 
51634 
51635 
51636 
51637 
51638 
51639 
51640 
51641 
51642 
51643 
51644 
51645 
51646 
51647 
51648 
51649 
51650 
51651 
51652 
51653 
51654 
51655 
51656 
51657 
51658 
51659 
51660 
51661 
51662 
51663 
51664 
51665 
51666 
51667 
51668 
51669 
51670 
51671 
51672 
51673 
51674 
51675 
51676 
51677 
51678 
51679 
51680 
51681 
51682 
51683 
51684 
51685 
51686 
51687 
51688 
51689 
51690 
51691 
51692 
51693 
51694 
51695 
51696 
51697 
51698 
51699 
51700 
51701 
51702 
51830 
51834 
51835 
51837 
51838 
51839 
51840 
51841 
51842 
51843 
51844 
51845 
51846 
51849 
51850 
51851 
51852 
51853 
51854 
51855 
51856 
51857 
51858 
51859 
51860 
51861 
51862 
51863 
51864 
51865 
51866 
51867 
51868 
51869 
51870 
51871 
51872 
51873 
51874 
51875 
51876 
51877 
51878 
51879 
51880 
51881 
51882 
51883 
51884 
51885 
51886 
51887 
51888 
51889 
51890 
51891 
51892 
51893 
51894 
51895 
51896 
51897 
51898 
51899 
51900 
51901 
51902 
51903 
51904 
51905 
51906 
51907 
51908 
51909 
51910 
51911 
51912 
51913 
51914 
51915 
51916 
51917 
51918 
51919 
51920 
51921 
51922 
51923 
51924 
51925 
51926 
51927 
51928 
51929 
51930 
51931 
51932 
51933 
51934 
51935 
51936 
51937 
51938 
51939 
51940 
51941 
52069 
52073 
52076 
52077 
52078 
52079 
52080 
52081 
52082 
52083 
52084 
52085 
52088 
52089 
52090 
52091 
52092 
52093 
52094 
52095 
52096 
52097 
52098 
52099 
52100 
52101 
52102 
52103 
52104 
52105 
52106 
52107 
52108 
52109 
52110 
52111 
52112 
52113 
52114 
52115 
52117 
52118 
52119 
52120 
52121 
52122 
52123 
52124 
52125 
52126 
52127 
52128 
52129 
52130 
52131 
52132 
52133 
52134 
52135 
52136 
52137 
52138 
52139 
52140 
52141 
52143 
52144 
52145 
52146 
52147 
52148 
52149 
52150 
52151 
52153 
52154 
52155 
52156 
52157 
52158 
52159 
52160 
52161 
52162 
52163 
52164 
52165 
52166 
52167 
52168 
52169 
52170 
52171 
52172 
52173 
52174 
52175 
52176 
52177 
52178 
52179 
52180 
52305 
52307 
52308 
52312 
52313 
52315 
52316 
52317 
52318 
52319 
52320 
52321 
52322 
52324 
52325 
52327 
52328 
52329 
52330 
52331 
52332 
52333 
52334 
52335 
52336 
52337 
52338 
52339 
52340 
52341 
52342 
52343 
52344 
52345 
52346 
52347 
52348 
52349 
52350 
52351 
52352 
52353 
52354 
52355 
52356 
52357 
52358 
52359 
52360 
52361 
52362 
52363 
52364 
52365 
52366 
52367 
52368 
52369 
52370 
52371 
52372 
52373 
52374 
52375 
52376 
52377 
52378 
52379 
52380 
52381 
52382 
52383 
52384 
52385 
52386 
52387 
52388 
52389 
52390 
52391 
52392 
52393 
52394 
52395 
52396 
52397 
52398 
52399 
52400 
52401 
52402 
52403 
52404 
52405 
52406 
52407 
52408 
52409 
52410 
52411 
52412 
52413 
52414 
52415 
52416 
52417 
52418 
52419 
52547 
52551 
52554 
52555 
52556 
52557 
52558 
52559 
52560 
52561 
52562 
52563 
52566 
52567 
52568 
52569 
52570 
52571 
52572 
52573 
52574 
52575 
52576 
52577 
52578 
52579 
52580 
52581 
52582 
52583 
52584 
52585 
52586 
52587 
52588 
52589 
52590 
52591 
52592 
52593 
52594 
52595 
52596 
52597 
52598 
52599 
52600 
52601 
52602 
52603 
52604 
52605 
52606 
52607 
52608 
52609 
52610 
52611 
52612 
52613 
52614 
52615 
52616 
52617 
52618 
52619 
52620 
52621 
52622 
52623 
52624 
52625 
52626 
52627 
52628 
52629 
52630 
52631 
52632 
52633 
52634 
52635 
52636 
52637 
52638 
52639 
52640 
52641 
52642 
52643 
52644 
52645 
52646 
52647 
52648 
52649 
52650 
52651 
52652 
52653 
52654 
52655 
52656 
52657 
52658 
52783 
52785 
52786 
52790 
52793 
52794 
52795 
52796 
52797 
52798 
52799 
52800 
52802 
52805 
52806 
52807 
52808 
52809 
52810 
52811 
52812 
52813 
52814 
52815 
52816 
52817 
52818 
52819 
52820 
52821 
52822 
52823 
52824 
52825 
52826 
52827 
52828 
52829 
52830 
52831 
52832 
52833 
52834 
52835 
52836 
52837 
52838 
52839 
52840 
52841 
52842 
52843 
52844 
52845 
52846 
52847 
52848 
52849 
52850 
52851 
52852 
52853 
52854 
52855 
52856 
52857 
52858 
52860 
52861 
52862 
52863 
52864 
52865 
52866 
52867 
52868 
52870 
52872 
52873 
52874 
52875 
52876 
52877 
52878 
52879 
52880 
52881 
52882 
52883 
52884 
52885 
52886 
52887 
52888 
52889 
52890 
52891 
52892 
52893 
52894 
52895 
52896 
52897 
53025 
53026 
53028 
53029 
53032 
53033 
53034 
53035 
53036 
53037 
53038 
53039 
53040 
53041 
53044 
53045 
53046 
53047 
53048 
53049 
53050 
53051 
53052 
53053 
53054 
53055 
53056 
53057 
53058 
53059 
53060 
53061 
53062 
53063 
53064 
53065 
53066 
53067 
53068 
53069 
53070 
53071 
53072 
53073 
53074 
53075 
53076 
53077 
53078 
53079 
53080 
53081 
53082 
53083 
53084 
53085 
53086 
53087 
53088 
53089 
53090 
53091 
53092 
53093 
53094 
53095 
53096 
53097 
53098 
53099 
53100 
53101 
53102 
53103 
53104 
53105 
53106 
53107 
53108 
53109 
53110 
53111 
53112 
53113 
53114 
53115 
53116 
53117 
53118 
53119 
53120 
53121 
53122 
53123 
53124 
53125 
53126 
53127 
53128 
53129 
53130 
53131 
53132 
53133 
53134 
53135 
53136 
53261 
53263 
53264 
53268 
53271 
53272 
53273 
53274 
53275 
53276 
53277 
53278 
53280 
53281 
53283 
53284 
53285 
53286 
53287 
53288 
53289 
53290 
53291 
53292 
53293 
53294 
53295 
53296 
53297 
53298 
53299 
53300 
53301 
53302 
53303 
53304 
53305 
53306 
53307 
53308 
53309 
53310 
53311 
53312 
53313 
53314 
53315 
53316 
53317 
53318 
53319 
53320 
53321 
53322 
53323 
53324 
53325 
53326 
53327 
53328 
53329 
53330 
53331 
53332 
53334 
53336 
53337 
53338 
53339 
53340 
53342 
53343 
53344 
53345 
53346 
53347 
53348 
53349 
53350 
53352 
53353 
53354 
53355 
53356 
53357 
53358 
53359 
53360 
53361 
53362 
53363 
53364 
53365 
53366 
53367 
53368 
53369 
53370 
53371 
53372 
53373 
53374 
53375 
53503 
53507 
53508 
53510 
53511 
53512 
53513 
53514 
53515 
53516 
53517 
53518 
53519 
53520 
53522 
53523 
53524 
53525 
53526 
53527 
53528 
53529 
53530 
53531 
53532 
53533 
53534 
53535 
53536 
53537 
53538 
53539 
53540 
53541 
53542 
53543 
53544 
53545 
53546 
53547 
53548 
53549 
53550 
53551 
53552 
53553 
53554 
53555 
53556 
53557 
53558 
53559 
53560 
53561 
53562 
53563 
53564 
53565 
53566 
53567 
53568 
53569 
53570 
53571 
53572 
53573 
53574 
53575 
53576 
53577 
53578 
53579 
53580 
53581 
53582 
53583 
53584 
53585 
53586 
53587 
53588 
53589 
53590 
53591 
53592 
53593 
53594 
53595 
53596 
53597 
53598 
53599 
53600 
53601 
53602 
53603 
53604 
53605 
53606 
53607 
53608 
53609 
53610 
53611 
53612 
53613 
53614 
53742 
53746 
53749 
53750 
53751 
53752 
53753 
53754 
53755 
53756 
53757 
53758 
53761 
53762 
53763 
53764 
53765 
53766 
53767 
53768 
53769 
53770 
53771 
53772 
53773 
53774 
53775 
53776 
53777 
53778 
53779 
53780 
53781 
53782 
53783 
53784 
53785 
53786 
53787 
53788 
53789 
53790 
53791 
53792 
53793 
53794 
53795 
53796 
53797 
53798 
53799 
53800 
53801 
53802 
53803 
53804 
53805 
53806 
53807 
53808 
53809 
53810 
53811 
53812 
53813 
53814 
53816 
53817 
53818 
53819 
53820 
53821 
53822 
53823 
53824 
53826 
53827 
53828 
53829 
53830 
53831 
53832 
53833 
53834 
53835 
53836 
53837 
53838 
53839 
53840 
53841 
53842 
53843 
53844 
53845 
53846 
53847 
53848 
53849 
53850 
53851 
53852 
53853 
53978 
53980 
53981 
53985 
53988 
53989 
53990 
53991 
53992 
53993 
53994 
53995 
53997 
54000 
54001 
54002 
54003 
54004 
54005 
54006 
54007 
54008 
54009 
54010 
54011 
54012 
54013 
54014 
54015 
54016 
54017 
54018 
54019 
54020 
54021 
54022 
54023 
54024 
54025 
54026 
54027 
54028 
54029 
54030 
54031 
54032 
54033 
54034 
54035 
54036 
54037 
54038 
54039 
54040 
54041 
54042 
54043 
54044 
54045 
54046 
54047 
54048 
54049 
54050 
54051 
54052 
54053 
54055 
54056 
54057 
54058 
54059 
54060 
54061 
54062 
54063 
54065 
54066 
54067 
54068 
54069 
54070 
54071 
54072 
54073 
54074 
54075 
54076 
54077 
54078 
54079 
54080 
54081 
54082 
54083 
54084 
54085 
54086 
54087 
54088 
54089 
54090 
54091 
54092 
54220 
54224 
54227 
54228 
54229 
54230 
54231 
54232 
54233 
54234 
54236 
54239 
54240 
54241 
54242 
54243 
54244 
54245 
54246 
54247 
54248 
54249 
54250 
54251 
54252 
54253 
54254 
54255 
54256 
54257 
54258 
54259 
54260 
54261 
54262 
54263 
54264 
54265 
54266 
54267 
54268 
54269 
54270 
54271 
54272 
54273 
54274 
54275 
54276 
54277 
54278 
54279 
54280 
54281 
54282 
54283 
54284 
54285 
54286 
54287 
54288 
54289 
54290 
54291 
54292 
54293 
54294 
54295 
54296 
54297 
54298 
54299 
54300 
54301 
54302 
54303 
54304 
54305 
54306 
54307 
54308 
54309 
54310 
54311 
54312 
54313 
54314 
54315 
54316 
54317 
54318 
54319 
54320 
54321 
54322 
54323 
54324 
54325 
54326 
54327 
54328 
54329 
54330 
54331 
54459 
54463 
54464 
54466 
54467 
54468 
54469 
54470 
54471 
54472 
54473 
54474 
54475 
54478 
54479 
54480 
54481 
54482 
54483 
54484 
54485 
54486 
54487 
54488 
54489 
54490 
54491 
54492 
54493 
54494 
54495 
54496 
54497 
54498 
54499 
54500 
54501 
54502 
54503 
54504 
54505 
54506 
54507 
54508 
54509 
54510 
54511 
54512 
54513 
54514 
54515 
54516 
54517 
54518 
54519 
54520 
54521 
54522 
54523 
54524 
54525 
54526 
54527 
54528 
54529 
54530 
54531 
54532 
54533 
54534 
54535 
54536 
54537 
54538 
54539 
54540 
54541 
54542 
54543 
54544 
54545 
54546 
54547 
54548 
54549 
54550 
54551 
54552 
54553 
54554 
54555 
54556 
54557 
54558 
54559 
54560 
54561 
54562 
54563 
54564 
54565 
54566 
54567 
54568 
54569 
54570 
54698 
54702 
54705 
54706 
54707 
54708 
54709 
54710 
54711 
54712 
54714 
54717 
54718 
54719 
54720 
54721 
54722 
54723 
54724 
54725 
54726 
54727 
54728 
54729 
54730 
54731 
54732 
54733 
54734 
54735 
54736 
54737 
54738 
54739 
54740 
54741 
54742 
54743 
54744 
54745 
54746 
54747 
54748 
54749 
54750 
54751 
54752 
54753 
54754 
54755 
54756 
54757 
54758 
54759 
54760 
54761 
54762 
54763 
54764 
54765 
54766 
54767 
54768 
54769 
54770 
54772 
54773 
54774 
54775 
54776 
54777 
54778 
54779 
54780 
54782 
54783 
54784 
54785 
54786 
54787 
54788 
54789 
54790 
54791 
54792 
54793 
54794 
54795 
54796 
54797 
54798 
54799 
54800 
54801 
54802 
54803 
54804 
54805 
54806 
54807 
54808 
54809 
54937 
54940 
54941 
54942 
54943 
54944 
54946 
54947 
54948 
54949 
54950 
54951 
54952 
54953 
54956 
54957 
54958 
54959 
54960 
54961 
54962 
54963 
54964 
54965 
54966 
54967 
54968 
54969 
54970 
54971 
54972 
54973 
54974 
54975 
54976 
54977 
54978 
54979 
54980 
54981 
54982 
54983 
54984 
54985 
54986 
54987 
54988 
54989 
54990 
54991 
54992 
54993 
54994 
54995 
54996 
54997 
54998 
54999 
55000 
55001 
55002 
55003 
55004 
55005 
55006 
55007 
55008 
55009 
55011 
55012 
55013 
55014 
55015 
55016 
55017 
55018 
55019 
55021 
55022 
55023 
55024 
55025 
55026 
55027 
55028 
55029 
55030 
55031 
55032 
55033 
55034 
55035 
55036 
55037 
55038 
55039 
55040 
55041 
55042 
55043 
55044 
55045 
55046 
55047 
55048 
55173 
55175 
55176 
55179 
55180 
55182 
55185 
55186 
55187 
55188 
55189 
55190 
55191 
55192 
55195 
55196 
55197 
55198 
55199 
55200 
55201 
55202 
55203 
55204 
55205 
55206 
55207 
55208 
55209 
55210 
55211 
55212 
55213 
55214 
55215 
55216 
55217 
55218 
55219 
55220 
55221 
55222 
55223 
55224 
55225 
55226 
55227 
55228 
55229 
55230 
55231 
55232 
55233 
55234 
55235 
55236 
55237 
55238 
55239 
55240 
55241 
55242 
55243 
55244 
55245 
55246 
55247 
55248 
55249 
55250 
55251 
55252 
55253 
55254 
55255 
55256 
55257 
55258 
55259 
55260 
55261 
55262 
55263 
55264 
55265 
55266 
55267 
55268 
55269 
55270 
55271 
55272 
55273 
55274 
55275 
55276 
55277 
55278 
55279 
55280 
55281 
55282 
55283 
55284 
55285 
55286 
55287 
55415 
55418 
55419 
55421 
55424 
55425 
55426 
55427 
55428 
55429 
55431 
55434 
55435 
55436 
55437 
55438 
55439 
55440 
55441 
55442 
55443 
55444 
55445 
55446 
55447 
55448 
55449 
55450 
55451 
55452 
55453 
55454 
55455 
55456 
55457 
55458 
55459 
55460 
55461 
55462 
55463 
55464 
55465 
55466 
55467 
55468 
55469 
55470 
55471 
55472 
55473 
55474 
55475 
55476 
55477 
55478 
55479 
55480 
55481 
55482 
55483 
55484 
55485 
55486 
55487 
55489 
55490 
55491 
55492 
55493 
55494 
55495 
55496 
55497 
55499 
55500 
55501 
55502 
55503 
55504 
55505 
55506 
55507 
55508 
55509 
55510 
55511 
55512 
55513 
55514 
55515 
55516 
55517 
55518 
55519 
55520 
55521 
55522 
55523 
55524 
55525 
55526 
55635 
55637 
55639 
55651 
55653 
55654 
55655 
55657 
55658 
55659 
55660 
55661 
55663 
55664 
55665 
55666 
55667 
55668 
55670 
55673 
55674 
55675 
55676 
55677 
55678 
55679 
55680 
55681 
55682 
55683 
55684 
55685 
55686 
55687 
55688 
55689 
55690 
55691 
55692 
55693 
55694 
55695 
55696 
55697 
55698 
55699 
55700 
55701 
55702 
55703 
55704 
55705 
55706 
55707 
55708 
55709 
55710 
55711 
55712 
55713 
55714 
55715 
55716 
55717 
55718 
55719 
55720 
55721 
55722 
55723 
55724 
55725 
55726 
55727 
55728 
55729 
55730 
55731 
55732 
55733 
55734 
55735 
55736 
55737 
55738 
55739 
55740 
55741 
55742 
55743 
55744 
55745 
55746 
55747 
55748 
55749 
55750 
55751 
55752 
55753 
55754 
55755 
55756 
55757 
55758 
55759 
55760 
55761 
55762 
55763 
55764 
55765 
55890 
55892 
55893 
55894 
55896 
55897 
55898 
55899 
55902 
55903 
55904 
55905 
55906 
55907 
55909 
55912 
55913 
55914 
55915 
55916 
55917 
55918 
55919 
55920 
55921 
55922 
55923 
55924 
55925 
55926 
55927 
55928 
55929 
55930 
55931 
55932 
55933 
55934 
55935 
55936 
55937 
55938 
55939 
55940 
55941 
55942 
55943 
55944 
55945 
55946 
55947 
55948 
55949 
55950 
55951 
55952 
55953 
55954 
55955 
55956 
55957 
55958 
55959 
55960 
55961 
55962 
55963 
55964 
55965 
55966 
55967 
55968 
55969 
55970 
55971 
55972 
55973 
55974 
55975 
55976 
55977 
55978 
55979 
55980 
55981 
55982 
55983 
55984 
55985 
55986 
55987 
55988 
55989 
55990 
55991 
55992 
55993 
55994 
55995 
55996 
55997 
55998 
55999 
56000 
56001 
56002 
56003 
56004 
56113 
56115 
56132 
56135 
56136 
56137 
56138 
56141 
56142 
56143 
56144 
56145 
56146 
56148 
56151 
56152 
56153 
56154 
56155 
56156 
56157 
56158 
56159 
56160 
56161 
56162 
56163 
56164 
56165 
56166 
56167 
56168 
56169 
56170 
56171 
56172 
56173 
56174 
56175 
56176 
56177 
56178 
56179 
56180 
56181 
56182 
56183 
56184 
56185 
56186 
56187 
56188 
56189 
56190 
56191 
56192 
56193 
56194 
56195 
56196 
56197 
56198 
56199 
56200 
56201 
56202 
56203 
56204 
56205 
56206 
56207 
56208 
56209 
56210 
56211 
56212 
56213 
56214 
56215 
56216 
56217 
56218 
56219 
56220 
56221 
56222 
56223 
56224 
56225 
56226 
56227 
56228 
56229 
56230 
56231 
56232 
56233 
56234 
56235 
56236 
56237 
56238 
56239 
56240 
56241 
56242 
56243 
56371 
56372 
56374 
56375 
56377 
56380 
56381 
56382 
56383 
56384 
56385 
56387 
56390 
56391 
56392 
56393 
56394 
56395 
56396 
56397 
56398 
56399 
56400 
56401 
56402 
56403 
56404 
56405 
56406 
56407 
56408 
56409 
56410 
56411 
56412 
56413 
56414 
56415 
56416 
56417 
56418 
56419 
56420 
56421 
56422 
56423 
56424 
56425 
56426 
56427 
56428 
56429 
56430 
56431 
56432 
56433 
56434 
56435 
56436 
56437 
56438 
56439 
56440 
56441 
56442 
56443 
56445 
56446 
56447 
56448 
56449 
56450 
56451 
56452 
56453 
56455 
56456 
56457 
56458 
56459 
56460 
56461 
56462 
56463 
56464 
56465 
56466 
56467 
56468 
56469 
56470 
56471 
56472 
56473 
56474 
56475 
56476 
56477 
56478 
56479 
56480 
56481 
56482 
56610 
56613 
56614 
56616 
56619 
56620 
56621 
56622 
56623 
56624 
56626 
56629 
56630 
56631 
56632 
56633 
56634 
56635 
56636 
56637 
56638 
56639 
56640 
56641 
56642 
56643 
56644 
56645 
56646 
56647 
56648 
56649 
56650 
56651 
56652 
56653 
56654 
56655 
56656 
56657 
56658 
56659 
56660 
56661 
56662 
56663 
56664 
56665 
56666 
56667 
56668 
56669 
56670 
56671 
56672 
56673 
56674 
56675 
56676 
56677 
56678 
56679 
56680 
56681 
56682 
56684 
56685 
56686 
56687 
56688 
56689 
56690 
56691 
56692 
56694 
56695 
56696 
56697 
56698 
56699 
56700 
56701 
56702 
56703 
56704 
56705 
56706 
56707 
56708 
56709 
56710 
56711 
56712 
56713 
56714 
56715 
56716 
56717 
56718 
56719 
56720 
56721 
56849 
56850 
56852 
56853 
56855 
56858 
56859 
56860 
56861 
56862 
56863 
56865 
56866 
56868 
56869 
56870 
56871 
56872 
56873 
56874 
56875 
56876 
56877 
56878 
56879 
56880 
56881 
56882 
56883 
56884 
56885 
56886 
56887 
56888 
56889 
56890 
56891 
56892 
56893 
56894 
56895 
56896 
56897 
56898 
56899 
56900 
56901 
56902 
56903 
56904 
56905 
56906 
56907 
56908 
56909 
56910 
56911 
56912 
56913 
56914 
56915 
56916 
56917 
56918 
56919 
56920 
56921 
56923 
56924 
56925 
56926 
56927 
56928 
56929 
56930 
56931 
56933 
56934 
56935 
56936 
56937 
56938 
56939 
56940 
56941 
56942 
56943 
56944 
56945 
56946 
56947 
56948 
56949 
56950 
56951 
56952 
56953 
56954 
56955 
56956 
56957 
56958 
56959 
56960 
57088 
57091 
57092 
57094 
57097 
57098 
57099 
57100 
57101 
57102 
57104 
57107 
57108 
57109 
57110 
57111 
57112 
57113 
57114 
57115 
57116 
57117 
57118 
57119 
57120 
57121 
57122 
57123 
57124 
57125 
57126 
57127 
57128 
57129 
57130 
57131 
57132 
57133 
57134 
57135 
57136 
57137 
57138 
57139 
57140 
57141 
57142 
57143 
57144 
57145 
57146 
57147 
57148 
57149 
57150 
57151 
57152 
57153 
57154 
57155 
57156 
57157 
57158 
57159 
57160 
57161 
57162 
57163 
57164 
57165 
57166 
57167 
57168 
57169 
57170 
57171 
57172 
57173 
57174 
57175 
57176 
57177 
57178 
57179 
57180 
57181 
57182 
57183 
57184 
57185 
57186 
57187 
57188 
57189 
57190 
57191 
57192 
57193 
57194 
57195 
57196 
57197 
57198 
57199 
57327 
57330 
57331 
57333 
57336 
57337 
57338 
57339 
57340 
57341 
57343 
57346 
57347 
57348 
57349 
57350 
57351 
57352 
57353 
57354 
57355 
57356 
57357 
57358 
57359 
57360 
57361 
57362 
57363 
57364 
57365 
57366 
57367 
57368 
57369 
57370 
57371 
57372 
57373 
57374 
57375 
57376 
57377 
57378 
57379 
57380 
57381 
57382 
57383 
57384 
57385 
57386 
57387 
57388 
57389 
57390 
57391 
57392 
57393 
57394 
57395 
57396 
57397 
57398 
57399 
57401 
57402 
57403 
57404 
57405 
57406 
57407 
57408 
57409 
57411 
57413 
57414 
57415 
57416 
57417 
57418 
57419 
57420 
57421 
57422 
57423 
57424 
57425 
57426 
57427 
57428 
57429 
57430 
57431 
57432 
57433 
57434 
57435 
57436 
57437 
57438 
57566 
57569 
57570 
57572 
57575 
57576 
57577 
57578 
57579 
57580 
57582 
57585 
57586 
57587 
57588 
57589 
57590 
57591 
57592 
57593 
57594 
57595 
57596 
57597 
57598 
57599 
57600 
57601 
57602 
57603 
57604 
57605 
57606 
57607 
57608 
57609 
57610 
57611 
57612 
57613 
57614 
57615 
57616 
57617 
57618 
57619 
57620 
57621 
57622 
57623 
57624 
57625 
57626 
57627 
57628 
57629 
57630 
57631 
57632 
57633 
57634 
57635 
57636 
57637 
57638 
57640 
57641 
57642 
57643 
57644 
57645 
57646 
57647 
57648 
57650 
57651 
57652 
57653 
57654 
57655 
57656 
57657 
57658 
57659 
57660 
57661 
57662 
57663 
57664 
57665 
57666 
57667 
57668 
57669 
57670 
57671 
57672 
57673 
57674 
57675 
57676 
57677 
57805 
57808 
57809 
57811 
57814 
57815 
57816 
57817 
57818 
57819 
57821 
57824 
57825 
57826 
57827 
57828 
57829 
57830 
57831 
57832 
57833 
57834 
57835 
57836 
57837 
57838 
57839 
57840 
57841 
57842 
57843 
57844 
57845 
57846 
57847 
57848 
57849 
57850 
57851 
57852 
57853 
57854 
57855 
57856 
57857 
57858 
57859 
57860 
57861 
57862 
57863 
57864 
57865 
57866 
57867 
57868 
57869 
57870 
57871 
57872 
57873 
57874 
57875 
57876 
57877 
57878 
57879 
57880 
57881 
57882 
57883 
57884 
57885 
57886 
57887 
57888 
57889 
57890 
57891 
57892 
57893 
57894 
57895 
57896 
57897 
57898 
57899 
57900 
57901 
57902 
57903 
57904 
57905 
57906 
57907 
57908 
57909 
57910 
57911 
57912 
57913 
57914 
57915 
57916 
58044 
58047 
58048 
58050 
58053 
58054 
58055 
58056 
58057 
58058 
58060 
58063 
58064 
58065 
58066 
58067 
58068 
58069 
58070 
58071 
58072 
58073 
58074 
58075 
58076 
58077 
58078 
58079 
58080 
58081 
58082 
58083 
58084 
58085 
58086 
58087 
58088 
58089 
58090 
58091 
58092 
58093 
58094 
58095 
58096 
58097 
58098 
58099 
58100 
58101 
58102 
58103 
58104 
58105 
58106 
58107 
58108 
58109 
58110 
58111 
58112 
58113 
58114 
58115 
58116 
58117 
58118 
58119 
58120 
58121 
58122 
58123 
58124 
58125 
58126 
58127 
58128 
58129 
58130 
58131 
58132 
58133 
58134 
58135 
58136 
58137 
58138 
58139 
58140 
58141 
58142 
58143 
58144 
58145 
58146 
58147 
58148 
58149 
58150 
58151 
58152 
58153 
58154 
58155 
58283 
58286 
58287 
58289 
58292 
58293 
58294 
58295 
58296 
58297 
58299 
58302 
58303 
58304 
58305 
58306 
58307 
58308 
58309 
58310 
58311 
58312 
58313 
58314 
58315 
58316 
58317 
58318 
58319 
58320 
58321 
58322 
58323 
58324 
58325 
58326 
58327 
58328 
58329 
58330 
58331 
58332 
58333 
58334 
58335 
58336 
58337 
58338 
58339 
58340 
58341 
58342 
58343 
58344 
58345 
58346 
58347 
58348 
58349 
58350 
58351 
58352 
58353 
58354 
58355 
58356 
58357 
58358 
58359 
58360 
58361 
58362 
58363 
58364 
58365 
58366 
58367 
58368 
58369 
58370 
58371 
58372 
58373 
58374 
58375 
58376 
58377 
58378 
58379 
58380 
58381 
58382 
58383 
58384 
58385 
58386 
58387 
58388 
58389 
58390 
58391 
58392 
58393 
58394 
58522 
58525 
58526 
58528 
58531 
58532 
58533 
58534 
58535 
58536 
58538 
58541 
58542 
58543 
58544 
58545 
58546 
58547 
58548 
58549 
58550 
58551 
58552 
58553 
58554 
58555 
58556 
58557 
58558 
58559 
58560 
58561 
58562 
58563 
58564 
58565 
58566 
58567 
58568 
58569 
58570 
58571 
58572 
58573 
58574 
58575 
58576 
58577 
58578 
58579 
58580 
58581 
58582 
58583 
58584 
58585 
58586 
58587 
58588 
58589 
58590 
58591 
58592 
58593 
58594 
58596 
58597 
58598 
58599 
58600 
58601 
58602 
58603 
58604 
58606 
58607 
58608 
58609 
58610 
58611 
58612 
58613 
58614 
58615 
58616 
58617 
58618 
58619 
58620 
58621 
58622 
58623 
58624 
58625 
58626 
58627 
58628 
58629 
58630 
58631 
58632 
58633 
58761 
58764 
58765 
58767 
58770 
58771 
58772 
58773 
58774 
58775 
58777 
58780 
58781 
58782 
58783 
58784 
58785 
58786 
58787 
58788 
58789 
58790 
58791 
58792 
58793 
58794 
58795 
58796 
58797 
58798 
58799 
58800 
58801 
58802 
58803 
58804 
58805 
58806 
58807 
58808 
58809 
58810 
58811 
58812 
58813 
58814 
58815 
58816 
58817 
58818 
58819 
58820 
58821 
58822 
58823 
58824 
58825 
58826 
58827 
58828 
58829 
58830 
58831 
58832 
58833 
58834 
58835 
58836 
58837 
58838 
58839 
58840 
58841 
58842 
58843 
58844 
58845 
58846 
58847 
58848 
58849 
58850 
58851 
58852 
58853 
58854 
58855 
58856 
58857 
58858 
58859 
58860 
58861 
58862 
58863 
58864 
58865 
58866 
58867 
58868 
58869 
58870 
58871 
58872 
59000 
59003 
59004 
59006 
59009 
59010 
59011 
59012 
59013 
59014 
59016 
59019 
59020 
59021 
59022 
59023 
59024 
59025 
59026 
59027 
59028 
59029 
59030 
59031 
59032 
59033 
59034 
59035 
59036 
59037 
59038 
59039 
59040 
59041 
59042 
59043 
59044 
59045 
59046 
59047 
59048 
59049 
59050 
59051 
59052 
59053 
59054 
59055 
59056 
59057 
59058 
59059 
59060 
59061 
59062 
59063 
59064 
59065 
59066 
59067 
59068 
59069 
59070 
59071 
59072 
59073 
59074 
59075 
59076 
59077 
59078 
59079 
59080 
59081 
59082 
59083 
59084 
59085 
59086 
59087 
59088 
59089 
59090 
59091 
59092 
59093 
59094 
59095 
59096 
59097 
59098 
59099 
59100 
59101 
59102 
59103 
59104 
59105 
59106 
59107 
59108 
59109 
59110 
59111 
59239 
59242 
59243 
59245 
59248 
59249 
59250 
59251 
59252 
59253 
59255 
59258 
59259 
59260 
59261 
59262 
59263 
59264 
59265 
59266 
59267 
59268 
59269 
59270 
59271 
59272 
59273 
59274 
59275 
59276 
59277 
59278 
59279 
59280 
59281 
59282 
59283 
59284 
59285 
59286 
59287 
59288 
59289 
59290 
59291 
59292 
59293 
59294 
59295 
59296 
59297 
59298 
59299 
59300 
59301 
59302 
59303 
59304 
59305 
59306 
59307 
59308 
59309 
59310 
59311 
59312 
59313 
59314 
59315 
59316 
59317 
59318 
59319 
59320 
59321 
59322 
59323 
59324 
59325 
59326 
59327 
59328 
59329 
59330 
59331 
59332 
59333 
59334 
59335 
59336 
59337 
59338 
59339 
59340 
59341 
59342 
59343 
59344 
59345 
59346 
59347 
59348 
59349 
59350 
59478 
59481 
59482 
59484 
59487 
59488 
59489 
59490 
59491 
59492 
59494 
59497 
59498 
59499 
59500 
59501 
59502 
59503 
59504 
59505 
59506 
59507 
59508 
59509 
59510 
59511 
59512 
59513 
59514 
59515 
59516 
59517 
59518 
59519 
59520 
59521 
59522 
59523 
59524 
59525 
59526 
59527 
59528 
59529 
59530 
59531 
59532 
59533 
59534 
59535 
59536 
59537 
59538 
59539 
59540 
59541 
59542 
59543 
59544 
59545 
59546 
59547 
59548 
59549 
59550 
59551 
59552 
59553 
59554 
59555 
59556 
59557 
59558 
59559 
59560 
59561 
59562 
59563 
59564 
59565 
59566 
59567 
59568 
59569 
59570 
59571 
59572 
59573 
59574 
59575 
59576 
59577 
59578 
59579 
59580 
59581 
59582 
59583 
59584 
59585 
59586 
59587 
59588 
59589 
59717 
59720 
59721 
59723 
59726 
59727 
59728 
59729 
59730 
59731 
59733 
59736 
59737 
59738 
59739 
59740 
59741 
59742 
59743 
59744 
59745 
59746 
59747 
59748 
59749 
59750 
59751 
59752 
59753 
59754 
59755 
59756 
59757 
59758 
59759 
59760 
59761 
59762 
59763 
59764 
59765 
59766 
59767 
59768 
59769 
59770 
59771 
59772 
59773 
59774 
59775 
59776 
59777 
59778 
59779 
59780 
59781 
59782 
59783 
59784 
59785 
59786 
59787 
59788 
59789 
59791 
59792 
59793 
59794 
59795 
59796 
59797 
59798 
59799 
59801 
59802 
59803 
59804 
59805 
59806 
59807 
59808 
59809 
59810 
59811 
59812 
59813 
59814 
59815 
59816 
59817 
59818 
59819 
59820 
59821 
59822 
59823 
59824 
59825 
59826 
59827 
59828 
59956 
59959 
59960 
59962 
59965 
59966 
59967 
59968 
59969 
59970 
59972 
59975 
59976 
59977 
59978 
59979 
59980 
59981 
59982 
59983 
59984 
59985 
59986 
59987 
59988 
59989 
59990 
59991 
59992 
59993 
59994 
59995 
59996 
59997 
59998 
59999 
60000 
60001 
60002 
60003 
60004 
60005 
60006 
60007 
60008 
60009 
60010 
60011 
60012 
60013 
60014 
60015 
60016 
60017 
60018 
60019 
60020 
60021 
60022 
60023 
60024 
60025 
60026 
60027 
60028 
60029 
60030 
60031 
60032 
60033 
60034 
60035 
60036 
60037 
60038 
60039 
60040 
60041 
60042 
60043 
60044 
60045 
60046 
60047 
60048 
60049 
60050 
60051 
60052 
60053 
60054 
60055 
60056 
60057 
60058 
60059 
60060 
60061 
60062 
60063 
60064 
60065 
60066 
60067 
60195 
60198 
60199 
60201 
60204 
60205 
60206 
60207 
60208 
60209 
60211 
60214 
60215 
60216 
60217 
60218 
60219 
60220 
60221 
60222 
60223 
60224 
60225 
60226 
60227 
60228 
60229 
60230 
60231 
60232 
60233 
60234 
60235 
60236 
60237 
60238 
60239 
60240 
60241 
60242 
60243 
60244 
60245 
60246 
60247 
60248 
60249 
60250 
60251 
60252 
60253 
60254 
60255 
60256 
60257 
60258 
60259 
60260 
60261 
60262 
60263 
60264 
60265 
60266 
60267 
60268 
60269 
60270 
60271 
60272 
60273 
60274 
60275 
60276 
60277 
60278 
60279 
60280 
60281 
60282 
60283 
60284 
60285 
60286 
60287 
60288 
60289 
60290 
60291 
60292 
60293 
60294 
60295 
60296 
60297 
60298 
60299 
60300 
60301 
60302 
60303 
60304 
60305 
60306 
60434 
60437 
60438 
60440 
60443 
60444 
60445 
60446 
60447 
60448 
60450 
60453 
60454 
60455 
60456 
60457 
60458 
60459 
60460 
60461 
60462 
60463 
60464 
60465 
60466 
60467 
60468 
60469 
60470 
60471 
60472 
60473 
60474 
60475 
60476 
60477 
60478 
60479 
60480 
60481 
60482 
60483 
60484 
60485 
60486 
60487 
60488 
60489 
60490 
60491 
60492 
60493 
60494 
60495 
60496 
60497 
60498 
60499 
60500 
60501 
60502 
60503 
60504 
60505 
60506 
60507 
60508 
60509 
60510 
60511 
60512 
60513 
60514 
60515 
60516 
60517 
60518 
60519 
60520 
60521 
60522 
60523 
60524 
60525 
60526 
60527 
60528 
60529 
60530 
60531 
60532 
60533 
60534 
60535 
60536 
60537 
60538 
60539 
60540 
60541 
60542 
60543 
60544 
60545 
60673 
60676 
60677 
60679 
60682 
60683 
60684 
60685 
60686 
60687 
60689 
60692 
60693 
60694 
60695 
60696 
60697 
60698 
60699 
60700 
60701 
60702 
60703 
60704 
60705 
60706 
60707 
60708 
60709 
60710 
60711 
60712 
60713 
60714 
60715 
60716 
60717 
60718 
60719 
60720 
60721 
60722 
60723 
60724 
60725 
60726 
60727 
60728 
60729 
60730 
60731 
60732 
60733 
60734 
60735 
60736 
60737 
60738 
60739 
60740 
60741 
60742 
60743 
60744 
60745 
60746 
60747 
60748 
60749 
60750 
60751 
60752 
60753 
60754 
60755 
60756 
60757 
60758 
60759 
60760 
60761 
60762 
60763 
60764 
60765 
60766 
60767 
60768 
60769 
60770 
60771 
60772 
60773 
60774 
60775 
60776 
60777 
60778 
60779 
60780 
60781 
60782 
60783 
60784 
60912 
60915 
60916 
60918 
60921 
60922 
60923 
60924 
60925 
60926 
60928 
60931 
60932 
60933 
60934 
60935 
60936 
60937 
60938 
60939 
60940 
60941 
60942 
60943 
60944 
60945 
60946 
60947 
60948 
60949 
60950 
60951 
60952 
60953 
60954 
60955 
60956 
60957 
60958 
60959 
60960 
60961 
60962 
60963 
60964 
60965 
60966 
60967 
60968 
60969 
60970 
60971 
60972 
60973 
60974 
60975 
60976 
60977 
60978 
60979 
60980 
60981 
60982 
60983 
60984 
60985 
60986 
60987 
60988 
60989 
60990 
60991 
60992 
60993 
60994 
60995 
60996 
60997 
60998 
60999 
61000 
61001 
61002 
61003 
61004 
61005 
61006 
61007 
61008 
61009 
61010 
61011 
61012 
61013 
61014 
61015 
61016 
61017 
61018 
61019 
61020 
61021 
61022 
61023 
61151 
61154 
61155 
61157 
61160 
61161 
61162 
61163 
61164 
61165 
61167 
61170 
61171 
61172 
61173 
61174 
61175 
61176 
61177 
61178 
61179 
61180 
61181 
61182 
61183 
61184 
61185 
61186 
61187 
61188 
61189 
61190 
61191 
61192 
61193 
61194 
61195 
61196 
61197 
61198 
61199 
61200 
61201 
61202 
61203 
61204 
61205 
61206 
61207 
61208 
61209 
61210 
61211 
61212 
61213 
61214 
61215 
61216 
61217 
61218 
61219 
61220 
61221 
61222 
61223 
61224 
61225 
61226 
61227 
61228 
61229 
61230 
61231 
61232 
61233 
61234 
61235 
61236 
61237 
61238 
61239 
61240 
61241 
61242 
61243 
61244 
61245 
61246 
61247 
61248 
61249 
61250 
61251 
61252 
61253 
61254 
61255 
61256 
61257 
61258 
61259 
61260 
61261 
61262 
61390 
61393 
61394 
61396 
61399 
61400 
61401 
61402 
61403 
61404 
61406 
61409 
61410 
61411 
61412 
61413 
61414 
61415 
61416 
61417 
61418 
61419 
61420 
61421 
61422 
61423 
61424 
61425 
61426 
61427 
61428 
61429 
61430 
61431 
61432 
61433 
61434 
61435 
61436 
61437 
61438 
61439 
61440 
61441 
61442 
61443 
61444 
61445 
61446 
61447 
61448 
61449 
61450 
61451 
61452 
61453 
61454 
61455 
61456 
61457 
61458 
61459 
61460 
61461 
61462 
61463 
61464 
61465 
61466 
61467 
61468 
61469 
61470 
61471 
61472 
61473 
61474 
61475 
61476 
61477 
61478 
61479 
61480 
61481 
61482 
61483 
61484 
61485 
61486 
61487 
61488 
61489 
61490 
61491 
61492 
61493 
61494 
61495 
61496 
61497 
61498 
61499 
61500 
61501 
61629 
61632 
61633 
61635 
61638 
61639 
61640 
61641 
61642 
61643 
61645 
61648 
61649 
61650 
61651 
61652 
61653 
61654 
61655 
61656 
61657 
61658 
61659 
61660 
61661 
61662 
61663 
61664 
61665 
61666 
61667 
61668 
61669 
61670 
61671 
61672 
61673 
61674 
61675 
61676 
61677 
61678 
61679 
61680 
61681 
61682 
61683 
61684 
61685 
61686 
61687 
61688 
61689 
61690 
61691 
61692 
61693 
61694 
61695 
61696 
61697 
61698 
61699 
61700 
61701 
61702 
61703 
61704 
61705 
61706 
61707 
61708 
61709 
61710 
61711 
61712 
61713 
61714 
61715 
61716 
61717 
61718 
61719 
61720 
61721 
61722 
61723 
61724 
61725 
61726 
61727 
61728 
61729 
61730 
61731 
61732 
61733 
61734 
61735 
61736 
61737 
61738 
61739 
61740 
61868 
61871 
61872 
61874 
61877 
61878 
61879 
61880 
61881 
61882 
61884 
61887 
61888 
61889 
61890 
61891 
61892 
61893 
61894 
61895 
61896 
61897 
61898 
61899 
61900 
61901 
61902 
61903 
61904 
61905 
61906 
61907 
61908 
61909 
61910 
61911 
61912 
61913 
61914 
61915 
61916 
61917 
61918 
61919 
61920 
61921 
61922 
61923 
61924 
61925 
61926 
61927 
61928 
61929 
61930 
61931 
61932 
61933 
61934 
61935 
61936 
61937 
61938 
61939 
61940 
61941 
61942 
61943 
61944 
61945 
61946 
61947 
61948 
61949 
61950 
61951 
61952 
61953 
61954 
61955 
61956 
61957 
61958 
61959 
61960 
61961 
61962 
61963 
61964 
61965 
61966 
61967 
61968 
61969 
61970 
61971 
61972 
61973 
61974 
61975 
61976 
61977 
61978 
61979 
62107 
62110 
62111 
62113 
62116 
62117 
62118 
62119 
62120 
62121 
62123 
62126 
62127 
62128 
62129 
62130 
62131 
62132 
62133 
62134 
62135 
62136 
62137 
62138 
62139 
62140 
62141 
62142 
62143 
62144 
62145 
62146 
62147 
62148 
62149 
62150 
62151 
62152 
62153 
62154 
62155 
62156 
62157 
62158 
62159 
62160 
62161 
62162 
62163 
62164 
62165 
62166 
62167 
62168 
62169 
62170 
62171 
62172 
62173 
62174 
62175 
62176 
62177 
62178 
62179 
62180 
62181 
62182 
62183 
62184 
62185 
62186 
62187 
62188 
62189 
62190 
62191 
62192 
62193 
62194 
62195 
62196 
62197 
62198 
62199 
62200 
62201 
62202 
62203 
62204 
62205 
62206 
62207 
62208 
62209 
62210 
62211 
62212 
62213 
62214 
62215 
62216 
62217 
62218 
62346 
62349 
62350 
62352 
62355 
62356 
62357 
62358 
62359 
62360 
62362 
62365 
62366 
62367 
62368 
62369 
62370 
62371 
62372 
62373 
62374 
62375 
62376 
62377 
62378 
62379 
62380 
62381 
62382 
62383 
62384 
62385 
62386 
62387 
62388 
62389 
62390 
62391 
62392 
62393 
62394 
62395 
62396 
62397 
62398 
62399 
62400 
62401 
62402 
62403 
62404 
62405 
62406 
62407 
62408 
62409 
62410 
62411 
62412 
62413 
62414 
62415 
62416 
62417 
62418 
62419 
62420 
62421 
62422 
62423 
62424 
62425 
62426 
62427 
62428 
62429 
62430 
62431 
62432 
62433 
62434 
62435 
62436 
62437 
62438 
62439 
62440 
62441 
62442 
62443 
62444 
62445 
62446 
62447 
62448 
62449 
62450 
62451 
62452 
62453 
62454 
62455 
62456 
62457 
62582 
62585 
62588 
62589 
62591 
62594 
62595 
62596 
62597 
62598 
62599 
62601 
62604 
62605 
62606 
62607 
62608 
62609 
62610 
62611 
62612 
62613 
62614 
62615 
62616 
62617 
62618 
62619 
62620 
62621 
62622 
62623 
62624 
62625 
62626 
62627 
62628 
62629 
62630 
62631 
62632 
62633 
62634 
62635 
62636 
62637 
62638 
62639 
62640 
62641 
62642 
62643 
62644 
62645 
62646 
62647 
62648 
62649 
62650 
62651 
62652 
62653 
62654 
62655 
62656 
62657 
62658 
62659 
62660 
62661 
62662 
62663 
62664 
62665 
62666 
62667 
62668 
62669 
62670 
62671 
62672 
62673 
62674 
62675 
62676 
62677 
62678 
62679 
62680 
62681 
62682 
62683 
62684 
62685 
62686 
62687 
62688 
62689 
62690 
62691 
62692 
62693 
62694 
62695 
62696 
62821 
62823 
62824 
62827 
62828 
62830 
62833 
62834 
62835 
62836 
62837 
62838 
62840 
62843 
62844 
62845 
62846 
62847 
62848 
62849 
62850 
62851 
62852 
62853 
62854 
62855 
62856 
62857 
62858 
62859 
62860 
62861 
62862 
62863 
62864 
62865 
62866 
62867 
62868 
62869 
62870 
62871 
62872 
62873 
62874 
62875 
62876 
62877 
62878 
62879 
62880 
62881 
62882 
62883 
62884 
62885 
62886 
62887 
62888 
62889 
62890 
62891 
62892 
62894 
62896 
62897 
62898 
62899 
62900 
62902 
62903 
62904 
62905 
62906 
62907 
62908 
62909 
62910 
62912 
62913 
62914 
62915 
62916 
62917 
62918 
62919 
62920 
62921 
62922 
62923 
62924 
62925 
62926 
62927 
62928 
62929 
62930 
62931 
62932 
62933 
62934 
62935 
63063 
63066 
63067 
63069 
63072 
63073 
63074 
63075 
63076 
63077 
63079 
63082 
63083 
63084 
63085 
63086 
63087 
63088 
63089 
63090 
63091 
63092 
63093 
63094 
63095 
63096 
63097 
63098 
63099 
63100 
63101 
63102 
63103 
63104 
63105 
63106 
63107 
63108 
63109 
63110 
63111 
63112 
63113 
63114 
63115 
63116 
63117 
63118 
63119 
63120 
63121 
63122 
63123 
63124 
63125 
63126 
63127 
63128 
63129 
63130 
63131 
63132 
63133 
63134 
63135 
63136 
63137 
63138 
63139 
63140 
63141 
63142 
63143 
63144 
63145 
63146 
63147 
63148 
63149 
63150 
63151 
63152 
63153 
63154 
63155 
63156 
63157 
63158 
63159 
63160 
63161 
63162 
63163 
63164 
63165 
63166 
63167 
63168 
63169 
63170 
63171 
63172 
63173 
63174 
63302 
63305 
63306 
63308 
63311 
63312 
63313 
63314 
63315 
63316 
63318 
63321 
63322 
63323 
63324 
63325 
63326 
63327 
63328 
63329 
63330 
63331 
63332 
63333 
63334 
63335 
63336 
63337 
63338 
63339 
63340 
63341 
63342 
63343 
63344 
63345 
63346 
63347 
63348 
63349 
63350 
63351 
63352 
63353 
63354 
63355 
63356 
63357 
63358 
63359 
63360 
63361 
63362 
63363 
63364 
63365 
63366 
63367 
63368 
63369 
63370 
63371 
63372 
63373 
63374 
63375 
63376 
63377 
63378 
63379 
63380 
63381 
63382 
63383 
63384 
63385 
63386 
63387 
63388 
63389 
63390 
63391 
63392 
63393 
63394 
63395 
63396 
63397 
63398 
63399 
63400 
63401 
63402 
63403 
63404 
63405 
63406 
63407 
63408 
63409 
63410 
63411 
63412 
63413 
63541 
63544 
63545 
63547 
63550 
63551 
63552 
63553 
63554 
63555 
63556 
63557 
63560 
63561 
63562 
63563 
63564 
63565 
63566 
63567 
63568 
63569 
63570 
63571 
63572 
63573 
63574 
63575 
63576 
63577 
63578 
63579 
63580 
63581 
63582 
63583 
63584 
63585 
63586 
63587 
63588 
63589 
63590 
63591 
63592 
63593 
63594 
63595 
63596 
63597 
63598 
63599 
63600 
63601 
63602 
63603 
63604 
63605 
63606 
63607 
63608 
63609 
63610 
63611 
63612 
63613 
63614 
63615 
63616 
63617 
63618 
63619 
63620 
63621 
63622 
63623 
63624 
63625 
63626 
63627 
63628 
63629 
63630 
63631 
63632 
63633 
63634 
63635 
63636 
63637 
63638 
63639 
63640 
63641 
63642 
63643 
63644 
63645 
63646 
63647 
63648 
63649 
63650 
63651 
63652 
63780 
63783 
63784 
63786 
63789 
63790 
63791 
63792 
63793 
63794 
63796 
63799 
63800 
63801 
63802 
63803 
63804 
63805 
63806 
63807 
63808 
63809 
63810 
63811 
63812 
63813 
63814 
63815 
63816 
63817 
63818 
63819 
63820 
63821 
63822 
63823 
63824 
63825 
63826 
63827 
63828 
63829 
63830 
63831 
63832 
63833 
63834 
63835 
63836 
63837 
63838 
63839 
63840 
63841 
63842 
63843 
63844 
63845 
63846 
63847 
63848 
63849 
63850 
63851 
63852 
63854 
63855 
63856 
63857 
63858 
63859 
63860 
63861 
63862 
63864 
63865 
63866 
63867 
63868 
63869 
63870 
63871 
63872 
63873 
63874 
63875 
63876 
63877 
63878 
63879 
63880 
63881 
63882 
63883 
63884 
63885 
63886 
63887 
63888 
63889 
63890 
63891 
64019 
64022 
64023 
64025 
64028 
64029 
64030 
64031 
64032 
64033 
64035 
64038 
64039 
64040 
64041 
64042 
64043 
64044 
64045 
64046 
64047 
64048 
64049 
64050 
64051 
64052 
64053 
64054 
64055 
64056 
64057 
64058 
64059 
64060 
64061 
64062 
64063 
64064 
64065 
64066 
64067 
64068 
64069 
64070 
64071 
64072 
64073 
64074 
64075 
64076 
64077 
64078 
64079 
64080 
64081 
64082 
64083 
64084 
64085 
64086 
64087 
64088 
64089 
64090 
64091 
64093 
64094 
64095 
64096 
64097 
64098 
64099 
64100 
64101 
64103 
64104 
64105 
64106 
64107 
64108 
64109 
64110 
64111 
64112 
64113 
64114 
64115 
64116 
64117 
64118 
64119 
64120 
64121 
64122 
64123 
64124 
64125 
64126 
64127 
64128 
64129 
64130 
64258 
64261 
64262 
64264 
64267 
64268 
64269 
64270 
64271 
64272 
64274 
64277 
64278 
64279 
64280 
64281 
64282 
64283 
64284 
64285 
64286 
64287 
64288 
64289 
64290 
64291 
64292 
64293 
64294 
64295 
64296 
64297 
64298 
64299 
64300 
64301 
64302 
64303 
64304 
64305 
64306 
64307 
64308 
64309 
64310 
64311 
64312 
64313 
64314 
64315 
64316 
64317 
64318 
64319 
64320 
64321 
64322 
64323 
64324 
64325 
64326 
64327 
64328 
64329 
64330 
64331 
64332 
64333 
64334 
64335 
64336 
64337 
64338 
64339 
64340 
64341 
64342 
64343 
64344 
64345 
64346 
64347 
64348 
64349 
64350 
64351 
64352 
64353 
64354 
64355 
64356 
64357 
64358 
64359 
64360 
64361 
64362 
64363 
64364 
64365 
64366 
64367 
64368 
64369 
64497 
64500 
64501 
64503 
64506 
64507 
64508 
64509 
64510 
64511 
64513 
64516 
64517 
64518 
64519 
64520 
64521 
64522 
64523 
64524 
64525 
64526 
64527 
64528 
64529 
64530 
64531 
64532 
64533 
64534 
64535 
64536 
64537 
64538 
64539 
64540 
64541 
64542 
64543 
64544 
64545 
64546 
64547 
64548 
64549 
64550 
64551 
64552 
64553 
64554 
64555 
64556 
64557 
64558 
64559 
64560 
64561 
64562 
64563 
64564 
64565 
64566 
64567 
64568 
64569 
64570 
64571 
64572 
64573 
64574 
64575 
64576 
64577 
64578 
64579 
64580 
64581 
64582 
64583 
64584 
64585 
64586 
64587 
64588 
64589 
64590 
64591 
64592 
64593 
64594 
64595 
64596 
64597 
64598 
64599 
64600 
64601 
64602 
64603 
64604 
64605 
64606 
64607 
64608 
64723 
64725 
64727 
64736 
64739 
64740 
64742 
64745 
64746 
64747 
64748 
64749 
64750 
64752 
64755 
64756 
64757 
64758 
64759 
64760 
64761 
64762 
64763 
64764 
64765 
64766 
64767 
64768 
64769 
64770 
64771 
64772 
64773 
64774 
64775 
64776 
64777 
64778 
64779 
64780 
64781 
64782 
64783 
64784 
64785 
64786 
64787 
64788 
64789 
64790 
64791 
64792 
64793 
64794 
64795 
64796 
64797 
64798 
64799 
64800 
64801 
64802 
64803 
64804 
64805 
64806 
64807 
64808 
64809 
64810 
64811 
64812 
64813 
64814 
64815 
64816 
64817 
64818 
64819 
64820 
64821 
64822 
64823 
64824 
64825 
64826 
64827 
64828 
64829 
64830 
64831 
64832 
64833 
64834 
64835 
64836 
64837 
64838 
64839 
64840 
64841 
64842 
64843 
64844 
64845 
64846 
64847 
64975 
64978 
64979 
64981 
64984 
64985 
64986 
64987 
64988 
64989 
64991 
64994 
64995 
64996 
64997 
64998 
64999 
65000 
65001 
65002 
65003 
65004 
65005 
65006 
65007 
65008 
65009 
65010 
65011 
65012 
65013 
65014 
65015 
65016 
65017 
65018 
65019 
65020 
65021 
65022 
65023 
65024 
65025 
65026 
65027 
65028 
65029 
65030 
65031 
65032 
65033 
65034 
65035 
65036 
65037 
65038 
65039 
65040 
65041 
65042 
65043 
65044 
65045 
65046 
65047 
65048 
65049 
65050 
65051 
65052 
65053 
65054 
65055 
65056 
65057 
65058 
65059 
65060 
65061 
65062 
65063 
65064 
65065 
65066 
65067 
65068 
65069 
65070 
65071 
65072 
65073 
65074 
65075 
65076 
65077 
65078 
65079 
65080 
65081 
65082 
65083 
65084 
65085 
65086 
65214 
65217 
65218 
65219 
65220 
65221 
65223 
65224 
65225 
65226 
65227 
65228 
65230 
65233 
65234 
65235 
65236 
65237 
65238 
65239 
65240 
65241 
65242 
65243 
65244 
65245 
65246 
65247 
65248 
65249 
65250 
65251 
65252 
65253 
65254 
65255 
65256 
65257 
65258 
65259 
65260 
65261 
65262 
65263 
65264 
65265 
65266 
65267 
65268 
65269 
65270 
65271 
65272 
65273 
65274 
65275 
65276 
65277 
65278 
65279 
65280 
65281 
65282 
65283 
65284 
65285 
65286 
65287 
65288 
65289 
65290 
65291 
65292 
65293 
65294 
65295 
65296 
65297 
65298 
65299 
65300 
65301 
65302 
65303 
65304 
65305 
65306 
65307 
65308 
65309 
65310 
65311 
65312 
65313 
65314 
65315 
65316 
65317 
65318 
65319 
65320 
65321 
65322 
65323 
65324 
65325 
65453 
65456 
65457 
65459 
65460 
65462 
65463 
65464 
65465 
65466 
65467 
65469 
65472 
65473 
65474 
65475 
65476 
65477 
65478 
65479 
65480 
65481 
65482 
65483 
65484 
65485 
65486 
65487 
65488 
65489 
65490 
65491 
65492 
65493 
65494 
65495 
65496 
65497 
65498 
65499 
65500 
65501 
65502 
65503 
65504 
65505 
65506 
65507 
65508 
65509 
65510 
65511 
65512 
65513 
65514 
65515 
65516 
65517 
65518 
65519 
65520 
65521 
65522 
65523 
65524 
65525 
65526 
65527 
65528 
65529 
65530 
65531 
65532 
65533 
65534 
65535 
)

// ************************************************************************* //
