/*--------------------------------*- C++ -*----------------------------------*\
  =========                 |
  \\      /  F ield         | OpenFOAM: The Open Source CFD Toolbox
   \\    /   O peration     | Website:  https://openfoam.org
    \\  /    A nd           | Version:  11
     \\/     M anipulation  |
\*---------------------------------------------------------------------------*/
FoamFile
{
    format      ascii;
    class       cellSet;
    location    "constant/polyMesh/sets";
    object      zeroVolumeCells;
}
// * * * * * * * * * * * * * * * * * * * * * * * * * * * * * * * * * * * * * //


21221
(
32823 
32825 
32826 
32829 
32830 
32831 
63 
32833 
65 
32834 
66 
32835 
32836 
68 
32837 
69 
32838 
70 
32839 
71 
32840 
32841 
73 
32842 
74 
32843 
75 
32844 
76 
32845 
77 
32846 
78 
32847 
79 
32848 
80 
32849 
81 
32850 
82 
32851 
83 
32852 
84 
32853 
85 
32854 
86 
32855 
87 
32856 
88 
32857 
89 
32858 
90 
32859 
91 
32860 
92 
32861 
93 
32862 
94 
32863 
95 
32864 
96 
32865 
97 
32866 
98 
32867 
99 
32868 
100 
32869 
101 
32870 
102 
32871 
103 
32872 
104 
32873 
105 
32874 
106 
32875 
107 
32876 
108 
32877 
109 
32878 
110 
32879 
111 
112 
113 
114 
115 
116 
117 
118 
119 
32943 
32945 
32946 
32948 
32949 
32950 
32951 
183 
32953 
185 
32954 
186 
32955 
32956 
188 
189 
32958 
190 
32959 
191 
32960 
32961 
193 
32962 
194 
32963 
195 
32964 
196 
32965 
197 
32966 
198 
32967 
199 
32968 
200 
32969 
201 
32970 
202 
32971 
203 
32972 
204 
32973 
205 
32974 
206 
32975 
207 
32976 
208 
32977 
209 
32978 
210 
32979 
211 
212 
32981 
213 
214 
32983 
215 
32984 
216 
32985 
217 
32986 
218 
219 
32988 
220 
32989 
221 
32990 
222 
32991 
223 
32992 
224 
32993 
225 
32994 
226 
32995 
227 
32996 
228 
32997 
229 
32998 
230 
32999 
231 
232 
233 
234 
235 
236 
237 
238 
239 
33063 
33065 
33066 
33068 
33069 
33070 
33071 
303 
33073 
305 
33074 
33075 
33076 
308 
33077 
309 
33078 
310 
33079 
311 
33080 
33081 
313 
33082 
314 
33083 
315 
33084 
316 
33085 
317 
33086 
318 
33087 
319 
33088 
320 
33089 
321 
33090 
322 
33091 
323 
33092 
324 
33093 
325 
33094 
326 
33095 
327 
33096 
328 
33097 
329 
33098 
330 
33099 
331 
33100 
332 
33101 
333 
33102 
334 
33103 
335 
33104 
336 
33105 
337 
33106 
338 
33107 
339 
33108 
340 
33109 
341 
33110 
342 
33111 
343 
33112 
344 
33113 
345 
33114 
346 
33115 
347 
33116 
348 
33117 
349 
33118 
350 
33119 
351 
352 
353 
354 
355 
356 
357 
358 
359 
33183 
33185 
33186 
33188 
33189 
33190 
33191 
423 
33193 
425 
33194 
426 
33195 
33196 
428 
33197 
429 
33198 
430 
33199 
431 
33200 
33201 
433 
33202 
434 
33203 
435 
33204 
436 
33205 
437 
33206 
438 
33207 
439 
33208 
440 
33209 
441 
33210 
442 
33211 
443 
33212 
444 
33213 
445 
33214 
446 
33215 
447 
33216 
448 
33217 
449 
33218 
450 
451 
33220 
452 
33221 
453 
454 
33223 
455 
33224 
456 
33225 
457 
33226 
458 
33228 
460 
33229 
461 
33230 
33231 
463 
33232 
464 
33233 
465 
33234 
466 
33235 
33236 
468 
33237 
469 
33238 
470 
33239 
471 
472 
473 
474 
475 
476 
477 
478 
479 
33305 
33306 
33308 
33309 
33310 
543 
33313 
545 
33314 
546 
33315 
33316 
548 
33317 
549 
33318 
550 
33319 
551 
33320 
33321 
553 
33322 
554 
33323 
555 
33324 
556 
33325 
557 
33326 
558 
33327 
559 
33328 
560 
33329 
561 
33330 
562 
33331 
563 
33332 
564 
33333 
565 
33334 
566 
33335 
567 
33336 
568 
33337 
569 
33338 
570 
33339 
571 
33340 
572 
33341 
573 
33342 
574 
33343 
575 
33344 
576 
33345 
577 
33346 
578 
33347 
33348 
580 
33349 
581 
33350 
33351 
583 
33352 
584 
33353 
585 
33354 
586 
33355 
33356 
588 
33357 
589 
33358 
590 
33359 
591 
592 
593 
594 
595 
596 
597 
598 
599 
33423 
33425 
33426 
33428 
33429 
33430 
663 
33433 
33434 
666 
33435 
33436 
668 
33437 
669 
33438 
670 
33439 
671 
33440 
33441 
673 
33442 
674 
33443 
675 
33444 
676 
33445 
677 
33446 
678 
33447 
679 
33448 
680 
33449 
681 
33450 
682 
33451 
683 
33452 
684 
33453 
685 
33454 
686 
33455 
687 
33456 
688 
33457 
689 
33458 
690 
691 
33460 
692 
33461 
693 
694 
33463 
695 
33464 
696 
33465 
697 
33466 
698 
699 
33468 
700 
33469 
701 
33470 
702 
33471 
703 
33472 
704 
33473 
705 
33474 
706 
33475 
707 
33476 
708 
33477 
709 
33478 
710 
33479 
711 
712 
713 
714 
715 
716 
717 
718 
719 
33543 
33545 
33546 
33548 
33549 
33550 
33551 
783 
33553 
785 
33554 
786 
33555 
33556 
788 
33557 
789 
33558 
790 
33559 
791 
33560 
33561 
793 
33562 
794 
33563 
795 
33564 
796 
33565 
797 
33566 
798 
33567 
799 
33568 
800 
33569 
801 
33570 
802 
33571 
803 
33572 
804 
33573 
805 
33574 
806 
33575 
807 
33576 
808 
33577 
809 
33578 
810 
811 
33580 
812 
33581 
813 
814 
33583 
815 
33584 
816 
33585 
817 
33586 
818 
33588 
820 
33589 
821 
33590 
33591 
823 
33592 
824 
33593 
825 
33594 
826 
33595 
33596 
828 
33597 
829 
33598 
830 
33599 
831 
832 
833 
834 
835 
836 
837 
838 
839 
33663 
33665 
33666 
33668 
33669 
33670 
33671 
903 
33673 
905 
33674 
906 
33675 
33676 
908 
909 
33678 
910 
33679 
911 
33680 
33681 
913 
33682 
914 
33683 
915 
33684 
916 
33685 
917 
33686 
918 
33687 
919 
33688 
920 
33689 
921 
33690 
922 
33691 
923 
33692 
924 
33693 
925 
33694 
926 
33695 
927 
33696 
928 
33697 
929 
33698 
930 
33699 
931 
33700 
932 
33701 
933 
33702 
934 
33703 
935 
33704 
936 
33705 
937 
33706 
938 
33707 
33708 
940 
33709 
941 
33710 
33711 
943 
33712 
944 
33713 
945 
33714 
946 
33715 
33716 
948 
33717 
949 
33718 
950 
33719 
951 
952 
953 
954 
955 
956 
957 
958 
959 
33783 
33785 
33786 
33789 
33790 
33791 
33793 
33794 
1026 
33795 
33796 
1028 
33797 
1029 
33798 
1030 
33799 
1031 
33800 
33801 
1033 
33802 
1034 
33803 
1035 
33804 
1036 
33805 
1037 
33806 
1038 
33807 
1039 
33808 
1040 
33809 
1041 
33810 
1042 
33811 
1043 
33812 
1044 
33813 
1045 
33814 
1046 
33815 
1047 
33816 
1048 
33817 
1049 
33818 
1050 
33819 
1051 
33820 
1052 
33821 
1053 
33822 
1054 
33823 
1055 
33824 
1056 
33825 
1057 
33826 
1058 
33827 
1059 
33828 
1060 
33829 
1061 
33830 
1062 
33831 
1063 
33832 
1064 
33833 
1065 
33834 
1066 
33835 
1067 
33836 
1068 
33837 
1069 
33838 
1070 
33839 
1071 
1072 
1073 
1074 
1075 
1076 
1077 
1078 
1079 
33903 
33905 
33906 
33908 
33910 
33911 
1143 
33913 
1145 
33914 
1146 
33915 
33916 
1148 
33917 
1149 
33918 
1150 
33919 
33920 
33921 
1153 
33922 
1154 
33923 
1155 
33924 
1156 
33925 
1157 
33926 
1158 
33927 
1159 
33928 
1160 
33929 
1161 
33930 
1162 
33931 
1163 
33932 
1164 
33933 
1165 
33934 
1166 
33935 
1167 
33936 
1168 
33937 
1169 
33938 
1170 
33939 
1171 
33940 
1172 
33941 
1173 
33942 
1174 
33943 
1175 
33944 
1176 
33945 
1177 
33946 
1178 
33947 
1179 
33948 
1180 
33949 
1181 
33950 
1182 
33951 
1183 
33952 
1184 
33953 
1185 
33954 
1186 
33955 
1187 
33956 
1188 
33957 
1189 
33958 
1190 
33959 
1191 
1192 
1193 
1194 
1195 
1196 
1197 
1198 
1199 
34023 
34025 
34026 
34028 
34029 
34030 
34031 
1263 
34033 
1265 
34034 
1266 
34035 
34036 
34037 
1269 
34038 
1270 
34039 
1271 
34040 
34041 
1273 
34042 
1274 
34043 
1275 
34044 
34045 
1277 
34046 
1278 
34047 
1279 
34048 
1280 
34049 
1281 
34050 
1282 
34051 
1283 
34052 
1284 
34053 
1285 
34054 
1286 
34055 
1287 
34056 
1288 
34057 
1289 
34058 
1290 
1291 
34060 
1292 
34061 
1293 
1294 
34063 
1295 
34064 
1296 
34065 
1297 
34066 
1298 
1299 
34068 
1300 
34069 
1301 
34070 
1302 
34071 
1303 
34072 
1304 
34073 
1305 
34074 
1306 
34075 
1307 
34076 
1308 
34077 
1309 
34078 
1310 
34079 
1311 
1312 
1313 
1314 
1315 
1316 
1317 
1318 
1319 
34143 
34145 
34146 
34148 
34149 
34151 
1383 
34153 
34154 
1386 
34155 
34156 
1388 
34157 
1389 
34158 
1390 
34159 
34160 
34161 
34162 
1394 
34163 
1395 
34164 
1396 
34165 
1397 
34166 
1398 
34167 
34168 
1400 
34169 
1401 
34170 
1402 
34171 
1403 
34172 
1404 
34173 
1405 
34174 
1406 
34175 
1407 
34176 
1408 
34177 
1409 
34178 
1410 
34179 
1411 
34180 
1412 
34181 
1413 
34182 
1414 
34183 
1415 
34184 
1416 
34185 
1417 
34186 
1418 
34187 
1419 
34188 
1420 
34189 
1421 
34190 
1422 
34191 
1423 
34192 
1424 
34193 
1425 
34194 
1426 
34195 
1427 
34196 
1428 
34197 
1429 
34198 
1430 
34199 
1431 
1432 
1433 
1434 
1435 
1436 
1437 
1438 
1439 
34263 
34266 
34268 
34269 
34270 
34271 
34273 
1505 
34274 
1506 
34275 
34276 
1508 
34277 
1509 
34278 
34279 
1511 
34280 
34281 
34282 
1514 
34283 
1515 
34284 
1516 
34285 
1517 
34286 
1518 
34287 
1519 
34288 
1520 
34289 
1521 
34290 
1522 
34291 
1523 
34292 
1524 
34293 
1525 
34294 
1526 
34295 
1527 
34296 
1528 
34297 
1529 
34298 
1530 
34299 
1531 
34300 
1532 
34301 
1533 
34302 
1534 
34303 
1535 
34304 
1536 
34305 
1537 
34306 
1538 
34307 
34308 
1540 
34309 
1541 
34310 
34311 
1543 
34312 
1544 
34313 
1545 
34314 
1546 
34315 
34316 
1548 
34317 
1549 
34318 
1550 
34319 
1551 
1552 
1553 
1554 
1555 
1556 
1557 
1558 
1559 
34383 
34385 
34386 
34388 
34389 
34391 
1623 
34393 
34394 
1626 
34395 
34396 
1628 
34397 
34398 
34399 
1631 
34400 
34401 
1633 
34402 
1634 
34403 
34404 
1636 
34405 
1637 
34406 
1638 
34407 
1639 
34408 
1640 
34409 
1641 
34410 
1642 
34411 
1643 
34412 
1644 
34413 
1645 
34414 
1646 
34415 
1647 
34416 
1648 
34417 
1649 
34418 
1650 
34419 
1651 
34420 
1652 
34421 
1653 
34422 
1654 
34423 
1655 
34424 
1656 
34425 
34426 
1658 
34427 
1659 
34428 
1660 
34429 
1661 
34430 
1662 
34431 
1663 
34432 
1664 
34433 
1665 
34434 
1666 
34435 
1667 
34436 
1668 
34437 
1669 
34438 
1670 
34439 
1671 
1672 
1673 
1674 
1675 
1676 
1677 
1678 
1679 
34503 
34505 
34506 
34508 
34509 
34510 
34511 
1743 
34513 
1745 
1746 
34515 
34516 
1748 
34517 
34518 
1750 
34519 
34520 
34521 
34522 
1754 
34523 
1755 
34524 
34525 
34526 
1758 
34527 
34528 
34529 
1761 
34530 
1762 
34531 
34532 
1764 
34533 
1765 
34534 
1766 
34535 
1767 
34536 
1768 
34537 
1769 
34538 
1770 
34539 
1771 
34540 
1772 
34541 
1773 
34542 
1774 
34543 
1775 
34544 
1776 
34545 
1777 
34546 
1778 
34547 
34548 
1780 
34549 
1781 
34550 
34551 
1783 
34552 
1784 
34553 
1785 
34554 
1786 
34555 
34556 
1788 
34557 
1789 
34558 
34559 
1791 
1793 
1794 
1795 
1796 
1797 
1798 
1799 
34623 
34625 
34626 
34628 
34629 
34630 
34631 
34633 
1865 
34634 
34635 
34636 
1868 
34637 
34638 
1870 
1871 
34640 
34641 
1873 
34642 
34643 
34644 
1876 
34645 
34646 
34647 
1879 
34648 
34649 
1881 
34650 
1882 
34651 
34652 
1884 
34653 
1885 
34654 
1886 
34655 
1887 
34656 
1888 
34657 
1889 
34658 
34659 
1891 
34660 
1892 
34661 
1893 
34662 
1894 
34663 
1895 
34664 
1896 
34665 
1897 
34666 
1898 
34667 
1899 
34668 
34669 
1901 
34670 
34671 
1903 
34672 
1904 
34673 
1905 
34674 
1906 
34675 
34676 
1908 
34677 
1909 
34678 
1910 
34679 
1911 
1912 
1914 
1915 
1916 
1917 
1918 
1919 
34746 
34748 
34749 
34750 
34751 
34753 
1985 
34754 
1986 
34755 
34756 
1988 
34757 
34758 
1990 
34759 
1991 
34760 
34761 
34762 
1994 
34763 
1995 
34764 
34765 
1997 
34766 
1998 
34767 
1999 
34768 
2000 
34769 
2001 
34770 
2002 
34771 
2003 
34772 
2004 
34773 
2005 
34774 
34775 
2007 
34776 
2008 
34777 
2009 
34778 
2010 
34779 
2011 
2012 
34781 
2013 
2014 
34783 
2015 
34784 
2016 
34785 
2017 
34786 
2018 
2019 
34788 
2020 
34789 
2021 
34790 
2022 
34791 
2023 
34792 
2024 
34793 
2025 
34794 
2026 
34795 
2027 
34796 
2028 
34797 
2029 
34798 
2030 
34799 
2031 
2032 
2033 
2034 
2035 
2036 
2037 
2038 
2039 
34863 
34865 
34866 
34868 
34869 
34870 
34871 
2103 
34873 
2105 
34874 
2106 
34875 
34876 
34877 
2109 
34878 
2110 
34879 
34880 
2113 
34882 
2114 
34883 
34884 
2116 
34885 
2117 
34886 
2118 
34887 
34888 
2120 
34889 
2121 
34890 
2122 
34891 
2123 
34892 
2124 
34893 
2125 
34894 
2126 
34895 
2127 
34896 
2128 
34897 
2129 
34898 
2130 
34899 
2131 
34900 
2132 
34901 
2133 
34902 
2134 
34903 
2135 
34904 
2136 
34905 
2137 
34906 
2138 
34907 
34908 
2140 
34909 
2141 
34910 
34911 
2143 
34912 
2144 
34913 
2145 
34914 
2146 
34915 
34916 
2148 
34917 
2149 
34918 
2150 
34919 
2151 
2152 
2153 
2154 
2155 
2156 
2157 
2158 
2159 
34983 
34985 
34986 
34988 
34989 
34990 
34991 
2223 
34993 
2225 
34994 
34995 
34996 
2228 
34997 
2229 
34998 
34999 
2231 
35000 
35001 
2233 
35002 
35003 
2235 
35004 
2236 
35005 
2237 
35006 
2238 
35007 
35008 
2240 
35009 
2241 
35010 
2242 
35011 
2243 
35012 
2244 
35013 
2245 
35014 
2246 
35015 
2247 
35016 
2248 
35017 
2249 
35018 
2250 
35019 
2251 
35020 
2252 
35021 
2253 
35022 
2254 
35023 
2255 
35024 
2256 
35025 
2257 
35026 
2258 
35027 
35028 
2260 
35029 
2261 
35030 
35031 
2263 
35032 
2264 
35033 
2265 
35034 
2266 
35035 
35036 
2268 
35037 
2269 
35038 
2270 
35039 
2271 
2272 
2273 
2274 
2275 
2276 
2277 
2278 
2279 
35103 
35105 
35106 
35108 
35109 
35110 
35111 
35113 
35114 
35115 
35116 
2348 
35117 
2349 
35118 
2350 
35119 
35120 
35121 
2353 
35122 
2354 
35123 
2355 
35124 
2356 
35125 
2357 
35126 
2358 
35127 
2359 
35128 
35129 
2361 
35130 
2362 
35131 
2363 
35132 
2364 
35133 
2365 
35134 
2366 
35135 
2367 
35136 
2368 
35137 
2369 
35138 
2370 
35139 
2371 
35140 
2372 
35141 
2373 
35142 
2374 
35143 
2375 
35144 
2376 
35145 
2377 
35146 
2378 
35147 
2379 
35148 
2380 
35149 
2381 
35150 
2382 
35151 
2383 
35152 
2384 
35153 
2385 
35154 
2386 
35155 
2387 
35156 
2388 
35157 
2389 
35158 
2390 
35159 
2391 
2392 
2393 
2394 
2395 
2396 
2397 
2398 
2399 
35225 
35226 
35228 
35229 
35230 
35231 
2463 
2465 
35234 
35235 
35236 
2468 
35237 
2469 
35238 
35239 
35240 
35241 
2473 
35242 
2474 
35243 
35244 
2476 
35245 
2477 
35246 
2478 
35247 
35248 
2480 
35249 
2481 
35250 
2482 
35251 
2483 
35252 
2484 
35253 
2485 
35254 
2486 
35255 
2487 
35256 
2488 
35257 
2489 
35258 
2490 
35259 
2491 
35260 
2492 
35261 
2493 
35262 
2494 
35263 
2495 
35264 
2496 
35265 
2497 
35266 
2498 
35267 
2499 
35268 
2500 
35269 
2501 
35270 
2502 
35271 
2503 
35272 
2504 
35273 
2505 
35274 
2506 
35275 
2507 
35276 
2508 
35277 
2509 
35278 
2510 
35279 
2511 
2512 
2513 
2514 
2515 
2516 
2517 
2518 
2519 
35343 
35345 
35346 
35348 
35349 
35350 
35351 
2583 
35353 
2585 
35354 
2586 
35355 
35356 
35357 
2589 
35358 
2590 
35359 
2591 
35360 
35361 
2593 
35362 
2594 
35363 
2595 
35364 
2596 
35365 
2597 
35366 
2598 
35367 
2599 
35368 
2600 
35369 
2601 
35370 
2602 
35371 
2603 
35372 
2604 
35373 
2605 
35374 
2606 
35375 
2607 
35376 
2608 
35377 
2609 
35378 
2610 
2611 
35380 
2612 
35381 
2613 
2614 
35383 
2615 
35384 
2616 
35385 
2617 
35386 
2618 
2619 
35388 
2620 
35389 
2621 
35390 
2622 
35391 
2623 
35392 
2624 
35393 
2625 
35394 
2626 
35395 
2627 
35396 
2628 
35397 
2629 
35398 
2630 
35399 
2631 
2632 
2633 
2634 
2635 
2636 
2637 
2638 
2639 
35463 
35466 
35468 
35469 
35470 
35471 
2703 
35473 
2705 
35474 
2706 
35475 
35476 
2708 
35477 
2709 
35478 
2710 
35479 
2711 
35480 
35481 
2713 
35482 
2714 
35483 
35484 
2716 
35485 
2717 
35486 
2718 
35487 
2719 
35488 
2720 
35489 
2721 
35490 
2722 
35491 
2723 
35492 
2724 
35493 
2725 
35494 
2726 
35495 
2727 
35496 
2728 
35497 
2729 
35498 
2730 
35499 
2731 
35500 
2732 
35501 
2733 
35502 
2734 
35503 
2735 
35504 
2736 
35505 
2737 
35506 
2738 
35507 
2739 
35508 
2740 
35509 
2741 
35510 
2742 
35511 
2743 
35512 
2744 
35513 
2745 
35514 
2746 
35515 
2747 
35516 
2748 
35517 
2749 
35518 
2750 
35519 
2751 
2752 
2753 
2754 
2755 
2756 
2757 
2758 
2759 
35585 
35586 
35588 
35590 
35591 
2823 
35593 
2825 
35594 
35595 
35596 
2828 
35597 
2829 
35598 
2830 
35599 
2831 
35600 
35601 
2833 
35602 
2834 
35603 
2835 
35604 
2836 
35605 
2837 
35606 
2838 
35607 
2839 
35608 
2840 
35609 
2841 
35610 
2842 
35611 
2843 
35612 
2844 
35613 
2845 
35614 
2846 
35615 
2847 
35616 
2848 
35617 
2849 
35618 
2850 
35619 
2851 
35620 
2852 
35621 
2853 
35622 
2854 
35623 
2855 
35624 
2856 
35625 
2857 
35626 
2858 
35627 
2859 
35628 
2860 
35629 
2861 
35630 
2862 
35631 
2863 
35632 
2864 
35633 
2865 
35634 
2866 
35635 
2867 
35636 
2868 
35637 
2869 
35638 
2870 
35639 
2871 
2872 
2873 
2874 
2875 
2876 
2877 
2878 
2879 
35703 
35705 
35706 
35708 
35709 
35710 
35711 
2943 
35713 
2945 
35714 
2946 
35715 
35716 
2948 
35717 
2949 
35718 
2950 
35719 
2951 
35720 
35721 
2953 
35722 
2954 
35723 
2955 
35724 
2956 
35725 
2957 
35726 
2958 
35727 
2959 
35728 
2960 
35729 
2961 
35730 
2962 
35731 
2963 
35732 
2964 
35733 
2965 
35734 
2966 
35735 
2967 
35736 
2968 
35737 
2969 
35738 
2970 
35739 
2971 
2972 
35741 
2973 
2974 
35743 
2975 
35744 
2976 
35745 
2977 
35746 
2978 
2979 
35748 
2980 
35749 
2981 
35750 
2982 
35751 
2983 
35752 
2984 
35753 
2985 
35754 
2986 
35755 
2987 
35756 
2988 
35757 
2989 
35758 
2990 
35759 
2991 
2992 
2993 
2994 
2995 
2996 
2997 
2998 
2999 
35823 
35825 
35826 
35828 
35829 
35830 
35831 
3063 
35833 
3065 
35834 
3066 
35835 
35836 
3068 
35837 
35838 
3070 
35839 
3071 
35840 
35841 
3073 
35842 
3074 
35843 
3075 
35844 
3076 
35845 
3077 
35846 
3078 
35847 
3079 
35848 
3080 
35849 
3081 
35850 
3082 
35851 
3083 
35852 
3084 
35853 
3085 
35854 
3086 
35855 
3087 
35856 
3088 
35857 
3089 
35858 
3090 
3091 
35860 
3092 
35861 
3093 
3094 
35863 
3095 
35864 
3096 
35865 
3097 
35866 
3098 
3099 
35868 
3100 
35869 
3101 
35870 
3102 
35871 
3103 
35872 
3104 
35873 
3105 
35874 
3106 
35875 
3107 
35876 
3108 
35877 
3109 
35878 
3110 
35879 
3111 
3112 
3113 
3114 
3115 
3116 
3117 
3118 
3119 
35943 
35945 
35946 
35948 
35949 
35950 
35951 
35953 
3185 
3186 
35955 
35956 
3188 
35957 
3189 
35958 
3190 
35959 
3191 
35960 
35961 
3193 
35962 
3194 
35963 
35964 
3196 
35965 
3197 
35966 
3198 
35967 
3199 
35968 
3200 
35969 
3201 
35970 
3202 
35971 
3203 
35972 
3204 
35973 
3205 
35974 
3206 
35975 
3207 
35976 
3208 
35977 
3209 
35978 
3210 
35979 
3211 
3212 
35981 
3213 
3214 
35983 
3215 
35984 
3216 
35985 
3217 
35986 
3218 
3219 
35988 
3220 
35989 
3221 
35990 
3222 
35991 
3223 
35992 
3224 
35993 
3225 
35994 
3226 
35995 
3227 
35996 
3228 
35997 
3229 
35998 
3230 
35999 
3231 
3232 
3233 
3234 
3235 
3236 
3237 
3238 
3239 
36063 
36065 
36066 
36068 
36069 
36070 
36071 
36073 
3305 
36074 
3306 
36075 
36076 
36077 
3309 
36078 
3310 
36079 
3311 
36080 
36081 
3313 
36082 
3314 
36083 
3315 
36084 
3316 
36085 
3317 
36086 
3318 
36087 
3319 
36088 
3320 
36089 
3321 
36090 
3322 
36091 
3323 
36092 
3324 
36093 
3325 
36094 
3326 
36095 
3327 
36096 
3328 
36097 
3329 
36098 
3330 
36099 
3331 
36100 
3332 
36101 
3333 
36102 
3334 
36103 
3335 
36104 
3336 
36105 
3337 
36106 
3338 
36107 
3339 
36108 
3340 
36109 
3341 
36110 
3342 
36111 
3343 
36112 
3344 
36113 
3345 
36114 
3346 
36115 
3347 
36116 
3348 
36117 
3349 
36118 
3350 
36119 
3351 
3352 
3353 
3354 
3355 
3356 
3357 
3358 
3359 
36183 
36185 
36186 
36188 
36189 
36190 
36191 
3423 
36193 
36194 
3426 
36195 
36196 
3428 
36197 
3429 
36198 
36199 
3431 
36200 
36201 
3433 
36202 
3434 
36203 
3435 
36204 
3436 
36205 
3437 
36206 
3438 
36207 
3439 
36208 
3440 
36209 
3441 
36210 
3442 
36211 
3443 
36212 
3444 
36213 
3445 
36214 
3446 
36215 
3447 
36216 
3448 
36217 
3449 
36218 
3450 
36219 
3451 
36220 
3452 
36221 
3453 
36222 
3454 
36223 
3455 
36224 
3456 
36225 
3457 
36226 
3458 
36227 
3459 
36228 
3460 
36229 
3461 
36230 
3462 
36231 
3463 
36232 
3464 
36233 
3465 
36234 
3466 
36235 
3467 
36236 
3468 
36237 
3469 
36238 
3470 
36239 
3471 
3472 
3473 
3474 
3475 
3476 
3477 
3478 
3479 
36303 
36305 
36306 
36308 
36309 
36311 
3543 
36313 
3545 
36314 
3546 
36315 
36316 
36317 
3549 
36318 
3550 
36319 
3551 
36320 
36321 
3553 
36322 
3554 
36323 
3555 
36324 
3556 
36325 
3557 
36326 
3558 
36327 
3559 
36328 
3560 
36329 
3561 
36330 
3562 
36331 
3563 
36332 
3564 
36333 
3565 
36334 
3566 
36335 
3567 
36336 
3568 
36337 
3569 
36338 
3570 
36339 
3571 
36340 
3572 
36341 
3573 
36342 
3574 
36343 
3575 
36344 
3576 
36345 
3577 
36346 
3578 
36347 
36348 
3580 
36349 
3581 
36350 
36351 
3583 
36352 
3584 
36353 
3585 
36354 
3586 
36355 
36356 
3588 
36357 
3589 
36358 
3590 
36359 
3591 
3592 
3593 
3594 
3595 
3596 
3597 
3598 
3599 
36423 
36425 
36426 
36428 
36429 
36430 
36431 
3663 
36433 
36434 
3666 
36435 
36436 
3668 
36437 
3669 
36438 
3670 
36439 
3671 
36440 
36441 
3673 
36442 
3674 
36443 
3675 
36444 
3676 
36445 
3677 
36446 
3678 
36447 
3679 
36448 
3680 
36449 
3681 
36450 
3682 
36451 
3683 
36452 
3684 
36453 
3685 
36454 
3686 
36455 
3687 
36456 
3688 
36457 
3689 
36458 
3690 
36459 
3691 
36460 
3692 
36461 
3693 
36462 
3694 
36463 
3695 
36464 
3696 
36465 
3697 
36466 
3698 
36467 
36468 
3700 
36469 
3701 
36470 
36471 
3703 
36472 
3704 
36473 
3705 
36474 
3706 
36475 
36476 
3708 
36477 
3709 
36478 
3710 
36479 
3711 
3712 
3713 
3714 
3715 
3716 
3717 
3718 
3719 
36543 
36545 
36546 
36549 
36550 
36551 
3783 
36553 
3785 
36554 
3786 
36555 
36556 
36557 
3789 
36558 
3790 
36559 
3791 
36560 
36561 
3793 
36562 
3794 
36563 
3795 
36564 
3796 
36565 
36566 
3798 
36567 
3799 
36568 
3800 
36569 
3801 
36570 
3802 
36571 
3803 
36572 
3804 
36573 
3805 
36574 
3806 
36575 
3807 
36576 
3808 
36577 
3809 
36578 
3810 
36579 
3811 
36580 
3812 
36581 
3813 
36582 
3814 
36583 
3815 
36584 
3816 
36585 
3817 
36586 
3818 
36587 
36588 
3820 
36589 
3821 
36590 
36591 
3823 
36592 
3824 
36593 
3825 
36594 
3826 
36595 
36596 
3828 
36597 
3829 
36598 
3830 
36599 
3831 
3832 
3833 
3834 
3836 
3837 
3838 
3839 
36663 
36665 
36668 
36669 
36670 
36673 
3905 
36674 
3906 
36675 
36676 
3908 
36677 
36678 
3910 
36679 
3911 
36680 
36681 
3913 
36682 
3914 
36683 
3915 
36684 
3916 
36685 
3917 
36686 
3918 
36687 
3919 
36688 
3920 
36689 
3921 
36690 
3922 
36691 
3923 
36692 
3924 
36693 
3925 
36694 
3926 
36695 
3927 
36696 
3928 
36697 
3929 
36698 
3930 
36699 
3931 
36700 
3932 
36701 
3933 
36702 
3934 
36703 
3935 
36704 
3936 
36705 
3937 
36706 
3938 
36707 
3939 
36708 
3940 
36709 
3941 
36710 
3942 
36711 
3943 
36712 
3944 
36713 
3945 
36714 
3946 
36715 
3947 
36716 
3948 
36717 
3949 
36718 
3950 
36719 
3951 
3952 
3953 
3954 
3955 
3956 
3957 
3958 
3959 
36783 
36785 
36789 
36790 
36791 
4023 
36793 
4025 
36794 
4026 
36795 
36796 
4028 
36797 
36798 
4030 
36799 
4031 
36800 
36801 
4033 
36802 
4034 
36803 
4035 
36804 
4036 
36805 
4037 
36806 
4038 
36807 
4039 
36808 
4040 
36809 
4041 
36810 
4042 
36811 
4043 
36812 
4044 
36813 
4045 
36814 
4046 
36815 
4047 
36816 
4048 
36817 
4049 
36818 
4050 
4051 
36820 
4052 
36821 
4053 
4054 
36823 
4055 
36824 
4056 
36825 
4057 
36826 
4058 
36828 
4060 
36829 
4061 
36830 
36831 
4063 
36832 
4064 
36833 
4065 
36834 
4066 
36835 
36836 
4068 
36837 
4069 
36838 
4070 
36839 
4071 
4072 
4073 
4074 
4075 
4076 
4077 
4078 
4079 
36903 
36905 
36906 
36908 
36909 
36910 
36911 
4143 
36913 
36914 
4146 
36915 
36916 
4148 
4149 
36918 
4150 
36919 
4151 
36920 
36921 
4153 
36922 
4154 
36923 
4155 
36924 
4156 
36925 
4157 
36926 
4158 
36927 
4159 
36928 
4160 
36929 
4161 
36930 
4162 
36931 
4163 
36932 
4164 
36933 
4165 
36934 
4166 
36935 
4167 
36936 
36937 
4169 
36938 
4170 
36939 
4171 
36940 
4172 
36941 
4173 
36942 
4174 
36943 
4175 
36944 
4176 
36945 
4177 
36946 
4178 
36947 
36948 
4180 
36949 
4181 
36950 
36951 
4183 
36952 
4184 
36953 
4185 
36954 
4186 
36955 
36956 
4188 
36957 
4189 
36958 
4190 
36959 
4191 
4192 
4193 
4194 
4195 
4196 
4197 
4198 
4199 
37026 
37029 
37030 
37031 
4263 
37033 
37034 
4266 
37035 
37036 
4268 
37038 
4270 
37039 
4271 
37040 
37041 
4273 
37042 
4274 
37043 
4275 
37044 
4276 
37045 
4277 
37046 
4278 
37047 
4279 
37048 
4280 
37049 
4281 
37050 
4282 
37051 
4283 
37052 
4284 
37053 
4285 
37054 
4286 
37055 
4287 
37056 
4288 
37057 
4289 
37058 
4290 
37059 
4291 
37060 
4292 
37061 
4293 
37062 
4294 
37063 
4295 
37064 
4296 
37065 
4297 
37066 
4298 
37067 
37068 
4300 
37069 
4301 
37070 
37071 
4303 
37072 
4304 
37073 
4305 
37074 
4306 
37075 
37076 
4308 
37077 
4309 
37078 
4310 
37079 
4311 
4312 
4313 
4314 
4315 
4316 
4317 
4318 
4319 
37143 
37145 
37146 
37148 
37149 
37151 
4383 
37153 
4385 
37154 
37155 
37156 
4388 
37157 
4389 
37158 
4390 
37159 
4391 
37160 
37161 
4393 
37162 
4394 
37163 
4395 
37164 
4396 
37165 
4397 
37166 
4398 
37167 
4399 
37168 
4400 
37169 
4401 
37170 
4402 
37171 
4403 
37172 
4404 
37173 
4405 
37174 
4406 
37175 
4407 
37176 
4408 
37177 
4409 
37178 
4410 
37179 
4411 
37180 
4412 
37181 
4413 
37182 
4414 
37183 
4415 
37184 
4416 
37185 
4417 
37186 
4418 
37187 
4419 
37188 
4420 
37189 
4421 
37190 
4422 
37191 
4423 
37192 
4424 
37193 
4425 
37194 
4426 
37195 
4427 
37196 
4428 
37197 
4429 
37198 
4430 
37199 
4431 
4432 
4433 
4434 
4435 
4436 
4437 
4438 
4439 
37263 
37266 
37268 
37269 
37270 
37271 
4503 
37273 
4505 
37274 
4506 
37275 
37276 
4508 
37277 
4509 
37278 
37279 
4511 
37280 
37281 
4513 
37282 
4514 
37283 
4515 
37284 
4516 
37285 
4517 
37286 
4518 
37287 
4519 
37288 
4520 
37289 
4521 
37290 
4522 
37291 
4523 
37292 
4524 
37293 
4525 
37294 
4526 
37295 
4527 
37296 
4528 
37297 
4529 
37298 
4530 
4531 
37300 
4532 
37301 
4533 
4534 
37303 
4535 
37304 
4536 
4537 
37306 
4538 
37308 
4540 
37309 
4541 
37310 
37311 
4543 
37312 
4544 
37313 
4545 
37314 
4546 
37315 
37316 
4548 
37317 
4549 
37318 
4550 
37319 
4551 
4552 
4553 
4554 
4555 
4556 
4557 
4558 
4559 
37383 
37386 
37390 
37391 
37393 
4625 
37394 
4626 
37395 
37396 
4628 
37397 
4629 
37398 
4630 
37399 
4631 
37400 
4633 
37402 
4634 
37403 
4635 
37404 
4636 
37405 
4637 
37406 
4638 
37407 
4639 
37408 
4640 
37409 
4641 
37410 
4642 
37411 
4643 
37412 
4644 
37413 
4645 
37414 
4646 
37415 
4647 
37416 
4648 
37417 
4649 
37418 
4650 
37419 
4651 
37420 
4652 
37421 
4653 
37422 
4654 
37423 
4655 
37424 
4656 
37425 
4657 
37426 
4658 
37427 
4659 
37428 
4660 
37429 
4661 
37430 
4662 
37431 
4663 
37432 
4664 
37433 
4665 
37434 
4666 
37435 
4667 
37436 
4668 
37437 
4669 
37438 
4670 
37439 
4671 
4672 
4673 
4674 
4675 
4676 
4677 
4678 
4679 
37503 
37506 
37509 
37510 
37511 
4743 
37513 
4745 
37514 
4746 
37515 
37516 
37517 
4749 
37518 
4750 
37519 
4751 
37520 
4753 
37522 
4754 
37523 
4755 
37524 
4756 
37525 
4757 
37526 
4758 
37527 
4759 
37528 
4760 
37529 
4761 
37530 
4762 
37531 
4763 
37532 
4764 
37533 
4765 
37534 
4766 
37535 
4767 
37536 
4768 
37537 
4769 
37538 
4770 
37539 
4771 
37540 
4772 
37541 
4773 
37542 
4774 
37543 
4775 
37544 
4776 
37545 
4777 
37546 
4778 
37547 
4779 
37548 
4780 
37549 
4781 
37550 
4782 
37551 
4783 
37552 
4784 
37553 
4785 
37554 
4786 
37555 
4787 
37556 
4788 
37557 
4789 
37558 
4790 
37559 
4791 
4792 
4793 
4794 
4795 
4796 
4797 
4798 
4799 
37623 
37625 
37628 
37629 
37630 
37631 
4863 
4865 
37634 
4866 
37635 
37636 
4868 
37637 
4869 
37638 
4870 
37639 
4871 
37640 
37641 
4873 
37642 
37643 
4875 
37644 
4876 
37645 
4877 
37646 
4878 
37647 
4879 
37648 
4880 
37649 
4881 
37650 
4882 
37651 
4883 
37652 
4884 
37653 
4885 
37654 
4886 
37655 
4887 
37656 
4888 
37657 
4889 
4890 
37659 
4891 
4892 
37661 
4893 
4894 
37663 
4895 
37664 
4896 
37665 
4897 
37666 
4898 
4899 
37668 
4900 
37669 
4901 
37670 
4902 
37671 
4903 
37672 
4904 
37673 
4905 
37674 
4906 
37675 
4907 
37676 
4908 
37677 
4909 
37678 
4910 
37679 
4911 
4912 
4913 
4914 
4915 
4916 
4917 
4918 
4919 
37745 
37748 
37749 
37750 
37751 
4983 
37753 
4985 
37754 
4986 
37755 
37756 
37757 
4989 
37758 
4990 
37759 
4991 
37760 
37761 
4993 
4994 
37763 
4995 
37764 
4996 
37765 
4997 
37766 
4998 
37767 
4999 
37768 
5000 
37769 
5001 
37770 
5002 
37771 
5003 
37772 
5004 
37773 
5005 
37774 
5006 
37775 
5007 
37776 
5008 
37777 
5009 
37778 
5010 
37779 
5011 
37780 
5012 
37781 
5013 
37782 
5014 
37783 
5015 
37784 
5016 
37785 
5017 
37786 
5018 
37787 
37788 
5020 
37789 
5021 
37790 
37791 
5023 
37792 
5024 
37793 
5025 
37794 
5026 
37795 
37796 
5028 
37797 
5029 
37798 
5030 
37799 
5031 
5032 
5033 
5034 
5035 
5036 
5037 
5038 
5039 
37863 
37865 
37866 
37868 
37869 
37870 
37871 
5103 
37873 
5105 
37874 
5106 
37875 
37876 
37877 
5109 
37878 
5110 
37879 
5111 
37880 
37881 
5113 
5114 
37883 
5115 
37884 
37885 
5117 
37886 
5118 
37887 
5119 
37888 
5120 
37889 
5121 
37890 
5122 
37891 
5123 
37892 
5124 
37893 
5125 
37894 
5126 
37895 
5127 
37896 
5128 
37897 
5129 
37898 
5130 
37899 
5131 
37900 
5132 
37901 
5133 
37902 
5134 
37903 
5135 
37904 
5136 
37905 
5137 
37906 
5138 
37907 
5139 
37908 
5140 
37909 
5141 
37910 
5142 
37911 
37912 
5144 
37913 
5145 
37914 
5146 
37915 
37916 
5148 
37917 
5149 
37918 
5150 
37919 
5151 
5152 
5153 
5154 
5155 
5156 
5157 
5158 
5159 
37983 
37985 
37988 
37990 
37991 
37993 
37994 
37995 
37996 
37997 
37999 
5231 
38000 
38001 
38002 
38003 
38004 
38005 
38006 
38007 
38008 
38009 
38010 
38011 
38012 
38013 
38014 
38015 
38016 
38017 
38019 
38020 
38021 
38023 
38024 
38025 
38026 
38028 
38029 
38030 
38031 
38032 
5264 
38033 
38034 
5266 
38035 
38036 
38037 
5269 
38038 
38039 
5271 
5272 
5273 
5274 
5275 
5276 
5277 
5278 
5279 
38103 
38105 
38106 
38108 
38109 
38110 
38111 
38113 
38114 
5346 
38115 
38117 
5349 
38118 
5350 
38119 
5351 
38120 
5352 
38121 
38122 
5354 
38123 
5355 
38124 
5356 
38125 
5357 
38126 
5358 
38127 
5359 
38128 
5360 
38129 
5361 
38130 
5362 
38131 
5363 
38132 
5364 
38133 
5365 
38134 
5366 
38135 
5367 
38136 
5368 
38137 
5369 
38138 
5370 
38139 
5371 
38140 
5372 
38141 
5373 
38142 
5374 
38143 
5375 
38144 
5376 
38145 
5377 
38146 
5378 
38147 
5379 
38148 
38149 
5381 
38150 
5382 
38151 
38152 
5384 
38153 
5385 
38154 
5386 
38155 
5387 
38156 
38157 
5389 
38158 
5390 
38159 
5391 
5392 
5393 
5394 
5395 
5396 
5397 
5398 
5399 
38225 
38228 
38229 
38230 
38231 
5464 
38233 
38234 
38235 
38236 
38237 
5469 
38238 
5470 
38239 
5471 
38240 
5472 
38241 
38242 
5474 
38243 
5475 
38244 
5476 
38245 
5477 
38246 
5478 
38247 
5479 
38248 
5480 
38249 
5481 
38250 
5482 
38251 
5483 
38252 
5484 
38253 
5485 
38254 
5486 
38255 
5487 
38256 
5488 
38257 
38258 
5490 
38259 
5491 
38260 
5492 
38261 
5493 
38262 
5494 
38263 
5495 
38264 
5496 
38265 
5497 
38266 
5498 
38267 
5499 
38268 
5500 
38269 
5501 
38270 
5502 
38271 
5503 
38272 
5504 
38273 
5505 
38274 
5506 
38275 
5507 
38276 
5508 
38277 
5509 
38278 
5510 
38279 
5511 
5512 
5513 
5514 
5515 
5516 
5517 
5518 
5519 
38346 
38349 
38350 
38351 
5584 
38353 
38354 
5586 
38355 
38356 
5588 
38357 
5589 
38358 
5590 
38359 
5591 
38360 
5592 
38361 
38362 
5594 
38363 
5595 
38364 
5596 
38365 
5597 
38366 
5598 
38367 
5599 
38368 
5600 
38369 
5601 
38370 
5602 
38371 
5603 
38372 
5604 
38373 
5605 
38374 
5606 
38375 
5607 
38376 
5608 
38377 
5609 
5610 
38379 
5611 
5612 
38381 
5613 
5614 
38383 
5615 
38384 
5616 
38385 
5617 
38386 
5618 
5619 
38388 
5620 
38389 
5621 
5622 
38391 
5623 
38392 
5624 
38393 
5625 
38394 
5626 
38395 
5627 
38396 
5628 
38397 
5629 
38398 
5630 
38399 
5631 
5632 
5633 
5634 
5635 
5636 
5637 
5638 
5639 
38463 
38465 
38468 
38469 
38470 
5704 
38473 
38474 
5706 
38476 
5708 
38477 
5709 
38478 
5710 
38479 
5711 
38480 
5712 
38481 
38482 
5714 
38483 
5715 
38484 
5716 
38485 
5717 
38486 
5718 
38487 
5719 
38488 
5720 
38489 
5721 
38490 
5722 
38491 
5723 
38492 
5724 
38493 
5725 
38494 
5726 
38495 
5727 
38496 
5728 
38497 
5729 
38498 
5730 
38499 
5731 
38500 
5732 
38501 
5733 
38502 
5734 
38503 
5735 
38504 
5736 
38505 
5737 
38506 
5738 
38507 
5739 
38508 
5740 
38509 
5741 
38510 
5742 
38511 
5743 
38512 
5744 
38513 
5745 
38514 
5746 
38515 
5747 
38516 
5748 
38517 
5749 
38518 
5750 
38519 
5751 
5752 
5753 
5754 
5755 
5756 
5757 
5758 
5759 
38586 
38588 
38590 
38591 
5824 
38593 
38594 
5826 
38596 
5828 
38597 
5829 
38598 
5830 
38599 
5831 
38600 
5832 
38601 
38602 
5834 
38603 
5835 
38604 
5836 
38605 
5837 
38606 
5838 
38607 
5839 
38608 
5840 
38609 
5841 
38610 
5842 
38611 
5843 
38612 
5844 
38613 
5845 
38614 
5846 
38615 
5847 
38616 
5848 
38617 
5849 
38618 
5850 
38619 
5851 
5852 
38621 
5853 
5854 
38623 
5855 
38624 
5856 
38625 
38626 
5858 
5859 
38628 
5860 
38629 
5861 
38630 
5862 
38631 
38632 
5864 
38633 
5865 
38634 
5866 
38635 
5867 
38636 
5868 
38637 
5869 
38638 
38639 
5871 
5872 
5873 
5874 
5875 
5876 
5877 
5878 
5879 
38703 
38705 
38710 
38711 
5944 
38713 
38714 
5946 
38715 
38716 
38717 
5949 
38718 
5950 
38719 
5951 
38720 
5952 
38721 
38722 
5954 
38723 
5955 
38724 
5956 
38725 
5957 
38726 
5958 
38727 
5959 
38728 
5960 
38729 
5961 
38730 
5962 
38731 
5963 
38732 
5964 
38733 
5965 
38734 
5966 
38735 
5967 
38736 
5968 
38737 
5969 
38738 
5970 
38739 
5971 
38740 
5972 
38741 
5973 
38742 
5974 
38743 
5975 
38744 
5976 
38745 
5977 
38746 
5978 
38747 
5979 
38748 
5980 
38749 
5981 
38750 
5982 
38751 
5983 
38752 
5984 
38753 
5985 
38754 
5986 
38755 
5987 
38756 
5988 
38757 
5989 
38758 
5990 
38759 
5991 
5992 
5993 
5994 
5995 
5996 
5997 
5998 
5999 
38825 
38828 
38829 
38830 
38831 
6064 
38833 
6066 
38835 
38836 
6068 
38837 
38838 
6070 
38839 
6071 
38840 
6072 
38841 
38842 
6074 
38843 
6075 
38844 
6076 
38845 
6077 
38846 
6078 
38847 
6079 
38848 
6080 
38849 
6081 
38850 
6082 
38851 
6083 
38852 
6084 
38853 
6085 
38854 
6086 
38855 
6087 
38856 
6088 
38857 
6089 
38858 
6090 
38859 
6091 
38860 
6092 
38861 
6093 
38862 
6094 
38863 
6095 
38864 
6096 
38865 
6097 
38866 
6098 
38867 
6099 
38868 
6100 
38869 
6101 
38870 
6102 
38871 
6103 
38872 
6104 
38873 
6105 
38874 
6106 
38875 
6107 
38876 
6108 
38877 
6109 
38878 
6110 
38879 
6111 
6112 
6113 
6114 
6115 
6116 
6117 
6118 
6119 
38945 
38946 
38948 
38949 
38950 
38951 
6184 
38953 
6186 
38955 
38956 
6188 
38957 
38958 
6190 
38959 
6191 
38960 
6192 
38961 
38962 
6194 
38963 
6195 
38964 
6196 
38965 
6197 
38966 
38967 
6199 
38968 
6200 
38969 
6201 
38970 
6202 
38971 
6203 
38972 
6204 
38973 
6205 
38974 
6206 
38975 
6207 
38976 
6208 
38977 
6209 
38978 
6210 
6211 
38980 
6212 
6213 
38982 
6214 
38983 
6215 
38984 
6216 
38985 
6217 
6218 
38987 
6219 
38988 
6220 
38989 
6221 
38990 
6222 
38991 
6223 
38992 
6224 
38993 
6225 
38994 
6226 
38995 
6227 
38996 
6228 
38997 
6229 
38998 
6230 
38999 
6231 
6232 
6233 
6234 
6235 
6236 
6237 
6238 
6239 
39063 
39065 
39068 
39069 
39070 
6304 
39073 
39074 
39075 
39076 
6308 
39077 
39078 
6310 
39079 
6311 
39080 
6312 
39081 
39082 
6314 
39083 
6315 
39084 
6316 
39085 
6317 
39086 
6318 
39087 
6319 
39088 
6320 
39089 
6321 
39090 
6322 
39091 
6323 
39092 
6324 
39093 
6325 
39094 
6326 
39095 
6327 
39096 
6328 
39097 
6329 
6330 
39099 
6331 
6332 
39101 
6333 
6334 
39103 
6335 
39104 
6336 
39105 
6337 
39106 
6338 
6339 
39108 
39109 
6341 
39110 
6342 
39111 
39112 
6344 
39113 
6345 
39114 
6346 
39115 
6347 
39116 
39117 
6349 
39118 
6350 
39119 
6351 
6352 
6353 
6354 
6355 
6356 
6357 
6358 
6359 
39183 
39185 
39186 
39189 
39190 
39191 
6424 
39193 
39194 
6426 
39195 
39196 
6428 
39197 
6429 
39198 
6430 
39199 
6431 
39200 
6432 
39201 
39202 
6434 
39203 
6435 
39204 
6436 
39205 
6437 
39206 
6438 
39207 
6439 
39208 
6440 
39209 
6441 
6442 
39211 
6443 
39212 
6444 
39213 
6445 
39214 
6446 
39215 
6447 
39216 
6448 
39217 
6449 
39218 
6450 
39219 
6451 
39220 
6452 
39221 
6453 
39222 
6454 
39223 
6455 
39224 
6456 
39225 
6457 
39226 
6458 
39227 
6459 
39228 
6460 
39229 
6461 
39230 
6462 
39231 
6463 
39232 
6464 
39233 
6465 
39234 
6466 
39235 
6467 
39236 
6468 
39237 
6469 
39238 
6470 
39239 
6471 
6472 
6473 
6474 
6475 
6476 
6477 
6478 
6479 
39303 
39306 
39308 
39309 
39311 
39313 
39314 
6546 
39315 
39316 
6548 
39317 
6549 
39318 
6550 
39319 
6551 
39320 
6552 
39321 
39322 
6554 
39323 
6555 
39324 
6556 
39325 
6557 
39326 
6558 
39327 
6559 
39328 
6560 
39329 
6561 
39330 
6562 
39331 
6563 
39332 
6564 
39333 
6565 
39334 
6566 
39335 
6567 
39336 
6568 
39337 
6569 
6570 
39339 
6571 
6572 
39341 
6573 
6574 
39343 
6575 
39344 
6576 
39345 
6577 
39346 
6578 
6579 
39348 
6580 
39349 
6581 
39350 
6582 
39351 
6583 
39352 
6584 
39353 
6585 
39354 
6586 
39355 
6587 
39356 
6588 
39357 
6589 
39358 
6590 
39359 
6591 
6592 
6593 
6594 
6595 
6596 
6597 
6598 
6599 
39423 
39425 
39428 
39429 
39431 
6664 
39433 
39434 
6666 
39435 
39436 
6668 
39437 
6669 
39438 
6670 
39439 
6671 
39440 
6672 
39441 
39442 
6674 
39443 
6675 
39444 
6676 
39445 
6677 
39446 
6678 
39447 
6679 
39448 
6680 
39449 
6681 
39450 
6682 
39451 
6683 
39452 
6684 
39453 
6685 
39454 
6686 
39455 
6687 
39456 
6688 
39457 
6689 
39458 
6690 
39459 
6691 
39460 
6692 
39461 
6693 
39462 
6694 
39463 
6695 
39464 
6696 
39465 
6697 
39466 
39467 
6699 
39468 
39469 
6701 
39470 
6702 
39471 
39472 
6704 
39473 
6705 
39474 
6706 
39475 
6707 
39476 
39477 
6709 
39478 
6710 
39479 
6711 
6712 
6713 
6714 
6715 
6716 
6717 
6718 
6719 
39543 
39545 
39547 
39549 
39550 
39551 
6784 
39553 
39554 
6786 
39555 
39556 
6788 
39557 
6789 
39558 
6790 
39559 
6791 
39560 
6792 
39561 
39562 
6794 
39563 
6795 
39564 
6796 
39565 
6797 
39566 
6798 
39567 
6799 
39568 
6800 
39569 
6801 
39570 
6802 
39571 
6803 
39572 
6804 
39573 
6805 
39574 
6806 
39575 
6807 
39576 
6808 
39577 
6809 
6810 
39579 
6811 
6812 
39581 
6813 
6814 
39583 
6815 
39584 
6816 
39585 
6817 
39586 
6818 
6819 
39588 
6820 
39589 
6821 
39590 
6822 
39591 
6823 
39592 
6824 
39593 
6825 
39594 
6826 
39595 
6827 
39596 
6828 
39597 
6829 
39598 
6830 
39599 
6831 
6832 
6833 
6834 
6835 
6836 
6837 
6838 
6839 
39663 
39667 
39668 
39670 
39671 
6904 
39673 
39674 
6906 
39676 
6908 
39677 
6909 
39678 
6910 
39679 
6911 
39680 
6912 
39681 
39682 
6914 
39683 
6915 
39684 
39685 
6917 
39686 
6918 
39687 
6919 
39688 
6920 
39689 
6921 
39690 
6922 
39691 
6923 
39692 
6924 
39693 
6925 
39694 
6926 
39695 
6927 
39696 
6928 
39697 
6929 
39698 
6930 
39699 
6931 
39700 
6932 
39701 
6933 
39702 
6934 
39703 
6935 
39704 
6936 
39705 
6937 
39706 
6938 
39707 
6939 
39708 
6940 
39709 
6941 
39710 
6942 
39711 
6943 
39712 
6944 
39713 
6945 
39714 
6946 
39715 
6947 
39716 
6948 
39717 
6949 
39718 
6950 
39719 
6951 
6952 
6953 
6954 
6955 
6956 
6957 
6958 
6959 
39783 
39785 
39787 
39788 
39790 
39791 
7024 
39793 
39794 
7026 
39795 
39796 
7028 
39797 
7029 
39798 
7030 
39799 
7031 
39800 
7032 
39801 
39802 
7034 
39803 
7035 
39804 
7036 
39805 
7037 
39806 
7038 
39807 
7039 
39808 
7040 
39809 
7041 
39810 
7042 
39811 
7043 
39812 
7044 
39813 
7045 
39814 
7046 
39815 
7047 
39816 
7048 
39817 
7049 
7050 
39819 
7051 
7052 
39821 
7053 
7054 
39823 
7055 
39824 
7056 
39825 
7057 
39826 
7059 
39828 
39829 
7061 
39830 
7062 
39831 
39832 
7064 
39833 
39834 
7066 
39835 
7067 
39836 
39837 
7069 
39838 
7070 
39839 
7071 
7072 
7073 
7074 
7075 
7076 
7077 
7078 
7079 
39903 
39905 
39907 
39908 
39910 
39911 
7144 
39913 
39914 
39916 
7148 
39917 
7149 
39918 
7150 
39919 
7151 
39920 
7152 
39921 
39922 
7154 
39923 
7155 
39924 
7156 
39925 
7157 
39926 
7158 
39927 
7159 
39928 
7160 
39929 
7161 
39930 
7162 
39931 
7163 
39932 
7164 
39933 
7165 
39934 
7166 
39935 
7167 
39936 
7168 
39937 
7169 
39938 
7170 
39939 
7171 
39940 
7172 
39941 
7173 
39942 
7174 
39943 
7175 
39944 
7176 
39945 
7177 
39946 
39947 
7179 
39948 
39949 
7181 
39950 
39951 
7183 
39952 
7184 
39953 
7185 
39954 
7186 
39955 
7187 
39956 
7188 
39957 
7189 
39958 
7190 
39959 
7191 
7192 
7193 
7194 
7195 
7196 
7197 
7198 
7199 
40025 
40027 
40029 
40030 
40033 
40034 
7266 
40035 
40036 
7268 
40037 
7269 
40038 
7270 
40039 
7271 
40040 
40041 
40042 
7274 
40043 
7275 
40044 
7276 
40045 
7277 
40046 
7278 
40047 
7279 
40048 
7280 
40049 
7281 
40050 
7282 
40051 
7283 
40052 
7284 
40053 
7285 
40054 
7286 
40055 
7287 
40056 
7288 
40057 
7289 
7290 
40059 
7291 
7292 
40061 
7293 
7294 
40063 
7295 
40064 
7296 
40065 
7297 
40066 
7298 
7299 
40068 
7300 
40069 
7301 
40070 
7302 
40071 
7303 
40072 
7304 
40073 
7305 
40074 
7306 
40075 
7307 
40076 
7308 
40077 
7309 
40078 
7310 
40079 
7311 
7312 
7313 
7314 
7315 
7316 
7317 
7318 
7319 
40143 
40145 
40147 
40148 
40149 
40150 
40151 
40154 
7386 
40155 
40156 
7388 
40157 
7389 
40158 
7390 
40159 
7391 
40160 
7392 
40161 
40162 
7394 
40163 
7395 
40164 
7396 
40165 
7397 
40166 
7398 
40167 
7399 
40168 
7400 
40169 
7401 
40170 
7402 
40171 
7403 
40172 
7404 
40173 
7405 
40174 
7406 
40175 
7407 
40176 
7408 
40177 
7409 
40178 
7410 
40179 
7411 
40180 
7412 
40181 
7413 
40182 
7414 
40183 
7415 
40184 
7416 
40185 
7417 
40186 
7418 
40187 
7419 
40188 
7420 
40189 
7421 
40190 
7422 
40191 
7423 
40192 
7424 
40193 
7425 
40194 
7426 
40195 
7427 
40196 
7428 
40197 
7429 
40198 
7430 
40199 
7431 
7432 
7433 
7434 
7435 
7436 
7437 
7438 
7439 
40263 
40265 
40267 
40269 
40270 
7505 
40274 
7506 
40275 
40276 
7508 
40277 
7509 
7510 
40279 
7511 
40280 
40281 
40282 
7514 
40283 
7515 
40284 
7516 
40285 
7517 
40286 
7518 
40287 
7519 
40288 
7520 
40289 
7521 
40290 
7522 
40291 
7523 
40292 
7524 
40293 
7525 
40294 
7526 
40295 
7527 
40296 
7528 
40297 
7529 
7530 
40299 
7531 
40300 
7532 
40301 
7533 
7534 
40303 
7535 
40304 
7536 
40305 
7537 
40306 
7538 
7539 
40308 
7540 
40309 
7541 
40310 
7542 
40311 
7543 
40312 
7544 
40313 
7545 
40314 
7546 
40315 
7547 
40316 
7548 
40317 
7549 
40318 
7550 
40319 
7551 
7552 
7553 
7554 
7555 
7556 
7557 
7558 
7559 
40385 
40387 
40389 
40390 
7622 
7625 
40394 
7626 
40395 
40396 
7628 
7629 
40398 
7630 
40399 
7631 
40400 
40401 
7633 
40402 
7634 
40403 
7635 
40404 
7636 
40405 
7637 
40406 
7638 
40407 
40408 
7640 
40409 
7641 
40410 
7642 
40411 
7643 
40412 
7644 
40413 
7645 
40414 
7646 
40415 
7647 
40416 
7648 
40417 
7649 
40418 
7650 
40419 
7651 
40420 
7652 
40421 
7653 
40422 
7654 
40423 
7655 
40424 
7656 
40425 
7657 
40426 
7658 
40427 
7659 
40428 
7660 
40429 
7661 
40430 
7662 
40431 
7663 
40432 
7664 
40433 
7665 
40434 
7666 
40435 
7667 
40436 
7668 
40437 
7669 
40438 
7670 
40439 
7671 
7672 
7673 
7674 
7675 
7676 
7677 
7678 
7679 
40505 
40507 
40509 
40513 
7745 
40514 
7746 
40515 
40516 
40517 
7749 
40518 
7750 
40519 
7751 
40520 
40521 
7753 
40522 
7754 
40523 
7755 
40524 
7756 
40525 
7757 
40526 
7758 
40527 
7759 
40528 
7760 
40529 
7761 
40530 
7762 
40531 
7763 
40532 
7764 
40533 
7765 
40534 
7766 
40535 
7767 
40536 
7768 
40537 
7769 
7770 
40539 
7771 
7772 
40541 
7773 
7774 
40543 
7775 
40544 
7776 
40545 
7777 
40546 
7779 
40548 
40549 
7781 
40550 
40551 
7783 
40552 
7784 
40553 
7785 
40554 
7786 
40555 
7787 
40556 
40557 
7789 
40558 
7790 
40559 
7791 
7792 
7793 
7794 
7795 
7796 
7797 
7798 
7799 
40622 
40625 
40628 
40630 
7862 
40631 
40633 
7865 
40634 
7866 
40635 
40636 
7868 
40637 
7869 
40638 
7870 
40639 
7871 
40640 
40641 
7873 
40642 
7874 
40643 
7875 
40644 
7876 
40645 
7877 
40646 
7878 
40647 
7879 
40648 
7880 
40649 
7881 
40650 
7882 
40651 
7883 
40652 
7884 
40653 
7885 
40654 
7886 
40655 
7887 
40656 
7888 
40657 
7889 
7890 
40659 
7891 
7892 
40661 
7893 
7894 
40663 
7895 
40664 
7896 
40665 
7897 
40666 
7899 
40668 
40669 
7901 
40670 
40671 
7903 
40672 
7904 
40673 
7905 
40674 
7906 
40675 
7907 
40676 
40677 
7909 
40678 
7910 
40679 
7911 
7912 
7913 
7914 
7915 
7916 
7917 
7918 
7919 
40742 
40745 
40746 
40749 
40750 
7982 
40751 
40753 
7985 
40754 
7986 
40755 
40756 
7988 
40757 
7989 
40758 
7990 
40759 
7991 
40760 
40761 
7993 
40762 
7994 
40763 
7995 
40764 
7996 
40765 
7997 
40766 
7998 
40767 
7999 
40768 
8000 
40769 
8001 
40770 
8002 
40771 
8003 
40772 
8004 
40773 
8005 
40774 
8006 
40775 
8007 
40776 
8008 
40777 
8009 
8010 
40779 
8011 
8012 
40781 
8013 
8014 
40783 
8015 
40784 
8016 
40785 
8017 
40786 
8018 
8019 
40788 
8020 
40789 
8021 
40790 
8022 
40791 
8023 
40792 
8024 
40793 
8025 
40794 
8026 
40795 
8027 
40796 
8028 
40797 
8029 
40798 
8030 
40799 
8031 
8032 
8033 
8034 
8035 
8036 
8037 
8038 
8039 
40865 
40866 
40868 
40869 
40870 
40871 
40873 
8105 
40874 
8106 
40876 
8108 
40877 
8109 
40878 
8110 
40879 
8111 
40880 
40881 
8113 
40882 
8114 
40883 
8115 
40884 
8116 
40885 
8117 
40886 
8118 
40887 
8119 
40888 
8120 
40889 
8121 
40890 
8122 
40891 
8123 
40892 
8124 
40893 
8125 
40894 
8126 
40895 
8127 
40896 
8128 
40897 
8129 
8130 
40899 
8131 
8132 
40901 
8133 
8134 
40903 
8135 
40904 
8136 
40905 
8137 
40906 
8138 
8139 
40908 
8140 
40909 
8141 
40910 
8142 
40911 
8143 
40912 
8144 
40913 
8145 
40914 
8146 
40915 
8147 
40916 
8148 
40917 
8149 
40918 
8150 
40919 
8151 
8152 
8153 
8154 
8155 
8156 
8157 
8158 
8159 
40982 
40985 
40986 
40988 
40990 
8222 
40991 
40993 
40994 
8226 
40995 
40996 
8228 
40997 
8229 
40998 
8230 
40999 
8231 
41000 
41001 
8233 
41002 
8234 
41003 
8235 
41004 
8236 
41005 
8237 
41006 
8238 
41007 
8239 
41008 
8240 
41009 
8241 
41010 
8242 
41011 
8243 
41012 
8244 
41013 
8245 
41014 
8246 
41015 
8247 
41016 
8248 
41017 
8249 
8250 
41019 
8251 
8252 
41021 
8253 
8254 
41023 
8255 
41024 
8256 
41025 
8257 
41026 
8259 
41028 
41029 
8261 
41030 
41031 
8263 
41032 
8264 
41033 
8265 
41034 
8266 
41035 
8267 
41036 
41037 
8269 
41038 
8270 
41039 
8271 
8272 
8273 
8274 
8275 
8276 
8277 
8278 
8279 
41102 
41105 
41108 
41109 
41110 
8342 
41113 
8345 
41114 
8346 
41115 
41116 
8348 
41117 
8349 
41118 
8350 
41119 
8351 
41120 
41121 
8353 
41122 
8354 
41123 
8355 
41124 
8356 
41125 
8357 
41126 
8358 
41127 
41128 
8360 
41129 
8361 
41130 
8362 
41131 
8363 
41132 
8364 
41133 
8365 
41134 
8366 
41135 
8367 
41136 
8368 
41137 
8369 
41138 
8370 
41139 
8371 
41140 
8372 
41141 
8373 
41142 
8374 
41143 
8375 
41144 
8376 
41145 
8377 
41146 
41147 
8379 
41148 
41149 
8381 
41150 
41151 
8383 
41152 
8384 
41153 
8385 
41154 
8386 
41155 
41156 
8388 
41157 
8389 
41158 
8390 
41159 
8391 
8392 
8393 
8394 
8395 
8396 
8397 
8398 
8399 
41222 
41225 
41226 
41228 
41229 
41230 
8462 
41231 
41233 
8465 
41234 
41235 
41236 
8468 
41237 
8469 
41238 
8470 
8471 
41240 
41241 
8473 
41242 
8474 
41243 
8475 
41244 
8476 
41245 
8477 
41246 
8478 
41247 
41248 
8480 
41249 
8481 
41250 
8482 
41251 
8483 
41252 
8484 
41253 
8485 
41254 
8486 
41255 
8487 
41256 
8488 
41257 
8489 
41258 
8490 
41259 
8491 
41260 
8492 
41261 
8493 
41262 
8494 
41263 
8495 
41264 
8496 
41265 
8497 
41266 
8498 
41267 
8499 
41268 
8500 
41269 
8501 
41270 
8502 
41271 
8503 
41272 
8504 
41273 
8505 
41274 
8506 
41275 
8507 
41276 
8508 
41277 
8509 
41278 
8510 
41279 
8511 
8512 
8513 
8514 
8515 
8516 
8517 
8518 
8519 
41342 
41345 
41346 
41348 
41349 
8582 
41351 
41353 
8585 
41354 
41355 
41356 
8588 
41357 
8589 
41358 
8590 
8591 
41360 
41361 
8593 
41362 
8594 
41363 
8595 
41364 
8596 
41365 
8597 
41366 
8598 
41367 
8599 
41368 
8600 
41369 
8601 
41370 
8602 
41371 
8603 
41372 
8604 
41373 
8605 
41374 
8606 
41375 
8607 
41376 
8608 
41377 
8609 
41378 
8610 
41379 
8611 
41380 
8612 
41381 
8613 
41382 
8614 
41383 
8615 
41384 
8616 
41385 
8617 
41386 
8618 
41387 
8619 
41388 
8620 
41389 
8621 
41390 
8622 
41391 
8623 
41392 
8624 
41393 
8625 
41394 
8626 
41395 
8627 
41396 
8628 
41397 
8629 
41398 
8630 
41399 
8631 
8632 
8633 
8634 
8635 
8636 
8637 
8638 
8639 
41462 
41465 
41466 
41468 
41469 
41470 
8702 
41471 
41473 
8705 
8706 
41475 
41476 
8708 
41477 
8709 
41478 
8710 
41479 
8711 
41480 
41481 
8713 
41482 
41483 
8715 
41484 
8716 
41485 
8717 
41486 
8718 
41487 
8719 
41488 
8720 
41489 
8721 
41490 
8722 
41491 
8723 
41492 
8724 
41493 
8725 
41494 
8726 
41495 
8727 
41496 
8728 
41497 
8729 
8730 
41499 
8731 
41500 
8732 
41501 
8733 
8734 
41503 
8735 
41504 
8736 
41505 
8737 
41506 
8738 
8739 
41508 
8740 
41509 
8741 
41510 
8742 
41511 
8743 
41512 
8744 
41513 
8745 
41514 
8746 
41515 
8747 
41516 
8748 
41517 
8749 
41518 
8750 
41519 
8751 
8752 
8753 
8754 
8755 
8756 
8757 
8758 
8759 
41582 
41585 
41588 
41589 
41590 
8822 
41591 
41593 
8825 
41594 
8826 
41595 
41596 
8828 
41597 
8829 
41598 
41599 
8831 
41600 
41601 
8833 
41602 
8834 
41603 
8835 
41604 
8836 
41605 
8837 
41606 
8838 
41607 
41608 
8840 
41609 
8841 
41610 
8842 
41611 
8843 
41612 
8844 
41613 
8845 
41614 
8846 
41615 
8847 
41616 
8848 
41617 
8849 
41618 
8850 
41619 
8851 
41620 
8852 
41621 
8853 
41622 
8854 
41623 
8855 
41624 
8856 
41625 
8857 
41626 
8858 
41627 
8859 
41628 
8860 
41629 
8861 
41630 
8862 
41631 
8863 
41632 
8864 
41633 
8865 
41634 
8866 
41635 
8867 
41636 
8868 
41637 
8869 
41638 
8870 
41639 
8871 
8872 
8873 
8874 
8875 
8876 
8877 
8878 
8879 
41702 
41705 
41706 
41708 
41709 
41710 
8942 
41711 
41713 
8945 
41714 
8946 
41715 
41716 
8948 
41717 
8949 
41718 
8950 
8951 
41720 
41721 
8953 
41722 
8954 
41723 
8955 
41724 
8956 
41725 
8957 
41726 
8958 
41727 
8959 
41728 
8960 
41729 
8961 
41730 
8962 
41731 
8963 
41732 
8964 
41733 
8965 
41734 
8966 
41735 
8967 
41736 
8968 
41737 
8969 
41738 
8970 
41739 
8971 
41740 
8972 
41741 
8973 
41742 
8974 
41743 
8975 
41744 
8976 
41745 
8977 
41746 
8978 
41747 
8979 
41748 
8980 
41749 
8981 
41750 
41751 
8983 
41752 
8984 
41753 
8985 
41754 
8986 
41755 
41756 
8988 
41757 
8989 
41758 
8990 
41759 
8991 
8992 
8993 
8994 
8995 
8996 
8997 
8998 
8999 
41822 
41825 
41826 
41828 
41829 
41830 
9062 
41831 
41833 
9065 
41834 
41835 
41836 
9068 
41837 
9069 
41838 
9070 
41840 
41841 
9073 
41842 
9074 
41843 
9075 
41844 
9076 
41845 
9077 
41846 
9078 
41847 
9079 
41848 
9080 
41849 
9081 
41850 
9082 
41851 
9083 
41852 
9084 
41853 
9085 
41854 
9086 
41855 
9087 
41856 
9088 
41857 
9089 
9090 
41859 
9091 
9092 
41861 
9093 
9094 
41863 
9095 
41864 
9096 
41865 
9097 
41866 
9098 
9099 
41868 
9100 
41869 
9101 
41870 
9102 
41871 
9103 
41872 
9104 
41873 
9105 
41874 
9106 
41875 
9107 
41876 
9108 
41877 
9109 
41878 
9110 
41879 
9111 
9112 
9113 
9114 
9115 
9116 
9117 
9118 
9119 
41942 
41946 
41948 
41949 
41950 
9182 
41951 
41953 
9185 
41954 
9186 
41955 
41956 
9188 
41957 
41958 
9190 
41959 
9191 
41960 
41961 
9193 
41962 
9194 
41963 
9195 
41964 
9196 
41965 
9197 
41966 
9198 
41967 
9199 
41968 
9200 
41969 
9201 
41970 
9202 
41971 
9203 
41972 
9204 
41973 
9205 
41974 
9206 
41975 
9207 
41976 
9208 
41977 
9209 
9210 
41979 
9211 
9212 
41981 
9213 
9214 
41983 
9215 
41984 
9216 
41985 
9217 
41986 
41987 
9219 
41989 
9221 
41990 
41991 
9223 
41992 
9224 
41993 
9225 
41994 
9226 
41995 
41996 
9228 
41997 
9229 
41998 
9230 
41999 
9231 
9232 
9233 
9234 
9235 
9236 
9237 
9238 
9239 
42065 
42066 
42068 
42069 
42070 
42071 
42073 
9305 
42074 
9306 
42075 
42076 
9308 
42077 
9309 
42078 
9310 
42079 
9311 
42080 
42081 
9313 
42082 
9314 
42083 
42084 
9316 
42085 
9317 
42086 
9318 
42087 
9319 
42088 
9320 
42089 
9321 
42090 
9322 
42091 
9323 
42092 
9324 
42093 
9325 
42094 
9326 
42095 
9327 
42096 
9328 
42097 
9329 
42098 
9330 
42099 
9331 
42100 
9332 
42101 
9333 
42102 
9334 
42103 
9335 
42104 
9336 
42105 
9337 
42106 
42107 
9339 
42108 
42109 
9341 
42110 
42111 
9343 
42112 
9344 
42113 
9345 
42114 
9346 
42115 
42116 
9348 
42117 
9349 
42118 
9350 
42119 
9351 
9352 
9353 
9354 
9355 
9356 
9357 
9358 
9359 
42182 
42185 
42186 
42188 
42189 
42190 
9422 
42191 
42193 
9425 
42194 
9426 
42195 
42196 
42197 
9429 
42198 
9430 
42199 
9431 
42200 
42201 
9433 
42202 
9434 
42203 
9435 
42204 
9436 
42205 
9437 
42206 
9438 
42207 
9439 
42208 
9440 
42209 
9441 
42210 
9442 
42211 
9443 
42212 
9444 
42213 
9445 
42214 
9446 
42215 
9447 
42216 
9448 
42217 
9449 
42218 
9450 
42219 
9451 
42220 
9452 
42221 
9453 
42222 
9454 
42223 
9455 
42224 
9456 
42225 
9457 
42226 
42227 
9459 
42228 
42229 
9461 
42230 
42231 
9463 
42232 
9464 
42233 
9465 
42234 
9466 
42235 
42236 
9468 
42237 
9469 
42238 
9470 
42239 
9471 
9472 
9473 
9474 
9475 
9476 
9477 
9478 
9479 
42302 
42305 
42306 
42308 
42309 
42310 
9542 
42311 
42313 
9545 
42314 
42315 
42316 
9548 
42317 
42318 
9550 
42319 
9551 
42320 
42321 
9553 
42322 
9554 
42323 
9555 
42324 
9556 
42325 
9557 
42326 
9558 
42327 
9559 
42328 
9560 
42329 
9561 
42330 
9562 
42331 
9563 
42332 
9564 
42333 
9565 
42334 
9566 
42335 
9567 
42336 
9568 
42337 
9569 
9570 
42339 
9571 
9572 
42341 
9573 
9574 
42343 
9575 
42344 
9576 
42345 
9577 
42346 
42347 
9579 
42349 
9581 
42350 
42351 
9583 
42352 
42353 
9585 
42354 
9586 
42355 
42356 
9588 
42357 
9589 
42358 
9590 
42359 
9591 
9592 
9593 
9594 
9595 
9596 
9597 
9598 
9599 
42425 
42426 
42429 
42430 
42431 
42433 
9665 
42434 
42435 
9667 
42436 
42437 
9669 
42438 
42439 
42440 
42441 
9673 
42442 
9674 
42443 
9675 
42444 
9676 
42445 
9677 
42446 
9678 
42447 
9679 
42448 
9680 
42449 
9681 
42450 
9682 
42451 
9683 
42452 
9684 
42453 
9685 
42454 
9686 
42455 
9687 
42456 
9688 
42457 
9689 
9690 
42459 
9691 
9692 
42461 
9693 
9694 
42463 
9695 
42464 
9696 
42465 
9697 
42466 
42467 
9699 
42469 
9701 
42470 
42471 
9703 
42472 
9704 
42473 
9705 
42474 
9706 
42475 
42476 
9708 
42477 
9709 
42478 
9710 
42479 
9711 
9712 
9713 
9714 
9715 
9716 
9717 
9718 
9719 
42542 
42545 
42546 
42548 
42549 
42550 
42551 
42553 
9785 
42554 
42555 
9787 
42556 
42557 
9789 
42558 
9790 
42560 
42561 
42562 
9794 
42563 
9795 
42564 
9796 
42565 
42566 
9798 
42567 
9799 
42568 
9800 
42569 
9801 
42570 
9802 
42571 
9803 
42572 
9804 
42573 
9805 
42574 
9806 
42575 
9807 
42576 
9808 
42577 
9809 
42578 
9810 
42579 
9811 
42580 
9812 
42581 
9813 
42582 
9814 
42583 
9815 
42584 
9816 
42585 
9817 
42586 
9818 
42587 
9819 
42588 
9820 
42589 
9821 
42590 
9822 
42591 
9823 
42592 
9824 
42593 
9825 
42594 
9826 
42595 
9827 
42596 
9828 
42597 
9829 
42598 
9830 
42599 
9831 
9832 
9833 
9834 
9835 
9836 
9837 
9838 
9839 
42665 
42666 
42668 
42669 
42670 
42671 
9903 
9905 
42674 
42675 
9907 
42676 
42677 
9909 
42678 
9910 
42679 
42680 
42681 
42682 
9914 
42683 
9915 
42684 
9916 
42685 
9917 
42686 
42687 
9919 
42688 
9920 
42689 
9921 
42690 
9922 
42691 
9923 
42692 
9924 
42693 
9925 
42694 
9926 
42695 
9927 
42696 
9928 
42697 
9929 
42698 
9930 
42699 
9931 
42700 
9932 
42701 
9933 
42702 
9934 
42703 
9935 
42704 
9936 
42705 
9937 
42706 
42707 
9939 
42708 
9940 
42709 
9941 
42710 
42711 
9943 
42712 
9944 
42713 
9945 
42714 
9946 
42715 
42716 
9948 
42717 
9949 
42718 
9950 
42719 
9951 
9952 
9953 
9954 
9955 
9956 
9957 
9958 
9959 
42785 
42786 
42788 
42789 
42790 
42791 
10023 
42792 
10025 
42794 
42795 
10027 
42796 
10028 
42797 
10029 
42798 
10030 
42799 
10031 
42800 
42801 
42802 
10034 
42803 
10035 
42804 
10036 
42805 
10037 
42806 
10038 
42807 
10039 
42808 
10040 
42809 
10041 
42810 
10042 
42811 
10043 
42812 
10044 
42813 
10045 
42814 
10046 
42815 
10047 
42816 
10048 
42817 
10049 
42818 
10050 
42819 
10051 
42820 
10052 
42821 
10053 
42822 
10054 
42823 
10055 
42824 
10056 
42825 
10057 
42826 
10058 
42827 
10059 
42828 
10060 
42829 
10061 
42830 
10062 
42831 
10063 
42832 
10064 
42833 
10065 
42834 
10066 
42835 
10067 
42836 
10068 
42837 
10069 
42838 
10070 
42839 
10071 
10072 
10073 
10074 
10075 
10076 
10077 
10078 
10079 
42906 
42908 
42909 
42910 
42911 
10145 
42914 
42915 
10147 
42916 
42917 
10149 
42918 
10150 
42919 
42920 
42921 
10153 
42922 
10154 
42923 
10155 
42924 
10156 
42925 
10157 
42926 
10158 
42927 
10159 
42928 
10160 
42929 
10161 
42930 
10162 
42931 
10163 
42932 
10164 
42933 
10165 
42934 
10166 
42935 
10167 
42936 
10168 
42937 
10169 
42938 
10170 
42939 
10171 
42940 
10172 
42941 
10173 
42942 
10174 
42943 
10175 
42944 
10176 
42945 
10177 
42946 
42947 
10179 
42948 
42949 
10181 
42950 
42951 
10183 
42952 
10184 
42953 
10185 
42954 
10186 
42955 
42956 
10188 
42957 
10189 
42958 
10190 
42959 
10191 
10192 
10193 
10194 
10195 
10196 
10197 
10198 
10199 
43024 
43026 
43028 
43029 
43030 
43031 
10263 
10265 
43034 
43035 
10267 
43036 
10268 
43037 
43038 
10270 
43039 
10271 
43040 
43041 
10273 
43042 
10274 
43043 
43044 
10276 
43045 
10277 
43046 
10278 
43047 
10279 
43048 
10280 
43049 
10281 
43050 
10282 
43051 
10283 
43052 
10284 
43053 
10285 
43054 
10286 
43055 
10287 
43056 
10288 
43057 
10289 
10290 
43059 
10291 
10292 
43061 
10293 
10294 
43063 
10295 
43064 
10296 
43065 
10297 
43066 
10298 
43067 
10299 
43068 
10300 
43069 
10301 
43070 
10302 
43071 
10303 
43072 
10304 
43073 
10305 
43074 
10306 
43075 
10307 
43076 
10308 
43077 
10309 
43078 
10310 
43079 
10311 
10312 
10313 
10314 
10315 
10316 
10317 
10318 
10319 
43144 
43146 
43148 
43149 
43150 
43151 
10383 
43152 
10385 
43154 
43155 
10387 
43156 
43157 
43158 
10390 
43159 
43160 
43161 
10393 
43162 
10394 
43163 
10395 
43164 
10396 
43165 
10397 
43166 
10398 
43167 
10399 
43168 
10400 
43169 
10401 
43170 
10402 
43171 
10403 
43172 
10404 
43173 
10405 
43174 
10406 
43175 
10407 
43176 
10408 
43177 
10409 
10410 
43179 
10411 
10412 
43181 
10413 
43182 
10414 
10415 
43184 
10416 
10417 
43186 
43187 
10419 
43189 
10421 
43190 
43191 
10423 
43192 
10424 
43193 
10425 
43194 
10426 
43195 
43196 
10428 
43197 
10429 
43198 
10430 
43199 
10431 
10432 
10433 
10434 
10435 
10436 
10437 
10438 
10439 
43264 
43266 
43268 
43269 
43270 
43271 
10503 
43272 
43274 
43275 
10507 
10508 
43277 
43278 
10510 
43279 
10511 
43280 
43281 
10513 
43282 
10514 
43283 
43284 
10516 
43285 
10517 
43286 
10518 
43287 
10519 
43288 
10520 
43289 
10521 
43290 
10522 
43291 
10523 
43292 
10524 
43293 
10525 
43294 
10526 
43295 
10527 
43296 
10528 
43297 
10529 
43298 
10530 
43299 
10531 
43300 
10532 
43301 
10533 
43302 
10534 
43303 
10535 
43304 
10536 
43305 
10537 
43306 
10538 
43307 
10539 
43308 
10540 
43309 
10541 
43310 
10542 
43311 
10543 
43312 
10544 
43313 
10545 
43314 
10546 
43315 
10547 
43316 
10548 
43317 
10549 
43318 
10550 
43319 
10551 
10552 
10553 
10554 
10555 
10556 
10557 
10558 
10559 
43384 
43386 
43388 
43389 
43390 
43391 
10623 
43392 
10625 
43394 
43395 
10627 
43396 
43397 
10629 
43398 
10630 
43399 
10631 
43400 
43401 
10633 
43402 
10634 
43403 
10635 
43404 
10636 
43405 
10637 
43406 
10638 
43407 
10639 
43408 
10640 
43409 
10641 
43410 
10642 
43411 
10643 
43412 
10644 
43413 
10645 
43414 
10646 
43415 
10647 
43416 
10648 
43417 
10649 
43418 
10650 
43419 
10651 
43420 
10652 
43421 
10653 
43422 
10654 
43423 
10655 
43424 
10656 
43425 
10657 
43426 
43427 
10659 
43428 
43429 
10661 
43430 
43431 
10663 
43432 
10664 
43433 
10665 
43434 
10666 
43435 
43436 
10668 
43437 
10669 
43438 
10670 
43439 
10671 
10672 
10673 
10674 
10675 
10676 
10677 
10678 
10679 
43504 
43506 
43509 
43510 
43511 
10743 
43512 
10745 
43514 
43515 
43516 
10748 
43517 
10749 
43518 
43519 
10751 
43520 
43521 
10753 
43522 
10754 
43523 
10755 
43524 
10756 
43525 
10757 
43526 
10758 
43527 
10759 
43528 
10760 
43529 
10761 
43530 
10762 
43531 
10763 
43532 
10764 
43533 
10765 
43534 
10766 
43535 
10767 
43536 
10768 
43537 
10769 
10770 
43539 
10771 
10772 
43541 
10773 
43542 
10774 
10775 
43544 
10776 
43545 
10777 
43546 
10778 
43547 
10779 
10780 
43549 
10781 
43550 
10782 
43551 
10783 
43552 
10784 
43553 
10785 
43554 
10786 
43555 
10787 
43556 
10788 
43557 
10789 
43558 
10790 
43559 
10791 
10792 
10793 
10794 
10795 
10796 
10797 
10798 
10799 
10800 
43626 
43628 
43629 
43630 
43631 
10863 
43632 
43634 
10866 
43635 
43636 
10868 
43637 
10869 
43638 
43639 
10871 
43640 
43641 
10873 
43642 
10874 
43643 
10875 
43644 
10876 
43645 
10877 
43646 
10878 
43647 
10879 
43648 
10880 
43649 
10881 
43650 
10882 
43651 
10883 
43652 
10884 
43653 
10885 
43654 
10886 
43655 
10887 
43656 
10888 
43657 
10889 
43658 
10890 
43659 
10891 
43660 
10892 
43661 
10893 
43662 
10894 
43663 
10895 
43664 
10896 
43665 
10897 
43666 
43667 
10899 
43668 
43669 
10901 
43670 
43671 
10903 
43672 
10904 
43673 
10905 
43674 
10906 
43675 
43676 
10908 
43677 
10909 
43678 
10910 
43679 
10911 
10912 
10913 
10914 
10915 
10916 
10917 
10918 
10919 
43744 
43746 
43748 
43749 
43750 
43751 
10983 
43752 
10985 
43754 
10986 
43755 
43756 
43757 
10989 
43758 
10990 
43759 
10991 
43760 
43761 
10993 
43762 
10994 
43763 
10995 
43764 
10996 
43765 
10997 
43766 
10998 
43767 
10999 
43768 
11000 
43769 
11001 
43770 
11002 
43771 
11003 
43772 
11004 
43773 
11005 
43774 
11006 
43775 
11007 
43776 
11008 
43777 
11009 
43778 
43779 
11011 
43780 
11012 
43781 
11013 
43782 
11014 
43783 
11015 
43784 
11016 
43785 
11017 
43786 
11018 
43787 
11019 
43788 
11020 
43789 
11021 
43790 
11022 
43791 
11023 
43792 
11024 
43793 
11025 
43794 
11026 
43795 
11027 
43796 
11028 
43797 
11029 
43798 
11030 
43799 
11031 
11032 
11033 
11034 
11035 
11036 
11037 
11038 
11039 
43864 
43868 
43869 
43870 
43871 
11103 
43872 
11105 
43874 
43875 
43876 
11108 
43877 
11109 
43878 
11110 
43879 
43880 
43881 
11113 
43882 
11114 
43883 
11115 
43884 
11116 
43885 
11117 
43886 
11118 
43887 
11119 
43888 
11120 
43889 
11121 
43890 
11122 
43891 
11123 
43892 
11124 
43893 
11125 
43894 
11126 
43895 
11127 
43896 
11128 
43897 
11129 
43898 
11130 
43899 
11131 
11132 
43901 
11133 
43902 
11134 
11135 
43904 
11136 
43905 
11137 
43906 
43907 
11139 
43909 
11141 
43910 
43911 
11143 
43912 
11144 
43913 
11145 
43914 
11146 
43915 
43916 
11148 
43917 
11149 
43918 
11150 
43919 
11151 
11152 
11153 
11154 
11155 
11156 
11157 
11158 
11159 
43984 
43986 
43988 
43990 
43991 
11223 
43992 
11225 
43994 
11226 
43995 
43996 
11228 
43997 
11229 
11230 
43999 
44000 
44001 
11233 
44002 
11234 
44003 
11235 
44004 
11236 
44005 
11237 
44006 
11238 
44007 
11239 
44008 
11240 
44009 
11241 
44010 
11242 
44011 
11243 
44012 
11244 
44013 
11245 
44014 
11246 
44015 
11247 
44016 
11248 
44017 
11249 
44018 
11250 
44019 
11251 
44020 
11252 
44021 
11253 
44022 
11254 
44023 
11255 
44024 
11256 
44025 
11257 
44026 
11258 
44027 
11259 
44028 
11260 
44029 
11261 
44030 
11262 
44031 
11263 
44032 
11264 
44033 
11265 
44034 
11266 
44035 
11267 
44036 
11268 
44037 
11269 
44038 
11270 
44039 
11271 
11272 
11273 
11274 
11275 
11276 
11277 
11278 
11279 
44104 
44106 
44108 
44110 
44111 
44112 
11345 
44114 
44115 
44116 
11348 
44117 
11349 
44118 
11350 
44119 
11351 
44120 
44121 
11353 
44122 
44123 
11355 
44124 
11356 
44125 
11357 
44126 
11358 
44127 
11359 
44128 
11360 
44129 
11361 
44130 
11362 
44131 
11363 
44132 
11364 
44133 
11365 
44134 
11366 
44135 
11367 
44136 
11368 
44137 
11369 
44138 
11370 
44139 
11371 
44140 
11372 
44141 
11373 
44142 
11374 
44143 
11375 
44144 
11376 
44145 
11377 
44146 
11378 
44147 
11379 
44148 
11380 
44149 
11381 
44150 
11382 
44151 
11383 
44152 
11384 
44153 
11385 
44154 
11386 
44155 
11387 
44156 
11388 
44157 
11389 
44158 
11390 
44159 
11391 
11392 
11393 
11394 
11395 
11396 
11397 
11398 
11399 
44224 
44226 
44229 
44230 
44231 
11463 
44232 
11465 
44234 
44235 
44236 
44237 
44238 
11470 
44239 
11471 
44240 
44241 
11473 
44242 
11474 
44243 
11475 
44244 
11476 
44245 
11477 
44246 
11478 
44247 
11479 
44248 
11480 
44249 
11481 
44250 
11482 
44251 
11483 
44252 
11484 
44253 
11485 
44254 
11486 
44255 
11487 
44256 
11488 
44257 
11489 
44258 
11490 
44259 
11491 
44260 
11492 
44261 
11493 
44262 
11494 
44263 
11495 
44264 
11496 
44265 
11497 
44266 
11498 
44267 
11499 
44268 
11500 
44269 
11501 
44270 
11502 
44271 
11503 
44272 
11504 
44273 
11505 
44274 
11506 
44275 
11507 
44276 
11508 
44277 
11509 
44278 
11510 
44279 
11511 
11512 
11513 
11514 
11515 
11516 
11517 
11518 
11519 
44344 
44346 
44348 
44349 
44350 
44351 
44352 
11585 
44354 
44355 
44356 
44357 
44358 
11590 
44359 
11591 
44360 
44361 
11593 
44362 
11594 
44363 
44364 
11596 
44365 
11597 
44366 
11598 
44367 
11599 
44368 
11600 
44369 
11601 
44370 
11602 
44371 
11603 
44372 
11604 
44373 
11605 
44374 
11606 
44375 
11607 
44376 
11608 
11609 
44378 
11610 
44379 
11611 
11612 
44381 
11613 
44382 
11614 
44383 
11615 
44384 
11616 
44385 
11617 
44386 
44387 
11619 
11620 
44389 
11621 
44390 
44391 
11623 
44392 
11624 
44393 
11625 
44394 
11626 
44395 
44396 
11628 
44397 
11629 
44398 
11630 
44399 
11631 
11632 
11633 
11634 
11635 
11636 
11637 
11638 
11639 
44464 
44466 
44468 
44469 
44470 
44471 
11703 
44472 
11705 
44474 
44475 
44476 
11708 
44477 
11709 
44478 
11710 
44479 
44480 
44481 
11713 
44482 
11714 
44483 
44484 
11716 
44485 
11717 
44486 
11718 
44487 
11719 
44488 
11720 
44489 
11721 
44490 
11722 
44491 
11723 
44492 
11724 
44493 
11725 
44494 
11726 
44495 
11727 
44496 
11728 
44497 
11729 
44498 
11730 
44499 
11731 
44500 
11732 
44501 
11733 
44502 
11734 
44503 
11735 
44504 
11736 
44505 
11737 
44506 
11738 
44507 
11739 
44508 
11740 
44509 
11741 
44510 
11742 
44511 
11743 
44512 
11744 
44513 
11745 
44514 
11746 
44515 
11747 
44516 
11748 
44517 
11749 
44518 
11750 
44519 
11751 
11752 
11753 
11754 
11755 
11756 
11757 
11758 
11759 
44584 
44586 
44588 
44589 
44590 
44591 
44592 
44594 
11826 
44595 
44596 
44597 
11829 
44598 
11830 
44599 
11831 
44600 
44601 
11833 
44602 
11834 
44603 
11835 
44604 
11836 
44605 
11837 
44606 
11838 
44607 
11839 
44608 
11840 
44609 
11841 
44610 
11842 
44611 
11843 
44612 
11844 
44613 
11845 
44614 
11846 
44615 
11847 
44616 
11848 
44617 
11849 
44618 
11850 
44619 
11851 
44620 
11852 
44621 
11853 
44622 
11854 
44623 
11855 
44624 
11856 
44625 
11857 
44626 
44627 
11859 
44628 
44629 
11861 
44630 
44631 
11863 
44632 
11864 
44633 
11865 
44634 
11866 
44635 
44636 
11868 
44637 
11869 
44638 
44639 
11871 
11872 
11873 
11874 
11875 
11876 
11877 
11878 
11879 
44704 
44709 
44710 
44711 
44712 
11945 
44714 
44715 
44716 
11948 
44717 
11949 
44718 
11950 
44719 
11951 
44720 
44721 
11953 
44722 
11954 
44723 
11955 
44724 
11956 
44725 
11957 
44726 
11958 
44727 
11959 
44728 
11960 
11961 
44730 
11962 
44731 
11963 
44732 
11964 
44733 
11965 
44734 
11966 
44735 
11967 
44736 
11968 
44737 
11969 
44738 
11970 
44739 
11971 
44740 
11972 
44741 
11973 
44742 
11974 
44743 
11975 
44744 
11976 
44745 
11977 
44746 
11978 
44747 
11979 
44748 
11980 
44749 
11981 
44750 
11982 
44751 
11983 
44752 
11984 
44753 
11985 
44754 
11986 
44755 
11987 
44756 
11988 
44757 
11989 
44758 
11990 
44759 
11991 
11992 
11993 
11994 
11995 
11996 
11997 
11998 
11999 
44826 
44829 
44830 
44831 
12063 
44832 
12065 
44834 
12066 
44835 
44836 
12068 
44837 
12069 
44838 
12070 
44839 
12071 
44840 
44841 
12073 
44842 
12074 
44843 
12075 
44844 
44845 
12077 
44846 
12078 
44847 
12079 
44848 
12080 
44849 
12081 
44850 
12082 
44851 
12083 
44852 
12084 
44853 
12085 
44854 
12086 
44855 
12087 
44856 
12088 
44857 
12089 
44858 
12090 
44859 
12091 
12092 
44861 
12093 
44862 
12094 
12095 
44864 
12096 
44865 
12097 
44866 
12098 
44867 
12099 
12100 
44869 
12101 
44870 
12102 
44871 
12103 
44872 
12104 
44873 
12105 
44874 
12106 
44875 
12107 
44876 
12108 
44877 
12109 
44878 
12110 
44879 
12111 
12112 
12113 
12114 
12115 
12116 
12117 
12118 
12119 
44951 
12183 
12185 
12188 
12190 
12191 
12193 
12194 
12195 
12196 
12197 
12199 
12200 
12201 
12202 
12203 
12204 
12205 
12206 
12207 
12208 
12209 
12210 
12211 
12212 
12213 
12214 
12215 
44984 
12216 
12217 
44986 
12219 
44989 
12221 
44991 
12223 
44992 
12224 
44993 
12225 
44994 
12226 
44995 
44996 
12228 
44997 
12229 
44998 
12230 
44999 
12231 
12232 
12233 
12234 
12235 
12236 
12237 
12238 
12239 
45063 
45065 
45066 
45069 
45070 
45071 
12303 
45073 
12305 
45074 
12306 
45075 
12308 
45077 
12309 
45078 
12310 
45079 
12311 
45080 
45081 
12313 
45082 
12314 
45083 
12315 
45084 
12316 
45085 
12317 
45086 
12318 
45087 
12319 
45088 
12320 
45089 
12321 
45090 
45091 
12323 
45092 
12324 
45093 
12325 
45094 
12326 
45095 
12327 
45096 
12328 
45097 
12329 
45098 
12330 
45099 
12331 
12332 
45101 
12333 
12334 
45103 
12335 
45104 
12336 
45105 
12337 
45106 
12338 
12339 
45108 
12340 
45109 
12341 
45110 
12342 
45111 
12343 
45112 
12344 
45113 
12345 
45114 
12346 
45115 
12347 
45116 
12348 
45117 
12349 
45118 
12350 
45119 
12351 
12352 
12353 
12354 
12355 
12356 
12357 
12358 
12359 
45183 
45185 
45186 
45189 
45190 
45191 
45193 
12425 
45194 
45195 
45196 
12428 
45197 
12429 
45198 
12430 
45199 
12431 
45200 
45201 
12433 
45202 
12434 
45203 
12435 
45204 
12436 
45205 
12437 
45206 
12438 
45207 
12439 
45208 
12440 
45209 
12441 
45210 
45211 
12443 
45212 
12444 
45213 
12445 
45214 
12446 
45215 
12447 
45216 
12448 
45217 
12449 
45218 
12450 
12451 
45220 
12452 
45221 
12453 
12454 
45223 
12455 
45224 
12456 
45225 
12457 
45226 
12458 
12459 
45228 
12460 
45229 
12461 
45230 
12462 
45231 
12463 
45232 
12464 
45233 
12465 
45234 
12466 
45235 
12467 
45236 
12468 
45237 
12469 
45238 
12470 
45239 
12471 
12472 
12473 
12474 
12475 
12476 
12477 
12478 
12479 
45303 
45305 
45306 
45308 
45309 
45310 
45311 
12543 
45313 
12545 
45315 
45316 
12548 
45317 
12549 
45318 
12550 
45319 
12551 
45320 
45321 
45322 
12554 
45323 
12555 
45324 
12556 
45325 
12557 
45326 
12558 
45327 
12559 
45328 
12560 
45329 
12561 
45330 
12562 
45331 
12563 
45332 
12564 
45333 
12565 
45334 
12566 
45335 
12567 
45336 
12568 
45337 
12569 
45338 
12570 
45339 
12571 
45340 
12572 
45341 
12573 
45342 
12574 
45343 
12575 
45344 
12576 
45345 
12577 
45346 
12578 
45347 
12579 
45348 
45349 
12581 
45350 
45351 
12583 
45352 
12584 
45353 
12585 
45354 
12586 
45355 
45356 
12588 
45357 
12589 
45358 
12590 
45359 
12591 
12592 
12593 
12594 
12596 
12597 
12598 
12599 
45423 
45425 
45426 
45429 
45430 
45431 
45433 
45434 
12666 
45435 
45436 
45437 
12669 
45438 
12670 
45439 
12671 
45440 
45441 
12673 
45442 
12674 
45443 
12675 
45444 
12676 
45445 
12677 
45446 
12678 
45447 
12679 
45448 
12680 
45449 
45450 
12682 
45451 
12683 
45452 
12684 
45453 
12685 
45454 
12686 
45455 
12687 
45456 
12688 
45457 
12689 
45458 
12690 
45459 
12691 
45460 
12692 
45461 
12693 
45462 
12694 
45463 
12695 
45464 
12696 
45465 
12697 
45466 
12698 
45467 
12699 
45468 
12700 
45469 
12701 
45470 
12702 
45471 
12703 
45472 
12704 
45473 
12705 
45474 
12706 
45475 
12707 
45476 
12708 
45477 
12709 
45478 
12710 
45479 
12711 
12712 
12713 
12714 
12715 
12716 
12717 
12718 
12719 
45545 
45546 
45548 
45549 
45550 
45551 
12783 
45553 
45554 
12786 
45555 
45556 
45557 
45558 
12790 
45559 
12791 
45560 
45561 
12793 
45562 
12794 
45563 
12795 
45564 
12796 
45565 
12797 
45566 
12798 
45567 
12799 
45568 
12800 
45569 
45570 
12802 
45571 
12803 
45572 
12804 
45573 
12805 
45574 
12806 
45575 
12807 
45576 
12808 
45577 
12809 
45578 
12810 
45579 
12811 
45580 
12812 
45581 
12813 
45582 
12814 
45583 
12815 
45584 
12816 
45585 
12817 
45586 
12818 
45587 
12819 
45588 
12820 
45589 
12821 
45590 
12822 
45591 
12823 
45592 
12824 
45593 
12825 
45594 
12826 
45595 
12827 
45596 
12828 
45597 
12829 
45598 
12830 
45599 
12831 
12832 
12833 
12834 
12835 
12836 
12837 
12838 
12839 
45663 
45665 
45666 
45668 
45669 
45671 
12903 
45673 
45674 
12906 
45675 
45676 
12908 
45677 
12909 
45678 
12910 
45679 
12911 
45680 
45681 
12913 
45682 
12914 
45683 
12915 
45684 
12916 
45685 
12917 
45686 
12918 
45687 
12919 
45688 
12920 
45689 
12921 
45690 
12922 
45691 
12923 
45692 
12924 
45693 
12925 
45694 
12926 
45695 
12927 
45696 
12928 
45697 
12929 
45698 
12930 
12931 
45700 
12932 
45701 
12933 
12934 
45703 
12935 
45704 
12936 
45705 
12937 
45706 
12938 
45708 
12940 
45709 
12941 
45710 
45711 
12943 
45712 
12944 
45713 
12945 
45714 
12946 
45715 
45716 
12948 
45717 
12949 
45718 
12950 
45719 
12951 
12952 
12953 
12954 
12955 
12956 
12957 
12958 
12959 
45783 
45785 
45786 
45788 
45789 
45790 
45791 
45793 
13025 
45794 
13026 
45795 
45796 
13028 
45797 
13029 
45798 
45799 
13031 
45800 
45801 
13033 
45802 
13034 
45803 
13035 
45804 
13036 
45805 
13037 
45806 
13038 
45807 
13039 
45808 
13040 
45809 
13041 
45810 
13042 
45811 
13043 
45812 
13044 
45813 
13045 
45814 
13046 
45815 
13047 
45816 
13048 
45817 
13049 
45818 
13050 
13051 
45820 
13052 
45821 
13053 
13054 
45823 
13055 
45824 
13056 
45825 
13057 
45826 
13058 
13059 
45828 
13060 
45829 
13061 
45830 
13062 
45831 
13063 
45832 
13064 
45833 
13065 
45834 
13066 
45835 
13067 
45836 
13068 
45837 
13069 
45838 
13070 
45839 
13071 
13072 
13073 
13074 
13075 
13076 
13077 
13078 
13079 
45903 
45906 
45908 
45910 
45911 
45913 
45914 
13146 
45915 
45916 
45917 
13149 
45918 
13150 
45919 
13151 
45920 
45921 
13153 
45922 
13154 
45923 
13155 
45924 
13156 
45925 
45926 
13158 
45927 
13159 
45928 
13160 
45929 
13161 
45930 
13162 
45931 
13163 
45932 
13164 
45933 
13165 
45934 
13166 
45935 
13167 
45936 
13168 
45937 
13169 
45938 
13170 
13171 
45940 
13172 
45941 
13173 
13174 
45943 
13175 
45944 
13176 
45945 
13177 
45946 
13178 
13179 
45948 
13180 
45949 
13181 
45950 
13182 
45951 
13183 
45952 
13184 
45953 
13185 
45954 
13186 
45955 
13187 
45956 
13188 
45957 
13189 
45958 
13190 
45959 
13191 
13192 
13193 
13194 
13195 
13196 
13197 
13198 
13199 
46023 
46026 
46028 
46029 
46030 
46031 
13263 
46033 
13265 
46034 
13266 
46035 
46036 
13268 
46037 
13269 
46038 
13270 
46039 
13271 
46040 
46041 
13273 
46042 
13274 
46043 
13275 
46044 
13276 
46045 
46046 
13278 
46047 
13279 
13280 
46049 
13281 
46050 
13282 
46051 
13283 
46052 
13284 
46053 
13285 
46054 
13286 
46055 
13287 
46056 
13288 
46057 
13289 
46058 
13290 
13291 
46060 
13292 
46061 
13293 
13294 
46063 
13295 
46064 
13296 
46065 
13297 
46066 
13298 
13299 
46068 
13300 
46069 
13301 
46070 
13302 
46071 
13303 
46072 
13304 
46073 
13305 
46074 
13306 
46075 
13307 
46076 
13308 
46077 
13309 
46078 
13310 
46079 
13311 
13312 
13313 
13314 
13315 
13316 
13317 
13318 
13319 
46143 
46145 
46146 
46148 
46150 
46151 
13383 
46153 
13385 
46154 
13386 
46155 
46156 
46157 
13389 
46158 
13390 
46159 
13391 
46160 
46161 
13393 
46162 
13394 
46163 
13395 
46164 
13396 
46165 
13397 
46166 
13398 
46167 
13399 
46168 
13400 
46169 
13401 
46170 
13402 
46171 
13403 
46172 
13404 
46173 
13405 
46174 
13406 
46175 
13407 
46176 
13408 
46177 
13409 
46178 
13410 
13411 
46180 
13412 
46181 
13413 
13414 
46183 
13415 
46184 
13416 
46185 
13417 
46186 
13418 
46188 
13420 
46189 
13421 
46190 
46191 
13423 
46192 
13424 
46193 
13425 
46194 
13426 
46195 
46196 
13428 
46197 
13429 
46198 
13430 
46199 
13431 
13432 
13433 
13434 
13435 
13436 
13437 
13438 
13439 
46265 
46266 
46268 
46270 
46271 
13503 
46273 
13505 
46274 
46275 
46276 
13508 
46277 
13509 
46278 
13510 
46279 
46280 
46281 
13513 
46282 
13514 
46283 
13515 
46284 
13516 
46285 
13517 
46286 
13518 
46287 
13519 
46288 
13520 
46289 
13521 
46290 
13522 
46291 
13523 
46292 
13524 
46293 
13525 
46294 
13526 
46295 
13527 
46296 
13528 
46297 
13529 
46298 
13530 
46299 
13531 
46300 
13532 
46301 
13533 
46302 
13534 
46303 
13535 
46304 
13536 
46305 
13537 
46306 
13538 
46307 
13539 
46308 
13540 
46309 
13541 
46310 
13542 
46311 
13543 
46312 
13544 
46313 
13545 
46314 
13546 
46315 
13547 
46316 
13548 
46317 
13549 
46318 
13550 
46319 
13551 
13552 
13553 
13554 
13555 
13556 
13557 
13558 
13559 
46383 
46385 
46386 
46389 
46390 
46391 
13623 
46393 
13625 
46394 
13626 
46395 
46396 
13629 
46398 
13630 
46399 
13631 
46400 
46401 
13633 
46402 
13634 
46403 
13635 
46404 
13636 
46405 
13637 
46406 
13638 
46407 
13639 
46408 
13640 
46409 
13641 
46410 
13642 
46411 
13643 
46412 
13644 
46413 
13645 
46414 
13646 
46415 
13647 
46416 
13648 
46417 
13649 
46418 
13650 
13651 
46420 
13652 
46421 
13653 
13654 
46423 
13655 
46424 
13656 
46425 
13657 
46426 
13658 
13659 
46428 
13660 
46429 
13661 
46430 
13662 
46431 
13663 
46432 
13664 
46433 
13665 
46434 
13666 
46435 
13667 
46436 
13668 
46437 
13669 
46438 
13670 
46439 
13671 
13672 
13673 
13674 
13675 
13676 
13677 
13678 
13679 
46503 
46506 
46508 
46509 
46510 
46511 
13743 
46513 
13745 
46514 
13746 
46515 
46516 
13748 
46517 
13749 
46518 
13750 
46519 
13751 
46520 
46521 
13753 
46522 
13754 
46523 
13755 
46524 
13756 
46525 
13757 
46526 
13758 
46527 
13759 
46528 
13760 
46529 
13761 
46530 
13762 
46531 
13763 
46532 
13764 
46533 
13765 
46534 
13766 
46535 
13767 
46536 
13768 
46537 
13769 
46538 
13770 
13771 
46540 
13772 
46541 
13773 
13774 
46543 
13775 
46544 
13776 
46545 
13777 
46546 
13778 
13779 
46548 
13780 
46549 
13781 
46550 
13782 
46551 
13783 
46552 
13784 
46553 
13785 
46554 
13786 
46555 
13787 
46556 
13788 
46557 
13789 
46558 
13790 
46559 
13791 
13792 
13793 
13794 
13795 
13796 
13797 
13798 
13799 
46623 
46625 
46626 
46629 
46630 
46631 
13863 
46633 
13865 
46634 
13866 
46635 
46636 
13868 
46637 
13869 
46638 
46639 
13871 
46640 
46641 
13873 
46642 
13874 
46643 
13875 
46644 
13876 
46645 
13877 
46646 
13878 
46647 
13879 
46648 
13880 
46649 
13881 
46650 
13882 
46651 
13883 
46652 
13884 
46653 
13885 
46654 
13886 
46655 
13887 
46656 
13888 
46657 
13889 
46658 
13890 
13891 
46660 
13892 
46661 
13893 
13894 
46663 
13895 
46664 
13896 
46665 
13897 
46666 
13898 
13899 
46668 
13900 
46669 
13901 
46670 
13902 
46671 
13903 
46672 
13904 
46673 
13905 
46674 
13906 
46675 
13907 
46676 
13908 
46677 
13909 
46678 
13910 
46679 
13911 
13912 
13913 
13914 
13915 
13916 
13917 
13918 
13919 
46743 
46745 
46746 
46748 
46749 
46751 
13983 
46753 
13985 
46754 
13986 
46755 
46756 
13988 
46757 
13989 
46758 
13990 
46759 
13991 
46760 
46761 
13993 
46762 
13994 
46763 
13995 
46764 
13996 
46765 
13997 
46766 
13998 
46767 
13999 
46768 
14000 
46769 
14001 
46770 
14002 
46771 
14003 
46772 
14004 
46773 
14005 
46774 
14006 
46775 
14007 
46776 
14008 
46777 
14009 
46778 
14010 
46779 
14011 
46780 
14012 
46781 
14013 
46782 
14014 
46783 
14015 
46784 
14016 
46785 
14017 
46786 
14018 
46787 
14019 
46788 
14020 
46789 
14021 
46790 
14022 
46791 
14023 
46792 
14024 
46793 
14025 
46794 
14026 
46795 
14027 
46796 
14028 
46797 
14029 
46798 
14030 
46799 
14031 
14032 
14033 
14034 
14035 
14036 
14037 
14038 
14039 
46865 
46866 
46869 
46870 
46871 
14103 
46873 
14105 
46874 
14106 
46875 
46876 
14108 
46877 
14109 
46878 
14110 
46879 
14111 
46880 
46881 
14113 
46882 
14114 
46883 
14115 
46884 
14116 
46885 
14117 
46886 
14118 
46887 
14119 
46888 
14120 
46889 
14121 
46890 
14122 
46891 
14123 
46892 
14124 
46893 
14125 
46894 
14126 
46895 
14127 
46896 
14128 
46897 
14129 
46898 
14130 
46899 
14131 
46900 
14132 
46901 
14133 
46902 
14134 
46903 
14135 
46904 
14136 
46905 
14137 
46906 
14138 
46907 
14139 
46908 
14140 
46909 
14141 
46910 
14142 
46911 
14143 
46912 
14144 
46913 
14145 
46914 
14146 
46915 
14147 
46916 
14148 
46917 
14149 
46918 
14150 
46919 
14151 
14152 
14153 
14154 
14155 
14156 
14157 
14158 
14159 
46985 
46986 
46988 
46989 
46990 
46991 
14223 
46993 
14225 
46994 
14226 
46996 
14228 
46997 
14229 
46998 
14230 
46999 
14231 
47000 
47001 
14233 
47002 
47003 
14235 
47004 
14236 
47005 
14237 
47006 
14238 
47007 
14239 
47008 
14240 
47009 
14241 
47010 
14242 
47011 
14243 
47012 
14244 
47013 
14245 
47014 
14246 
47015 
14247 
47016 
14248 
47017 
14249 
47018 
14250 
47019 
14251 
47020 
14252 
47021 
14253 
47022 
14254 
47023 
14255 
47024 
14256 
47025 
14257 
47026 
14258 
47027 
47028 
14260 
47029 
14261 
47030 
47031 
14263 
47032 
14264 
47033 
14265 
47034 
14266 
47035 
47036 
14268 
47037 
14269 
47038 
14270 
47039 
14271 
14272 
14273 
14274 
14275 
14276 
14277 
14278 
14279 
47103 
47105 
47106 
47108 
47110 
47111 
14343 
47113 
14345 
47114 
14346 
47115 
47116 
14348 
47117 
14349 
47118 
14350 
47119 
14351 
47120 
47121 
14353 
47122 
14354 
47123 
14355 
47124 
14356 
47125 
14357 
47126 
14358 
47127 
14359 
47128 
14360 
47129 
14361 
47130 
14362 
47131 
14363 
47132 
14364 
47133 
14365 
47134 
14366 
47135 
14367 
47136 
14368 
47137 
14369 
47138 
14370 
47139 
14371 
47140 
14372 
47141 
14373 
47142 
14374 
47143 
14375 
47144 
14376 
47145 
14377 
47146 
14378 
47147 
47148 
14380 
47149 
14381 
47150 
47151 
14383 
47152 
14384 
47153 
14385 
47154 
14386 
47155 
47156 
14388 
47157 
14389 
47158 
14390 
47159 
14391 
14392 
14393 
14394 
14395 
14396 
14397 
14398 
14399 
47223 
47225 
47226 
47228 
47229 
47230 
47231 
14463 
47233 
14465 
47234 
14466 
47235 
47236 
14468 
47237 
14469 
47238 
14470 
47239 
14471 
47240 
47241 
14473 
47242 
14474 
47243 
14475 
47244 
14476 
47245 
14477 
47246 
14478 
47247 
14479 
47248 
14480 
47249 
14481 
47250 
14482 
47251 
14483 
47252 
14484 
47253 
14485 
47254 
14486 
47255 
14487 
47256 
14488 
47257 
14489 
47258 
14490 
47259 
14491 
47260 
14492 
47261 
14493 
47262 
14494 
47263 
14495 
47264 
14496 
47265 
14497 
47266 
14498 
47267 
14499 
47268 
47269 
14501 
47270 
47271 
14503 
47272 
14504 
47273 
47274 
14506 
47275 
47276 
14508 
47277 
14509 
47278 
14510 
47279 
14511 
14512 
14513 
14514 
14515 
14516 
14517 
14518 
14519 
47343 
47345 
47348 
47349 
47350 
47351 
47353 
14585 
47354 
14586 
47355 
47356 
14588 
47357 
14589 
47358 
14590 
47359 
14591 
47360 
47361 
14593 
47362 
14594 
47363 
14595 
47364 
14596 
47365 
14597 
47366 
14598 
47367 
14599 
47368 
14600 
47369 
14601 
47370 
14602 
47371 
14603 
47372 
14604 
47373 
14605 
47374 
14606 
47375 
14607 
47376 
14608 
47377 
14609 
47378 
14610 
47379 
14611 
47380 
14612 
47381 
14613 
47382 
14614 
47383 
14615 
47384 
14616 
47385 
14617 
47386 
14618 
47387 
14619 
47388 
14620 
47389 
14621 
47390 
14622 
47391 
14623 
47392 
14624 
47393 
14625 
47394 
14626 
47395 
14627 
47396 
14628 
47397 
14629 
47398 
14630 
47399 
14631 
14632 
14633 
14634 
14635 
14636 
14637 
14638 
14639 
47463 
47465 
47466 
47468 
47469 
47470 
47471 
14703 
47473 
47474 
14706 
47476 
14708 
47477 
14709 
47478 
14710 
47479 
14711 
47480 
47481 
14713 
47482 
14714 
47483 
14715 
47484 
14716 
47485 
14717 
47486 
14718 
47487 
14719 
47488 
14720 
47489 
14721 
47490 
14722 
47491 
14723 
47492 
14724 
47493 
14725 
47494 
14726 
47495 
14727 
47496 
14728 
47497 
14729 
47498 
14730 
47499 
14731 
47500 
14732 
47501 
14733 
47502 
14734 
47503 
14735 
47504 
14736 
47505 
14737 
47506 
14738 
47507 
14739 
47508 
14740 
47509 
14741 
47510 
14742 
47511 
14743 
47512 
14744 
47513 
14745 
47514 
14746 
47515 
14747 
47516 
14748 
47517 
14749 
47518 
14750 
47519 
14751 
14752 
14753 
14754 
14755 
14756 
14757 
14758 
14759 
47583 
47585 
47586 
47589 
47590 
47591 
14823 
47593 
14825 
47594 
14826 
47595 
47596 
14828 
47597 
14829 
47598 
14830 
47599 
14831 
47600 
47601 
14833 
47602 
14834 
47603 
14835 
47604 
14836 
47605 
14837 
47606 
14838 
47607 
14839 
47608 
14840 
47609 
14841 
47610 
14842 
47611 
14843 
47612 
14844 
47613 
14845 
47614 
14846 
47615 
14847 
47616 
14848 
47617 
14849 
47618 
14850 
47619 
14851 
47620 
14852 
47621 
14853 
47622 
14854 
47623 
14855 
47624 
14856 
47625 
14857 
47626 
14858 
47627 
47628 
14860 
47629 
14861 
47630 
47631 
14863 
47632 
14864 
47633 
14865 
47634 
14866 
47635 
47636 
14868 
47637 
14869 
47638 
14870 
47639 
14871 
14872 
14873 
14874 
14875 
14876 
14877 
14878 
14879 
47703 
47705 
47708 
47709 
47713 
14945 
47714 
14946 
47716 
14948 
47717 
14949 
47718 
14950 
14951 
47720 
47721 
47722 
14954 
47723 
14955 
47724 
14956 
47725 
14957 
47726 
14958 
47727 
14959 
47728 
14960 
47729 
14961 
47730 
14962 
47731 
14963 
47732 
14964 
47733 
14965 
47734 
14966 
47735 
14967 
47736 
14968 
47737 
14969 
47738 
14970 
47739 
14971 
47740 
14972 
47741 
14973 
47742 
14974 
47743 
14975 
47744 
14976 
47745 
14977 
47746 
14978 
47747 
14979 
47748 
14980 
47749 
14981 
47750 
14982 
47751 
14983 
47752 
14984 
47753 
14985 
47754 
14986 
47755 
14987 
47756 
14988 
47757 
14989 
47758 
14990 
47759 
14991 
14992 
14993 
14994 
14995 
14996 
14997 
14998 
14999 
47828 
47829 
47830 
15063 
47833 
15065 
47834 
15066 
47836 
15068 
47837 
15069 
47838 
15070 
47839 
15071 
47841 
15073 
47842 
15074 
47843 
15075 
47844 
15076 
47845 
15077 
47846 
15078 
47847 
15079 
47848 
15080 
47849 
15081 
47850 
15082 
47851 
15083 
47852 
15084 
47853 
15085 
47854 
15086 
47855 
15087 
47856 
15088 
47857 
15089 
47858 
15090 
47859 
15091 
47860 
15092 
47861 
15093 
47862 
15094 
47863 
15095 
47864 
15096 
47865 
15097 
47866 
15098 
47867 
15099 
47868 
15100 
47869 
15101 
47870 
15102 
47871 
15103 
47872 
15104 
47873 
15105 
47874 
15106 
47875 
15107 
47876 
15108 
47877 
15109 
47878 
15110 
47879 
15111 
15112 
15113 
15114 
15115 
15116 
15117 
15118 
15119 
47943 
47945 
47948 
47949 
47951 
15183 
47953 
15185 
15186 
47955 
47956 
15188 
47957 
15189 
47958 
15190 
15191 
47960 
47961 
15193 
47962 
15194 
47963 
15195 
47964 
15196 
47965 
15197 
47966 
15198 
47967 
15199 
47968 
15200 
47969 
15201 
47970 
15202 
47971 
15203 
47972 
15204 
47973 
15205 
47974 
15206 
47975 
15207 
47976 
15208 
47977 
15209 
47978 
15210 
15211 
47980 
15212 
47981 
15213 
15214 
47983 
15215 
47984 
15216 
47985 
15217 
47986 
15218 
15219 
47988 
15220 
47989 
15221 
47990 
15222 
47991 
15223 
47992 
15224 
47993 
15225 
47994 
15226 
47995 
15227 
47996 
15228 
47997 
15229 
47998 
15230 
47999 
15231 
15232 
15233 
15234 
15235 
15236 
15237 
15238 
15239 
48063 
48065 
48066 
48068 
48069 
48070 
15303 
48073 
15305 
48074 
15306 
48075 
48076 
15308 
48077 
15309 
48078 
15310 
15311 
48080 
48081 
15313 
48082 
15314 
48083 
15315 
48084 
15316 
48085 
15317 
48086 
15318 
48087 
15319 
48088 
15320 
48089 
48090 
15322 
48091 
15323 
48092 
15324 
48093 
15325 
48094 
15326 
48095 
15327 
48096 
15328 
48097 
15329 
48098 
15330 
48099 
15331 
15332 
48101 
15333 
15334 
48103 
15335 
48104 
15336 
48105 
15337 
48106 
15338 
15339 
48108 
15340 
48109 
15341 
48110 
15342 
48111 
15343 
48112 
15344 
48113 
15345 
48114 
15346 
48115 
15347 
48116 
15348 
48117 
15349 
48118 
15350 
48119 
15351 
15352 
15353 
15354 
15355 
15356 
15357 
15358 
15359 
48185 
48186 
48188 
48190 
48191 
15425 
48194 
15426 
48195 
15428 
48197 
15429 
48198 
15430 
48199 
15431 
48200 
48201 
15433 
48202 
15434 
48203 
15435 
48204 
15436 
48205 
15437 
15438 
48207 
15439 
48208 
15440 
48209 
15441 
48210 
15442 
48211 
15443 
48212 
15444 
48213 
15445 
48214 
15446 
48215 
15447 
48216 
15448 
48217 
15449 
48218 
15450 
48219 
15451 
48220 
15452 
48221 
15453 
48222 
15454 
48223 
15455 
48224 
15456 
48225 
15457 
48226 
15458 
48227 
48228 
15460 
48229 
15461 
48230 
48231 
15463 
48232 
15464 
48233 
15465 
48234 
15466 
48235 
48236 
15468 
48237 
15469 
48238 
15470 
48239 
15471 
15472 
15473 
15474 
15475 
15476 
15477 
15478 
15479 
48303 
48305 
48308 
48311 
15543 
48313 
15545 
15546 
48316 
15548 
15549 
15550 
48319 
15551 
48320 
48321 
15553 
48322 
15554 
15555 
48324 
15556 
48325 
15557 
48326 
15558 
48327 
48328 
15560 
48329 
15561 
15562 
48331 
15563 
48332 
15564 
48333 
15565 
48334 
15566 
48335 
15567 
48336 
15568 
48337 
15569 
48338 
15570 
15571 
48340 
15572 
48341 
15573 
15574 
48343 
15575 
48344 
15576 
48345 
15577 
48346 
15578 
15579 
48348 
15580 
48349 
15581 
15582 
48351 
15583 
48352 
15584 
48353 
15585 
48354 
15586 
15587 
48356 
15588 
48357 
15589 
48358 
15590 
48359 
15591 
15592 
15593 
15594 
15595 
15596 
15597 
15598 
15599 
48423 
48425 
48426 
48428 
48430 
15663 
15665 
48434 
15666 
48435 
48437 
15669 
48438 
15670 
15671 
48440 
15673 
48442 
48443 
15675 
48444 
15676 
48445 
15677 
48446 
15678 
48447 
15679 
48448 
15680 
48449 
15681 
48450 
15682 
48451 
15683 
48452 
15684 
48453 
15685 
48454 
15686 
48455 
15687 
48456 
15688 
48457 
15689 
48458 
15690 
15691 
48460 
15692 
48461 
15693 
15694 
48463 
15695 
48464 
15696 
48465 
15697 
48466 
15698 
15699 
48468 
15700 
48469 
15701 
48470 
15702 
48471 
15703 
48472 
15704 
48473 
15705 
48474 
15706 
48475 
15707 
48476 
15708 
48477 
15709 
48478 
15710 
48479 
15711 
15712 
15713 
15714 
15715 
15716 
15717 
15718 
15719 
48543 
48546 
48548 
48551 
15783 
48553 
15785 
48554 
15786 
48556 
15788 
48557 
15789 
48558 
48559 
15791 
48560 
48561 
15793 
48562 
15794 
48563 
15795 
48564 
15796 
48565 
15797 
48566 
15798 
48567 
15799 
48568 
15800 
48569 
15801 
48570 
15802 
48571 
15803 
48572 
15804 
48573 
15805 
48574 
15806 
48575 
15807 
48576 
15808 
15809 
48578 
15810 
48579 
15811 
48580 
15812 
48581 
15813 
48582 
15814 
48583 
15815 
48584 
15816 
48585 
15817 
48586 
15818 
48587 
15819 
48588 
15820 
48589 
15821 
48590 
15822 
48591 
15823 
48592 
15824 
48593 
15825 
48594 
15826 
48595 
15827 
48596 
15828 
48597 
15829 
48598 
15830 
48599 
15831 
15832 
15833 
15834 
15835 
15836 
15837 
15838 
15839 
48665 
48666 
48668 
48669 
48671 
15903 
48674 
15906 
48675 
48676 
15908 
48677 
15909 
48678 
15910 
48679 
15911 
48680 
48681 
15913 
48682 
15914 
48683 
15915 
48684 
15916 
48685 
15917 
48686 
15918 
48687 
15919 
48688 
15920 
48689 
15921 
48690 
15922 
48691 
15923 
48692 
15924 
48693 
15925 
48694 
15926 
48695 
15927 
48696 
15928 
48697 
15929 
48698 
15930 
15931 
48700 
15932 
48701 
15933 
15934 
48703 
15935 
48704 
15936 
48705 
15937 
48706 
15938 
15939 
48708 
15940 
48709 
15941 
48710 
15942 
48711 
15943 
48712 
15944 
48713 
15945 
48714 
15946 
48715 
15947 
48716 
15948 
48717 
15949 
48718 
15950 
48719 
15951 
15952 
15953 
15954 
15955 
15956 
15957 
15958 
15959 
48783 
48786 
48788 
48789 
48790 
16023 
16025 
48794 
16026 
48795 
48796 
16028 
48797 
16029 
48798 
16031 
48800 
48801 
16033 
48802 
16034 
48803 
16035 
48804 
16036 
48805 
16037 
48806 
16038 
48807 
16039 
48808 
16040 
48809 
16041 
48810 
16042 
48811 
16043 
48812 
16044 
48813 
16045 
48814 
16046 
48815 
16047 
48816 
16048 
48817 
16049 
48818 
16050 
48819 
16051 
48820 
16052 
48821 
16053 
48822 
16054 
48823 
16055 
48824 
16056 
48825 
16057 
48826 
16058 
48827 
16059 
48828 
16060 
48829 
16061 
48830 
16062 
48831 
16063 
48832 
16064 
48833 
16065 
48834 
16066 
48835 
16067 
48836 
16068 
48837 
16069 
48838 
16070 
48839 
16071 
16072 
16073 
16074 
16075 
16076 
16077 
16078 
16079 
48903 
48905 
48906 
48908 
48909 
48910 
48911 
16143 
48913 
16145 
48914 
16146 
48915 
16148 
48917 
48918 
16150 
48919 
16151 
48920 
48921 
16153 
48922 
16154 
48923 
16155 
48924 
16156 
48925 
16157 
48926 
16158 
48927 
16159 
48928 
16160 
48929 
16161 
48930 
16162 
48931 
16163 
48932 
16164 
48933 
16165 
48934 
16166 
48935 
16167 
48936 
16168 
48937 
16169 
48938 
16170 
48939 
16171 
48940 
16172 
48941 
16173 
48942 
16174 
48943 
16175 
48944 
16176 
48945 
16177 
48946 
16178 
48947 
48948 
16180 
48949 
16181 
48950 
48951 
16183 
48952 
16184 
48953 
16185 
48954 
16186 
48955 
48956 
16188 
48957 
16189 
48958 
16190 
48959 
16191 
16192 
16193 
16194 
16195 
16196 
16197 
16198 
16199 
49023 
49025 
49026 
49028 
49029 
49030 
49031 
16263 
49033 
16265 
49034 
16266 
49035 
49036 
16268 
49037 
49038 
16270 
49039 
16271 
49040 
49041 
16273 
49042 
16274 
49043 
16275 
49044 
16276 
49045 
16277 
49046 
16278 
49047 
16279 
49048 
16280 
49049 
16281 
49050 
16282 
49051 
16283 
49052 
16284 
49053 
16285 
49054 
16286 
49055 
16287 
49056 
16288 
49057 
16289 
49058 
16290 
49059 
16291 
49060 
16292 
49061 
16293 
49062 
16294 
49063 
16295 
49064 
16296 
49065 
16297 
49066 
16298 
49067 
16299 
49068 
16300 
49069 
16301 
49070 
16302 
49071 
16303 
49072 
16304 
49073 
16305 
49074 
16306 
49075 
16307 
49076 
16308 
49077 
16309 
49078 
16310 
49079 
16311 
16312 
16313 
16314 
16315 
16316 
16317 
16318 
16319 
49146 
49148 
49149 
49150 
49151 
16383 
49153 
16385 
49154 
16386 
49155 
49156 
49157 
16389 
49158 
16390 
49159 
16391 
49160 
49161 
16393 
49162 
16394 
49163 
16395 
49164 
16396 
49165 
16397 
49166 
16398 
49167 
16399 
49168 
16400 
49169 
16401 
49170 
16402 
49171 
16403 
49172 
16404 
49173 
16405 
49174 
16406 
49175 
16407 
49176 
16408 
49177 
16409 
49178 
16410 
49179 
16411 
49180 
16412 
49181 
16413 
49182 
16414 
49183 
16415 
49184 
16416 
49185 
16417 
49186 
16418 
49187 
16419 
49188 
16420 
49189 
16421 
49190 
16422 
49191 
16423 
49192 
16424 
49193 
16425 
49194 
16426 
49195 
16427 
49196 
16428 
49197 
16429 
49198 
16430 
49199 
16431 
16432 
16433 
16434 
16435 
16436 
16437 
16438 
16439 
49263 
49265 
49266 
49268 
49269 
49270 
49271 
16503 
49273 
16505 
49274 
16506 
49275 
49276 
16508 
49277 
16509 
49278 
16510 
49279 
16511 
49280 
49281 
16513 
49282 
16514 
49283 
16515 
49284 
16516 
49285 
49286 
16518 
49287 
16519 
49288 
16520 
49289 
16521 
49290 
16522 
49291 
16523 
49292 
16524 
49293 
16525 
49294 
16526 
49295 
16527 
49296 
16528 
49297 
16529 
49298 
16530 
16531 
49300 
16532 
49301 
16533 
16534 
49303 
16535 
49304 
16536 
49305 
16537 
49306 
16538 
16539 
49308 
16540 
49309 
16541 
49310 
16542 
49311 
16543 
49312 
16544 
49313 
16545 
49314 
16546 
49315 
16547 
49316 
16548 
49317 
16549 
49318 
16550 
49319 
16551 
16552 
16553 
16554 
16555 
16556 
16557 
16558 
16559 
49383 
49385 
49386 
49388 
49389 
49390 
49391 
16623 
49393 
16625 
49394 
16626 
49395 
49396 
16628 
49397 
16629 
49398 
16630 
49399 
16631 
49400 
49401 
16633 
49402 
16634 
49403 
16635 
49404 
16636 
49405 
16637 
49406 
16638 
49407 
16639 
49408 
16640 
49409 
16641 
49410 
16642 
49411 
16643 
49412 
16644 
49413 
16645 
49414 
16646 
49415 
16647 
49416 
16648 
49417 
16649 
49418 
16650 
16651 
49420 
16652 
49421 
16653 
16654 
49423 
16655 
49424 
16656 
49425 
16657 
49426 
16658 
16659 
49428 
49429 
16661 
49430 
49431 
16663 
49432 
16664 
49433 
16665 
49434 
16666 
49435 
49436 
16668 
49437 
16669 
49438 
16670 
49439 
16671 
16672 
16673 
16674 
16675 
16676 
16677 
16678 
16679 
49503 
49506 
49508 
49509 
49510 
49511 
16743 
49513 
16745 
49514 
16746 
49515 
49516 
16748 
49517 
16749 
49518 
16750 
49519 
16751 
49520 
49521 
16753 
49522 
16754 
49523 
16755 
49524 
16756 
49525 
16757 
49526 
16758 
49527 
16759 
49528 
16760 
49529 
16761 
49530 
16762 
49531 
16763 
49532 
16764 
49533 
16765 
49534 
16766 
49535 
16767 
49536 
16768 
49537 
16769 
49538 
16770 
49539 
16771 
49540 
16772 
49541 
16773 
49542 
16774 
49543 
16775 
49544 
16776 
49545 
16777 
49546 
16778 
49547 
49548 
16780 
49549 
16781 
49550 
49551 
16783 
49552 
16784 
49553 
16785 
49554 
16786 
49555 
49556 
16788 
49557 
16789 
49558 
16790 
49559 
16791 
16792 
16793 
16794 
16795 
16796 
16797 
16798 
16799 
49623 
49625 
49626 
49628 
49629 
49630 
49631 
49633 
16865 
49634 
16866 
49635 
49636 
16868 
49637 
16869 
49638 
16870 
49639 
49640 
49641 
16873 
49642 
16874 
49643 
16875 
49644 
16876 
49645 
16877 
49646 
16878 
49647 
16879 
49648 
16880 
49649 
16881 
49650 
16882 
49651 
16883 
49652 
16884 
49653 
16885 
49654 
16886 
49655 
16887 
49656 
16888 
49657 
16889 
49658 
16890 
16891 
49660 
16892 
49661 
16893 
16894 
49663 
16895 
49664 
16896 
49665 
16897 
49666 
16898 
16899 
49668 
16900 
49669 
16901 
49670 
16902 
49671 
16903 
49672 
16904 
49673 
16905 
49674 
16906 
49675 
16907 
49676 
16908 
49677 
16909 
49678 
16910 
49679 
16911 
16912 
16913 
16914 
16915 
16916 
16917 
16918 
16919 
49743 
49745 
49746 
49748 
49749 
49750 
49751 
16983 
49753 
16985 
49754 
16986 
49755 
49756 
16988 
49757 
16989 
49758 
16990 
49759 
16991 
49760 
49761 
16993 
49762 
16994 
49763 
16995 
49764 
16996 
49765 
16997 
49766 
16998 
49767 
16999 
49768 
17000 
49769 
17001 
49770 
17002 
49771 
17003 
49772 
17004 
49773 
17005 
49774 
17006 
49775 
17007 
49776 
17008 
49777 
17009 
49778 
17010 
17011 
49780 
17012 
49781 
17013 
17014 
49783 
17015 
49784 
17016 
49785 
17017 
49786 
17018 
49788 
17020 
49789 
17021 
49790 
49791 
17023 
49792 
17024 
49793 
17025 
49794 
17026 
49795 
49796 
17028 
49797 
17029 
49798 
17030 
49799 
17031 
17032 
17033 
17034 
17035 
17036 
17037 
17038 
17039 
49863 
49865 
49868 
49869 
49870 
49871 
17103 
49873 
17105 
49874 
17106 
49875 
49876 
17108 
49877 
17109 
49878 
17110 
49879 
17111 
49880 
49881 
17113 
49882 
17114 
49883 
17115 
49884 
17116 
49885 
17117 
49886 
17118 
49887 
17119 
49888 
17120 
49889 
17121 
49890 
17122 
49891 
17123 
49892 
17124 
49893 
17125 
49894 
17126 
49895 
17127 
49896 
17128 
49897 
17129 
49898 
17130 
49899 
17131 
49900 
17132 
49901 
17133 
49902 
17134 
49903 
17135 
49904 
17136 
49905 
17137 
49906 
17138 
49907 
17139 
49908 
17140 
49909 
17141 
49910 
17142 
49911 
17143 
49912 
17144 
49913 
17145 
49914 
17146 
49915 
17147 
49916 
17148 
49917 
17149 
49918 
17150 
49919 
17151 
17152 
17153 
17154 
17155 
17156 
17157 
17158 
17159 
49983 
49985 
49986 
49988 
49989 
49990 
49991 
17223 
49993 
17225 
49994 
17226 
49995 
49996 
17228 
49997 
17229 
49998 
17230 
49999 
17231 
50000 
50001 
17233 
50002 
17234 
50003 
17235 
50004 
17236 
50005 
50006 
17238 
50007 
17239 
50008 
17240 
50009 
17241 
50010 
17242 
50011 
17243 
50012 
17244 
50013 
17245 
50014 
17246 
50015 
17247 
50016 
17248 
50017 
17249 
50018 
17250 
50019 
17251 
50020 
17252 
50021 
17253 
50022 
17254 
50023 
17255 
50024 
17256 
50025 
17257 
50026 
17258 
50027 
17259 
50028 
50029 
17261 
50030 
50031 
17263 
50032 
17264 
50033 
17265 
50034 
17266 
50035 
50036 
17268 
50037 
17269 
50038 
17270 
50039 
17271 
17272 
17273 
17274 
17275 
17276 
17277 
17278 
17279 
50103 
50105 
50106 
50108 
50109 
50110 
50111 
17343 
50113 
17345 
50114 
17346 
50115 
50116 
50117 
17349 
50118 
17350 
50119 
17351 
50120 
50121 
17353 
50122 
17354 
50123 
17355 
50124 
17356 
50125 
17357 
50126 
17358 
50127 
17359 
50128 
17360 
50129 
17361 
50130 
17362 
50131 
17363 
50132 
17364 
50133 
17365 
50134 
17366 
50135 
17367 
50136 
17368 
50137 
17369 
50138 
17370 
50139 
17371 
50140 
17372 
50141 
17373 
50142 
17374 
50143 
17375 
50144 
17376 
50145 
17377 
50146 
17378 
50147 
17379 
50148 
17380 
50149 
17381 
50150 
17382 
50151 
17383 
50152 
17384 
50153 
17385 
50154 
17386 
50155 
17387 
50156 
17388 
50157 
17389 
50158 
17390 
50159 
17391 
17392 
17393 
17394 
17395 
17396 
17397 
17398 
17399 
17463 
17465 
17468 
17469 
17470 
17471 
17473 
17474 
17475 
17476 
17477 
17478 
17479 
17480 
17481 
17482 
17483 
17484 
17485 
17486 
17487 
17488 
17489 
17490 
17491 
17492 
17493 
17494 
17495 
17496 
17497 
17498 
17499 
17500 
17501 
17502 
17503 
17504 
17505 
17506 
17507 
17508 
17509 
17510 
17511 
17512 
17513 
17514 
17515 
17516 
17517 
17518 
17519 
17583 
17585 
17586 
17588 
17589 
17590 
17591 
17593 
17594 
17595 
17596 
17597 
17598 
17599 
17600 
17601 
17602 
17603 
17604 
17605 
17606 
17607 
17608 
17609 
17610 
17611 
17612 
17613 
17614 
17615 
17616 
17617 
17618 
17619 
17620 
17621 
17622 
17623 
17624 
17625 
17626 
17627 
17628 
17629 
17630 
17631 
17632 
17633 
17634 
17635 
17636 
17637 
17638 
17639 
17703 
17705 
17706 
17708 
17709 
17710 
17711 
17713 
17714 
17715 
17716 
17717 
17718 
17719 
17720 
17721 
17722 
17723 
17724 
17725 
17726 
17727 
17728 
17729 
17730 
17731 
17732 
17733 
17734 
17735 
17736 
17737 
17738 
17739 
17740 
17741 
17742 
17743 
17744 
17745 
17746 
17747 
17748 
17749 
17750 
17751 
17752 
17753 
17754 
17755 
17756 
17757 
17758 
17759 
17823 
17825 
17826 
17828 
17829 
17831 
17833 
17834 
17835 
17836 
17837 
17838 
17839 
17840 
17841 
17843 
17844 
17845 
17846 
17847 
17848 
17849 
17850 
17851 
17852 
17853 
17854 
17855 
17856 
17857 
17858 
17859 
17860 
17861 
17862 
17863 
17864 
17865 
17866 
17867 
17868 
17869 
17870 
17871 
17872 
17873 
17874 
17875 
17876 
17877 
17878 
17879 
17943 
17945 
17946 
17948 
17949 
17951 
17953 
17954 
17955 
17956 
17957 
17958 
17959 
17960 
17961 
17962 
17963 
17964 
17965 
17966 
17967 
17968 
17969 
17970 
17971 
17972 
17973 
17974 
17975 
17976 
17977 
17978 
17979 
17980 
17981 
17982 
17983 
17984 
17985 
17986 
17987 
17988 
17989 
17990 
17991 
17992 
17993 
17994 
17995 
17996 
17997 
17998 
17999 
18063 
18065 
18066 
18068 
18069 
18070 
18071 
18073 
18074 
18075 
18076 
18077 
18078 
18079 
18080 
18081 
18082 
18083 
18084 
18085 
18086 
18087 
18088 
18089 
18090 
18091 
18092 
18093 
18094 
18095 
18096 
18097 
18098 
18100 
18101 
18103 
18105 
18106 
18108 
18109 
18110 
18111 
18112 
18113 
18114 
18115 
18116 
18117 
18118 
18119 
18183 
18185 
18186 
18188 
18189 
18190 
18193 
18194 
18195 
18196 
18197 
18198 
18199 
18200 
18201 
18202 
18203 
18204 
18205 
18206 
18207 
18208 
18209 
18210 
18211 
18212 
18213 
18214 
18215 
18216 
18217 
18218 
18220 
18221 
18223 
18224 
18225 
18226 
18228 
18229 
18230 
18231 
18232 
18233 
18234 
18235 
18236 
18237 
18238 
18239 
18303 
18305 
18306 
18308 
18309 
18310 
18311 
18313 
18314 
18315 
18316 
18317 
18318 
18319 
18320 
18321 
18322 
18323 
18324 
18325 
18326 
18327 
18328 
18329 
18330 
18331 
18332 
18333 
18334 
18335 
18336 
18337 
18338 
18339 
18340 
18341 
18342 
18343 
18344 
18345 
18346 
18347 
18348 
18349 
18350 
18351 
18352 
18353 
18354 
18355 
18356 
18357 
18358 
18359 
18423 
18425 
18426 
18428 
18429 
18430 
18431 
18433 
18434 
18436 
18437 
18438 
18439 
18440 
18441 
18442 
18443 
18444 
18445 
18446 
18447 
18448 
18449 
18450 
18451 
18452 
18453 
18454 
18455 
18456 
18457 
18458 
18459 
18460 
18461 
18462 
18463 
18464 
18465 
18466 
18467 
18468 
18469 
18470 
18471 
18472 
18473 
18474 
18475 
18476 
18477 
18478 
18479 
18543 
18545 
18546 
18548 
18549 
18550 
18551 
18553 
18554 
18555 
18556 
18557 
18558 
18559 
18560 
18561 
18562 
18563 
18564 
18565 
18566 
18567 
18568 
18569 
18570 
18571 
18572 
18573 
18574 
18575 
18576 
18577 
18578 
18579 
18580 
18581 
18582 
18583 
18584 
18585 
18586 
18587 
18588 
18589 
18590 
18591 
18592 
18593 
18594 
18595 
18596 
18597 
18598 
18599 
18665 
18666 
18668 
18669 
18670 
18671 
18673 
18674 
18675 
18676 
18677 
18678 
18679 
18680 
18681 
18682 
18683 
18684 
18685 
18686 
18687 
18688 
18689 
18690 
18691 
18692 
18693 
18694 
18695 
18696 
18697 
18698 
18700 
18701 
18703 
18704 
18705 
18706 
18708 
18709 
18710 
18711 
18712 
18713 
18714 
18715 
18716 
18717 
18718 
18719 
18785 
18788 
18789 
18790 
18791 
18793 
18794 
18795 
18796 
18797 
18798 
18799 
18800 
18801 
18802 
18803 
18804 
18805 
18806 
18807 
18808 
18809 
18810 
18811 
18812 
18813 
18814 
18815 
18816 
18817 
18818 
18819 
18820 
18821 
18822 
18823 
18824 
18825 
18826 
18827 
18828 
18829 
18830 
18831 
18832 
18833 
18834 
18835 
18836 
18837 
18838 
18839 
18903 
18905 
18906 
18908 
18909 
18910 
18911 
18913 
18914 
18915 
18916 
18917 
18918 
18919 
18920 
18921 
18922 
18923 
18924 
18925 
18926 
18927 
18928 
18929 
18930 
18931 
18932 
18933 
18934 
18935 
18936 
18937 
18938 
18939 
18940 
18941 
18942 
18943 
18944 
18945 
18946 
18947 
18948 
18949 
18950 
18951 
18952 
18953 
18954 
18955 
18956 
18957 
18958 
18959 
19023 
19025 
19026 
19028 
19029 
19030 
19031 
19033 
19034 
19035 
19037 
19038 
19039 
19040 
19041 
19042 
19043 
19044 
19045 
19046 
19047 
19048 
19049 
19050 
19051 
19052 
19053 
19054 
19055 
19056 
19057 
19058 
19059 
19060 
19061 
19062 
19063 
19064 
19065 
19066 
19067 
19068 
19069 
19070 
19071 
19072 
19073 
19074 
19075 
19076 
19077 
19078 
19079 
19143 
19145 
19146 
19148 
19149 
19150 
19151 
19153 
19154 
19155 
19157 
19158 
19159 
19160 
19161 
19162 
19163 
19164 
19165 
19166 
19167 
19168 
19169 
19170 
19171 
19172 
19173 
19174 
19175 
19176 
19177 
19178 
19179 
19180 
19181 
19182 
19183 
19184 
19185 
19186 
19187 
19188 
19189 
19190 
19191 
19192 
19193 
19194 
19195 
19196 
19197 
19198 
19199 
19263 
19265 
19266 
19268 
19269 
19270 
19271 
19273 
19274 
19275 
19276 
19277 
19278 
19279 
19280 
19281 
19282 
19283 
19284 
19285 
19286 
19287 
19288 
19289 
19290 
19291 
19292 
19293 
19294 
19295 
19296 
19297 
19298 
19299 
19300 
19301 
19302 
19303 
19304 
19305 
19306 
19307 
19308 
19309 
19310 
19311 
19312 
19313 
19314 
19315 
19316 
19317 
19318 
19319 
19383 
19385 
19386 
19388 
19389 
19390 
19391 
19393 
19394 
19395 
19396 
19397 
19398 
19399 
19400 
19401 
19402 
19403 
19404 
19405 
19406 
19407 
19408 
19409 
19410 
19411 
19412 
19413 
19414 
19415 
19416 
19417 
19418 
19419 
19420 
19421 
19422 
19423 
19424 
19425 
19426 
19427 
19428 
19429 
19430 
19431 
19432 
19433 
19434 
19435 
19436 
19437 
19438 
19439 
19503 
19505 
19506 
19508 
19509 
19510 
19511 
19513 
19514 
19515 
19516 
19517 
19518 
19519 
19520 
19521 
19522 
19523 
19524 
19525 
19526 
19527 
19528 
19529 
19530 
19531 
19532 
19533 
19534 
19535 
19536 
19537 
19538 
19539 
19540 
19541 
19542 
19543 
19544 
19545 
19546 
19547 
19548 
19549 
19550 
19551 
19552 
19553 
19554 
19555 
19556 
19557 
19558 
19559 
19623 
19625 
19626 
19628 
19629 
19630 
19631 
19633 
19634 
19635 
19636 
19637 
19638 
19639 
19640 
19641 
19642 
19643 
19644 
19645 
19646 
19647 
19648 
19649 
19650 
19651 
19652 
19653 
19654 
19655 
19656 
19657 
19658 
19659 
19660 
19661 
19662 
19663 
19664 
19665 
19666 
19667 
19668 
19669 
19670 
19671 
19672 
19673 
19674 
19675 
19676 
19677 
19678 
19679 
19743 
19745 
19746 
19748 
19749 
19750 
19751 
19753 
19754 
19755 
19756 
19757 
19758 
19759 
19760 
19761 
19762 
19763 
19764 
19765 
19766 
19767 
19768 
19769 
19770 
19771 
19772 
19773 
19774 
19775 
19776 
19777 
19778 
19779 
19780 
19781 
19782 
19783 
19784 
19785 
19786 
19787 
19788 
19789 
19790 
19791 
19792 
19793 
19794 
19795 
19796 
19797 
19798 
19799 
19863 
19865 
19866 
19868 
19869 
19870 
19871 
19873 
19874 
19875 
19876 
19877 
19878 
19879 
19880 
19881 
19882 
19883 
19884 
19885 
19886 
19887 
19888 
19889 
19890 
19891 
19892 
19893 
19894 
19895 
19896 
19897 
19898 
19899 
19900 
19901 
19902 
19903 
19904 
19905 
19906 
19907 
19908 
19909 
19910 
19911 
19912 
19913 
19914 
19915 
19916 
19917 
19918 
19919 
19983 
19985 
19986 
19988 
19989 
19990 
19991 
19993 
19994 
19995 
19996 
19997 
19998 
19999 
20000 
20001 
20002 
20003 
20004 
20005 
20006 
20007 
20008 
20009 
20010 
20011 
20012 
20013 
20014 
20015 
20016 
20017 
20018 
20019 
20020 
20021 
20022 
20023 
20024 
20025 
20026 
20027 
20028 
20029 
20030 
20031 
20032 
20033 
20034 
20035 
20036 
20037 
20038 
20039 
20103 
20105 
20106 
20108 
20109 
20110 
20111 
20113 
20114 
20115 
20116 
20117 
20118 
20119 
20120 
20121 
20122 
20123 
20124 
20125 
20126 
20127 
20128 
20129 
20130 
20131 
20132 
20133 
20134 
20135 
20136 
20137 
20138 
20139 
20140 
20141 
20142 
20143 
20144 
20145 
20146 
20147 
20148 
20149 
20150 
20151 
20152 
20153 
20154 
20155 
20156 
20157 
20158 
20159 
20223 
20225 
20226 
20228 
20229 
20230 
20231 
20233 
20234 
20235 
20236 
20237 
20238 
20239 
20240 
20241 
20242 
20243 
20244 
20245 
20246 
20247 
20248 
20249 
20250 
20251 
20252 
20253 
20254 
20255 
20256 
20257 
20258 
20260 
20261 
20263 
20264 
20265 
20266 
20268 
20269 
20270 
20271 
20272 
20273 
20274 
20275 
20276 
20277 
20278 
20279 
20343 
20345 
20346 
20348 
20349 
20350 
20351 
20353 
20354 
20355 
20356 
20357 
20358 
20359 
20360 
20361 
20362 
20363 
20364 
20365 
20366 
20367 
20368 
20369 
20370 
20371 
20372 
20373 
20374 
20375 
20376 
20377 
20378 
20379 
20380 
20381 
20382 
20383 
20384 
20385 
20386 
20387 
20388 
20389 
20390 
20391 
20392 
20393 
20394 
20395 
20396 
20397 
20398 
20399 
20463 
20465 
20468 
20469 
20470 
20471 
20473 
20474 
20475 
20476 
20477 
20478 
20479 
20480 
20481 
20482 
20483 
20484 
20485 
20486 
20487 
20488 
20489 
20490 
20491 
20492 
20493 
20494 
20495 
20496 
20497 
20498 
20499 
20500 
20501 
20502 
20503 
20504 
20505 
20506 
20507 
20508 
20509 
20510 
20511 
20512 
20513 
20514 
20515 
20516 
20517 
20518 
20519 
20583 
20585 
20586 
20588 
20589 
20590 
20591 
20593 
20594 
20595 
20596 
20597 
20598 
20599 
20600 
20601 
20602 
20603 
20604 
20605 
20606 
20607 
20608 
20609 
20610 
20611 
20612 
20613 
20614 
20615 
20616 
20617 
20618 
20619 
20620 
20621 
20622 
20623 
20624 
20625 
20626 
20627 
20628 
20629 
20630 
20631 
20632 
20633 
20634 
20635 
20636 
20637 
20638 
20639 
20703 
20705 
20706 
20708 
20709 
20710 
20711 
20713 
20714 
20715 
20716 
20717 
20718 
20719 
20720 
20721 
20722 
20723 
20724 
20725 
20726 
20727 
20728 
20729 
20730 
20731 
20732 
20733 
20734 
20735 
20736 
20737 
20738 
20739 
20740 
20741 
20742 
20743 
20744 
20745 
20746 
20747 
20748 
20749 
20750 
20751 
20752 
20753 
20754 
20755 
20756 
20757 
20758 
20759 
20823 
20826 
20828 
20829 
20830 
20831 
20834 
20835 
20836 
20837 
20838 
20839 
20840 
20841 
20842 
20843 
20844 
20845 
20846 
20847 
20848 
20849 
20850 
20851 
20852 
20853 
20854 
20855 
20856 
20857 
20858 
20860 
20861 
20863 
20864 
20865 
20866 
20868 
20869 
20870 
20871 
20872 
20873 
20874 
20875 
20876 
20877 
20878 
20879 
20943 
20945 
20948 
20949 
20950 
20951 
20953 
20954 
20955 
20956 
20957 
20958 
20959 
20960 
20961 
20962 
20963 
20964 
20965 
20966 
20967 
20968 
20969 
20970 
20971 
20972 
20973 
20974 
20975 
20976 
20977 
20978 
20979 
20980 
20981 
20982 
20983 
20984 
20985 
20986 
20987 
20988 
20989 
20990 
20991 
20992 
20993 
20994 
20995 
20996 
20997 
20998 
20999 
21063 
21065 
21068 
21069 
21070 
21071 
21074 
21075 
21076 
21077 
21078 
21079 
21080 
21081 
21082 
21083 
21084 
21085 
21086 
21087 
21088 
21089 
21090 
21091 
21092 
21093 
21094 
21095 
21096 
21097 
21098 
21099 
21100 
21101 
21102 
21103 
21104 
21105 
21106 
21107 
21108 
21109 
21110 
21111 
21112 
21113 
21114 
21115 
21116 
21117 
21118 
21119 
21183 
21185 
21186 
21188 
21189 
21190 
21191 
21193 
21194 
21195 
21196 
21197 
21198 
21199 
21200 
21201 
21202 
21203 
21204 
21205 
21206 
21207 
21208 
21209 
21210 
21211 
21212 
21213 
21214 
21215 
21216 
21217 
21218 
21219 
21220 
21221 
21222 
21223 
21224 
21225 
21226 
21227 
21228 
21229 
21230 
21231 
21232 
21233 
21234 
21235 
21236 
21237 
21238 
21239 
21303 
21306 
21308 
21309 
21311 
21313 
21314 
21315 
21316 
21317 
21318 
21319 
21320 
21321 
21322 
21323 
21324 
21325 
21326 
21327 
21328 
21329 
21330 
21331 
21332 
21333 
21334 
21335 
21336 
21337 
21338 
21340 
21341 
21343 
21344 
21345 
21346 
21348 
21349 
21350 
21351 
21352 
21353 
21354 
21355 
21356 
21357 
21358 
21359 
21423 
21425 
21426 
21428 
21429 
21430 
21431 
21433 
21434 
21435 
21436 
21437 
21438 
21439 
21440 
21441 
21442 
21443 
21444 
21445 
21446 
21447 
21448 
21449 
21450 
21451 
21452 
21453 
21454 
21455 
21456 
21457 
21458 
21460 
21461 
21463 
21464 
21465 
21466 
21467 
21469 
21470 
21471 
21472 
21474 
21475 
21476 
21477 
21478 
21479 
21543 
21545 
21546 
21548 
21550 
21551 
21553 
21554 
21555 
21556 
21557 
21558 
21559 
21560 
21561 
21562 
21563 
21564 
21565 
21566 
21567 
21568 
21569 
21570 
21571 
21572 
21573 
21574 
21575 
21576 
21577 
21578 
21579 
21580 
21581 
21582 
21583 
21584 
21585 
21586 
21587 
21588 
21589 
21590 
21591 
21592 
21593 
21594 
21595 
21596 
21597 
21598 
21599 
21666 
21669 
21671 
21673 
21674 
21675 
21676 
21677 
21678 
21679 
21680 
21681 
21682 
21683 
21684 
21685 
21686 
21687 
21688 
21689 
21690 
21691 
21692 
21693 
21694 
21695 
21696 
21697 
21698 
21700 
21701 
21703 
21704 
21705 
21706 
21708 
21709 
21710 
21711 
21712 
21713 
21714 
21715 
21716 
21717 
21718 
21719 
21783 
21785 
21786 
21788 
21789 
21791 
21793 
21794 
21795 
21796 
21797 
21798 
21799 
21800 
21801 
21802 
21803 
21804 
21805 
21806 
21807 
21808 
21809 
21810 
21811 
21812 
21813 
21814 
21815 
21816 
21817 
21818 
21819 
21820 
21821 
21823 
21824 
21825 
21826 
21828 
21829 
21830 
21831 
21832 
21833 
21834 
21835 
21836 
21837 
21838 
21839 
21903 
21905 
21910 
21911 
21913 
21914 
21915 
21916 
21917 
21918 
21919 
21920 
21921 
21922 
21923 
21924 
21925 
21926 
21927 
21928 
21929 
21930 
21931 
21932 
21933 
21934 
21935 
21936 
21937 
21938 
21940 
21941 
21943 
21944 
21945 
21946 
21948 
21949 
21950 
21951 
21952 
21953 
21954 
21955 
21956 
21957 
21958 
21959 
22023 
22025 
22026 
22029 
22030 
22031 
22033 
22034 
22035 
22036 
22037 
22038 
22039 
22040 
22041 
22042 
22043 
22044 
22045 
22046 
22047 
22048 
22049 
22050 
22051 
22052 
22053 
22054 
22055 
22056 
22057 
22058 
22059 
22060 
22061 
22062 
22063 
22064 
22065 
22066 
22067 
22068 
22069 
22070 
22071 
22072 
22073 
22074 
22075 
22076 
22077 
22078 
22079 
22145 
22146 
22149 
22150 
22153 
22154 
22155 
22156 
22157 
22158 
22159 
22160 
22161 
22162 
22163 
22164 
22165 
22166 
22167 
22168 
22169 
22170 
22171 
22172 
22173 
22174 
22175 
22176 
22177 
22178 
22179 
22180 
22181 
22182 
22183 
22184 
22185 
22186 
22187 
22188 
22189 
22190 
22191 
22192 
22193 
22194 
22195 
22196 
22197 
22198 
22199 
22263 
22269 
22270 
22271 
22273 
22274 
22275 
22276 
22277 
22278 
22279 
22280 
22281 
22282 
22283 
22284 
22285 
22286 
22287 
22288 
22289 
22290 
22291 
22292 
22293 
22294 
22295 
22296 
22297 
22298 
22299 
22300 
22301 
22302 
22303 
22304 
22305 
22306 
22307 
22308 
22309 
22310 
22311 
22312 
22313 
22314 
22315 
22316 
22317 
22318 
22319 
22383 
22386 
22389 
22391 
22393 
22394 
22395 
22396 
22397 
22398 
22399 
22400 
22401 
22402 
22403 
22404 
22405 
22406 
22407 
22408 
22409 
22410 
22411 
22412 
22413 
22414 
22415 
22416 
22417 
22418 
22419 
22420 
22421 
22422 
22423 
22424 
22425 
22426 
22427 
22428 
22429 
22430 
22431 
22432 
22433 
22434 
22435 
22436 
22437 
22438 
22439 
22505 
22506 
22508 
22510 
22513 
22514 
22515 
22516 
22517 
22518 
22519 
22520 
22521 
22522 
22523 
22524 
22525 
22526 
22527 
22528 
22529 
22530 
22531 
22532 
22533 
22534 
22535 
22536 
22537 
22538 
22539 
22540 
22541 
22542 
22543 
22544 
22545 
22546 
22547 
22548 
22549 
22550 
22551 
22552 
22553 
22554 
22555 
22556 
22557 
22558 
22559 
22623 
22625 
22628 
22629 
22630 
22631 
22633 
22634 
22636 
22637 
22638 
22639 
22640 
22641 
22642 
22643 
22644 
22645 
22646 
22647 
22648 
22649 
22650 
22651 
22652 
22653 
22654 
22655 
22656 
22657 
22658 
22660 
22661 
22663 
22664 
22665 
22666 
22668 
22669 
22670 
22671 
22672 
22673 
22674 
22675 
22676 
22677 
22678 
22679 
22743 
22745 
22747 
22748 
22749 
22750 
22753 
22755 
22756 
22757 
22758 
22759 
22760 
22761 
22762 
22763 
22764 
22765 
22766 
22767 
22768 
22769 
22770 
22771 
22772 
22773 
22774 
22775 
22776 
22777 
22778 
22780 
22781 
22783 
22784 
22785 
22786 
22787 
22789 
22790 
22791 
22792 
22793 
22794 
22795 
22796 
22797 
22798 
22799 
22863 
22865 
22867 
22868 
22869 
22871 
22873 
22875 
22876 
22877 
22878 
22879 
22880 
22881 
22882 
22883 
22884 
22885 
22886 
22887 
22888 
22889 
22890 
22891 
22892 
22893 
22894 
22895 
22896 
22897 
22898 
22899 
22900 
22901 
22902 
22903 
22904 
22905 
22906 
22907 
22908 
22909 
22910 
22911 
22912 
22913 
22914 
22915 
22916 
22917 
22918 
22919 
22985 
22987 
22990 
22991 
22993 
22994 
22996 
22997 
22998 
22999 
23000 
23001 
23002 
23003 
23004 
23005 
23006 
23007 
23008 
23009 
23010 
23011 
23012 
23013 
23014 
23015 
23016 
23017 
23018 
23019 
23020 
23021 
23022 
23023 
23024 
23025 
23026 
23027 
23028 
23029 
23030 
23031 
23032 
23033 
23034 
23035 
23036 
23037 
23038 
23039 
23107 
23109 
23110 
23113 
23114 
23116 
23118 
23119 
23120 
23121 
23122 
23123 
23124 
23125 
23126 
23127 
23128 
23129 
23130 
23131 
23132 
23133 
23134 
23135 
23136 
23137 
23138 
23140 
23141 
23143 
23144 
23145 
23146 
23148 
23149 
23150 
23151 
23152 
23153 
23154 
23155 
23156 
23157 
23158 
23159 
23223 
23225 
23228 
23229 
23231 
23233 
23234 
23235 
23236 
23238 
23239 
23240 
23241 
23242 
23243 
23244 
23245 
23246 
23247 
23248 
23249 
23250 
23251 
23252 
23253 
23254 
23255 
23256 
23257 
23258 
23260 
23261 
23263 
23264 
23265 
23266 
23268 
23269 
23270 
23271 
23272 
23273 
23274 
23275 
23276 
23277 
23278 
23279 
23343 
23345 
23348 
23349 
23350 
23353 
23354 
23355 
23357 
23358 
23359 
23360 
23361 
23362 
23363 
23364 
23365 
23366 
23367 
23368 
23369 
23370 
23371 
23372 
23373 
23374 
23375 
23376 
23377 
23378 
23379 
23380 
23381 
23382 
23383 
23384 
23385 
23386 
23387 
23388 
23389 
23390 
23391 
23392 
23393 
23394 
23395 
23396 
23397 
23398 
23399 
23463 
23465 
23467 
23468 
23469 
23470 
23471 
23473 
23474 
23475 
23476 
23477 
23478 
23479 
23480 
23481 
23482 
23483 
23484 
23486 
23487 
23488 
23489 
23490 
23491 
23492 
23493 
23494 
23495 
23496 
23497 
23498 
23499 
23500 
23501 
23502 
23503 
23504 
23505 
23507 
23508 
23509 
23510 
23511 
23512 
23513 
23514 
23515 
23516 
23517 
23518 
23519 
23583 
23587 
23588 
23591 
23594 
23595 
23597 
23598 
23599 
23600 
23601 
23602 
23603 
23604 
23605 
23606 
23607 
23608 
23609 
23610 
23611 
23612 
23613 
23614 
23615 
23616 
23617 
23618 
23619 
23620 
23621 
23622 
23623 
23624 
23625 
23626 
23627 
23628 
23629 
23630 
23631 
23632 
23633 
23634 
23635 
23636 
23637 
23638 
23639 
23703 
23705 
23707 
23709 
23711 
23713 
23714 
23715 
23717 
23718 
23719 
23720 
23721 
23722 
23723 
23724 
23725 
23726 
23727 
23728 
23729 
23730 
23731 
23732 
23733 
23734 
23735 
23736 
23737 
23738 
23740 
23741 
23743 
23744 
23745 
23746 
23748 
23749 
23750 
23751 
23752 
23753 
23754 
23755 
23756 
23757 
23758 
23759 
23827 
23829 
23830 
23831 
23833 
23834 
23835 
23836 
23837 
23838 
23839 
23840 
23841 
23842 
23843 
23844 
23845 
23846 
23847 
23848 
23849 
23850 
23851 
23852 
23853 
23854 
23855 
23856 
23857 
23858 
23859 
23860 
23861 
23862 
23863 
23864 
23865 
23866 
23867 
23868 
23869 
23870 
23871 
23872 
23873 
23874 
23875 
23876 
23877 
23878 
23879 
23943 
23945 
23948 
23949 
23950 
23953 
23954 
23957 
23959 
23960 
23961 
23962 
23963 
23964 
23965 
23966 
23967 
23968 
23969 
23970 
23971 
23972 
23973 
23974 
23975 
23976 
23977 
23978 
23980 
23981 
23983 
23984 
23985 
23986 
23988 
23989 
23990 
23991 
23992 
23993 
23994 
23995 
23996 
23997 
23998 
23999 
24063 
24065 
24067 
24068 
24071 
24073 
24074 
24075 
24076 
24077 
24078 
24079 
24080 
24082 
24083 
24085 
24086 
24087 
24088 
24089 
24090 
24091 
24092 
24093 
24094 
24095 
24096 
24097 
24098 
24100 
24101 
24103 
24104 
24105 
24106 
24108 
24109 
24110 
24111 
24112 
24113 
24114 
24115 
24116 
24117 
24118 
24119 
24183 
24185 
24187 
24190 
24193 
24195 
24196 
24198 
24199 
24200 
24201 
24204 
24205 
24206 
24207 
24208 
24209 
24210 
24211 
24212 
24213 
24214 
24215 
24216 
24217 
24218 
24219 
24220 
24221 
24222 
24223 
24224 
24225 
24226 
24227 
24228 
24229 
24230 
24231 
24232 
24233 
24234 
24235 
24236 
24237 
24238 
24239 
24305 
24308 
24309 
24310 
24311 
24314 
24315 
24316 
24317 
24318 
24319 
24320 
24321 
24322 
24324 
24325 
24326 
24327 
24328 
24329 
24330 
24331 
24332 
24333 
24334 
24335 
24336 
24337 
24338 
24339 
24340 
24341 
24342 
24343 
24344 
24345 
24346 
24347 
24348 
24349 
24350 
24351 
24352 
24353 
24354 
24355 
24356 
24357 
24358 
24359 
24423 
24427 
24430 
24433 
24435 
24436 
24438 
24440 
24442 
24443 
24444 
24445 
24446 
24447 
24448 
24449 
24451 
24452 
24453 
24454 
24455 
24456 
24457 
24458 
24459 
24460 
24461 
24462 
24463 
24464 
24465 
24466 
24467 
24468 
24469 
24470 
24471 
24472 
24473 
24474 
24475 
24476 
24477 
24478 
24479 
24543 
24545 
24549 
24550 
24553 
24555 
24556 
24557 
24558 
24560 
24561 
24562 
24564 
24565 
24566 
24567 
24568 
24569 
24570 
24571 
24572 
24573 
24574 
24575 
24576 
24577 
24578 
24579 
24580 
24581 
24582 
24583 
24584 
24585 
24586 
24587 
24588 
24589 
24590 
24591 
24592 
24593 
24594 
24595 
24596 
24597 
24598 
24599 
24663 
24665 
24668 
24671 
24674 
24675 
24677 
24678 
24679 
24680 
24681 
24683 
24684 
24685 
24686 
24687 
24688 
24689 
24690 
24691 
24692 
24693 
24694 
24695 
24696 
24697 
24698 
24699 
24700 
24701 
24702 
24703 
24704 
24705 
24706 
24707 
24708 
24709 
24710 
24711 
24712 
24713 
24714 
24715 
24716 
24717 
24718 
24719 
24783 
24788 
24790 
24793 
24794 
24798 
24799 
24801 
24802 
24803 
24804 
24805 
24806 
24807 
24808 
24809 
24810 
24811 
24812 
24813 
24814 
24815 
24816 
24817 
24818 
24819 
24820 
24821 
24822 
24823 
24824 
24825 
24826 
24827 
24828 
24829 
24830 
24831 
24832 
24833 
24834 
24835 
24836 
24837 
24838 
24839 
24905 
24907 
24909 
24911 
24914 
24918 
24921 
24923 
24925 
24926 
24927 
24928 
24929 
24930 
24931 
24932 
24933 
24934 
24935 
24936 
24937 
24938 
24939 
24940 
24941 
24942 
24943 
24944 
24945 
24946 
24947 
24948 
24949 
24950 
24951 
24952 
24953 
24954 
24955 
24956 
24957 
24958 
24959 
25023 
25025 
25027 
25028 
25030 
25035 
25038 
25039 
25041 
25042 
25043 
25045 
25046 
25048 
25049 
25050 
25051 
25052 
25053 
25054 
25055 
25056 
25057 
25058 
25059 
25060 
25061 
25062 
25063 
25064 
25065 
25066 
25067 
25068 
25069 
25070 
25071 
25072 
25073 
25074 
25075 
25076 
25077 
25078 
25079 
25143 
25145 
25148 
25149 
25150 
25151 
25153 
25155 
25157 
25159 
25160 
25161 
25162 
25163 
25164 
25166 
25167 
25168 
25169 
25170 
25171 
25172 
25173 
25174 
25175 
25176 
25177 
25178 
25179 
25180 
25181 
25182 
25183 
25184 
25185 
25186 
25187 
25188 
25189 
25190 
25191 
25192 
25193 
25194 
25195 
25196 
25197 
25198 
25199 
25265 
25267 
25269 
25271 
25274 
25278 
25281 
25283 
25285 
25286 
25287 
25288 
25289 
25290 
25291 
25292 
25293 
25294 
25295 
25296 
25297 
25298 
25299 
25300 
25301 
25302 
25303 
25304 
25305 
25306 
25307 
25308 
25309 
25310 
25311 
25312 
25313 
25314 
25315 
25316 
25317 
25318 
25319 
25383 
25388 
25390 
25393 
25394 
25398 
25399 
25401 
25402 
25403 
25404 
25405 
25406 
25407 
25408 
25409 
25410 
25411 
25412 
25413 
25414 
25415 
25416 
25417 
25418 
25419 
25420 
25421 
25422 
25423 
25424 
25425 
25426 
25427 
25428 
25429 
25430 
25431 
25432 
25433 
25434 
25435 
25436 
25437 
25438 
25439 
25503 
25505 
25508 
25511 
25514 
25515 
25516 
25518 
25519 
25520 
25521 
25523 
25524 
25525 
25526 
25527 
25528 
25529 
25530 
25531 
25532 
25533 
25534 
25535 
25536 
25537 
25538 
25539 
25540 
25541 
25542 
25543 
25544 
25545 
25546 
25547 
25548 
25549 
25550 
25551 
25552 
25553 
25554 
25555 
25556 
25557 
25558 
25559 
25623 
25625 
25629 
25630 
25633 
25635 
25636 
25637 
25638 
25640 
25641 
25642 
25644 
25645 
25646 
25647 
25648 
25649 
25650 
25651 
25652 
25653 
25654 
25655 
25656 
25657 
25658 
25659 
25660 
25661 
25662 
25663 
25664 
25665 
25666 
25667 
25668 
25669 
25670 
25671 
25672 
25673 
25674 
25675 
25676 
25677 
25678 
25679 
25743 
25747 
25750 
25753 
25755 
25756 
25758 
25760 
25762 
25763 
25764 
25765 
25766 
25767 
25768 
25769 
25771 
25772 
25773 
25774 
25775 
25776 
25777 
25778 
25779 
25780 
25781 
25782 
25783 
25784 
25785 
25786 
25787 
25788 
25789 
25790 
25791 
25792 
25793 
25794 
25795 
25796 
25797 
25798 
25799 
25865 
25868 
25869 
25870 
25871 
25874 
25875 
25876 
25877 
25878 
25879 
25880 
25881 
25882 
25884 
25885 
25886 
25887 
25888 
25889 
25890 
25891 
25892 
25893 
25894 
25895 
25896 
25897 
25898 
25899 
25900 
25901 
25902 
25903 
25904 
25905 
25906 
25907 
25908 
25909 
25910 
25911 
25912 
25913 
25914 
25915 
25916 
25917 
25918 
25919 
25983 
25985 
25987 
25990 
25993 
25995 
25996 
25998 
25999 
26000 
26001 
26004 
26005 
26006 
26007 
26008 
26009 
26010 
26011 
26012 
26013 
26014 
26015 
26016 
26017 
26018 
26019 
26020 
26021 
26022 
26023 
26024 
26025 
26026 
26027 
26028 
26029 
26030 
26031 
26032 
26033 
26034 
26035 
26036 
26037 
26038 
26039 
26103 
26105 
26107 
26108 
26111 
26113 
26114 
26115 
26116 
26117 
26118 
26119 
26120 
26122 
26123 
26125 
26126 
26127 
26128 
26129 
26130 
26131 
26132 
26133 
26134 
26135 
26136 
26137 
26138 
26140 
26141 
26143 
26144 
26145 
26146 
26148 
26149 
26150 
26151 
26152 
26153 
26154 
26155 
26156 
26157 
26158 
26159 
26223 
26225 
26228 
26229 
26230 
26233 
26234 
26237 
26239 
26240 
26241 
26242 
26243 
26245 
26246 
26247 
26248 
26249 
26250 
26251 
26252 
26253 
26254 
26255 
26256 
26257 
26258 
26259 
26260 
26261 
26262 
26263 
26264 
26265 
26266 
26267 
26268 
26269 
26270 
26271 
26272 
26273 
26274 
26275 
26276 
26277 
26278 
26279 
26347 
26349 
26350 
26353 
26354 
26355 
26356 
26357 
26358 
26359 
26360 
26361 
26362 
26363 
26364 
26365 
26366 
26367 
26368 
26369 
26370 
26371 
26372 
26373 
26374 
26375 
26376 
26377 
26378 
26379 
26380 
26381 
26382 
26383 
26384 
26385 
26386 
26387 
26388 
26389 
26390 
26391 
26392 
26393 
26394 
26395 
26396 
26397 
26398 
26399 
26463 
26465 
26467 
26469 
26471 
26473 
26474 
26475 
26477 
26478 
26479 
26480 
26481 
26482 
26483 
26484 
26485 
26486 
26487 
26488 
26489 
26490 
26491 
26492 
26493 
26494 
26495 
26496 
26497 
26498 
26500 
26501 
26503 
26504 
26505 
26506 
26507 
26508 
26509 
26510 
26511 
26512 
26513 
26514 
26515 
26516 
26517 
26518 
26519 
26583 
26587 
26588 
26591 
26594 
26595 
26597 
26598 
26599 
26600 
26601 
26602 
26603 
26604 
26605 
26606 
26607 
26608 
26609 
26610 
26611 
26612 
26613 
26614 
26615 
26616 
26617 
26618 
26619 
26620 
26621 
26622 
26623 
26624 
26625 
26626 
26627 
26628 
26629 
26630 
26631 
26632 
26633 
26634 
26635 
26636 
26637 
26638 
26639 
26703 
26705 
26707 
26708 
26709 
26710 
26711 
26714 
26715 
26716 
26717 
26718 
26719 
26720 
26721 
26722 
26723 
26724 
26726 
26727 
26728 
26729 
26730 
26731 
26732 
26733 
26734 
26735 
26736 
26737 
26738 
26739 
26740 
26742 
26743 
26744 
26745 
26747 
26748 
26749 
26750 
26751 
26752 
26753 
26754 
26755 
26756 
26757 
26758 
26759 
26823 
26825 
26828 
26829 
26830 
26833 
26834 
26835 
26837 
26838 
26839 
26840 
26841 
26842 
26843 
26844 
26845 
26846 
26847 
26848 
26849 
26850 
26851 
26852 
26853 
26854 
26855 
26856 
26857 
26858 
26859 
26860 
26861 
26862 
26863 
26864 
26865 
26866 
26867 
26868 
26869 
26870 
26871 
26872 
26873 
26874 
26875 
26876 
26877 
26878 
26879 
26943 
26945 
26948 
26949 
26951 
26953 
26954 
26955 
26956 
26958 
26959 
26960 
26961 
26962 
26963 
26964 
26965 
26966 
26967 
26968 
26969 
26970 
26971 
26972 
26973 
26974 
26975 
26976 
26977 
26978 
26980 
26981 
26983 
26984 
26985 
26986 
26988 
26989 
26990 
26991 
26992 
26993 
26994 
26995 
26996 
26997 
26998 
26999 
27067 
27069 
27070 
27073 
27074 
27076 
27077 
27078 
27079 
27080 
27081 
27082 
27083 
27084 
27085 
27086 
27087 
27088 
27089 
27090 
27091 
27092 
27093 
27094 
27095 
27096 
27097 
27098 
27100 
27101 
27103 
27104 
27105 
27106 
27108 
27109 
27110 
27111 
27112 
27113 
27114 
27115 
27116 
27117 
27118 
27119 
27183 
27185 
27187 
27190 
27191 
27193 
27194 
27195 
27196 
27197 
27198 
27199 
27200 
27201 
27202 
27203 
27204 
27205 
27206 
27207 
27208 
27209 
27210 
27211 
27212 
27213 
27214 
27215 
27216 
27217 
27218 
27219 
27220 
27221 
27222 
27223 
27224 
27225 
27226 
27227 
27228 
27229 
27230 
27231 
27232 
27233 
27234 
27235 
27236 
27237 
27238 
27239 
27303 
27305 
27307 
27308 
27309 
27311 
27313 
27315 
27316 
27317 
27318 
27319 
27320 
27321 
27322 
27323 
27324 
27325 
27326 
27327 
27328 
27329 
27330 
27331 
27332 
27333 
27334 
27335 
27336 
27337 
27338 
27339 
27340 
27341 
27342 
27343 
27344 
27345 
27346 
27347 
27348 
27349 
27350 
27351 
27352 
27353 
27354 
27355 
27356 
27357 
27358 
27359 
27423 
27425 
27427 
27428 
27429 
27430 
27433 
27435 
27436 
27437 
27438 
27439 
27440 
27441 
27442 
27443 
27444 
27445 
27446 
27447 
27448 
27449 
27450 
27451 
27452 
27453 
27454 
27455 
27456 
27457 
27458 
27460 
27461 
27463 
27464 
27465 
27466 
27468 
27469 
27470 
27471 
27472 
27473 
27474 
27475 
27476 
27477 
27478 
27479 
27543 
27545 
27548 
27549 
27550 
27551 
27553 
27554 
27556 
27557 
27558 
27559 
27560 
27561 
27562 
27563 
27564 
27565 
27566 
27567 
27568 
27569 
27570 
27571 
27572 
27573 
27574 
27575 
27576 
27577 
27578 
27580 
27581 
27583 
27584 
27585 
27586 
27588 
27589 
27590 
27591 
27592 
27593 
27594 
27595 
27596 
27597 
27598 
27599 
27665 
27666 
27668 
27670 
27673 
27674 
27675 
27676 
27677 
27678 
27679 
27680 
27681 
27682 
27683 
27684 
27685 
27686 
27687 
27688 
27689 
27690 
27691 
27692 
27693 
27694 
27695 
27696 
27697 
27698 
27699 
27700 
27701 
27702 
27703 
27704 
27705 
27706 
27707 
27708 
27709 
27710 
27711 
27712 
27713 
27714 
27715 
27716 
27717 
27718 
27719 
27783 
27786 
27789 
27791 
27793 
27794 
27795 
27796 
27797 
27798 
27799 
27800 
27801 
27802 
27803 
27804 
27805 
27806 
27807 
27808 
27809 
27810 
27811 
27812 
27813 
27814 
27815 
27816 
27817 
27818 
27820 
27821 
27823 
27824 
27825 
27826 
27828 
27829 
27830 
27831 
27832 
27833 
27834 
27835 
27836 
27837 
27838 
27839 
27903 
27909 
27910 
27911 
27913 
27914 
27915 
27916 
27917 
27918 
27919 
27920 
27921 
27922 
27923 
27924 
27925 
27926 
27927 
27928 
27929 
27930 
27931 
27932 
27933 
27934 
27935 
27936 
27937 
27938 
27939 
27940 
27941 
27942 
27943 
27944 
27945 
27946 
27947 
27948 
27949 
27950 
27951 
27952 
27953 
27954 
27955 
27956 
27957 
27958 
27959 
28025 
28026 
28029 
28030 
28033 
28034 
28035 
28036 
28037 
28038 
28039 
28040 
28041 
28042 
28043 
28044 
28045 
28046 
28047 
28048 
28049 
28050 
28051 
28052 
28053 
28054 
28055 
28056 
28057 
28058 
28059 
28060 
28061 
28062 
28063 
28064 
28065 
28066 
28067 
28068 
28069 
28070 
28071 
28072 
28073 
28074 
28075 
28076 
28077 
28078 
28079 
28143 
28145 
28146 
28149 
28150 
28151 
28153 
28154 
28155 
28156 
28157 
28158 
28159 
28160 
28161 
28162 
28163 
28164 
28165 
28166 
28167 
28168 
28169 
28170 
28171 
28172 
28173 
28174 
28175 
28176 
28177 
28178 
28179 
28180 
28181 
28182 
28183 
28184 
28185 
28186 
28187 
28188 
28189 
28190 
28191 
28192 
28193 
28194 
28195 
28196 
28197 
28198 
28199 
28263 
28265 
28270 
28271 
28273 
28274 
28275 
28276 
28277 
28278 
28279 
28280 
28281 
28282 
28283 
28284 
28285 
28286 
28287 
28288 
28289 
28290 
28291 
28292 
28293 
28294 
28295 
28296 
28297 
28298 
28300 
28301 
28303 
28304 
28305 
28306 
28308 
28309 
28310 
28311 
28312 
28313 
28314 
28315 
28316 
28317 
28318 
28319 
28383 
28385 
28386 
28388 
28389 
28391 
28393 
28394 
28395 
28396 
28397 
28398 
28399 
28400 
28401 
28402 
28403 
28404 
28405 
28406 
28407 
28408 
28409 
28410 
28411 
28412 
28413 
28414 
28415 
28416 
28417 
28418 
28420 
28421 
28423 
28424 
28425 
28426 
28428 
28429 
28430 
28431 
28432 
28433 
28434 
28435 
28436 
28437 
28438 
28439 
28506 
28509 
28511 
28513 
28514 
28515 
28516 
28517 
28518 
28519 
28520 
28521 
28522 
28523 
28524 
28525 
28526 
28527 
28528 
28529 
28530 
28531 
28532 
28533 
28534 
28535 
28536 
28537 
28538 
28540 
28541 
28543 
28544 
28545 
28546 
28548 
28549 
28550 
28551 
28552 
28553 
28554 
28555 
28556 
28557 
28558 
28559 
28623 
28625 
28626 
28628 
28630 
28631 
28633 
28634 
28635 
28636 
28637 
28638 
28639 
28640 
28641 
28642 
28643 
28644 
28645 
28646 
28647 
28648 
28649 
28650 
28651 
28652 
28653 
28654 
28655 
28656 
28657 
28658 
28659 
28660 
28661 
28662 
28663 
28664 
28665 
28666 
28667 
28668 
28669 
28670 
28671 
28672 
28673 
28674 
28675 
28676 
28677 
28678 
28679 
28743 
28745 
28746 
28748 
28749 
28750 
28751 
28753 
28754 
28755 
28756 
28757 
28758 
28759 
28760 
28761 
28762 
28763 
28764 
28765 
28766 
28767 
28768 
28769 
28770 
28771 
28772 
28773 
28774 
28775 
28776 
28777 
28778 
28780 
28781 
28783 
28784 
28785 
28786 
28787 
28789 
28790 
28791 
28792 
28793 
28794 
28795 
28796 
28797 
28798 
28799 
28863 
28865 
28868 
28869 
28871 
28873 
28874 
28875 
28876 
28877 
28878 
28879 
28880 
28881 
28882 
28883 
28884 
28885 
28886 
28887 
28888 
28889 
28890 
28891 
28892 
28893 
28894 
28895 
28896 
28897 
28898 
28900 
28901 
28903 
28904 
28905 
28906 
28908 
28909 
28910 
28911 
28912 
28913 
28914 
28915 
28916 
28917 
28918 
28919 
28983 
28985 
28986 
28988 
28989 
28990 
28991 
28993 
28994 
28995 
28996 
28997 
28998 
28999 
29000 
29001 
29002 
29003 
29004 
29005 
29006 
29007 
29008 
29009 
29010 
29011 
29012 
29013 
29014 
29015 
29016 
29017 
29018 
29019 
29020 
29021 
29022 
29023 
29024 
29025 
29026 
29027 
29028 
29029 
29030 
29031 
29032 
29033 
29034 
29035 
29036 
29037 
29038 
29039 
29103 
29105 
29108 
29109 
29110 
29111 
29114 
29115 
29116 
29117 
29118 
29119 
29120 
29121 
29122 
29123 
29124 
29125 
29126 
29127 
29128 
29129 
29130 
29131 
29132 
29133 
29134 
29135 
29136 
29137 
29138 
29139 
29140 
29141 
29142 
29143 
29144 
29145 
29146 
29147 
29148 
29149 
29150 
29151 
29152 
29153 
29154 
29155 
29156 
29157 
29158 
29159 
29223 
29225 
29228 
29229 
29230 
29231 
29233 
29234 
29235 
29236 
29237 
29238 
29239 
29240 
29241 
29242 
29243 
29244 
29245 
29246 
29247 
29248 
29249 
29250 
29251 
29252 
29253 
29254 
29255 
29256 
29257 
29258 
29259 
29260 
29261 
29262 
29263 
29264 
29265 
29266 
29267 
29268 
29269 
29270 
29271 
29272 
29273 
29274 
29275 
29276 
29277 
29278 
29279 
29343 
29345 
29346 
29348 
29349 
29350 
29351 
29354 
29355 
29356 
29357 
29358 
29359 
29360 
29361 
29362 
29363 
29364 
29365 
29366 
29367 
29368 
29369 
29370 
29371 
29372 
29373 
29374 
29375 
29376 
29377 
29378 
29380 
29381 
29383 
29384 
29385 
29386 
29388 
29389 
29390 
29391 
29392 
29393 
29394 
29395 
29396 
29397 
29398 
29399 
29463 
29465 
29466 
29468 
29469 
29470 
29471 
29473 
29474 
29475 
29476 
29477 
29478 
29479 
29480 
29481 
29482 
29483 
29484 
29485 
29486 
29487 
29488 
29489 
29490 
29491 
29492 
29493 
29494 
29495 
29496 
29497 
29498 
29499 
29500 
29501 
29502 
29503 
29504 
29505 
29506 
29507 
29508 
29509 
29510 
29511 
29512 
29513 
29514 
29515 
29516 
29517 
29518 
29519 
29583 
29585 
29586 
29588 
29589 
29590 
29591 
29593 
29594 
29595 
29596 
29597 
29598 
29599 
29600 
29601 
29602 
29603 
29604 
29605 
29606 
29607 
29608 
29609 
29610 
29611 
29612 
29613 
29614 
29615 
29616 
29617 
29618 
29619 
29620 
29621 
29622 
29623 
29624 
29625 
29626 
29627 
29628 
29629 
29630 
29631 
29632 
29633 
29634 
29635 
29636 
29637 
29638 
29639 
29703 
29705 
29708 
29709 
29710 
29711 
29713 
29714 
29715 
29716 
29717 
29718 
29719 
29720 
29721 
29722 
29723 
29724 
29725 
29726 
29727 
29728 
29729 
29730 
29731 
29732 
29733 
29734 
29735 
29736 
29737 
29738 
29739 
29740 
29741 
29742 
29743 
29744 
29745 
29746 
29747 
29748 
29749 
29750 
29751 
29752 
29753 
29754 
29755 
29756 
29757 
29758 
29759 
29823 
29825 
29826 
29828 
29829 
29830 
29831 
29833 
29834 
29835 
29836 
29837 
29838 
29839 
29840 
29841 
29842 
29843 
29844 
29845 
29846 
29847 
29848 
29849 
29850 
29851 
29852 
29853 
29854 
29855 
29856 
29857 
29858 
29859 
29860 
29861 
29862 
29863 
29864 
29865 
29866 
29867 
29868 
29869 
29870 
29871 
29872 
29873 
29874 
29875 
29876 
29877 
29878 
29879 
29943 
29945 
29946 
29948 
29949 
29950 
29951 
29953 
29954 
29955 
29956 
29957 
29958 
29959 
29960 
29961 
29962 
29963 
29964 
29965 
29966 
29967 
29968 
29969 
29970 
29971 
29972 
29973 
29974 
29975 
29976 
29977 
29978 
29980 
29981 
29983 
29984 
29985 
29986 
29988 
29989 
29990 
29991 
29992 
29993 
29994 
29995 
29996 
29997 
29998 
29999 
30063 
30065 
30066 
30068 
30069 
30070 
30071 
30073 
30074 
30075 
30076 
30077 
30078 
30079 
30080 
30081 
30082 
30083 
30084 
30085 
30086 
30087 
30088 
30089 
30090 
30091 
30092 
30093 
30094 
30095 
30096 
30097 
30098 
30099 
30100 
30101 
30102 
30103 
30104 
30105 
30106 
30107 
30108 
30109 
30110 
30111 
30112 
30113 
30114 
30115 
30116 
30117 
30118 
30119 
30183 
30185 
30186 
30188 
30189 
30190 
30191 
30193 
30194 
30195 
30196 
30197 
30198 
30199 
30200 
30201 
30202 
30203 
30204 
30205 
30206 
30207 
30208 
30209 
30210 
30211 
30212 
30213 
30214 
30215 
30216 
30217 
30218 
30219 
30220 
30221 
30222 
30223 
30224 
30225 
30226 
30227 
30228 
30229 
30230 
30231 
30232 
30233 
30234 
30235 
30236 
30237 
30238 
30239 
30303 
30305 
30306 
30308 
30309 
30310 
30311 
30313 
30314 
30315 
30316 
30317 
30318 
30319 
30320 
30321 
30322 
30323 
30324 
30325 
30326 
30327 
30328 
30329 
30330 
30331 
30332 
30333 
30334 
30335 
30336 
30337 
30338 
30339 
30340 
30341 
30342 
30343 
30344 
30345 
30346 
30347 
30348 
30349 
30350 
30351 
30352 
30353 
30354 
30355 
30356 
30357 
30358 
30359 
30423 
30425 
30426 
30428 
30429 
30430 
30431 
30433 
30434 
30435 
30436 
30437 
30438 
30439 
30440 
30441 
30442 
30443 
30444 
30445 
30446 
30447 
30448 
30449 
30450 
30451 
30452 
30453 
30454 
30455 
30456 
30457 
30458 
30459 
30460 
30461 
30462 
30463 
30464 
30465 
30466 
30467 
30468 
30469 
30470 
30471 
30472 
30473 
30474 
30475 
30476 
30477 
30478 
30479 
30543 
30545 
30546 
30548 
30549 
30550 
30551 
30553 
30554 
30555 
30556 
30557 
30558 
30559 
30560 
30561 
30562 
30563 
30564 
30565 
30566 
30567 
30568 
30569 
30570 
30571 
30572 
30573 
30574 
30575 
30576 
30577 
30578 
30579 
30580 
30581 
30582 
30583 
30584 
30585 
30586 
30587 
30588 
30589 
30590 
30591 
30592 
30593 
30594 
30595 
30596 
30597 
30598 
30599 
30663 
30665 
30666 
30668 
30669 
30670 
30671 
30673 
30674 
30675 
30676 
30677 
30678 
30679 
30680 
30681 
30682 
30683 
30684 
30685 
30686 
30687 
30688 
30689 
30690 
30691 
30692 
30693 
30694 
30695 
30696 
30697 
30698 
30699 
30700 
30701 
30702 
30703 
30704 
30705 
30706 
30707 
30708 
30709 
30710 
30711 
30712 
30713 
30714 
30715 
30716 
30717 
30718 
30719 
30783 
30785 
30786 
30788 
30789 
30790 
30791 
30793 
30794 
30795 
30796 
30797 
30798 
30799 
30800 
30801 
30802 
30803 
30804 
30805 
30806 
30807 
30808 
30809 
30810 
30811 
30812 
30813 
30814 
30815 
30816 
30817 
30818 
30819 
30820 
30821 
30822 
30823 
30824 
30825 
30826 
30827 
30828 
30829 
30830 
30831 
30832 
30833 
30834 
30835 
30836 
30837 
30838 
30839 
30903 
30905 
30906 
30908 
30909 
30910 
30911 
30913 
30914 
30915 
30916 
30917 
30918 
30919 
30920 
30921 
30922 
30923 
30924 
30925 
30926 
30927 
30928 
30929 
30930 
30931 
30932 
30933 
30934 
30935 
30936 
30937 
30938 
30939 
30940 
30941 
30942 
30943 
30944 
30945 
30946 
30947 
30948 
30949 
30950 
30951 
30952 
30953 
30954 
30955 
30956 
30957 
30958 
30959 
31023 
31025 
31026 
31028 
31029 
31030 
31031 
31033 
31034 
31035 
31037 
31038 
31039 
31040 
31041 
31042 
31043 
31044 
31045 
31046 
31047 
31048 
31049 
31050 
31051 
31052 
31053 
31054 
31055 
31056 
31057 
31058 
31059 
31060 
31061 
31062 
31063 
31064 
31065 
31066 
31067 
31068 
31069 
31070 
31071 
31072 
31073 
31074 
31075 
31076 
31077 
31078 
31079 
31143 
31145 
31146 
31148 
31149 
31150 
31151 
31153 
31154 
31155 
31157 
31158 
31159 
31160 
31161 
31162 
31163 
31164 
31165 
31166 
31167 
31168 
31169 
31170 
31171 
31172 
31173 
31174 
31175 
31176 
31177 
31178 
31179 
31180 
31181 
31182 
31183 
31184 
31185 
31186 
31187 
31188 
31189 
31190 
31191 
31192 
31193 
31194 
31195 
31196 
31197 
31198 
31199 
31263 
31265 
31266 
31268 
31269 
31270 
31271 
31273 
31274 
31275 
31276 
31277 
31278 
31279 
31280 
31281 
31282 
31283 
31284 
31285 
31286 
31287 
31288 
31289 
31290 
31291 
31292 
31293 
31294 
31295 
31296 
31297 
31298 
31299 
31300 
31301 
31302 
31303 
31304 
31305 
31306 
31307 
31308 
31309 
31310 
31311 
31312 
31313 
31314 
31315 
31316 
31317 
31318 
31319 
31385 
31386 
31388 
31389 
31390 
31391 
31393 
31394 
31395 
31396 
31397 
31398 
31399 
31400 
31401 
31402 
31403 
31404 
31405 
31406 
31407 
31408 
31409 
31410 
31411 
31412 
31413 
31414 
31415 
31416 
31417 
31418 
31419 
31420 
31421 
31422 
31423 
31424 
31425 
31426 
31427 
31428 
31429 
31430 
31431 
31432 
31433 
31434 
31435 
31436 
31437 
31438 
31439 
31505 
31506 
31508 
31509 
31510 
31511 
31513 
31514 
31515 
31516 
31517 
31518 
31519 
31520 
31521 
31522 
31523 
31524 
31525 
31526 
31527 
31528 
31529 
31530 
31531 
31532 
31533 
31534 
31535 
31536 
31537 
31538 
31539 
31540 
31542 
31543 
31544 
31545 
31547 
31548 
31549 
31550 
31551 
31552 
31553 
31554 
31555 
31556 
31557 
31558 
31559 
31623 
31625 
31626 
31628 
31629 
31630 
31631 
31633 
31634 
31635 
31636 
31637 
31638 
31639 
31640 
31641 
31642 
31643 
31644 
31645 
31646 
31647 
31648 
31649 
31650 
31651 
31652 
31653 
31654 
31655 
31656 
31657 
31658 
31659 
31660 
31661 
31662 
31663 
31664 
31665 
31666 
31667 
31668 
31669 
31670 
31671 
31672 
31673 
31674 
31675 
31676 
31677 
31678 
31679 
31743 
31745 
31746 
31748 
31749 
31750 
31751 
31753 
31754 
31756 
31757 
31758 
31759 
31760 
31761 
31762 
31763 
31764 
31765 
31766 
31767 
31768 
31769 
31770 
31771 
31772 
31773 
31774 
31775 
31776 
31777 
31778 
31779 
31780 
31781 
31782 
31783 
31784 
31785 
31786 
31787 
31788 
31789 
31790 
31791 
31792 
31793 
31794 
31795 
31796 
31797 
31798 
31799 
31863 
31865 
31866 
31868 
31869 
31870 
31871 
31873 
31874 
31875 
31876 
31877 
31878 
31879 
31880 
31881 
31882 
31883 
31884 
31885 
31886 
31887 
31888 
31889 
31890 
31891 
31892 
31893 
31894 
31895 
31896 
31897 
31898 
31899 
31900 
31901 
31902 
31903 
31904 
31905 
31906 
31907 
31908 
31909 
31910 
31911 
31912 
31913 
31914 
31915 
31916 
31917 
31918 
31919 
31983 
31985 
31986 
31988 
31989 
31990 
31993 
31994 
31995 
31996 
31997 
31998 
31999 
32000 
32001 
32002 
32003 
32004 
32005 
32006 
32007 
32008 
32009 
32010 
32011 
32012 
32013 
32014 
32015 
32016 
32017 
32018 
32020 
32021 
32023 
32024 
32025 
32026 
32028 
32029 
32030 
32031 
32032 
32033 
32034 
32035 
32036 
32037 
32038 
32039 
32103 
32105 
32106 
32108 
32109 
32110 
32111 
32113 
32114 
32115 
32116 
32117 
32118 
32119 
32120 
32121 
32122 
32123 
32124 
32125 
32126 
32127 
32128 
32129 
32130 
32131 
32132 
32133 
32134 
32135 
32136 
32137 
32138 
32140 
32141 
32143 
32145 
32146 
32148 
32149 
32150 
32151 
32152 
32153 
32154 
32155 
32156 
32157 
32158 
32159 
32223 
32225 
32226 
32228 
32229 
32231 
32233 
32234 
32235 
32236 
32237 
32238 
32239 
32240 
32241 
32242 
32243 
32244 
32245 
32246 
32247 
32248 
32249 
32250 
32251 
32252 
32253 
32254 
32255 
32256 
32257 
32258 
32259 
32260 
32261 
32262 
32263 
32264 
32265 
32266 
32267 
32268 
32269 
32270 
32271 
32272 
32273 
32274 
32275 
32276 
32277 
32278 
32279 
32343 
32345 
32346 
32348 
32349 
32351 
32353 
32354 
32355 
32356 
32357 
32358 
32359 
32360 
32361 
32363 
32364 
32365 
32366 
32367 
32368 
32369 
32370 
32371 
32372 
32373 
32374 
32375 
32376 
32377 
32378 
32379 
32380 
32381 
32382 
32383 
32384 
32385 
32386 
32387 
32388 
32389 
32390 
32391 
32392 
32393 
32394 
32395 
32396 
32397 
32398 
32399 
32463 
32465 
32466 
32468 
32469 
32470 
32471 
32473 
32474 
32475 
32476 
32477 
32478 
32479 
32480 
32481 
32482 
32483 
32484 
32485 
32486 
32487 
32488 
32489 
32490 
32491 
32492 
32493 
32494 
32495 
32496 
32497 
32498 
32499 
32500 
32501 
32502 
32503 
32504 
32505 
32506 
32507 
32508 
32509 
32510 
32511 
32512 
32513 
32514 
32515 
32516 
32517 
32518 
32519 
32583 
32585 
32586 
32588 
32589 
32590 
32591 
32593 
32594 
32595 
32596 
32597 
32598 
32599 
32600 
32601 
32602 
32603 
32604 
32605 
32606 
32607 
32608 
32609 
32610 
32611 
32612 
32613 
32614 
32615 
32616 
32617 
32618 
32619 
32620 
32621 
32622 
32623 
32624 
32625 
32626 
32627 
32628 
32629 
32630 
32631 
32632 
32633 
32634 
32635 
32636 
32637 
32638 
32639 
32703 
32705 
32708 
32709 
32710 
32711 
32713 
32714 
32715 
32716 
32717 
32718 
32719 
32720 
32721 
32722 
32723 
32724 
32725 
32726 
32727 
32728 
32729 
32730 
32731 
32732 
32733 
32734 
32735 
32736 
32737 
32738 
32739 
32740 
32741 
32742 
32743 
32744 
32745 
32746 
32747 
32748 
32749 
32750 
32751 
32752 
32753 
32754 
32755 
32756 
32757 
32758 
32759 
)

// ************************************************************************* //
