/*--------------------------------*- C++ -*----------------------------------*\
  =========                 |
  \\      /  F ield         | OpenFOAM: The Open Source CFD Toolbox
   \\    /   O peration     | Website:  https://openfoam.org
    \\  /    A nd           | Version:  11
     \\/     M anipulation  |
\*---------------------------------------------------------------------------*/
FoamFile
{
    format      ascii;
    class       faceSet;
    location    "constant/polyMesh/sets";
    object      zeroAreaFaces;
}
// * * * * * * * * * * * * * * * * * * * * * * * * * * * * * * * * * * * * * //


65926
(
131143 
131144 
131147 
131148 
131149 
131150 
131153 
131154 
131155 
131156 
131157 
131158 
131159 
131160 
131163 
131164 
131165 
131166 
131167 
131168 
131169 
131170 
131171 
131172 
131173 
131174 
131175 
131176 
131177 
131178 
131179 
131180 
131181 
131182 
131183 
131184 
131185 
131186 
131187 
131188 
131189 
131190 
131191 
131192 
131193 
131194 
131195 
131196 
131197 
131198 
131199 
128 
131200 
131201 
131202 
131203 
132 
131204 
131205 
134 
131206 
131207 
131208 
131209 
138 
131210 
131211 
140 
131212 
131213 
142 
131214 
131215 
144 
131216 
131217 
131218 
131219 
148 
131220 
131221 
150 
131222 
131223 
152 
131224 
131225 
154 
131226 
131227 
156 
131228 
131229 
158 
131230 
131231 
160 
131232 
131233 
162 
131234 
131235 
164 
131236 
131237 
166 
131238 
131239 
168 
131240 
131241 
170 
131242 
131243 
172 
131244 
131245 
174 
131246 
131247 
176 
131248 
131249 
178 
131250 
131251 
180 
131252 
131253 
182 
131254 
131255 
184 
131256 
186 
188 
190 
192 
194 
196 
198 
200 
202 
204 
206 
208 
210 
212 
214 
216 
218 
220 
222 
224 
226 
228 
230 
232 
234 
236 
238 
239 
131383 
131384 
131387 
131388 
131389 
131390 
131393 
131394 
131395 
131396 
131397 
131398 
131399 
131400 
131403 
131404 
131405 
131406 
131407 
131408 
131409 
131410 
131411 
131412 
131413 
131414 
131415 
131416 
131417 
131418 
131419 
131420 
131421 
131422 
131423 
131424 
131425 
131426 
131427 
131428 
131429 
131430 
131431 
131432 
131433 
131434 
131435 
131436 
131437 
131438 
131439 
368 
131440 
131441 
131442 
131443 
372 
131444 
131445 
131446 
131447 
131448 
131449 
378 
131450 
131451 
380 
131452 
131453 
382 
131454 
131455 
384 
131456 
131457 
131458 
131459 
388 
131460 
131461 
390 
131462 
131463 
392 
131464 
131465 
394 
131466 
131467 
396 
131468 
131469 
398 
131470 
131471 
400 
131472 
131473 
402 
131474 
131475 
404 
131476 
131477 
406 
131478 
131479 
408 
131480 
131481 
410 
131482 
131483 
412 
131484 
131485 
414 
131486 
131487 
416 
131488 
131489 
418 
131490 
131491 
420 
131492 
131493 
422 
131494 
131495 
424 
131496 
426 
428 
430 
432 
434 
436 
438 
440 
442 
444 
446 
448 
450 
452 
454 
456 
458 
460 
462 
464 
466 
468 
470 
472 
474 
476 
478 
479 
131623 
131624 
131627 
131628 
131629 
131630 
131633 
131634 
131635 
131636 
131637 
131638 
131639 
131640 
131643 
131644 
131645 
131646 
131647 
131648 
131649 
131650 
131651 
131652 
131653 
131654 
131655 
131656 
131657 
131658 
131659 
131660 
131661 
131662 
131663 
131664 
131665 
131666 
131667 
131668 
131669 
131670 
131671 
131672 
131673 
131674 
131675 
131676 
131677 
131678 
131679 
608 
131680 
131681 
131682 
131683 
612 
131684 
131685 
614 
131686 
131687 
131688 
131689 
618 
131690 
131691 
620 
131692 
131693 
622 
131694 
131695 
624 
131696 
131697 
131698 
131699 
628 
131700 
131701 
630 
131702 
131703 
632 
131704 
131705 
634 
131706 
131707 
636 
131708 
131709 
638 
131710 
131711 
640 
131712 
131713 
642 
131714 
131715 
644 
131716 
131717 
646 
131718 
131719 
648 
131720 
131721 
650 
131722 
131723 
652 
131724 
131725 
654 
131726 
131727 
656 
131728 
131729 
658 
131730 
131731 
660 
131732 
131733 
662 
131734 
131735 
664 
131736 
666 
668 
670 
672 
674 
676 
678 
680 
682 
684 
686 
688 
690 
692 
694 
696 
698 
700 
702 
704 
706 
708 
710 
712 
714 
716 
718 
719 
131863 
131864 
131867 
131868 
131869 
131870 
131873 
131874 
131875 
131876 
131877 
131878 
131879 
131880 
131883 
131884 
131885 
131886 
131887 
131888 
131889 
131890 
131891 
131892 
131893 
131894 
131895 
131896 
131897 
131898 
131899 
131900 
131901 
131902 
131903 
131904 
131905 
131906 
131907 
131908 
131909 
131910 
131911 
131912 
131913 
131914 
131915 
131916 
131917 
131918 
131919 
848 
131920 
131921 
131922 
131923 
852 
131924 
131925 
854 
131926 
131927 
131928 
131929 
858 
131930 
131931 
860 
131932 
131933 
862 
131934 
131935 
864 
131936 
131937 
131938 
131939 
868 
131940 
131941 
870 
131942 
131943 
872 
131944 
131945 
874 
131946 
131947 
876 
131948 
131949 
878 
131950 
131951 
880 
131952 
131953 
882 
131954 
131955 
884 
131956 
131957 
886 
131958 
131959 
888 
131960 
131961 
890 
131962 
131963 
892 
131964 
131965 
894 
131966 
131967 
896 
131968 
131969 
898 
131970 
131971 
900 
131972 
131973 
902 
131974 
131975 
904 
131976 
906 
908 
910 
912 
914 
916 
918 
920 
922 
924 
926 
928 
930 
932 
934 
936 
938 
940 
942 
944 
946 
948 
950 
952 
954 
956 
958 
959 
132103 
132104 
132107 
132108 
132109 
132110 
132113 
132114 
132115 
132116 
132117 
132118 
132119 
132120 
132123 
132124 
132125 
132126 
132127 
132128 
132129 
132130 
132131 
132132 
132133 
132134 
132135 
132136 
132137 
132138 
132139 
132140 
132141 
132142 
132143 
132144 
132145 
132146 
132147 
132148 
132149 
132150 
132151 
132152 
132153 
132154 
132155 
132156 
132157 
132158 
132159 
1088 
132160 
132161 
132162 
132163 
1092 
132164 
132165 
132166 
132167 
132168 
132169 
1098 
132170 
132171 
1100 
132172 
132173 
1102 
132174 
132175 
1104 
132176 
132177 
132178 
132179 
1108 
132180 
132181 
1110 
132182 
132183 
1112 
132184 
132185 
1114 
132186 
132187 
1116 
132188 
132189 
1118 
132190 
132191 
1120 
132192 
132193 
1122 
132194 
132195 
1124 
132196 
132197 
1126 
132198 
132199 
1128 
132200 
132201 
1130 
132202 
132203 
1132 
132204 
132205 
1134 
132206 
132207 
1136 
132208 
132209 
1138 
132210 
132211 
1140 
132212 
132213 
1142 
132214 
132215 
1144 
132216 
1146 
1148 
1150 
1152 
1154 
1156 
1158 
1160 
1162 
1164 
1166 
1168 
1170 
1172 
1174 
1176 
1178 
1180 
1182 
1184 
1186 
1188 
1190 
1192 
1194 
1196 
1198 
1199 
132343 
132344 
132347 
132348 
132349 
132350 
132353 
132354 
132355 
132356 
132357 
132358 
132359 
132360 
132363 
132364 
132365 
132366 
132367 
132368 
132369 
132370 
132371 
132372 
132373 
132374 
132375 
132376 
132377 
132378 
132379 
132380 
132381 
132382 
132383 
132384 
132385 
132386 
132387 
132388 
132389 
132390 
132391 
132392 
132393 
132394 
132395 
132396 
132397 
132398 
132399 
1328 
132400 
132401 
132402 
132403 
132404 
132405 
1334 
132406 
132407 
132408 
132409 
1338 
132410 
132411 
1340 
132412 
132413 
1342 
132414 
132415 
1344 
132416 
132417 
132418 
132419 
1348 
132420 
132421 
1350 
132422 
132423 
1352 
132424 
132425 
1354 
132426 
132427 
1356 
132428 
132429 
1358 
132430 
132431 
1360 
132432 
132433 
1362 
132434 
132435 
1364 
132436 
132437 
1366 
132438 
132439 
1368 
132440 
132441 
1370 
132442 
132443 
1372 
132444 
132445 
1374 
132446 
132447 
1376 
132448 
132449 
1378 
132450 
132451 
1380 
132452 
132453 
1382 
132454 
132455 
1384 
132456 
1386 
1388 
1390 
1392 
1394 
1396 
1398 
1400 
1402 
1404 
1406 
1408 
1410 
1412 
1414 
1416 
1418 
1420 
1422 
1424 
1426 
1428 
1430 
1432 
1434 
1436 
1438 
1439 
132583 
132584 
132587 
132588 
132589 
132590 
132593 
132594 
132595 
132596 
132597 
132598 
132599 
132600 
132603 
132604 
132605 
132606 
132607 
132608 
132609 
132610 
132611 
132612 
132613 
132614 
132615 
132616 
132617 
132618 
132619 
132620 
132621 
132622 
132623 
132624 
132625 
132626 
132627 
132628 
132629 
132630 
132631 
132632 
132633 
132634 
132635 
132636 
132637 
132638 
132639 
1568 
132640 
132641 
132642 
132643 
1572 
132644 
132645 
1574 
132646 
132647 
132648 
132649 
1578 
132650 
132651 
1580 
132652 
132653 
1582 
132654 
132655 
1584 
132656 
132657 
132658 
132659 
1588 
132660 
132661 
132662 
132663 
1592 
132664 
132665 
1594 
132666 
132667 
1596 
132668 
132669 
1598 
132670 
132671 
1600 
132672 
132673 
1602 
132674 
132675 
1604 
132676 
132677 
1606 
132678 
132679 
1608 
132680 
132681 
1610 
132682 
132683 
1612 
132684 
132685 
1614 
132686 
132687 
1616 
132688 
132689 
1618 
132690 
132691 
1620 
132692 
132693 
1622 
132694 
132695 
1624 
132696 
1626 
1628 
1630 
1632 
1634 
1636 
1638 
1640 
1642 
1644 
1646 
1648 
1650 
1652 
1654 
1656 
1658 
1660 
1662 
1664 
1666 
1668 
1670 
1672 
1674 
1676 
1678 
1679 
132823 
132824 
132827 
132828 
132829 
132830 
132833 
132834 
132835 
132836 
132837 
132838 
132839 
132840 
132843 
132844 
132845 
132846 
132847 
132848 
132849 
132850 
132851 
132852 
132853 
132854 
132855 
132856 
132857 
132858 
132859 
132860 
132861 
132862 
132863 
132864 
132865 
132866 
132867 
132868 
132869 
132870 
132871 
132872 
132873 
132874 
132875 
132876 
132877 
132878 
132879 
1808 
132880 
132881 
132882 
132883 
132884 
132885 
1814 
132886 
132887 
132888 
132889 
1818 
132890 
132891 
1820 
132892 
132893 
1822 
132894 
132895 
1824 
132896 
132897 
132898 
132899 
1828 
132900 
132901 
1830 
132902 
132903 
1832 
132904 
132905 
1834 
132906 
132907 
1836 
132908 
132909 
1838 
132910 
132911 
1840 
132912 
132913 
1842 
132914 
132915 
1844 
132916 
132917 
1846 
132918 
132919 
1848 
132920 
132921 
1850 
132922 
132923 
1852 
132924 
132925 
1854 
132926 
132927 
1856 
132928 
132929 
1858 
132930 
132931 
1860 
132932 
132933 
1862 
132934 
132935 
1864 
132936 
1866 
1868 
1870 
1872 
1874 
1876 
1878 
1880 
1882 
1884 
1886 
1888 
1890 
1892 
1894 
1896 
1898 
1900 
1902 
1904 
1906 
1908 
1910 
1912 
1914 
1916 
1918 
1919 
133063 
133064 
133067 
133068 
133069 
133070 
133073 
133074 
133075 
133076 
133077 
133078 
133079 
133080 
133083 
133084 
133085 
133086 
133087 
133088 
133089 
133090 
133091 
133092 
133093 
133094 
133095 
133096 
133097 
133098 
133099 
133100 
133101 
133102 
133103 
133104 
133105 
133106 
133107 
133108 
133109 
133110 
133111 
133112 
133113 
133114 
133115 
133116 
133117 
133118 
133119 
133120 
133121 
133122 
133123 
2052 
133124 
133125 
2054 
133126 
133127 
133128 
133129 
2058 
133130 
133131 
2060 
133132 
133133 
2062 
133134 
133135 
2064 
133136 
133137 
133138 
133139 
2068 
133140 
133141 
2070 
133142 
133143 
2072 
133144 
133145 
2074 
133146 
133147 
2076 
133148 
133149 
2078 
133150 
133151 
2080 
133152 
133153 
2082 
133154 
133155 
2084 
133156 
133157 
2086 
133158 
133159 
2088 
133160 
133161 
2090 
133162 
133163 
2092 
133164 
133165 
2094 
133166 
133167 
2096 
133168 
133169 
2098 
133170 
133171 
2100 
133172 
133173 
2102 
133174 
133175 
2104 
133176 
2106 
2108 
2110 
2112 
2114 
2116 
2118 
2120 
2122 
2124 
2126 
2128 
2130 
2132 
2134 
2136 
2138 
2140 
2142 
2144 
2146 
2148 
2150 
2152 
2154 
2156 
2158 
2159 
133303 
133304 
133307 
133308 
133309 
133310 
133313 
133314 
133315 
133316 
133317 
133318 
133319 
133320 
133323 
133324 
133325 
133326 
133327 
133328 
133329 
133330 
133331 
133332 
133333 
133334 
133335 
133336 
133337 
133338 
133339 
133340 
133341 
133342 
133343 
133344 
133345 
133346 
133347 
133348 
133349 
133350 
133351 
133352 
133353 
133354 
133355 
133356 
133357 
133358 
133359 
2288 
133360 
133361 
133362 
133363 
2292 
133364 
133365 
2294 
133366 
133367 
133368 
133369 
2298 
133370 
133371 
2300 
133372 
133373 
2302 
133374 
133375 
133376 
133377 
133378 
133379 
2308 
133380 
133381 
2310 
133382 
133383 
2312 
133384 
133385 
2314 
133386 
133387 
2316 
133388 
133389 
2318 
133390 
133391 
2320 
133392 
133393 
2322 
133394 
133395 
2324 
133396 
133397 
2326 
133398 
133399 
2328 
133400 
133401 
2330 
133402 
133403 
2332 
133404 
133405 
2334 
133406 
133407 
2336 
133408 
133409 
2338 
133410 
133411 
2340 
133412 
133413 
2342 
133414 
133415 
2344 
133416 
2346 
2348 
2350 
2352 
2354 
2356 
2358 
2360 
2362 
2364 
2366 
2368 
2370 
2372 
2374 
2376 
2378 
2380 
2382 
2384 
2386 
2388 
2390 
2392 
2394 
2396 
2398 
2399 
133543 
133544 
133547 
133548 
133549 
133550 
133553 
133554 
133555 
133556 
133557 
133558 
133559 
133560 
133563 
133564 
133565 
133566 
133567 
133568 
133569 
133570 
133571 
133572 
133573 
133574 
133575 
133576 
133577 
133578 
133579 
133580 
133581 
133582 
133583 
133584 
133585 
133586 
133587 
133588 
133589 
133590 
133591 
133592 
133593 
133594 
133595 
133596 
133597 
133598 
133599 
133600 
133601 
133602 
133603 
133604 
133605 
133606 
133607 
133608 
133609 
133610 
133611 
2540 
133612 
133613 
133614 
133615 
2544 
133616 
133617 
133618 
133619 
2548 
133620 
133621 
2550 
133622 
133623 
2552 
133624 
133625 
133626 
133627 
2556 
133628 
133629 
2558 
133630 
133631 
2560 
133632 
133633 
2562 
133634 
133635 
2564 
133636 
133637 
2566 
133638 
133639 
2568 
133640 
133641 
2570 
133642 
133643 
2572 
133644 
133645 
2574 
133646 
133647 
2576 
133648 
133649 
2578 
133650 
133651 
2580 
133652 
133653 
2582 
133654 
133655 
2584 
133656 
2586 
2588 
2590 
2592 
2594 
2596 
2598 
2600 
2602 
2604 
2606 
2608 
2610 
2612 
2614 
2616 
2618 
2620 
2622 
2624 
2626 
2628 
2630 
2632 
2634 
2636 
2638 
2639 
133783 
133784 
133787 
133788 
133789 
133790 
133793 
133794 
133795 
133796 
133797 
133798 
133799 
133800 
133803 
133804 
133805 
133806 
133807 
133808 
133809 
133810 
133811 
133812 
133813 
133814 
133815 
133816 
133817 
133818 
133819 
133820 
133821 
133822 
133823 
133824 
133825 
133826 
133827 
133828 
133829 
133830 
133831 
133832 
133833 
133834 
133835 
133836 
133837 
133838 
133839 
133840 
133841 
133842 
133843 
133844 
133845 
133846 
133847 
133848 
133849 
133850 
133851 
133852 
133853 
2782 
133854 
133855 
133856 
133857 
133858 
133859 
133860 
133861 
2790 
133862 
133863 
2792 
133864 
133865 
2794 
133866 
133867 
2796 
133868 
133869 
2798 
133870 
133871 
133872 
133873 
2802 
133874 
133875 
2804 
133876 
133877 
2806 
133878 
133879 
2808 
133880 
133881 
2810 
133882 
133883 
2812 
133884 
133885 
2814 
133886 
133887 
2816 
133888 
133889 
2818 
133890 
133891 
2820 
133892 
133893 
2822 
133894 
133895 
2824 
133896 
2826 
2828 
2830 
2832 
2834 
2836 
2838 
2840 
2842 
2844 
2846 
2848 
2850 
2852 
2854 
2856 
2858 
2860 
2862 
2864 
2866 
2868 
2870 
2872 
2874 
2876 
2878 
2879 
134023 
134024 
134027 
134028 
134029 
134030 
134033 
134034 
134035 
134036 
134037 
134038 
134039 
134040 
134043 
134044 
134045 
134046 
134047 
134048 
134049 
134050 
134051 
134052 
134053 
134054 
134055 
134056 
134057 
134058 
134059 
134060 
134061 
134062 
134063 
134064 
134065 
134066 
134067 
134068 
134069 
134070 
134071 
134072 
134073 
134074 
134075 
134076 
134077 
134078 
134079 
134080 
134081 
134082 
134083 
134084 
134085 
134086 
134087 
134088 
134089 
3018 
134090 
134091 
134092 
134093 
134094 
134095 
3024 
134096 
134097 
134098 
134099 
3028 
134100 
134101 
3030 
134102 
134103 
134104 
134105 
3034 
134106 
134107 
3036 
134108 
134109 
3038 
134110 
134111 
3040 
134112 
134113 
3042 
134114 
134115 
3044 
134116 
134117 
3046 
134118 
134119 
3048 
134120 
134121 
3050 
134122 
134123 
3052 
134124 
134125 
3054 
134126 
134127 
3056 
134128 
134129 
3058 
134130 
134131 
3060 
134132 
134133 
3062 
134134 
134135 
3064 
134136 
3066 
3068 
3070 
3072 
3074 
3078 
3080 
3082 
3084 
3086 
3088 
3090 
3092 
3094 
3096 
3098 
3100 
3102 
3104 
3106 
3108 
3110 
3112 
3114 
3116 
3118 
3119 
134263 
134264 
134267 
134268 
134269 
134270 
134273 
134274 
134275 
134276 
134277 
134278 
134279 
134280 
134283 
134284 
134285 
134286 
134287 
134288 
134289 
134290 
134291 
134292 
134293 
134294 
134295 
134296 
134297 
134298 
134299 
134300 
134301 
134302 
134303 
134304 
134305 
134306 
134307 
134308 
134309 
134310 
134311 
134312 
134313 
134314 
134315 
134316 
134317 
134318 
134319 
134320 
134321 
134322 
134323 
134324 
134325 
134326 
134327 
134328 
134329 
134330 
134331 
3260 
134332 
134333 
134334 
134335 
134336 
134337 
134338 
134339 
3268 
134340 
134341 
134342 
134343 
3272 
134344 
134345 
3274 
134346 
134347 
3276 
134348 
134349 
3278 
134350 
134351 
3280 
134352 
134353 
134354 
134355 
3284 
134356 
134357 
3286 
134358 
134359 
3288 
134360 
134361 
3290 
134362 
134363 
3292 
134364 
134365 
3294 
134366 
134367 
3296 
134368 
134369 
3298 
134370 
134371 
3300 
134372 
134373 
3302 
134374 
134375 
3304 
134376 
3306 
3308 
3310 
3312 
3314 
3316 
3318 
3320 
3322 
3324 
3326 
3328 
3330 
3332 
3334 
3336 
3338 
3340 
3342 
3344 
3346 
3348 
3350 
3352 
3354 
3356 
3358 
3359 
134503 
134504 
134507 
134508 
134509 
134510 
134513 
134514 
134515 
134516 
134517 
134518 
134519 
134520 
134523 
134524 
134525 
134526 
134527 
134528 
134529 
134530 
134531 
134532 
134533 
134534 
134535 
134536 
134537 
134538 
134539 
134540 
134541 
134542 
134543 
134544 
134545 
134546 
134547 
134548 
134549 
134550 
134551 
134552 
134553 
134554 
134555 
134556 
134557 
134558 
134559 
134560 
134561 
134562 
134563 
134564 
134565 
134566 
134567 
134568 
134569 
134570 
134571 
134572 
134573 
134574 
134575 
134576 
134577 
134578 
134579 
134580 
134581 
134582 
134583 
134584 
134585 
134586 
134587 
134588 
134589 
134590 
134591 
134592 
134593 
134594 
134595 
134596 
134597 
3526 
134598 
134599 
134600 
134601 
3530 
134602 
134603 
134604 
134605 
3534 
134606 
134607 
3536 
134608 
134609 
3538 
134610 
134611 
3540 
134612 
134613 
134614 
134615 
3544 
134616 
3546 
3548 
3550 
3552 
3554 
3556 
3558 
3560 
3562 
3564 
3566 
3568 
3570 
3572 
3574 
3576 
3578 
3580 
3582 
3584 
3586 
3588 
3590 
3592 
3594 
3596 
3598 
3599 
134743 
134744 
134747 
134748 
134749 
134750 
134753 
134754 
134755 
134756 
134757 
134758 
134759 
134760 
134763 
134764 
134765 
134766 
134767 
134768 
134769 
134770 
134771 
134772 
134773 
134774 
134775 
134776 
134777 
134778 
134779 
134780 
134781 
134782 
134783 
134784 
134785 
134786 
134787 
134788 
134789 
134790 
134791 
134792 
134793 
134794 
134795 
134796 
134797 
134798 
134799 
134800 
134801 
134802 
134803 
134804 
134805 
134806 
134807 
134808 
134809 
134810 
134811 
134812 
134813 
3742 
134814 
134815 
134816 
134817 
134818 
134819 
134820 
134821 
3750 
134822 
134823 
3752 
134824 
134825 
134826 
134827 
3756 
134828 
134829 
3758 
134830 
134831 
3760 
134832 
134833 
3762 
134834 
134835 
3764 
134836 
134837 
3766 
134838 
134839 
3768 
134840 
134841 
3770 
134842 
134843 
3772 
134844 
134845 
134846 
134847 
3776 
134848 
134849 
3778 
134850 
134851 
3780 
134852 
134853 
3782 
134854 
134855 
3784 
134856 
3786 
3788 
3790 
3792 
3794 
3796 
3798 
3800 
3802 
3804 
3806 
3808 
3810 
3812 
3814 
3816 
3818 
3820 
3822 
3824 
3826 
3828 
3830 
3832 
3834 
3836 
3838 
3839 
134983 
134984 
134987 
134988 
134989 
134990 
134993 
134994 
134995 
134996 
134997 
134998 
134999 
135000 
135003 
135004 
135005 
135006 
135007 
135008 
135009 
135010 
135011 
135012 
135013 
135014 
135015 
135016 
135017 
135018 
135019 
135020 
135021 
135022 
135023 
135024 
135025 
135026 
135027 
135028 
135029 
135030 
135031 
135032 
135033 
135034 
135035 
135036 
135037 
135038 
135039 
135040 
135041 
135042 
135043 
135044 
135045 
135046 
135047 
135048 
135049 
135050 
135051 
135052 
135053 
3982 
135054 
135055 
135056 
135057 
135058 
135059 
3988 
135060 
135061 
3990 
135062 
135063 
135064 
135065 
3994 
135066 
135067 
3996 
135068 
135069 
3998 
135070 
135071 
4000 
135072 
135073 
135074 
135075 
4004 
135076 
135077 
4006 
135078 
135079 
4008 
135080 
135081 
4010 
135082 
135083 
4012 
135084 
135085 
4014 
135086 
135087 
4016 
135088 
135089 
4018 
135090 
135091 
4020 
135092 
135093 
4022 
135094 
135095 
4024 
135096 
4026 
4028 
4030 
4032 
4034 
4036 
4038 
4040 
4042 
4044 
4046 
4048 
4050 
4052 
4054 
4056 
4058 
4060 
4062 
4064 
4066 
4068 
4070 
4072 
4074 
4076 
4078 
4079 
135223 
135224 
135227 
135228 
135229 
135230 
135233 
135234 
135235 
135236 
135237 
135238 
135239 
135240 
135243 
135244 
135245 
135246 
135247 
135248 
135249 
135250 
135251 
135252 
135253 
135254 
135255 
135256 
135257 
135258 
135259 
135260 
135261 
135262 
135263 
135264 
135265 
135266 
135267 
135268 
135269 
135270 
135271 
135272 
135273 
135274 
135275 
135276 
135277 
135278 
135279 
135280 
135281 
135282 
135283 
135284 
135285 
135286 
135287 
135288 
135289 
135290 
135291 
135292 
135293 
4222 
135294 
135295 
135296 
135297 
135298 
135299 
4228 
135300 
135301 
135302 
135303 
4232 
135304 
135305 
4234 
135306 
135307 
4236 
135308 
135309 
4238 
135310 
135311 
135312 
135313 
4242 
135314 
135315 
4244 
135316 
135317 
4246 
135318 
135319 
4248 
135320 
135321 
4250 
135322 
135323 
4252 
135324 
135325 
4254 
135326 
135327 
4256 
135328 
135329 
4258 
135330 
135331 
4260 
135332 
135333 
4262 
135334 
135335 
4264 
135336 
4266 
4268 
4270 
4272 
4274 
4276 
4278 
4280 
4282 
4284 
4286 
4288 
4290 
4292 
4294 
4296 
4298 
4300 
4302 
4304 
4306 
4308 
4310 
4312 
4314 
4316 
4318 
4319 
135463 
135464 
135467 
135468 
135469 
135470 
135473 
135474 
135475 
135476 
135477 
135478 
135479 
135480 
135483 
135484 
135485 
135486 
135487 
135488 
135489 
135490 
135491 
135492 
135493 
135494 
135495 
135496 
135497 
135498 
135499 
135500 
135501 
135502 
135503 
135504 
135505 
135506 
135507 
135508 
135509 
135510 
135511 
135512 
135513 
135514 
135515 
135516 
135517 
135518 
135519 
135520 
135521 
135522 
135523 
135524 
135525 
135526 
135527 
135528 
135529 
135530 
135531 
135532 
135533 
135534 
135535 
135536 
135537 
135538 
135539 
135540 
135541 
4470 
135542 
135543 
135544 
135545 
4474 
135546 
135547 
4476 
135548 
135549 
4478 
135550 
135551 
4480 
135552 
135553 
135554 
135555 
4484 
135556 
135557 
4486 
135558 
135559 
4488 
135560 
135561 
4490 
135562 
135563 
4492 
135564 
135565 
4494 
135566 
135567 
4496 
135568 
135569 
4498 
135570 
135571 
4500 
135572 
135573 
4502 
135574 
135575 
4504 
135576 
4506 
4508 
4510 
4512 
4514 
4516 
4518 
4520 
4522 
4524 
4526 
4528 
4530 
4532 
4534 
4536 
4538 
4540 
4542 
4544 
4546 
4548 
4550 
4552 
4554 
4556 
4558 
4559 
135703 
135704 
135707 
135708 
135709 
135710 
135713 
135714 
135715 
135716 
135717 
135718 
135719 
135720 
135723 
135724 
135725 
135726 
135727 
135728 
135729 
135730 
135731 
135732 
135733 
135734 
135735 
135736 
135737 
135738 
135739 
135740 
135741 
135742 
135743 
135744 
135745 
135746 
135747 
135748 
135749 
135750 
135751 
135752 
135753 
135754 
135755 
135756 
135757 
135758 
135759 
135760 
135761 
135762 
135763 
135764 
135765 
135766 
135767 
135768 
135769 
135770 
135771 
135772 
135773 
135774 
135775 
135776 
135777 
135778 
135779 
4708 
135780 
135781 
4710 
135782 
135783 
135784 
135785 
4714 
135786 
135787 
4716 
135788 
135789 
4718 
135790 
135791 
135792 
135793 
4722 
135794 
135795 
4724 
135796 
135797 
4726 
135798 
135799 
4728 
135800 
135801 
4730 
135802 
135803 
4732 
135804 
135805 
4734 
135806 
135807 
4736 
135808 
135809 
4738 
135810 
135811 
4740 
135812 
135813 
4742 
135814 
135815 
4744 
135816 
4746 
4748 
4750 
4752 
4754 
4756 
4758 
4760 
4762 
4764 
4766 
4768 
4770 
4772 
4774 
4776 
4778 
4780 
4782 
4784 
4786 
4788 
4790 
4792 
4794 
4796 
4798 
4799 
135943 
135944 
135947 
135948 
135949 
135950 
135953 
135954 
135955 
135956 
135957 
135958 
135959 
135960 
135963 
135964 
135965 
135966 
135967 
135968 
135969 
135970 
135971 
135972 
135973 
135974 
135975 
135976 
135977 
135978 
135979 
135980 
135981 
135982 
135983 
135984 
135985 
135986 
135987 
135988 
135989 
135990 
135991 
135992 
135993 
135994 
135995 
135996 
135997 
135998 
135999 
136000 
136001 
136002 
136003 
4932 
136004 
136005 
4934 
136006 
136007 
136008 
136009 
4938 
136010 
136011 
4940 
136012 
136013 
4942 
136014 
136015 
4944 
136016 
136017 
136018 
136019 
4948 
136020 
136021 
4950 
136022 
136023 
4952 
136024 
136025 
4954 
136026 
136027 
4956 
136028 
136029 
4958 
136030 
136031 
4960 
136032 
136033 
4962 
136034 
136035 
4964 
136036 
136037 
4966 
136038 
136039 
4968 
136040 
136041 
4970 
136042 
136043 
4972 
136044 
136045 
4974 
136046 
136047 
4976 
136048 
136049 
4978 
136050 
136051 
4980 
136052 
136053 
4982 
136054 
136055 
4984 
136056 
4986 
4988 
4990 
4992 
4994 
4996 
4998 
5000 
5002 
5004 
5006 
5008 
5010 
5012 
5014 
5016 
5018 
5020 
5022 
5024 
5026 
5028 
5030 
5032 
5034 
5036 
5038 
5039 
136183 
136184 
136187 
136188 
136189 
136190 
136193 
136194 
136195 
136196 
136197 
136198 
136199 
136200 
136203 
136204 
136205 
136206 
136207 
136208 
136209 
136210 
136211 
136212 
136213 
136214 
136215 
136216 
136217 
136218 
136219 
136220 
136221 
136222 
136223 
136224 
136225 
136226 
136227 
136228 
136229 
136230 
136231 
136232 
136233 
136234 
136235 
136236 
136237 
136238 
136239 
5168 
136240 
136241 
136242 
136243 
5172 
136244 
136245 
5174 
136246 
136247 
136248 
136249 
136250 
136251 
5180 
136252 
136253 
5182 
136254 
136255 
5184 
136256 
136257 
136258 
136259 
5188 
136260 
136261 
5190 
136262 
136263 
5192 
136264 
136265 
5194 
136266 
136267 
5196 
136268 
136269 
5198 
136270 
136271 
5200 
136272 
136273 
5202 
136274 
136275 
5204 
136276 
136277 
5206 
136278 
136279 
5208 
136280 
136281 
5210 
136282 
136283 
5212 
136284 
136285 
5214 
136286 
136287 
5216 
136288 
136289 
5218 
136290 
136291 
5220 
136292 
136293 
5222 
136294 
136295 
5224 
136296 
5226 
5228 
5230 
5232 
5234 
5236 
5238 
5240 
5242 
5244 
5246 
5248 
5250 
5252 
5254 
5256 
5258 
5260 
5262 
5264 
5266 
5268 
5270 
5272 
5274 
5276 
5278 
5279 
136423 
136424 
136427 
136428 
136429 
136430 
136433 
136434 
136435 
136436 
136437 
136438 
136439 
136440 
136443 
136444 
136445 
136446 
136447 
136448 
136449 
136450 
136451 
136452 
136453 
136454 
136455 
136456 
136457 
136458 
136459 
136460 
136461 
136462 
136463 
136464 
136465 
136466 
136467 
136468 
136469 
136470 
136471 
136472 
136473 
136474 
136475 
136476 
136477 
136478 
136479 
136480 
136481 
136482 
136483 
5412 
136484 
136485 
136486 
136487 
136488 
136489 
5418 
136490 
136491 
5420 
136492 
136493 
5422 
136494 
136495 
5424 
136496 
136497 
136498 
136499 
5428 
136500 
136501 
5430 
136502 
136503 
136504 
136505 
5434 
136506 
136507 
5436 
136508 
136509 
5438 
136510 
136511 
5440 
136512 
136513 
5442 
136514 
136515 
5444 
136516 
136517 
5446 
136518 
136519 
5448 
136520 
136521 
5450 
136522 
136523 
5452 
136524 
136525 
5454 
136526 
136527 
5456 
136528 
136529 
5458 
136530 
136531 
5460 
136532 
136533 
5462 
136534 
136535 
5464 
136536 
5466 
5468 
5470 
5472 
5474 
5476 
5478 
5480 
5482 
5484 
5486 
5488 
5490 
5492 
5494 
5496 
5498 
5500 
5502 
5504 
5506 
5508 
5510 
5512 
5514 
5516 
5518 
5519 
136663 
136664 
136667 
136668 
136669 
136670 
136673 
136674 
136675 
136676 
136677 
136678 
136679 
136680 
136683 
136684 
136685 
136686 
136687 
136688 
136689 
136690 
136691 
136692 
136693 
136694 
136695 
136696 
136697 
136698 
136699 
136700 
136701 
136702 
136703 
136704 
136705 
136706 
136707 
136708 
136709 
136710 
136711 
136712 
136713 
136714 
136715 
136716 
136717 
136718 
136719 
136720 
136721 
136722 
136723 
5652 
136724 
136725 
5654 
136726 
136727 
136728 
136729 
5658 
136730 
136731 
5660 
136732 
136733 
5662 
136734 
136735 
5664 
136736 
136737 
136738 
136739 
5668 
136740 
136741 
5670 
136742 
136743 
5672 
136744 
136745 
5674 
136746 
136747 
5676 
136748 
136749 
5678 
136750 
136751 
5680 
136752 
136753 
5682 
136754 
136755 
5684 
136756 
136757 
5686 
136758 
136759 
5688 
136760 
136761 
5690 
136762 
136763 
5692 
136764 
136765 
5694 
136766 
136767 
5696 
136768 
136769 
5698 
136770 
136771 
5700 
136772 
136773 
5702 
136774 
136775 
5704 
136776 
5706 
5708 
5710 
5712 
5714 
5716 
5718 
5720 
5722 
5724 
5726 
5728 
5730 
5732 
5734 
5736 
5738 
5740 
5742 
5744 
5746 
5748 
5750 
5752 
5754 
5756 
5758 
5759 
136903 
136904 
136907 
136908 
136909 
136910 
136913 
136914 
136915 
136916 
136917 
136918 
136919 
136920 
136923 
136924 
136925 
136926 
136927 
136928 
136929 
136930 
136931 
136932 
136933 
136934 
136935 
136936 
136937 
136938 
136939 
136940 
136941 
136942 
136943 
136944 
136945 
136946 
136947 
136948 
136949 
136950 
136951 
136952 
136953 
136954 
136955 
136956 
136957 
136958 
136959 
5888 
136960 
136961 
136962 
136963 
5892 
136964 
136965 
5894 
136966 
136967 
136968 
136969 
5898 
136970 
136971 
5900 
136972 
136973 
5902 
136974 
136975 
5904 
136976 
136977 
136978 
136979 
5908 
136980 
136981 
5910 
136982 
136983 
5912 
136984 
136985 
5914 
136986 
136987 
5916 
136988 
136989 
5918 
136990 
136991 
5920 
136992 
136993 
5922 
136994 
136995 
5924 
136996 
136997 
5926 
136998 
136999 
5928 
137000 
137001 
5930 
137002 
137003 
5932 
137004 
137005 
5934 
137006 
137007 
5936 
137008 
137009 
5938 
137010 
137011 
5940 
137012 
137013 
5942 
137014 
137015 
5944 
137016 
5946 
5948 
5950 
5952 
5954 
5956 
5958 
5960 
5962 
5964 
5966 
5968 
5970 
5972 
5974 
5976 
5978 
5980 
5982 
5984 
5986 
5988 
5990 
5992 
5994 
5996 
5998 
5999 
137143 
137144 
137147 
137148 
137149 
137150 
137153 
137154 
137155 
137156 
137157 
137158 
137159 
137160 
137163 
137164 
137165 
137166 
137167 
137168 
137169 
137170 
137171 
137172 
137173 
137174 
137175 
137176 
137177 
137178 
137179 
137180 
137181 
137182 
137183 
137184 
137185 
137186 
137187 
137188 
137189 
137190 
137191 
137192 
137193 
137194 
137195 
137196 
137197 
137198 
137199 
6128 
137200 
137201 
137202 
137203 
6132 
137204 
137205 
6134 
137206 
137207 
137208 
137209 
6138 
137210 
137211 
137212 
137213 
6142 
137214 
137215 
6144 
137216 
137217 
137218 
137219 
6148 
137220 
137221 
6150 
137222 
137223 
6152 
137224 
137225 
6154 
137226 
137227 
6156 
137228 
137229 
6158 
137230 
137231 
6160 
137232 
137233 
6162 
137234 
137235 
6164 
137236 
137237 
6166 
137238 
137239 
6168 
137240 
137241 
6170 
137242 
137243 
6172 
137244 
137245 
6174 
137246 
137247 
6176 
137248 
137249 
6178 
137250 
137251 
6180 
137252 
137253 
6182 
137254 
137255 
6184 
137256 
6186 
6188 
6190 
6192 
6194 
6196 
6198 
6200 
6202 
6204 
6206 
6208 
6210 
6212 
6214 
6216 
6218 
6220 
6222 
6224 
6226 
6228 
6230 
6232 
6234 
6236 
6238 
6239 
137383 
137384 
137387 
137388 
137389 
137390 
137393 
137394 
137395 
137396 
137397 
137398 
137399 
137400 
137403 
137404 
137405 
137406 
137407 
137408 
137409 
137410 
137411 
137412 
137413 
137414 
137415 
137416 
137417 
137418 
137419 
137420 
137421 
137422 
137423 
137424 
137425 
137426 
137427 
137428 
137429 
137430 
137431 
137432 
137433 
137434 
137435 
137436 
137437 
137438 
137439 
137440 
137441 
137442 
137443 
6372 
137444 
137445 
137446 
137447 
137448 
137449 
6378 
137450 
137451 
6380 
137452 
137453 
6382 
137454 
137455 
6384 
137456 
137457 
137458 
137459 
6388 
137460 
137461 
6390 
137462 
137463 
137464 
137465 
6394 
137466 
137467 
6396 
137468 
137469 
6398 
137470 
137471 
6400 
137472 
137473 
6402 
137474 
137475 
6404 
137476 
137477 
6406 
137478 
137479 
6408 
137480 
137481 
6410 
137482 
137483 
6412 
137484 
137485 
6414 
137486 
137487 
6416 
137488 
137489 
6418 
137490 
137491 
6420 
137492 
137493 
6422 
137494 
137495 
6424 
137496 
6426 
6428 
6430 
6432 
6434 
6436 
6438 
6440 
6442 
6444 
6446 
6448 
6450 
6452 
6454 
6456 
6458 
6460 
6462 
6464 
6466 
6468 
6470 
6472 
6474 
6476 
6478 
6479 
137623 
137624 
137627 
137628 
137629 
137630 
137633 
137634 
137635 
137636 
137637 
137638 
137639 
137640 
137643 
137644 
137645 
137646 
137647 
137648 
137649 
137650 
137651 
137652 
137653 
137654 
137655 
137656 
137657 
137658 
137659 
137660 
137661 
137662 
137663 
137664 
137665 
137666 
137667 
137668 
137669 
137670 
137671 
137672 
137673 
137674 
137675 
137676 
137677 
137678 
137679 
6608 
137680 
137681 
137682 
137683 
6612 
137684 
137685 
6614 
137686 
137687 
137688 
137689 
137690 
137691 
6620 
137692 
137693 
6622 
137694 
137695 
6624 
137696 
137697 
137698 
137699 
6628 
137700 
137701 
6630 
137702 
137703 
6632 
137704 
137705 
6634 
137706 
137707 
6636 
137708 
137709 
6638 
137710 
137711 
6640 
137712 
137713 
6642 
137714 
137715 
6644 
137716 
137717 
6646 
137718 
137719 
6648 
137720 
137721 
6650 
137722 
137723 
6652 
137724 
137725 
6654 
137726 
137727 
6656 
137728 
137729 
6658 
137730 
137731 
6660 
137732 
137733 
6662 
137734 
137735 
6664 
137736 
6666 
6668 
6670 
6672 
6674 
6676 
6678 
6680 
6682 
6684 
6686 
6688 
6690 
6692 
6694 
6696 
6698 
6700 
6702 
6704 
6706 
6708 
6710 
6712 
6714 
6716 
6718 
6719 
137863 
137864 
137867 
137868 
137869 
137870 
137873 
137874 
137875 
137876 
137877 
137878 
137879 
137880 
137883 
137884 
137885 
137886 
137887 
137888 
137889 
137890 
137891 
137892 
137893 
137894 
137895 
137896 
137897 
137898 
137899 
137900 
137901 
137902 
137903 
137904 
137905 
137906 
137907 
137908 
137909 
137910 
137911 
137912 
137913 
137914 
137915 
137916 
137917 
137918 
137919 
137920 
137921 
137922 
137923 
137924 
137925 
6854 
137926 
137927 
137928 
137929 
6858 
137930 
137931 
6860 
137932 
137933 
137934 
137935 
6864 
137936 
137937 
137938 
137939 
6868 
137940 
137941 
6870 
137942 
137943 
6872 
137944 
137945 
6874 
137946 
137947 
6876 
137948 
137949 
6878 
137950 
137951 
6880 
137952 
137953 
6882 
137954 
137955 
6884 
137956 
137957 
6886 
137958 
137959 
6888 
137960 
137961 
6890 
137962 
137963 
6892 
137964 
137965 
6894 
137966 
137967 
6896 
137968 
137969 
6898 
137970 
137971 
6900 
137972 
137973 
6902 
137974 
137975 
6904 
137976 
6906 
6908 
6910 
6912 
6914 
6916 
6918 
6920 
6922 
6924 
6926 
6928 
6930 
6932 
6934 
6936 
6938 
6940 
6942 
6944 
6946 
6948 
6950 
6952 
6954 
6956 
6958 
6959 
138103 
138104 
138107 
138108 
138109 
138110 
138113 
138114 
138115 
138116 
138117 
138118 
138119 
138120 
138123 
138124 
138125 
138126 
138127 
138128 
138129 
138130 
138131 
138132 
138133 
138134 
138135 
138136 
138137 
138138 
138139 
138140 
138141 
138142 
138143 
138144 
138145 
138146 
138147 
138148 
138149 
138150 
138151 
138152 
138153 
138154 
138155 
138156 
138157 
138158 
138159 
138160 
138161 
138162 
138163 
138164 
138165 
7094 
138166 
138167 
138168 
138169 
138170 
138171 
7100 
138172 
138173 
7102 
138174 
138175 
7104 
138176 
138177 
138178 
138179 
7108 
138180 
138181 
7110 
138182 
138183 
7112 
138184 
138185 
7114 
138186 
138187 
7116 
138188 
138189 
7118 
138190 
138191 
7120 
138192 
138193 
7122 
138194 
138195 
7124 
138196 
138197 
7126 
138198 
138199 
7128 
138200 
138201 
7130 
138202 
138203 
7132 
138204 
138205 
7134 
138206 
138207 
7136 
138208 
138209 
7138 
138210 
138211 
7140 
138212 
138213 
7142 
138214 
138215 
7144 
138216 
7146 
7148 
7150 
7152 
7154 
7156 
7158 
7160 
7162 
7164 
7166 
7168 
7170 
7172 
7174 
7176 
7178 
7180 
7182 
7184 
7186 
7188 
7190 
7192 
7194 
7196 
7198 
7199 
138343 
138344 
138347 
138348 
138349 
138350 
138353 
138354 
138355 
138356 
138357 
138358 
138359 
138360 
138363 
138364 
138365 
138366 
138367 
138368 
138369 
138370 
138371 
138372 
138373 
138374 
138375 
138376 
138377 
138378 
138379 
138380 
138381 
138382 
138383 
138384 
138385 
138386 
138387 
138388 
138389 
138390 
138391 
138392 
138393 
138394 
138395 
138396 
138397 
138398 
138399 
7328 
138400 
138401 
138402 
138403 
7332 
138404 
138405 
7334 
138406 
138407 
138408 
138409 
7338 
138410 
138411 
7340 
138412 
138413 
7342 
138414 
138415 
7344 
138416 
138417 
138418 
138419 
7348 
138420 
138421 
7350 
138422 
138423 
7352 
138424 
138425 
7354 
138426 
138427 
138428 
138429 
7358 
138430 
138431 
7360 
138432 
138433 
7362 
138434 
138435 
7364 
138436 
138437 
7366 
138438 
138439 
7368 
138440 
138441 
7370 
138442 
138443 
7372 
138444 
138445 
7374 
138446 
138447 
7376 
138448 
138449 
7378 
138450 
138451 
7380 
138452 
138453 
7382 
138454 
138455 
7384 
138456 
7386 
7388 
7390 
7392 
7394 
7396 
7398 
7400 
7402 
7404 
7406 
7408 
7410 
7412 
7414 
7416 
7418 
7420 
7422 
7424 
7426 
7428 
7430 
7432 
7434 
7436 
7438 
7439 
138583 
138584 
138587 
138588 
138589 
138590 
138593 
138594 
138595 
138596 
138597 
138598 
138599 
138600 
138603 
138604 
138605 
138606 
138607 
138608 
138609 
138610 
138611 
138612 
138613 
138614 
138615 
138616 
138617 
138618 
138619 
138620 
138621 
138622 
138623 
138624 
138625 
138626 
138627 
138628 
138629 
138630 
138631 
138632 
138633 
138634 
138635 
138636 
138637 
138638 
138639 
138640 
138641 
138642 
138643 
138644 
138645 
7574 
138646 
138647 
138648 
138649 
138650 
138651 
7580 
138652 
138653 
7582 
138654 
138655 
7584 
138656 
138657 
138658 
138659 
7588 
138660 
138661 
7590 
138662 
138663 
7592 
138664 
138665 
7594 
138666 
138667 
7596 
138668 
138669 
7598 
138670 
138671 
7600 
138672 
138673 
7602 
138674 
138675 
7604 
138676 
138677 
7606 
138678 
138679 
7608 
138680 
138681 
7610 
138682 
138683 
7612 
138684 
138685 
7614 
138686 
138687 
7616 
138688 
138689 
7618 
138690 
138691 
7620 
138692 
138693 
7622 
138694 
138695 
7624 
138696 
7626 
7628 
7630 
7632 
7636 
7638 
7640 
7642 
7644 
7646 
7648 
7650 
7652 
7654 
7656 
7658 
7660 
7662 
7664 
7666 
7668 
7670 
7672 
7674 
7676 
7678 
7679 
138823 
138824 
138827 
138828 
138829 
138830 
138833 
138834 
138835 
138836 
138837 
138838 
138839 
138840 
138843 
138844 
138845 
138846 
138847 
138848 
138849 
138850 
138851 
138852 
138853 
138854 
138855 
138856 
138857 
138858 
138859 
138860 
138861 
138862 
138863 
138864 
138865 
138866 
138867 
138868 
138869 
138870 
138871 
138872 
138873 
138874 
138875 
138876 
138877 
138878 
138879 
138880 
138881 
138882 
138883 
138884 
138885 
7814 
138886 
138887 
138888 
138889 
7818 
138890 
138891 
138892 
138893 
7822 
138894 
138895 
7824 
138896 
138897 
138898 
138899 
7828 
138900 
138901 
7830 
138902 
138903 
7832 
138904 
138905 
7834 
138906 
138907 
7836 
138908 
138909 
7838 
138910 
138911 
7840 
138912 
138913 
7842 
138914 
138915 
7844 
138916 
138917 
7846 
138918 
138919 
7848 
138920 
138921 
7850 
138922 
138923 
7852 
138924 
138925 
7854 
138926 
138927 
7856 
138928 
138929 
7858 
138930 
138931 
7860 
138932 
138933 
7862 
138934 
138935 
7864 
138936 
7866 
7868 
7870 
7872 
7874 
7876 
7878 
7880 
7882 
7884 
7886 
7888 
7890 
7892 
7894 
7896 
7898 
7900 
7902 
7904 
7906 
7908 
7910 
7912 
7914 
7916 
7918 
7919 
139063 
139064 
139067 
139068 
139069 
139070 
139073 
139074 
139075 
139076 
139077 
139078 
139079 
139080 
139083 
139084 
139085 
139086 
139087 
139088 
139089 
139090 
139091 
139092 
139093 
139094 
139095 
139096 
139097 
139098 
139099 
139100 
139101 
139102 
139103 
139104 
139105 
139106 
139107 
139108 
139109 
139110 
139111 
139112 
139113 
139114 
139115 
139116 
139117 
139118 
139119 
139120 
139121 
139122 
139123 
139124 
139125 
8054 
139126 
139127 
139128 
139129 
139130 
139131 
8060 
139132 
139133 
8062 
139134 
139135 
8064 
139136 
139137 
139138 
139139 
8068 
139140 
139141 
8070 
139142 
139143 
8072 
139144 
139145 
8074 
139146 
139147 
8076 
139148 
139149 
8078 
139150 
139151 
8080 
139152 
139153 
8082 
139154 
139155 
8084 
139156 
139157 
8086 
139158 
139159 
8088 
139160 
139161 
8090 
139162 
139163 
8092 
139164 
139165 
8094 
139166 
139167 
8096 
139168 
139169 
139170 
139171 
8100 
139172 
139173 
8102 
139174 
139175 
8104 
139176 
8106 
8108 
8110 
8112 
8114 
8116 
8118 
8120 
8122 
8124 
8126 
8128 
8130 
8132 
8134 
8136 
8138 
8140 
8142 
8144 
8146 
8148 
8150 
8152 
8154 
8156 
8158 
8159 
139303 
139304 
139307 
139308 
139309 
139310 
139313 
139314 
139315 
139316 
139317 
139318 
139319 
139320 
139323 
139324 
139325 
139326 
139327 
139328 
139329 
139330 
139331 
139332 
139333 
139334 
139335 
139336 
139337 
139338 
139339 
139340 
139341 
139342 
139343 
139344 
139345 
139346 
139347 
139348 
139349 
139350 
139351 
139352 
139353 
139354 
139355 
139356 
139357 
139358 
139359 
139360 
139361 
139362 
139363 
139364 
139365 
8294 
139366 
139367 
139368 
139369 
8298 
139370 
139371 
139372 
139373 
8302 
139374 
139375 
8304 
139376 
139377 
139378 
139379 
8308 
139380 
139381 
8310 
139382 
139383 
8312 
139384 
139385 
8314 
139386 
139387 
8316 
139388 
139389 
8318 
139390 
139391 
8320 
139392 
139393 
8322 
139394 
139395 
8324 
139396 
139397 
8326 
139398 
139399 
8328 
139400 
139401 
8330 
139402 
139403 
8332 
139404 
139405 
8334 
139406 
139407 
8336 
139408 
139409 
8338 
139410 
139411 
8340 
139412 
139413 
8342 
139414 
139415 
8344 
139416 
8346 
8348 
8350 
8352 
8354 
8356 
8358 
8360 
8362 
8364 
8366 
8368 
8370 
8372 
8374 
8376 
8378 
8380 
8382 
8384 
8386 
8388 
8390 
8392 
8394 
8396 
8398 
8399 
139543 
139544 
139547 
139548 
139549 
139550 
139553 
139554 
139555 
139556 
139557 
139558 
139559 
139560 
139563 
139564 
139565 
139566 
139567 
139568 
139569 
139570 
139571 
139572 
139573 
139574 
139575 
139576 
139577 
139578 
139579 
139580 
139581 
139582 
139583 
139584 
139585 
139586 
139587 
139588 
139589 
139590 
139591 
139592 
139593 
139594 
139595 
139596 
139597 
139598 
139599 
8528 
139600 
139601 
139602 
139603 
8532 
139604 
139605 
139606 
139607 
139608 
139609 
8538 
139610 
139611 
8540 
139612 
139613 
139614 
139615 
8544 
139616 
139617 
139618 
139619 
8548 
139620 
139621 
8550 
139622 
139623 
8552 
139624 
139625 
8554 
139626 
139627 
8556 
139628 
139629 
8558 
139630 
139631 
8560 
139632 
139633 
8562 
139634 
139635 
8564 
139636 
139637 
8566 
139638 
139639 
8568 
139640 
139641 
8570 
139642 
139643 
8572 
139644 
139645 
8574 
139646 
139647 
8576 
139648 
139649 
8578 
139650 
139651 
8580 
139652 
139653 
8582 
139654 
139655 
8584 
139656 
8586 
8588 
8590 
8592 
8594 
8596 
8598 
8600 
8602 
8604 
8606 
8608 
8610 
8612 
8614 
8616 
8618 
8620 
8622 
8624 
8626 
8628 
8630 
8632 
8634 
8636 
8638 
8639 
139783 
139784 
139787 
139788 
139789 
139790 
139793 
139794 
139795 
139796 
139797 
139798 
139799 
139800 
139803 
139804 
139805 
139806 
139807 
139808 
139809 
139810 
139811 
139812 
139813 
139814 
139815 
139816 
139817 
139818 
139819 
139820 
139821 
139822 
139823 
139824 
139825 
139826 
139827 
139828 
139829 
139830 
139831 
139832 
139833 
139834 
139835 
139836 
139837 
139838 
139839 
8768 
139840 
139841 
139842 
139843 
8772 
139844 
139845 
139846 
139847 
139848 
139849 
8778 
139850 
139851 
8780 
139852 
139853 
139854 
139855 
8784 
139856 
139857 
139858 
139859 
8788 
139860 
139861 
8790 
139862 
139863 
8792 
139864 
139865 
8794 
139866 
139867 
8796 
139868 
139869 
8798 
139870 
139871 
8800 
139872 
139873 
8802 
139874 
139875 
8804 
139876 
139877 
8806 
139878 
139879 
8808 
139880 
139881 
8810 
139882 
139883 
8812 
139884 
139885 
8814 
139886 
139887 
8816 
139888 
139889 
8818 
139890 
139891 
8820 
139892 
139893 
8822 
139894 
139895 
8824 
139896 
8826 
8828 
8830 
8832 
8834 
8836 
8838 
8840 
8842 
8844 
8846 
8848 
8850 
8852 
8854 
8856 
8858 
8860 
8862 
8864 
8866 
8868 
8870 
8872 
8874 
8876 
8878 
8879 
140023 
140024 
140027 
140028 
140029 
140030 
140033 
140034 
140035 
140036 
140037 
140038 
140039 
140040 
140043 
140044 
140045 
140046 
140047 
140048 
140049 
140050 
140051 
140052 
140053 
140054 
140055 
140056 
140057 
140058 
140059 
140060 
140061 
140062 
140063 
140064 
140065 
140066 
140067 
140068 
140069 
140070 
140071 
140072 
140073 
140074 
140075 
140076 
140077 
140078 
140079 
9008 
140080 
140081 
140082 
140083 
9012 
140084 
140085 
140086 
140087 
140088 
140089 
9018 
140090 
140091 
140092 
140093 
9022 
140094 
140095 
9024 
140096 
140097 
140098 
140099 
9028 
140100 
140101 
9030 
140102 
140103 
9032 
140104 
140105 
9034 
140106 
140107 
9036 
140108 
140109 
9038 
140110 
140111 
9040 
140112 
140113 
9042 
140114 
140115 
9044 
140116 
140117 
9046 
140118 
140119 
9048 
140120 
140121 
9050 
140122 
140123 
9052 
140124 
140125 
9054 
140126 
140127 
9056 
140128 
140129 
9058 
140130 
140131 
9060 
140132 
140133 
9062 
140134 
140135 
9064 
140136 
9066 
9068 
9070 
9072 
9074 
9076 
9078 
9080 
9082 
9084 
9086 
9088 
9090 
9092 
9094 
9096 
9098 
9100 
9102 
9104 
9106 
9108 
9110 
9112 
9114 
9116 
9118 
9119 
140263 
140264 
140267 
140268 
140269 
140270 
140273 
140274 
140275 
140276 
140277 
140278 
140279 
140280 
140283 
140284 
140285 
140286 
140287 
140288 
140289 
140290 
140291 
140292 
140293 
140294 
140295 
140296 
140297 
140298 
140299 
140300 
140301 
140302 
140303 
140304 
140305 
140306 
140307 
140308 
140309 
140310 
140311 
140312 
140313 
140314 
140315 
140316 
140317 
140318 
140319 
140320 
140321 
140322 
140323 
9252 
140324 
140325 
9254 
140326 
140327 
140328 
140329 
9258 
140330 
140331 
9260 
140332 
140333 
9262 
140334 
140335 
9264 
140336 
140337 
140338 
140339 
9268 
140340 
140341 
9270 
140342 
140343 
9272 
140344 
140345 
9274 
140346 
140347 
9276 
140348 
140349 
9278 
140350 
140351 
9280 
140352 
140353 
9282 
140354 
140355 
9284 
140356 
140357 
9286 
140358 
140359 
9288 
140360 
140361 
9290 
140362 
140363 
9292 
140364 
140365 
9294 
140366 
140367 
9296 
140368 
140369 
9298 
140370 
140371 
9300 
140372 
140373 
9302 
140374 
140375 
9304 
140376 
9306 
9308 
9310 
9312 
9314 
9316 
9318 
9320 
9322 
9324 
9326 
9328 
9330 
9332 
9334 
9336 
9338 
9340 
9342 
9344 
9346 
9348 
9350 
9352 
9354 
9356 
9358 
9359 
140503 
140504 
140507 
140508 
140509 
140510 
140513 
140514 
140515 
140516 
140517 
140518 
140519 
140520 
140523 
140524 
140525 
140526 
140527 
140528 
140529 
140530 
140531 
140532 
140533 
140534 
140535 
140536 
140537 
140538 
140539 
140540 
140541 
140542 
140543 
140544 
140545 
140546 
140547 
140548 
140549 
140550 
140551 
140552 
140553 
140554 
140555 
140556 
140557 
140558 
140559 
140560 
140561 
140562 
140563 
140564 
140565 
9494 
140566 
140567 
140568 
140569 
140570 
140571 
9500 
140572 
140573 
9502 
140574 
140575 
9504 
140576 
140577 
140578 
140579 
9508 
140580 
140581 
140582 
140583 
9512 
140584 
140585 
9514 
140586 
140587 
9516 
140588 
140589 
9518 
140590 
140591 
9520 
140592 
140593 
9522 
140594 
140595 
9524 
140596 
140597 
9526 
140598 
140599 
9528 
140600 
140601 
9530 
140602 
140603 
9532 
140604 
140605 
9534 
140606 
140607 
9536 
140608 
140609 
9538 
140610 
140611 
9540 
140612 
140613 
9542 
140614 
140615 
9544 
140616 
9546 
9548 
9550 
9552 
9554 
9556 
9558 
9560 
9562 
9564 
9566 
9568 
9570 
9572 
9574 
9576 
9578 
9580 
9582 
9584 
9586 
9588 
9590 
9592 
9594 
9596 
9598 
9599 
140743 
140744 
140747 
140748 
140749 
140750 
140753 
140754 
140755 
140756 
140757 
140758 
140759 
140760 
140763 
140764 
140765 
140766 
140767 
140768 
140769 
140770 
140771 
140772 
140773 
140774 
140775 
140776 
140777 
140778 
140779 
140780 
140781 
140782 
140783 
140784 
140785 
140786 
140787 
140788 
140789 
140790 
140791 
140792 
140793 
140794 
140795 
140796 
140797 
140798 
140799 
140800 
140801 
140802 
140803 
140804 
140805 
9734 
140806 
140807 
140808 
140809 
140810 
140811 
9740 
140812 
140813 
9742 
140814 
140815 
9744 
140816 
140817 
140818 
140819 
9748 
140820 
140821 
140822 
140823 
9752 
140824 
140825 
9754 
140826 
140827 
9756 
140828 
140829 
9758 
140830 
140831 
9760 
140832 
140833 
9762 
140834 
140835 
9764 
140836 
140837 
9766 
140838 
140839 
9768 
140840 
140841 
9770 
140842 
140843 
9772 
140844 
140845 
9774 
140846 
140847 
9776 
140848 
140849 
9778 
140850 
140851 
9780 
140852 
140853 
9782 
140854 
140855 
9784 
140856 
9786 
9788 
9790 
9792 
9794 
9796 
9798 
9800 
9802 
9804 
9806 
9808 
9810 
9812 
9814 
9816 
9818 
9820 
9822 
9824 
9826 
9828 
9830 
9832 
9834 
9836 
9838 
9839 
140983 
140984 
140987 
140988 
140989 
140990 
140993 
140994 
140995 
140996 
140997 
140998 
140999 
141000 
141003 
141004 
141005 
141006 
141007 
141008 
141009 
141010 
141011 
141012 
141013 
141014 
141015 
141016 
141017 
141018 
141019 
141020 
141021 
141022 
141023 
141024 
141025 
141026 
141027 
141028 
141029 
141030 
141031 
141032 
141033 
141034 
141035 
141036 
141037 
141038 
141039 
141040 
141041 
141042 
141043 
141044 
141045 
9974 
141046 
141047 
141048 
141049 
141050 
141051 
9980 
141052 
141053 
9982 
141054 
141055 
9984 
141056 
141057 
141058 
141059 
9988 
141060 
141061 
9990 
141062 
141063 
9992 
141064 
141065 
141066 
141067 
9996 
141068 
141069 
9998 
141070 
141071 
10000 
141072 
141073 
10002 
141074 
141075 
10004 
141076 
141077 
10006 
141078 
141079 
10008 
141080 
141081 
10010 
141082 
141083 
10012 
141084 
141085 
10014 
141086 
141087 
10016 
141088 
141089 
10018 
141090 
141091 
10020 
141092 
141093 
10022 
141094 
141095 
10024 
141096 
10026 
10028 
10030 
10032 
10034 
10036 
10038 
10040 
10042 
10044 
10046 
10048 
10050 
10052 
10054 
10056 
10058 
10060 
10062 
10064 
10066 
10068 
10070 
10072 
10074 
10076 
10078 
10079 
141223 
141224 
141227 
141228 
141229 
141230 
141233 
141234 
141235 
141236 
141237 
141238 
141239 
141240 
141243 
141244 
141245 
141246 
141247 
141248 
141249 
141250 
141251 
141252 
141253 
141254 
141255 
141256 
141257 
141258 
141259 
141260 
141261 
141262 
141263 
141264 
141265 
141266 
141267 
141268 
141269 
141270 
141271 
141272 
141273 
141274 
141275 
141276 
141277 
141278 
141279 
141280 
141281 
141282 
141283 
10212 
141284 
141285 
141286 
141287 
141288 
141289 
10218 
141290 
141291 
10220 
141292 
141293 
141294 
141295 
10224 
141296 
141297 
141298 
141299 
10228 
141300 
141301 
10230 
141302 
141303 
10232 
141304 
141305 
10234 
141306 
141307 
10236 
141308 
141309 
10238 
141310 
141311 
10240 
141312 
141313 
10242 
141314 
141315 
10244 
141316 
141317 
10246 
141318 
141319 
10248 
141320 
141321 
10250 
141322 
141323 
10252 
141324 
141325 
10254 
141326 
141327 
10256 
141328 
141329 
10258 
141330 
141331 
10260 
141332 
141333 
10262 
141334 
141335 
10264 
141336 
10266 
10268 
10270 
10272 
10274 
10276 
10278 
10280 
10282 
10284 
10286 
10288 
10290 
10292 
10294 
10296 
10298 
10300 
10302 
10304 
10306 
10308 
10310 
10312 
10314 
10316 
10318 
10319 
141463 
141464 
141467 
141468 
141469 
141470 
141473 
141474 
141475 
141476 
141477 
141478 
141479 
141480 
141483 
141484 
141485 
141486 
141487 
141488 
141489 
141490 
141491 
141492 
141493 
141494 
141495 
141496 
141497 
141498 
141499 
141500 
141501 
141502 
141503 
141504 
141505 
141506 
141507 
141508 
141509 
141510 
141511 
141512 
141513 
141514 
141515 
141516 
141517 
141518 
141519 
141520 
141521 
141522 
141523 
141524 
141525 
10454 
141526 
141527 
141528 
141529 
141530 
141531 
10460 
141532 
141533 
10462 
141534 
141535 
10464 
141536 
141537 
10466 
141538 
141539 
141540 
141541 
10470 
141542 
141543 
10472 
141544 
141545 
10474 
141546 
141547 
10476 
141548 
141549 
10478 
141550 
141551 
10480 
141552 
141553 
10482 
141554 
141555 
10484 
141556 
141557 
10486 
141558 
141559 
10488 
141560 
141561 
10490 
141562 
141563 
10492 
141564 
141565 
10494 
141566 
141567 
10496 
141568 
141569 
10498 
141570 
141571 
10500 
141572 
141573 
10502 
141574 
141575 
10504 
141576 
10506 
10508 
10510 
10512 
10514 
10516 
10518 
10520 
10522 
10524 
10526 
10528 
10530 
10532 
10534 
10536 
10538 
10540 
10542 
10544 
10546 
10548 
10550 
10552 
10554 
10556 
10558 
10559 
141703 
141704 
141707 
141708 
141709 
141710 
141713 
141714 
141715 
141716 
141717 
141718 
141719 
141720 
141723 
141724 
141725 
141726 
141727 
141728 
141729 
141730 
141731 
141732 
141733 
141734 
141735 
141736 
141737 
141738 
141739 
141740 
141741 
141742 
141743 
141744 
141745 
141746 
141747 
141748 
141749 
141750 
141751 
141752 
141753 
141754 
141755 
141756 
141757 
141758 
141759 
141760 
141761 
10690 
141762 
141763 
141764 
141765 
10694 
141766 
141767 
141768 
141769 
141770 
141771 
10700 
141772 
141773 
10702 
141774 
141775 
10704 
141776 
141777 
10706 
141778 
141779 
141780 
141781 
10710 
141782 
141783 
10712 
141784 
141785 
10714 
141786 
141787 
10716 
141788 
141789 
10718 
141790 
141791 
10720 
141792 
141793 
10722 
141794 
141795 
10724 
141796 
141797 
10726 
141798 
141799 
10728 
141800 
141801 
10730 
141802 
141803 
10732 
141804 
141805 
10734 
141806 
141807 
10736 
141808 
141809 
10738 
141810 
141811 
141812 
141813 
10742 
141814 
141815 
10744 
141816 
10746 
10748 
10750 
10752 
10754 
10756 
10758 
10760 
10762 
10764 
10766 
10768 
10770 
10772 
10774 
10776 
10778 
10780 
10782 
10784 
10786 
10788 
10790 
10792 
10794 
10796 
10798 
10799 
141943 
141944 
141947 
141948 
141949 
141950 
141953 
141954 
141955 
141956 
141957 
141958 
141959 
141960 
141963 
141964 
141965 
141966 
141967 
141968 
141969 
141970 
141971 
141972 
141973 
141974 
141975 
141976 
141977 
141978 
141979 
141980 
141981 
141982 
141983 
141984 
141985 
141986 
141987 
141988 
141989 
141990 
141991 
141992 
141993 
141994 
141995 
141996 
141997 
141998 
141999 
142000 
142001 
10930 
142002 
142003 
142004 
142005 
142006 
142007 
142008 
142009 
10938 
142010 
142011 
10940 
142012 
142013 
10942 
142014 
142015 
142016 
142017 
10946 
142018 
142019 
142020 
142021 
10950 
142022 
142023 
10952 
142024 
142025 
10954 
142026 
142027 
10956 
142028 
142029 
10958 
142030 
142031 
10960 
142032 
142033 
10962 
142034 
142035 
10964 
142036 
142037 
10966 
142038 
142039 
10968 
142040 
142041 
10970 
142042 
142043 
10972 
142044 
142045 
10974 
142046 
142047 
10976 
142048 
142049 
10978 
142050 
142051 
10980 
142052 
142053 
10982 
142054 
142055 
10984 
142056 
10986 
10988 
10990 
10992 
10994 
10996 
10998 
11000 
11002 
11004 
11006 
11008 
11010 
11012 
11014 
11016 
11018 
11020 
11022 
11024 
11026 
11028 
11030 
11032 
11034 
11036 
11038 
11039 
142183 
142184 
142187 
142188 
142189 
142190 
142193 
142194 
142195 
142196 
142197 
142198 
142199 
142200 
142203 
142204 
142205 
142206 
142207 
142208 
142209 
142210 
142211 
142212 
142213 
142214 
142215 
142216 
142217 
142218 
142219 
142220 
142221 
142222 
142223 
142224 
142225 
142226 
142227 
142228 
142229 
142230 
142231 
142232 
142233 
142234 
142235 
142236 
142237 
142238 
142239 
142240 
142241 
11170 
142242 
142243 
142244 
142245 
11174 
142246 
142247 
142248 
142249 
142250 
142251 
11180 
142252 
142253 
11182 
142254 
142255 
11184 
142256 
142257 
11186 
142258 
142259 
142260 
142261 
11190 
142262 
142263 
11192 
142264 
142265 
11194 
142266 
142267 
11196 
142268 
142269 
11198 
142270 
142271 
11200 
142272 
142273 
11202 
142274 
142275 
11204 
142276 
142277 
11206 
142278 
142279 
11208 
142280 
142281 
11210 
142282 
142283 
11212 
142284 
142285 
11214 
142286 
142287 
11216 
142288 
142289 
11218 
142290 
142291 
11220 
142292 
142293 
11222 
142294 
142295 
11224 
142296 
11226 
11228 
11230 
11232 
11234 
11236 
11238 
11240 
11242 
11244 
11246 
11248 
11250 
11252 
11254 
11256 
11258 
11260 
11262 
11264 
11266 
11268 
11270 
11272 
11274 
11276 
11278 
11279 
142423 
142424 
142427 
142428 
142429 
142430 
142433 
142434 
142435 
142436 
142437 
142438 
142439 
142440 
142443 
142444 
142445 
142446 
142447 
142448 
142449 
142450 
142451 
142452 
142453 
142454 
142455 
142456 
142457 
142458 
142459 
142460 
142461 
142462 
142463 
142464 
142465 
142466 
142467 
142468 
142469 
142470 
142471 
142472 
142473 
142474 
142475 
142476 
142477 
142478 
142479 
142480 
142481 
142482 
142483 
142484 
142485 
11414 
142486 
142487 
142488 
142489 
142490 
142491 
11420 
142492 
142493 
11422 
142494 
142495 
11424 
142496 
142497 
11426 
142498 
142499 
142500 
142501 
11430 
142502 
142503 
11432 
142504 
142505 
11434 
142506 
142507 
11436 
142508 
142509 
11438 
142510 
142511 
11440 
142512 
142513 
11442 
142514 
142515 
11444 
142516 
142517 
11446 
142518 
142519 
11448 
142520 
142521 
11450 
142522 
142523 
11452 
142524 
142525 
11454 
142526 
142527 
11456 
142528 
142529 
11458 
142530 
142531 
11460 
142532 
142533 
11462 
142534 
142535 
11464 
142536 
11466 
11468 
11470 
11472 
11474 
11476 
11478 
11480 
11482 
11484 
11486 
11488 
11490 
11492 
11494 
11496 
11498 
11500 
11502 
11504 
11506 
11508 
11510 
11512 
11514 
11516 
11518 
11519 
142663 
142664 
142667 
142668 
142669 
142670 
142673 
142674 
142675 
142676 
142677 
142678 
142679 
142680 
142683 
142684 
142685 
142686 
142687 
142688 
142689 
142690 
142691 
142692 
142693 
142694 
142695 
142696 
142697 
142698 
142699 
142700 
142701 
142702 
142703 
142704 
142705 
142706 
142707 
142708 
142709 
142710 
142711 
142712 
142713 
142714 
142715 
142716 
142717 
142718 
142719 
142720 
142721 
11650 
142722 
142723 
142724 
142725 
11654 
142726 
142727 
142728 
142729 
142730 
142731 
11660 
142732 
142733 
11662 
142734 
142735 
11664 
142736 
142737 
11666 
142738 
142739 
142740 
142741 
11670 
142742 
142743 
11672 
142744 
142745 
11674 
142746 
142747 
11676 
142748 
142749 
11678 
142750 
142751 
11680 
142752 
142753 
11682 
142754 
142755 
11684 
142756 
142757 
11686 
142758 
142759 
11688 
142760 
142761 
11690 
142762 
142763 
11692 
142764 
142765 
11694 
142766 
142767 
11696 
142768 
142769 
11698 
142770 
142771 
11700 
142772 
142773 
11702 
142774 
142775 
11704 
142776 
11706 
11708 
11710 
11712 
11714 
11716 
11718 
11720 
11722 
11724 
11726 
11728 
11730 
11732 
11734 
11736 
11738 
11740 
11742 
11744 
11746 
11748 
11750 
11752 
11754 
11756 
11758 
11759 
142903 
142904 
142907 
142908 
142909 
142910 
142913 
142914 
142915 
142916 
142917 
142918 
142919 
142920 
142923 
142924 
142925 
142926 
142927 
142928 
142929 
142930 
142931 
142932 
142933 
142934 
142935 
142936 
142937 
142938 
142939 
142940 
142941 
142942 
142943 
142944 
142945 
142946 
142947 
142948 
142949 
142950 
142951 
142952 
142953 
142954 
142955 
142956 
142957 
142958 
142959 
142960 
142961 
11890 
142962 
142963 
142964 
142965 
11894 
142966 
142967 
142968 
142969 
11898 
142970 
142971 
142972 
142973 
11902 
142974 
142975 
11904 
142976 
142977 
11906 
142978 
142979 
142980 
142981 
11910 
142982 
142983 
11912 
142984 
142985 
11914 
142986 
142987 
11916 
142988 
142989 
11918 
142990 
142991 
11920 
142992 
142993 
11922 
142994 
142995 
11924 
142996 
142997 
11926 
142998 
142999 
11928 
143000 
143001 
11930 
143002 
143003 
11932 
143004 
143005 
11934 
143006 
143007 
11936 
143008 
143009 
11938 
143010 
143011 
11940 
143012 
143013 
11942 
143014 
143015 
11944 
143016 
11946 
11948 
11950 
11952 
11954 
11956 
11958 
11960 
11962 
11964 
11966 
11968 
11970 
11972 
11974 
11976 
11978 
11980 
11982 
11984 
11986 
11988 
11990 
11992 
11994 
11996 
11998 
11999 
143143 
143144 
143147 
143148 
143149 
143150 
143153 
143154 
143155 
143156 
143157 
143158 
143159 
143160 
143163 
143164 
143165 
143166 
143167 
143168 
143169 
143170 
143171 
143172 
143173 
143174 
143175 
143176 
143177 
143178 
143179 
143180 
143181 
143182 
143183 
143184 
143185 
143186 
143187 
143188 
143189 
143190 
143191 
143192 
143193 
143194 
143195 
143196 
143197 
143198 
143199 
143200 
143201 
12130 
143202 
143203 
143204 
143205 
12134 
143206 
143207 
143208 
143209 
12138 
143210 
143211 
12140 
143212 
143213 
12142 
143214 
143215 
12144 
143216 
143217 
12146 
143218 
143219 
143220 
143221 
12150 
143222 
143223 
12152 
143224 
143225 
12154 
143226 
143227 
12156 
143228 
143229 
143230 
143231 
12160 
143232 
143233 
12162 
143234 
143235 
12164 
143236 
143237 
12166 
143238 
143239 
12168 
143240 
143241 
12170 
143242 
143243 
12172 
143244 
143245 
12174 
143246 
143247 
12176 
143248 
143249 
12178 
143250 
143251 
12180 
143252 
143253 
12182 
143254 
143255 
12184 
143256 
12186 
12188 
12190 
12192 
12194 
12196 
12198 
12200 
12202 
12204 
12206 
12208 
12210 
12212 
12214 
12216 
12218 
12220 
12222 
12224 
12226 
12228 
12230 
12232 
12234 
12236 
12238 
12239 
143383 
143384 
143387 
143388 
143389 
143390 
143393 
143394 
143395 
143396 
143397 
143398 
143399 
143400 
143403 
143404 
143405 
143406 
143407 
143408 
143409 
143410 
143411 
143412 
143413 
143414 
143415 
143416 
143417 
143418 
143419 
143420 
143421 
143422 
143423 
143424 
143425 
143426 
143427 
143428 
143429 
143430 
143431 
143432 
143433 
143434 
143435 
143436 
143437 
143438 
143439 
143440 
143441 
12370 
143442 
143443 
143444 
143445 
12374 
143446 
143447 
143448 
143449 
12378 
143450 
143451 
143452 
143453 
12382 
143454 
143455 
12384 
143456 
143457 
12386 
143458 
143459 
143460 
143461 
12390 
143462 
143463 
12392 
143464 
143465 
12394 
143466 
143467 
12396 
143468 
143469 
12398 
143470 
143471 
12400 
143472 
143473 
12402 
143474 
143475 
12404 
143476 
143477 
12406 
143478 
143479 
12408 
143480 
143481 
12410 
143482 
143483 
12412 
143484 
143485 
12414 
143486 
143487 
12416 
143488 
143489 
12418 
143490 
143491 
12420 
143492 
143493 
12422 
143494 
143495 
12424 
143496 
12426 
12428 
12430 
12432 
12434 
12436 
12438 
12440 
12442 
12444 
12446 
12448 
12450 
12452 
12454 
12456 
12458 
12460 
12462 
12464 
12466 
12468 
12470 
12472 
12474 
12476 
12478 
12479 
143623 
143624 
143627 
143628 
143629 
143630 
143633 
143634 
143635 
143636 
143637 
143638 
143639 
143640 
143643 
143644 
143645 
143646 
143647 
143648 
143649 
143650 
143651 
143652 
143653 
143654 
143655 
143656 
143657 
143658 
143659 
143660 
143661 
143662 
143663 
143664 
143665 
143666 
143667 
143668 
143669 
143670 
143671 
143672 
143673 
143674 
143675 
143676 
143677 
143678 
143679 
143680 
143681 
12610 
143682 
143683 
143684 
143685 
143686 
143687 
143688 
143689 
12618 
143690 
143691 
12620 
143692 
143693 
12622 
143694 
143695 
12624 
143696 
143697 
12626 
143698 
143699 
143700 
143701 
12630 
143702 
143703 
12632 
143704 
143705 
12634 
143706 
143707 
143708 
143709 
12638 
143710 
143711 
12640 
143712 
143713 
12642 
143714 
143715 
12644 
143716 
143717 
12646 
143718 
143719 
12648 
143720 
143721 
12650 
143722 
143723 
12652 
143724 
143725 
12654 
143726 
143727 
12656 
143728 
143729 
12658 
143730 
143731 
12660 
143732 
143733 
12662 
143734 
143735 
12664 
143736 
12666 
12668 
12670 
12672 
12674 
12676 
12678 
12680 
12682 
12684 
12686 
12688 
12690 
12692 
12694 
12696 
12698 
12700 
12702 
12704 
12706 
12708 
12710 
12712 
12714 
12716 
12718 
12719 
143863 
143864 
143867 
143868 
143869 
143870 
143873 
143874 
143875 
143876 
143877 
143878 
143879 
143880 
143883 
143884 
143885 
143886 
143887 
143888 
143889 
143890 
143891 
143892 
143893 
143894 
143895 
143896 
143897 
143898 
143899 
143900 
143901 
143902 
143903 
143904 
143905 
143906 
143907 
143908 
143909 
143910 
143911 
143912 
143913 
143914 
143915 
143916 
143917 
143918 
143919 
143920 
143921 
143922 
143923 
143924 
143925 
12854 
143926 
143927 
143928 
143929 
143930 
143931 
12860 
143932 
143933 
12862 
143934 
143935 
12864 
143936 
143937 
12866 
143938 
143939 
143940 
143941 
12870 
143942 
143943 
12872 
143944 
143945 
12874 
143946 
143947 
12876 
143948 
143949 
12878 
143950 
143951 
12880 
143952 
143953 
12882 
143954 
143955 
12884 
143956 
143957 
12886 
143958 
143959 
12888 
143960 
143961 
12890 
143962 
143963 
12892 
143964 
143965 
12894 
143966 
143967 
12896 
143968 
143969 
12898 
143970 
143971 
12900 
143972 
143973 
12902 
143974 
143975 
12904 
143976 
12906 
12908 
12910 
12912 
12914 
12916 
12918 
12920 
12922 
12924 
12926 
12928 
12930 
12932 
12934 
12936 
12938 
12940 
12942 
12944 
12946 
12948 
12950 
12952 
12954 
12956 
12958 
12959 
144103 
144104 
144107 
144108 
144109 
144110 
144113 
144114 
144115 
144116 
144117 
144118 
144119 
144120 
144123 
144124 
144125 
144126 
144127 
144128 
144129 
144130 
144131 
144132 
144133 
144134 
144135 
144136 
144137 
144138 
144139 
144140 
144141 
144142 
144143 
144144 
144145 
144146 
144147 
144148 
144149 
144150 
144151 
144152 
144153 
144154 
144155 
144156 
144157 
144158 
144159 
144160 
144161 
144162 
144163 
144164 
144165 
13094 
144166 
144167 
144168 
144169 
144170 
144171 
13100 
144172 
144173 
13102 
144174 
144175 
13104 
144176 
144177 
13106 
144178 
144179 
144180 
144181 
13110 
144182 
144183 
13112 
144184 
144185 
13114 
144186 
144187 
13116 
144188 
144189 
13118 
144190 
144191 
13120 
144192 
144193 
13122 
144194 
144195 
13124 
144196 
144197 
13126 
144198 
144199 
13128 
144200 
144201 
13130 
144202 
144203 
13132 
144204 
144205 
13134 
144206 
144207 
13136 
144208 
144209 
13138 
144210 
144211 
13140 
144212 
144213 
13142 
144214 
144215 
13144 
144216 
13146 
13148 
13150 
13152 
13154 
13156 
13158 
13160 
13162 
13164 
13166 
13168 
13170 
13172 
13174 
13176 
13178 
13180 
13182 
13184 
13186 
13188 
13190 
13192 
13194 
13196 
13198 
13199 
144343 
144344 
144347 
144348 
144349 
144350 
144353 
144354 
144355 
144356 
144357 
144358 
144359 
144360 
144363 
144364 
144365 
144366 
144367 
144368 
144369 
144370 
144371 
144372 
144373 
144374 
144375 
144376 
144377 
144378 
144379 
144380 
144381 
144382 
144383 
144384 
144385 
144386 
144387 
144388 
144389 
144390 
144391 
144392 
144393 
144394 
144395 
144396 
144397 
144398 
144399 
144400 
144401 
13330 
144402 
144403 
144404 
144405 
13334 
144406 
144407 
144408 
144409 
13338 
144410 
144411 
13340 
144412 
144413 
13342 
144414 
144415 
13344 
144416 
144417 
13346 
144418 
144419 
144420 
144421 
13350 
144422 
144423 
13352 
144424 
144425 
13354 
144426 
144427 
13356 
144428 
144429 
13358 
144430 
144431 
13360 
144432 
144433 
13362 
144434 
144435 
13364 
144436 
144437 
13366 
144438 
144439 
13368 
144440 
144441 
13370 
144442 
144443 
13372 
144444 
144445 
13374 
144446 
144447 
13376 
144448 
144449 
13378 
144450 
144451 
13380 
144452 
144453 
13382 
144454 
144455 
13384 
144456 
13386 
13388 
13390 
13392 
13394 
13396 
13398 
13400 
13402 
13404 
13406 
13408 
13410 
13412 
13414 
13416 
13418 
13420 
13422 
13424 
13426 
13428 
13430 
13432 
13434 
13436 
13438 
13439 
144583 
144584 
144587 
144588 
144589 
144590 
144593 
144594 
144595 
144596 
144597 
144598 
144599 
144600 
144603 
144604 
144605 
144606 
144607 
144608 
144609 
144610 
144611 
144612 
144613 
144614 
144615 
144616 
144617 
144618 
144619 
144620 
144621 
144622 
144623 
144624 
144625 
144626 
144627 
144628 
144629 
144630 
144631 
144632 
144633 
144634 
144635 
144636 
144637 
144638 
144639 
144640 
144641 
13570 
144642 
144643 
144644 
144645 
13574 
144646 
144647 
144648 
144649 
13578 
144650 
144651 
13580 
144652 
144653 
13582 
144654 
144655 
13584 
144656 
144657 
13586 
144658 
144659 
144660 
144661 
13590 
144662 
144663 
13592 
144664 
144665 
144666 
144667 
13596 
144668 
144669 
13598 
144670 
144671 
13600 
144672 
144673 
13602 
144674 
144675 
13604 
144676 
144677 
13606 
144678 
144679 
13608 
144680 
144681 
13610 
144682 
144683 
13612 
144684 
144685 
13614 
144686 
144687 
13616 
144688 
144689 
13618 
144690 
144691 
13620 
144692 
144693 
13622 
144694 
144695 
13624 
144696 
13626 
13628 
13630 
13632 
13634 
13636 
13638 
13640 
13642 
13644 
13646 
13648 
13650 
13652 
13654 
13656 
13658 
13660 
13662 
13664 
13666 
13668 
13670 
13672 
13674 
13676 
13678 
13679 
144823 
144824 
144827 
144828 
144829 
144830 
144833 
144834 
144835 
144836 
144837 
144838 
144839 
144840 
144843 
144844 
144845 
144846 
144847 
144848 
144849 
144850 
144851 
144852 
144853 
144854 
144855 
144856 
144857 
144858 
144859 
144860 
144861 
144862 
144863 
144864 
144865 
144866 
144867 
144868 
144869 
144870 
144871 
144872 
144873 
144874 
144875 
144876 
144877 
144878 
144879 
144880 
144881 
13810 
144882 
144883 
144884 
144885 
144886 
144887 
144888 
144889 
13818 
144890 
144891 
13820 
144892 
144893 
13822 
144894 
144895 
13824 
144896 
144897 
13826 
144898 
144899 
144900 
144901 
13830 
144902 
144903 
13832 
144904 
144905 
13834 
144906 
144907 
13836 
144908 
144909 
13838 
144910 
144911 
13840 
144912 
144913 
13842 
144914 
144915 
13844 
144916 
144917 
13846 
144918 
144919 
13848 
144920 
144921 
13850 
144922 
144923 
13852 
144924 
144925 
13854 
144926 
144927 
13856 
144928 
144929 
13858 
144930 
144931 
13860 
144932 
144933 
13862 
144934 
144935 
13864 
144936 
13866 
13868 
13870 
13872 
13874 
13876 
13878 
13880 
13882 
13884 
13886 
13888 
13890 
13892 
13894 
13896 
13898 
13900 
13902 
13904 
13906 
13908 
13910 
13912 
13914 
13916 
13918 
13919 
145063 
145064 
145067 
145068 
145069 
145070 
145073 
145074 
145075 
145076 
145077 
145078 
145079 
145080 
145083 
145084 
145085 
145086 
145087 
145088 
145089 
145090 
145091 
145092 
145093 
145094 
145095 
145096 
145097 
145098 
145099 
145100 
145101 
145102 
145103 
145104 
145105 
145106 
145107 
145108 
145109 
145110 
145111 
145112 
145113 
145114 
145115 
145116 
145117 
145118 
145119 
145120 
145121 
14050 
145122 
145123 
145124 
145125 
145126 
145127 
145128 
145129 
14058 
145130 
145131 
14060 
145132 
145133 
14062 
145134 
145135 
14064 
145136 
145137 
14066 
145138 
145139 
145140 
145141 
14070 
145142 
145143 
14072 
145144 
145145 
14074 
145146 
145147 
14076 
145148 
145149 
14078 
145150 
145151 
14080 
145152 
145153 
14082 
145154 
145155 
14084 
145156 
145157 
14086 
145158 
145159 
14088 
145160 
145161 
14090 
145162 
145163 
14092 
145164 
145165 
14094 
145166 
145167 
14096 
145168 
145169 
14098 
145170 
145171 
14100 
145172 
145173 
14102 
145174 
145175 
14104 
145176 
14106 
14108 
14110 
14112 
14114 
14116 
14118 
14120 
14122 
14124 
14126 
14128 
14130 
14132 
14134 
14136 
14138 
14140 
14142 
14144 
14146 
14148 
14150 
14152 
14154 
14156 
14158 
14159 
145303 
145304 
145307 
145308 
145309 
145310 
145313 
145314 
145315 
145316 
145317 
145318 
145319 
145320 
145323 
145324 
145325 
145326 
145327 
145328 
145329 
145330 
145331 
145332 
145333 
145334 
145335 
145336 
145337 
145338 
145339 
145340 
145341 
145342 
145343 
145344 
145345 
145346 
145347 
145348 
145349 
145350 
145351 
145352 
145353 
145354 
145355 
145356 
145357 
145358 
145359 
145360 
145361 
145362 
145363 
145364 
145365 
14294 
145366 
145367 
145368 
145369 
14298 
145370 
145371 
14300 
145372 
145373 
14302 
145374 
145375 
14304 
145376 
145377 
145378 
145379 
145380 
145381 
14310 
145382 
145383 
14312 
145384 
145385 
14314 
145386 
145387 
14316 
145388 
145389 
14318 
145390 
145391 
14320 
145392 
145393 
14322 
145394 
145395 
14324 
145396 
145397 
14326 
145398 
145399 
14328 
145400 
145401 
14330 
145402 
145403 
14332 
145404 
145405 
14334 
145406 
145407 
14336 
145408 
145409 
14338 
145410 
145411 
14340 
145412 
145413 
14342 
145414 
145415 
14344 
145416 
14346 
14348 
14350 
14352 
14354 
14356 
14358 
14360 
14362 
14364 
14366 
14368 
14370 
14372 
14374 
14376 
14378 
14380 
14382 
14384 
14386 
14388 
14390 
14392 
14394 
14396 
14398 
14399 
145543 
145544 
145547 
145548 
145549 
145550 
145553 
145554 
145555 
145556 
145557 
145558 
145559 
145560 
145563 
145564 
145565 
145566 
145567 
145568 
145569 
145570 
145571 
145572 
145573 
145574 
145575 
145576 
145577 
145578 
145579 
145580 
145581 
145582 
145583 
145584 
145585 
145586 
145587 
145588 
145589 
145590 
145591 
145592 
145593 
145594 
145595 
145596 
145597 
145598 
145599 
145600 
145601 
145602 
145603 
145604 
145605 
14534 
145606 
145607 
145608 
145609 
14538 
145610 
145611 
14540 
145612 
145613 
14542 
145614 
145615 
14544 
145616 
145617 
14546 
145618 
145619 
145620 
145621 
14550 
145622 
145623 
14552 
145624 
145625 
14554 
145626 
145627 
14556 
145628 
145629 
14558 
145630 
145631 
14560 
145632 
145633 
14562 
145634 
145635 
14564 
145636 
145637 
14566 
145638 
145639 
14568 
145640 
145641 
14570 
145642 
145643 
14572 
145644 
145645 
14574 
145646 
145647 
14576 
145648 
145649 
14578 
145650 
145651 
14580 
145652 
145653 
14582 
145654 
145655 
14584 
145656 
14586 
14588 
14590 
14592 
14594 
14596 
14598 
14600 
14602 
14604 
14606 
14608 
14610 
14612 
14614 
14616 
14618 
14620 
14622 
14624 
14626 
14628 
14630 
14632 
14634 
14636 
14638 
14639 
145783 
145784 
145787 
145788 
145789 
145790 
145793 
145794 
145795 
145796 
145797 
145798 
145799 
145800 
145803 
145804 
145805 
145806 
145807 
145808 
145809 
145810 
145811 
145812 
145813 
145814 
145815 
145816 
145817 
145818 
145819 
145820 
145821 
145822 
145823 
145824 
145825 
145826 
145827 
145828 
145829 
145830 
145831 
145832 
145833 
145834 
145835 
145836 
145837 
145838 
145839 
145840 
145841 
145842 
145843 
14772 
145844 
145845 
14774 
145846 
145847 
145848 
145849 
14778 
145850 
145851 
14780 
145852 
145853 
14782 
145854 
145855 
14784 
145856 
145857 
14786 
145858 
145859 
145860 
145861 
145862 
145863 
14792 
145864 
145865 
14794 
145866 
145867 
14796 
145868 
145869 
14798 
145870 
145871 
14800 
145872 
145873 
14802 
145874 
145875 
14804 
145876 
145877 
14806 
145878 
145879 
14808 
145880 
145881 
14810 
145882 
145883 
14812 
145884 
145885 
14814 
145886 
145887 
14816 
145888 
145889 
14818 
145890 
145891 
14820 
145892 
145893 
14822 
145894 
145895 
14824 
145896 
14826 
14828 
14830 
14832 
14834 
14836 
14838 
14840 
14842 
14844 
14846 
14848 
14850 
14852 
14854 
14856 
14858 
14860 
14862 
14864 
14866 
14868 
14870 
14872 
14874 
14876 
14878 
14879 
146023 
146024 
146027 
146028 
146033 
146034 
146035 
146036 
146037 
146038 
146039 
146040 
146043 
146044 
146045 
146046 
146047 
146048 
146049 
146050 
146051 
146052 
146053 
146054 
146055 
146056 
146057 
146058 
146059 
146060 
146061 
146062 
146063 
146064 
146065 
146066 
146067 
146068 
146069 
146070 
146071 
146072 
146073 
146074 
146075 
146076 
146077 
15006 
146078 
146079 
146080 
146081 
146082 
146083 
15012 
146084 
146085 
15014 
146086 
146087 
146088 
146089 
15018 
146090 
146091 
15020 
146092 
146093 
15022 
146094 
146095 
15024 
146096 
146097 
146098 
146099 
15028 
146100 
146101 
15030 
146102 
146103 
15032 
146104 
146105 
15034 
146106 
146107 
15036 
146108 
146109 
15038 
146110 
146111 
146112 
146113 
15042 
146114 
146115 
15044 
146116 
146117 
15046 
146118 
146119 
15048 
146120 
146121 
15050 
146122 
146123 
15052 
146124 
146125 
15054 
146126 
146127 
15056 
146128 
146129 
15058 
146130 
146131 
15060 
146132 
146133 
15062 
146134 
146135 
15064 
146136 
15066 
15068 
15070 
15072 
15074 
15076 
15078 
15080 
15082 
15084 
15086 
15088 
15090 
15092 
15094 
15096 
15098 
15100 
15102 
15104 
15106 
15108 
15110 
15112 
15114 
15116 
15118 
15119 
146263 
146264 
146267 
146268 
146271 
146272 
146273 
146274 
146275 
146276 
146277 
146278 
146279 
146280 
146283 
146284 
146285 
146286 
146287 
146288 
146289 
146290 
146291 
146292 
146293 
146294 
146295 
146296 
146297 
146298 
146299 
146300 
146301 
146302 
146303 
146304 
146305 
146306 
146307 
146308 
146309 
146310 
146311 
146312 
146313 
146314 
146315 
146316 
146317 
146318 
146319 
146320 
146321 
146322 
146323 
15252 
146324 
146325 
15254 
146326 
146327 
146328 
146329 
146330 
146331 
15260 
146332 
146333 
15262 
146334 
146335 
15264 
146336 
146337 
146338 
146339 
15268 
146340 
146341 
15270 
146342 
146343 
15272 
146344 
146345 
15274 
146346 
146347 
15276 
146348 
146349 
15278 
146350 
146351 
15280 
146352 
146353 
15282 
146354 
146355 
15284 
146356 
146357 
15286 
146358 
146359 
15288 
146360 
146361 
15290 
146362 
146363 
15292 
146364 
146365 
15294 
146366 
146367 
15296 
146368 
146369 
15298 
146370 
146371 
15300 
146372 
146373 
15302 
146374 
146375 
15304 
146376 
15306 
15308 
15310 
15312 
15314 
15316 
15318 
15320 
15322 
15324 
15326 
15328 
15330 
15332 
15334 
15336 
15338 
15340 
15342 
15344 
15346 
15348 
15350 
15352 
15354 
15356 
15358 
15359 
146503 
146504 
146507 
146508 
146511 
146512 
146513 
146514 
146515 
146516 
146517 
146518 
146519 
146520 
146523 
146524 
146525 
146526 
146527 
146528 
146529 
146530 
146531 
146532 
146533 
146534 
146535 
146536 
146537 
146538 
146539 
146540 
146541 
146542 
146543 
146544 
146545 
146546 
146547 
146548 
146549 
146550 
146551 
146552 
146553 
146554 
146555 
146556 
146557 
15486 
146558 
146559 
146560 
146561 
146562 
146563 
15492 
146564 
146565 
15494 
146566 
146567 
146568 
146569 
15498 
146570 
146571 
15500 
146572 
146573 
15502 
146574 
146575 
15504 
146576 
146577 
146578 
146579 
15508 
146580 
146581 
146582 
146583 
15512 
146584 
146585 
15514 
146586 
146587 
15516 
146588 
146589 
15518 
146590 
146591 
15520 
146592 
146593 
15522 
146594 
146595 
15524 
146596 
146597 
15526 
146598 
146599 
15528 
146600 
146601 
15530 
146602 
146603 
15532 
146604 
146605 
15534 
146606 
146607 
15536 
146608 
146609 
15538 
146610 
146611 
15540 
146612 
146613 
15542 
146614 
146615 
15544 
146616 
15546 
15548 
15550 
15552 
15554 
15556 
15558 
15560 
15562 
15564 
15566 
15568 
15570 
15572 
15574 
15576 
15578 
15580 
15582 
15584 
15586 
15588 
15590 
15592 
15594 
15596 
15598 
15599 
146743 
146744 
146747 
146748 
146751 
146752 
146753 
146754 
146755 
146756 
146757 
146758 
146759 
146760 
146763 
146764 
146765 
146766 
146767 
146768 
146769 
146770 
146771 
146772 
146773 
146774 
146775 
146776 
146777 
146778 
146779 
146780 
146781 
146782 
146783 
146784 
146785 
146786 
146787 
146788 
146789 
146790 
146791 
146792 
146793 
146794 
146795 
146796 
146797 
15726 
146798 
146799 
146800 
146801 
146802 
146803 
15732 
146804 
146805 
15734 
146806 
146807 
146808 
146809 
15738 
146810 
146811 
15740 
146812 
146813 
15742 
146814 
146815 
15744 
146816 
146817 
146818 
146819 
15748 
146820 
146821 
15750 
146822 
146823 
15752 
146824 
146825 
15754 
146826 
146827 
15756 
146828 
146829 
15758 
146830 
146831 
15760 
146832 
146833 
15762 
146834 
146835 
15764 
146836 
146837 
15766 
146838 
146839 
15768 
146840 
146841 
15770 
146842 
146843 
15772 
146844 
146845 
15774 
146846 
146847 
15776 
146848 
146849 
15778 
146850 
146851 
15780 
146852 
146853 
15782 
146854 
146855 
15784 
146856 
15786 
15788 
15790 
15792 
15794 
15796 
15798 
15800 
15802 
15804 
15806 
15808 
15810 
15812 
15814 
15816 
15818 
15820 
15822 
15824 
15826 
15828 
15830 
15832 
15834 
15836 
15838 
15839 
146983 
146984 
146987 
146988 
146991 
146992 
146993 
146994 
146995 
146996 
146997 
146998 
146999 
147000 
147003 
147004 
147005 
147006 
147007 
147008 
147009 
147010 
147011 
147012 
147013 
147014 
147015 
147016 
147017 
147018 
147019 
147020 
147021 
147022 
147023 
147024 
147025 
147026 
147027 
147028 
147029 
147030 
147031 
147032 
147033 
147034 
147035 
147036 
147037 
147038 
147039 
147040 
147041 
147042 
147043 
15972 
147044 
147045 
15974 
147046 
147047 
147048 
147049 
15978 
147050 
147051 
15980 
147052 
147053 
15982 
147054 
147055 
147056 
147057 
147058 
147059 
15988 
147060 
147061 
15990 
147062 
147063 
15992 
147064 
147065 
15994 
147066 
147067 
15996 
147068 
147069 
15998 
147070 
147071 
16000 
147072 
147073 
16002 
147074 
147075 
16004 
147076 
147077 
16006 
147078 
147079 
16008 
147080 
147081 
16010 
147082 
147083 
16012 
147084 
147085 
16014 
147086 
147087 
16016 
147088 
147089 
16018 
147090 
147091 
16020 
147092 
147093 
16022 
147094 
147095 
16024 
147096 
16026 
16028 
16030 
16032 
16034 
16036 
16038 
16040 
16042 
16044 
16046 
16048 
16050 
16052 
16054 
16056 
16058 
16060 
16062 
16064 
16066 
16068 
16070 
16072 
16074 
16076 
16078 
16079 
147223 
147224 
147227 
147228 
147231 
147232 
147233 
147234 
147235 
147236 
147237 
147238 
147239 
147240 
147243 
147244 
147245 
147246 
147247 
147248 
147249 
147250 
147251 
147252 
147253 
147254 
147255 
147256 
147257 
147258 
147259 
147260 
147261 
147262 
147263 
147264 
147265 
147266 
147267 
147268 
147269 
147270 
147271 
147272 
147273 
147274 
147275 
147276 
147277 
16206 
147278 
147279 
147280 
147281 
147282 
147283 
147284 
147285 
16214 
147286 
147287 
147288 
147289 
16218 
147290 
147291 
16220 
147292 
147293 
16222 
147294 
147295 
16224 
147296 
147297 
147298 
147299 
16228 
147300 
147301 
16230 
147302 
147303 
16232 
147304 
147305 
16234 
147306 
147307 
16236 
147308 
147309 
16238 
147310 
147311 
16240 
147312 
147313 
16242 
147314 
147315 
16244 
147316 
147317 
16246 
147318 
147319 
16248 
147320 
147321 
16250 
147322 
147323 
16252 
147324 
147325 
16254 
147326 
147327 
16256 
147328 
147329 
16258 
147330 
147331 
16260 
147332 
147333 
16262 
147334 
147335 
16264 
147336 
16266 
16268 
16270 
16272 
16274 
16276 
16278 
16280 
16282 
16284 
16286 
16288 
16290 
16292 
16294 
16296 
16298 
16300 
16302 
16304 
16306 
16308 
16310 
16312 
16314 
16316 
16318 
16319 
147463 
147464 
147467 
147468 
147471 
147472 
147473 
147474 
147475 
147476 
147477 
147478 
147479 
147480 
147483 
147484 
147485 
147486 
147487 
147488 
147489 
147490 
147491 
147492 
147493 
147494 
147495 
147496 
147497 
147498 
147499 
147500 
147501 
147502 
147503 
147504 
147505 
147506 
147507 
147508 
147509 
147510 
147511 
147512 
147513 
147514 
147515 
147516 
147517 
16446 
147518 
147519 
147520 
147521 
147522 
147523 
16452 
147524 
147525 
16454 
147526 
147527 
147528 
147529 
16458 
147530 
147531 
16460 
147532 
147533 
16462 
147534 
147535 
16464 
147536 
147537 
147538 
147539 
16468 
147540 
147541 
16470 
147542 
147543 
16472 
147544 
147545 
16474 
147546 
147547 
16476 
147548 
147549 
16478 
147550 
147551 
16480 
147552 
147553 
16482 
147554 
147555 
16484 
147556 
147557 
16486 
147558 
147559 
16488 
147560 
147561 
16490 
147562 
147563 
16492 
147564 
147565 
16494 
147566 
147567 
16496 
147568 
147569 
16498 
147570 
147571 
16500 
147572 
147573 
16502 
147574 
147575 
16504 
147576 
16506 
16508 
16510 
16512 
16514 
16516 
16518 
16520 
16522 
16524 
16526 
16528 
16530 
16532 
16534 
16536 
16538 
16540 
16542 
16544 
16546 
16548 
16550 
16552 
16554 
16556 
16558 
16559 
147703 
147704 
147707 
147708 
147711 
147712 
147713 
147714 
147715 
147716 
147717 
147718 
147719 
147720 
147723 
147724 
147725 
147726 
147727 
147728 
147729 
147730 
147731 
147732 
147733 
147734 
147735 
147736 
147737 
147738 
147739 
147740 
147741 
147742 
147743 
147744 
147745 
147746 
147747 
147748 
147749 
147750 
147751 
147752 
147753 
147754 
147755 
147756 
147757 
16686 
147758 
147759 
147760 
147761 
147762 
147763 
16692 
147764 
147765 
16694 
147766 
147767 
147768 
147769 
16698 
147770 
147771 
16700 
147772 
147773 
16702 
147774 
147775 
16704 
147776 
147777 
147778 
147779 
16708 
147780 
147781 
16710 
147782 
147783 
16712 
147784 
147785 
16714 
147786 
147787 
16716 
147788 
147789 
16718 
147790 
147791 
147792 
147793 
16722 
147794 
147795 
16724 
147796 
147797 
16726 
147798 
147799 
16728 
147800 
147801 
16730 
147802 
147803 
16732 
147804 
147805 
16734 
147806 
147807 
16736 
147808 
147809 
16738 
147810 
147811 
16740 
147812 
147813 
16742 
147814 
147815 
16744 
147816 
16746 
16748 
16750 
16752 
16754 
16756 
16758 
16760 
16762 
16764 
16766 
16768 
16770 
16772 
16774 
16776 
16778 
16780 
16782 
16784 
16786 
16788 
16790 
16792 
16794 
16796 
16798 
16799 
147943 
147944 
147947 
147948 
147951 
147952 
147953 
147954 
147955 
147956 
147957 
147958 
147959 
147960 
147963 
147964 
147965 
147966 
147967 
147968 
147969 
147970 
147971 
147972 
147973 
147974 
147975 
147976 
147977 
147978 
147979 
147980 
147981 
147982 
147983 
147984 
147985 
147986 
147987 
147988 
147989 
147990 
147991 
147992 
147993 
147994 
147995 
147996 
147997 
16926 
147998 
147999 
148000 
148001 
148002 
148003 
16932 
148004 
148005 
148006 
148007 
148008 
148009 
16938 
148010 
148011 
16940 
148012 
148013 
16942 
148014 
148015 
16944 
148016 
148017 
148018 
148019 
16948 
148020 
148021 
16950 
148022 
148023 
16952 
148024 
148025 
16954 
148026 
148027 
16956 
148028 
148029 
16958 
148030 
148031 
16960 
148032 
148033 
16962 
148034 
148035 
16964 
148036 
148037 
16966 
148038 
148039 
16968 
148040 
148041 
16970 
148042 
148043 
16972 
148044 
148045 
16974 
148046 
148047 
16976 
148048 
148049 
16978 
148050 
148051 
16980 
148052 
148053 
16982 
148054 
148055 
16984 
148056 
16986 
16988 
16990 
16992 
16994 
16996 
16998 
17000 
17002 
17004 
17006 
17008 
17010 
17012 
17014 
17016 
17018 
17020 
17022 
17024 
17026 
17028 
17030 
17032 
17034 
17036 
17038 
17039 
148183 
148184 
148187 
148188 
148191 
148192 
148193 
148194 
148195 
148196 
148197 
148198 
148199 
148200 
148203 
148204 
148205 
148206 
148207 
148208 
148209 
148210 
148211 
148212 
148213 
148214 
148215 
148216 
148217 
148218 
148219 
148220 
148221 
148222 
148223 
148224 
148225 
148226 
148227 
148228 
148229 
148230 
148231 
148232 
148233 
148234 
148235 
148236 
148237 
17166 
148238 
148239 
148240 
148241 
148242 
148243 
17172 
148244 
148245 
17174 
148246 
148247 
148248 
148249 
17178 
148250 
148251 
17180 
148252 
148253 
17182 
148254 
148255 
17184 
148256 
148257 
148258 
148259 
17188 
148260 
148261 
17190 
148262 
148263 
17192 
148264 
148265 
17194 
148266 
148267 
17196 
148268 
148269 
17198 
148270 
148271 
17200 
148272 
148273 
17202 
148274 
148275 
17204 
148276 
148277 
148278 
148279 
17208 
148280 
148281 
17210 
148282 
148283 
17212 
148284 
148285 
17214 
148286 
148287 
17216 
148288 
148289 
17218 
148290 
148291 
17220 
148292 
148293 
17222 
148294 
148295 
17224 
148296 
17226 
17228 
17230 
17232 
17234 
17236 
17238 
17240 
17242 
17244 
17246 
17248 
17250 
17252 
17254 
17256 
17258 
17260 
17262 
17264 
17266 
17268 
17270 
17272 
17274 
17276 
17278 
17279 
148423 
148424 
148427 
148428 
148431 
148432 
148433 
148434 
148435 
148436 
148437 
148438 
148439 
148440 
148443 
148444 
148445 
148446 
148447 
148448 
148449 
148450 
148451 
148452 
148453 
148454 
148455 
148456 
148457 
148458 
148459 
148460 
148461 
148462 
148463 
148464 
148465 
148466 
148467 
148468 
148469 
148470 
148471 
148472 
148473 
148474 
148475 
148476 
148477 
148478 
148479 
148480 
148481 
148482 
148483 
148484 
148485 
17414 
148486 
148487 
148488 
148489 
17418 
148490 
148491 
148492 
148493 
17422 
148494 
148495 
17424 
148496 
148497 
148498 
148499 
17428 
148500 
148501 
148502 
148503 
17432 
148504 
148505 
17434 
148506 
148507 
17436 
148508 
148509 
17438 
148510 
148511 
17440 
148512 
148513 
17442 
148514 
148515 
17444 
148516 
148517 
17446 
148518 
148519 
17448 
148520 
148521 
17450 
148522 
148523 
17452 
148524 
148525 
17454 
148526 
148527 
17456 
148528 
148529 
17458 
148530 
148531 
17460 
148532 
148533 
17462 
148534 
148535 
17464 
148536 
17466 
17468 
17470 
17472 
17474 
17476 
17478 
17480 
17482 
17484 
17486 
17488 
17490 
17492 
17494 
17496 
17498 
17500 
17502 
17504 
17506 
17508 
17510 
17512 
17514 
17516 
17518 
17519 
148663 
148664 
148667 
148668 
148671 
148672 
148673 
148674 
148675 
148676 
148677 
148678 
148679 
148680 
148683 
148684 
148685 
148686 
148687 
148688 
148689 
148690 
148691 
148692 
148693 
148694 
148695 
148696 
148697 
148698 
148699 
148700 
148701 
148702 
148703 
148704 
148705 
148706 
148707 
148708 
148709 
148710 
148711 
148712 
148713 
148714 
148715 
148716 
148717 
148718 
148719 
148720 
148721 
148722 
148723 
148724 
148725 
17654 
148726 
148727 
148728 
148729 
17658 
148730 
148731 
17660 
148732 
148733 
148734 
148735 
17664 
148736 
148737 
148738 
148739 
17668 
148740 
148741 
17670 
148742 
148743 
17672 
148744 
148745 
17674 
148746 
148747 
17676 
148748 
148749 
17678 
148750 
148751 
148752 
148753 
17682 
148754 
148755 
17684 
148756 
148757 
17686 
148758 
148759 
17688 
148760 
148761 
17690 
148762 
148763 
17692 
148764 
148765 
17694 
148766 
148767 
17696 
148768 
148769 
17698 
148770 
148771 
17700 
148772 
148773 
17702 
148774 
148775 
17704 
148776 
17706 
17708 
17710 
17712 
17714 
17716 
17718 
17720 
17722 
17724 
17726 
17728 
17730 
17732 
17734 
17736 
17738 
17740 
17742 
17744 
17746 
17748 
17750 
17752 
17754 
17756 
17758 
17759 
148903 
148904 
148907 
148908 
148911 
148912 
148913 
148914 
148915 
148916 
148917 
148918 
148919 
148920 
148923 
148924 
148925 
148926 
148927 
148928 
148929 
148930 
148931 
148932 
148933 
148934 
148935 
148936 
148937 
148938 
148939 
148940 
148941 
148942 
148943 
148944 
148945 
148946 
148947 
148948 
148949 
148950 
148951 
148952 
148953 
148954 
148955 
148956 
148957 
148958 
148959 
148960 
148961 
148962 
148963 
148964 
148965 
17894 
148966 
148967 
148968 
148969 
17898 
148970 
148971 
17900 
148972 
148973 
17902 
148974 
148975 
148976 
148977 
148978 
148979 
17908 
148980 
148981 
17910 
148982 
148983 
17912 
148984 
148985 
17914 
148986 
148987 
17916 
148988 
148989 
17918 
148990 
148991 
17920 
148992 
148993 
17922 
148994 
148995 
17924 
148996 
148997 
17926 
148998 
148999 
17928 
149000 
149001 
17930 
149002 
149003 
17932 
149004 
149005 
17934 
149006 
149007 
17936 
149008 
149009 
17938 
149010 
149011 
17940 
149012 
149013 
17942 
149014 
149015 
17944 
149016 
17946 
17948 
17950 
17952 
17954 
17956 
17958 
17960 
17962 
17964 
17966 
17968 
17970 
17972 
17974 
17976 
17978 
17980 
17982 
17984 
17986 
17988 
17990 
17992 
17994 
17996 
17998 
17999 
149143 
149144 
149147 
149148 
149151 
149152 
149153 
149154 
149155 
149156 
149157 
149158 
149159 
149160 
149163 
149164 
149165 
149166 
149167 
149168 
149169 
149170 
149171 
149172 
149173 
149174 
149175 
149176 
149177 
149178 
149179 
149180 
149181 
149182 
149183 
149184 
149185 
149186 
149187 
149188 
149189 
149190 
149191 
149192 
149193 
149194 
149195 
149196 
149197 
149198 
149199 
149200 
149201 
149202 
149203 
18132 
149204 
149205 
149206 
149207 
149208 
149209 
18138 
149210 
149211 
149212 
149213 
18142 
149214 
149215 
18144 
149216 
149217 
149218 
149219 
18148 
149220 
149221 
18150 
149222 
149223 
18152 
149224 
149225 
18154 
149226 
149227 
18156 
149228 
149229 
18158 
149230 
149231 
149232 
149233 
18162 
149234 
149235 
18164 
149236 
149237 
18166 
149238 
149239 
18168 
149240 
149241 
18170 
149242 
149243 
18172 
149244 
149245 
18174 
149246 
149247 
18176 
149248 
149249 
18178 
149250 
149251 
18180 
149252 
149253 
18182 
149254 
149255 
18184 
149256 
18186 
18188 
18190 
18192 
18194 
18196 
18198 
18200 
18202 
18204 
18206 
18208 
18210 
18212 
18214 
18216 
18218 
18220 
18222 
18224 
18226 
18228 
18230 
18232 
18234 
18236 
18238 
18239 
149383 
149384 
149387 
149388 
149391 
149392 
149393 
149394 
149395 
149396 
149397 
149398 
149399 
149400 
149403 
149404 
149405 
149406 
149407 
149408 
149409 
149410 
149411 
149412 
149413 
149414 
149415 
149416 
149417 
149418 
149419 
149420 
149421 
149422 
149423 
149424 
149425 
149426 
149427 
149428 
149429 
149430 
149431 
149432 
149433 
149434 
149435 
149436 
149437 
149438 
149439 
149440 
149441 
149442 
149443 
18372 
149444 
149445 
149446 
149447 
149448 
149449 
18378 
149450 
149451 
18380 
149452 
149453 
18382 
149454 
149455 
18384 
149456 
149457 
149458 
149459 
18388 
149460 
149461 
18390 
149462 
149463 
18392 
149464 
149465 
18394 
149466 
149467 
18396 
149468 
149469 
18398 
149470 
149471 
18400 
149472 
149473 
18402 
149474 
149475 
18404 
149476 
149477 
18406 
149478 
149479 
18408 
149480 
149481 
18410 
149482 
149483 
18412 
149484 
149485 
18414 
149486 
149487 
18416 
149488 
149489 
18418 
149490 
149491 
18420 
149492 
149493 
18422 
149494 
149495 
18424 
149496 
18426 
18428 
18430 
18432 
18434 
18436 
18438 
18440 
18442 
18444 
18446 
18448 
18450 
18452 
18454 
18456 
18458 
18460 
18462 
18464 
18466 
18468 
18470 
18472 
18474 
18476 
18478 
18479 
149623 
149624 
149627 
149628 
149631 
149632 
149633 
149634 
149635 
149636 
149637 
149638 
149639 
149640 
149643 
149644 
149645 
149646 
149647 
149648 
149649 
149650 
149651 
149652 
149653 
149654 
149655 
149656 
149657 
149658 
149659 
149660 
149661 
149662 
149663 
149664 
149665 
149666 
149667 
149668 
149669 
149670 
149671 
149672 
149673 
149674 
149675 
149676 
149677 
149678 
149679 
149680 
149681 
149682 
149683 
18612 
149684 
149685 
18614 
149686 
149687 
149688 
149689 
18618 
149690 
149691 
18620 
149692 
149693 
18622 
149694 
149695 
18624 
149696 
149697 
149698 
149699 
18628 
149700 
149701 
18630 
149702 
149703 
149704 
149705 
18634 
149706 
149707 
18636 
149708 
149709 
18638 
149710 
149711 
18640 
149712 
149713 
18642 
149714 
149715 
18644 
149716 
149717 
18646 
149718 
149719 
18648 
149720 
149721 
18650 
149722 
149723 
18652 
149724 
149725 
18654 
149726 
149727 
18656 
149728 
149729 
18658 
149730 
149731 
18660 
149732 
149733 
18662 
149734 
149735 
18664 
149736 
18666 
18668 
18670 
18672 
18674 
18676 
18678 
18680 
18682 
18684 
18686 
18688 
18690 
18692 
18694 
18696 
18698 
18700 
18702 
18704 
18706 
18708 
18710 
18712 
18714 
18716 
18718 
18719 
149863 
149864 
149867 
149868 
149871 
149872 
149873 
149874 
149875 
149876 
149877 
149878 
149879 
149880 
149883 
149884 
149885 
149886 
149887 
149888 
149889 
149890 
149891 
149892 
149893 
149894 
149895 
149896 
149897 
149898 
149899 
149900 
149901 
149902 
149903 
149904 
149905 
149906 
149907 
149908 
149909 
149910 
149911 
149912 
149913 
149914 
149915 
149916 
149917 
149918 
149919 
149920 
149921 
149922 
149923 
149924 
149925 
18854 
149926 
149927 
149928 
149929 
149930 
149931 
18860 
149932 
149933 
18862 
149934 
149935 
18864 
149936 
149937 
149938 
149939 
18868 
149940 
149941 
18870 
149942 
149943 
18872 
149944 
149945 
18874 
149946 
149947 
18876 
149948 
149949 
18878 
149950 
149951 
18880 
149952 
149953 
18882 
149954 
149955 
18884 
149956 
149957 
18886 
149958 
149959 
18888 
149960 
149961 
18890 
149962 
149963 
18892 
149964 
149965 
18894 
149966 
149967 
18896 
149968 
149969 
18898 
149970 
149971 
18900 
149972 
149973 
18902 
149974 
149975 
18904 
149976 
18906 
18908 
18910 
18912 
18914 
18916 
18918 
18920 
18922 
18924 
18926 
18928 
18930 
18932 
18934 
18936 
18938 
18940 
18942 
18944 
18946 
18948 
18950 
18952 
18954 
18956 
18958 
18959 
150103 
150104 
150107 
150108 
150111 
150112 
150113 
150114 
150115 
150116 
150117 
150118 
150119 
150120 
150123 
150124 
150125 
150126 
150127 
150128 
150129 
150130 
150131 
150132 
150133 
150134 
150135 
150136 
150137 
150138 
150139 
150140 
150141 
150142 
150143 
150144 
150145 
150146 
150147 
150148 
150149 
150150 
150151 
150152 
150153 
150154 
150155 
150156 
150157 
150158 
150159 
150160 
150161 
150162 
150163 
150164 
150165 
150166 
150167 
150168 
150169 
150170 
150171 
150172 
19101 
150173 
150174 
150175 
150176 
150177 
150178 
19107 
150179 
150180 
150181 
150182 
19111 
150183 
150184 
19113 
150185 
150186 
19115 
150187 
150188 
19117 
150189 
150190 
19119 
150191 
150192 
19121 
150193 
150194 
19123 
150195 
150196 
19125 
150197 
150198 
19127 
150199 
150200 
19129 
150201 
150202 
19131 
150203 
150204 
19133 
150205 
150206 
19135 
150207 
150208 
19137 
150209 
150210 
19139 
150211 
150212 
19141 
150213 
150214 
19143 
150215 
150216 
19145 
19147 
19149 
19151 
19153 
19155 
19157 
19159 
19161 
19163 
19165 
19167 
19169 
19171 
19173 
19175 
19177 
19179 
19181 
19183 
19185 
19187 
19189 
19191 
19193 
19195 
19197 
19198 
150343 
150344 
150347 
150348 
150351 
150352 
150353 
150354 
150355 
150356 
150357 
150358 
150359 
150360 
150363 
150364 
150365 
150366 
150367 
150368 
150369 
150370 
150371 
150372 
150373 
150374 
150375 
150376 
150377 
150378 
150379 
150380 
150381 
150382 
150383 
150384 
150385 
150386 
150387 
150388 
150389 
150390 
150391 
150392 
150393 
150394 
150395 
150396 
150397 
150398 
150399 
150400 
150401 
150402 
150403 
150404 
150405 
150406 
150407 
150408 
150409 
19338 
150410 
150411 
150412 
150413 
150414 
150415 
150416 
150417 
150418 
150419 
19348 
150420 
150421 
19350 
150422 
150423 
19352 
150424 
150425 
150426 
150427 
19356 
150428 
150429 
19358 
150430 
150431 
19360 
150432 
150433 
19362 
150434 
150435 
19364 
150436 
150437 
19366 
150438 
150439 
19368 
150440 
150441 
19370 
150442 
150443 
19372 
150444 
150445 
19374 
150446 
150447 
19376 
150448 
150449 
19378 
150450 
150451 
19380 
150452 
150453 
19382 
150454 
150455 
19384 
150456 
19386 
19388 
19390 
19392 
19394 
19396 
19398 
19400 
19402 
19404 
19406 
19408 
19410 
19412 
19414 
19416 
19418 
19420 
19422 
19424 
19426 
19428 
19430 
19432 
19434 
19436 
19437 
150583 
150584 
150587 
150588 
150591 
150592 
150593 
150594 
150595 
150596 
150597 
150598 
150599 
150600 
150603 
150604 
150605 
150606 
150607 
150608 
150609 
150610 
150611 
150612 
150613 
150614 
150615 
150616 
150617 
150618 
150619 
150620 
150621 
150622 
150623 
150624 
150625 
150626 
150627 
150628 
150629 
150630 
150631 
150632 
150633 
150634 
150635 
150636 
150637 
150638 
150639 
150640 
150641 
150642 
150643 
150644 
150645 
150646 
150647 
150648 
150649 
150650 
150651 
150652 
19581 
150653 
150654 
150655 
150656 
19585 
150657 
150658 
19587 
150659 
150660 
150661 
150662 
19591 
150663 
150664 
19593 
150665 
150666 
19595 
150667 
150668 
19597 
150669 
150670 
19599 
150671 
150672 
19601 
150673 
150674 
150675 
150676 
19605 
150677 
150678 
19607 
150679 
150680 
19609 
150681 
150682 
19611 
150683 
150684 
19613 
150685 
150686 
19615 
150687 
150688 
19617 
150689 
150690 
19619 
150691 
150692 
19621 
150693 
150694 
19623 
150695 
150696 
19625 
19627 
19629 
19631 
19633 
19635 
19637 
19639 
19641 
19643 
19645 
19647 
19649 
19651 
19653 
19655 
19657 
19659 
19661 
19663 
19665 
19667 
19669 
19671 
19673 
19675 
19676 
150823 
150824 
150827 
150828 
150831 
150832 
150833 
150834 
150835 
150836 
150837 
150838 
150839 
150840 
150843 
150844 
150845 
150846 
150847 
150848 
150849 
150850 
150851 
150852 
150853 
150854 
150855 
150856 
150857 
150858 
150859 
150860 
150861 
150862 
150863 
150864 
150865 
150866 
150867 
150868 
150869 
150870 
150871 
150872 
150873 
150874 
150875 
150876 
150877 
150878 
150879 
150880 
150881 
150882 
150883 
150884 
150885 
150886 
150887 
150888 
150889 
19818 
150890 
150891 
150892 
150893 
150894 
150895 
150896 
150897 
19826 
150898 
150899 
19828 
150900 
150901 
19830 
150902 
150903 
19832 
150904 
150905 
150906 
150907 
19836 
150908 
150909 
19838 
150910 
150911 
19840 
150912 
150913 
19842 
150914 
150915 
19844 
150916 
150917 
19846 
150918 
150919 
19848 
150920 
150921 
19850 
150922 
150923 
19852 
150924 
150925 
19854 
150926 
150927 
19856 
150928 
150929 
19858 
150930 
150931 
19860 
150932 
150933 
19862 
150934 
150935 
19864 
150936 
19866 
19868 
19870 
19872 
19874 
19876 
19878 
19880 
19882 
19884 
19886 
19888 
19890 
19892 
19894 
19896 
19898 
19900 
19902 
19904 
19906 
19908 
19910 
19912 
19914 
19915 
151063 
151064 
151067 
151068 
151071 
151072 
151073 
151074 
151075 
151076 
151077 
151078 
151079 
151080 
151083 
151084 
151085 
151086 
151087 
151088 
151089 
151090 
151091 
151092 
151093 
151094 
151095 
151096 
151097 
151098 
151099 
151100 
151101 
151102 
151103 
151104 
151105 
151106 
151107 
151108 
151109 
151110 
151111 
151112 
151113 
151114 
151115 
151116 
151117 
151118 
151119 
151120 
151121 
151122 
151123 
151124 
151125 
151126 
151127 
151128 
20057 
151129 
151130 
151131 
151132 
151133 
151134 
20063 
151135 
151136 
151137 
151138 
20067 
151139 
151140 
20069 
151141 
151142 
20071 
151143 
151144 
20073 
151145 
151146 
20075 
151147 
151148 
20077 
151149 
151150 
20079 
151151 
151152 
20081 
151153 
151154 
20083 
151155 
151156 
20085 
151157 
151158 
20087 
151159 
151160 
20089 
151161 
151162 
20091 
151163 
151164 
20093 
151165 
151166 
20095 
151167 
151168 
20097 
151169 
151170 
20099 
151171 
151172 
20101 
151173 
151174 
20103 
151175 
151176 
20105 
20107 
20109 
20111 
20113 
20115 
20117 
20119 
20121 
20123 
20125 
20127 
20129 
20131 
20133 
20135 
20137 
20139 
20141 
20143 
20145 
20147 
20149 
20151 
20153 
20154 
151303 
151304 
151307 
151308 
151311 
151312 
151313 
151314 
151315 
151316 
151317 
151318 
151319 
151320 
151323 
151324 
151325 
151326 
151327 
151328 
151329 
151330 
151331 
151332 
151333 
151334 
151335 
151336 
151337 
151338 
151339 
151340 
151341 
151342 
151343 
151344 
151345 
151346 
151347 
151348 
151349 
151350 
151351 
151352 
151353 
151354 
151355 
151356 
151357 
151358 
151359 
151360 
151361 
151362 
151363 
151364 
151365 
151366 
151367 
20296 
151368 
151369 
151370 
151371 
151372 
151373 
20302 
151374 
151375 
151376 
151377 
20306 
151378 
151379 
20308 
151380 
151381 
20310 
151382 
151383 
20312 
151384 
151385 
20314 
151386 
151387 
20316 
151388 
151389 
20318 
151390 
151391 
20320 
151392 
151393 
20322 
151394 
151395 
20324 
151396 
151397 
20326 
151398 
151399 
20328 
151400 
151401 
20330 
151402 
151403 
20332 
151404 
151405 
20334 
151406 
151407 
20336 
151408 
151409 
20338 
151410 
151411 
20340 
151412 
151413 
20342 
151414 
151415 
20344 
151416 
20346 
20348 
20350 
20352 
20354 
20356 
20358 
20360 
20362 
20364 
20366 
20368 
20370 
20372 
20374 
20376 
20378 
20380 
20382 
20384 
20386 
20388 
20390 
20392 
20393 
151543 
151544 
151547 
151548 
151551 
151552 
151553 
151554 
151555 
151556 
151557 
151558 
151559 
151560 
151563 
151564 
151565 
151566 
151567 
151568 
151569 
151570 
151571 
151572 
151573 
151574 
151575 
151576 
151577 
151578 
151579 
151580 
151581 
151582 
151583 
151584 
151585 
151586 
151587 
151588 
151589 
151590 
151591 
151592 
151593 
151594 
151595 
151596 
151597 
151598 
151599 
151600 
20529 
151601 
151602 
151603 
151604 
151605 
151606 
20535 
151607 
151608 
151609 
151610 
151611 
151612 
20541 
151613 
151614 
20543 
151615 
151616 
151617 
151618 
20547 
151619 
151620 
20549 
151621 
151622 
20551 
151623 
151624 
20553 
151625 
151626 
20555 
151627 
151628 
20557 
151629 
151630 
20559 
151631 
151632 
20561 
151633 
151634 
20563 
151635 
151636 
20565 
151637 
151638 
20567 
151639 
151640 
20569 
151641 
151642 
20571 
151643 
151644 
20573 
151645 
151646 
20575 
151647 
151648 
20577 
151649 
151650 
20579 
151651 
151652 
20581 
151653 
151654 
20583 
151655 
151656 
20585 
20587 
20589 
20591 
20593 
20595 
20597 
20599 
20601 
20603 
20605 
20607 
20609 
20611 
20613 
20615 
20617 
20619 
20621 
20623 
20625 
20627 
20629 
20631 
20632 
151783 
151784 
151787 
151788 
151791 
151792 
151793 
151794 
151795 
151796 
151797 
151798 
151799 
151800 
151803 
151804 
151805 
151806 
151807 
151808 
151809 
151810 
151811 
151812 
151813 
151814 
151815 
151816 
151817 
151818 
151819 
151820 
151821 
151822 
151823 
151824 
151825 
151826 
151827 
151828 
151829 
151830 
151831 
151832 
151833 
151834 
151835 
151836 
151837 
151838 
151839 
151840 
151841 
20770 
151842 
151843 
151844 
151845 
20774 
151846 
151847 
151848 
151849 
151850 
151851 
20780 
151852 
151853 
20782 
151854 
151855 
151856 
151857 
20786 
151858 
151859 
20788 
151860 
151861 
20790 
151862 
151863 
20792 
151864 
151865 
20794 
151866 
151867 
20796 
151868 
151869 
20798 
151870 
151871 
20800 
151872 
151873 
20802 
151874 
151875 
20804 
151876 
151877 
20806 
151878 
151879 
20808 
151880 
151881 
20810 
151882 
151883 
20812 
151884 
151885 
20814 
151886 
151887 
20816 
151888 
151889 
20818 
151890 
151891 
20820 
151892 
151893 
20822 
151894 
151895 
20824 
151896 
20826 
20828 
20830 
20832 
20834 
20836 
20838 
20840 
20842 
20844 
20846 
20848 
20850 
20852 
20854 
20856 
20858 
20860 
20862 
20864 
20866 
20868 
20870 
20871 
152023 
152024 
152027 
152028 
152031 
152032 
152033 
152034 
152035 
152036 
152037 
152038 
152039 
152040 
152043 
152044 
152045 
152046 
152047 
152048 
152049 
152050 
152051 
152052 
152053 
152054 
152055 
152056 
152057 
152058 
152059 
152060 
152061 
152062 
152063 
152064 
152065 
152066 
152067 
152068 
152069 
152070 
152071 
152072 
152073 
152074 
152075 
152076 
152077 
152078 
152079 
152080 
21009 
152081 
152082 
152083 
152084 
21013 
152085 
152086 
152087 
152088 
152089 
152090 
21019 
152091 
152092 
21021 
152093 
152094 
21023 
152095 
152096 
152097 
152098 
21027 
152099 
152100 
21029 
152101 
152102 
21031 
152103 
152104 
21033 
152105 
152106 
21035 
152107 
152108 
21037 
152109 
152110 
21039 
152111 
152112 
21041 
152113 
152114 
21043 
152115 
152116 
21045 
152117 
152118 
21047 
152119 
152120 
21049 
152121 
152122 
21051 
152123 
152124 
21053 
152125 
152126 
21055 
152127 
152128 
21057 
152129 
152130 
21059 
152131 
152132 
21061 
152133 
152134 
21063 
152135 
152136 
21065 
21067 
21069 
21071 
21073 
21075 
21077 
21079 
21081 
21083 
21085 
21087 
21089 
21091 
21093 
21095 
21097 
21099 
21101 
21103 
21105 
21107 
21109 
21110 
152263 
152264 
152267 
152268 
152271 
152272 
152273 
152274 
152275 
152276 
152277 
152278 
152279 
152280 
152283 
152284 
152285 
152286 
152287 
152288 
152289 
152290 
152291 
152292 
152293 
152294 
152295 
152296 
152297 
152298 
152299 
152300 
152301 
152302 
152303 
152304 
152305 
152306 
152307 
152308 
152309 
152310 
152311 
152312 
152313 
152314 
152315 
152316 
152317 
152318 
152319 
152320 
152321 
21250 
152322 
152323 
152324 
152325 
21254 
152326 
152327 
152328 
152329 
21258 
152330 
152331 
21260 
152332 
152333 
152334 
152335 
21264 
152336 
152337 
21266 
152338 
152339 
21268 
152340 
152341 
21270 
152342 
152343 
21272 
152344 
152345 
21274 
152346 
152347 
21276 
152348 
152349 
21278 
152350 
152351 
21280 
152352 
152353 
21282 
152354 
152355 
21284 
152356 
152357 
21286 
152358 
152359 
21288 
152360 
152361 
21290 
152362 
152363 
21292 
152364 
152365 
21294 
152366 
152367 
21296 
152368 
152369 
21298 
152370 
152371 
21300 
152372 
152373 
21302 
152374 
152375 
21304 
152376 
21306 
21308 
21310 
21312 
21314 
21316 
21318 
21320 
21322 
21324 
21326 
21328 
21330 
21332 
21334 
21336 
21338 
21340 
21342 
21344 
21346 
21348 
21349 
152503 
152504 
152507 
152508 
152511 
152512 
152513 
152514 
152515 
152516 
152517 
152518 
152519 
152520 
152523 
152524 
152525 
152526 
152527 
152528 
152529 
152530 
152531 
152532 
152533 
152534 
152535 
152536 
152537 
152538 
152539 
152540 
152541 
152542 
152543 
152544 
152545 
152546 
152547 
152548 
152549 
152550 
152551 
152552 
152553 
152554 
152555 
152556 
152557 
152558 
152559 
152560 
21489 
152561 
152562 
152563 
152564 
21493 
152565 
152566 
152567 
152568 
21497 
152569 
152570 
152571 
152572 
21501 
152573 
152574 
21503 
152575 
152576 
21505 
152577 
152578 
21507 
152579 
152580 
21509 
152581 
152582 
21511 
152583 
152584 
21513 
152585 
152586 
21515 
152587 
152588 
21517 
152589 
152590 
21519 
152591 
152592 
21521 
152593 
152594 
21523 
152595 
152596 
21525 
152597 
152598 
21527 
152599 
152600 
21529 
152601 
152602 
21531 
152603 
152604 
21533 
152605 
152606 
21535 
152607 
152608 
21537 
152609 
152610 
21539 
152611 
152612 
21541 
152613 
152614 
21543 
152615 
152616 
21545 
21547 
21549 
21551 
21553 
21555 
21557 
21559 
21561 
21563 
21565 
21567 
21569 
21571 
21573 
21575 
21577 
21579 
21581 
21583 
21585 
21587 
21588 
152743 
152744 
152747 
152748 
152751 
152752 
152753 
152754 
152755 
152756 
152757 
152758 
152759 
152760 
152763 
152764 
152765 
152766 
152767 
152768 
152769 
152770 
152771 
152772 
152773 
152774 
152775 
152776 
152777 
152778 
152779 
152780 
152781 
152782 
152783 
152784 
152785 
152786 
152787 
152788 
152789 
152790 
152791 
152792 
152793 
152794 
152795 
152796 
152797 
152798 
152799 
21728 
152800 
152801 
152802 
152803 
21732 
152804 
152805 
152806 
152807 
21736 
152808 
152809 
152810 
152811 
21740 
152812 
152813 
21742 
152814 
152815 
21744 
152816 
152817 
21746 
152818 
152819 
21748 
152820 
152821 
21750 
152822 
152823 
21752 
152824 
152825 
21754 
152826 
152827 
21756 
152828 
152829 
21758 
152830 
152831 
21760 
152832 
152833 
21762 
152834 
152835 
21764 
152836 
152837 
21766 
152838 
152839 
21768 
152840 
152841 
21770 
152842 
152843 
21772 
152844 
152845 
21774 
152846 
152847 
21776 
152848 
152849 
21778 
152850 
152851 
21780 
152852 
152853 
21782 
152854 
152855 
21784 
152856 
21786 
21788 
21790 
21792 
21794 
21796 
21798 
21800 
21802 
21804 
21806 
21808 
21810 
21812 
21814 
21816 
21818 
21820 
21822 
21824 
21826 
21827 
152983 
152984 
152987 
152988 
152991 
152992 
152993 
152994 
152995 
152996 
152997 
152998 
152999 
153000 
153003 
153004 
153005 
153006 
153007 
153008 
153009 
153010 
153011 
153012 
153013 
153014 
153015 
153016 
153017 
153018 
153019 
153020 
153021 
153022 
153023 
153024 
153025 
153026 
153027 
153028 
153029 
153030 
153031 
153032 
21961 
153033 
153034 
153035 
153036 
153037 
153038 
21967 
153039 
153040 
21969 
153041 
153042 
153043 
153044 
153045 
153046 
21975 
153047 
153048 
21977 
153049 
153050 
21979 
153051 
153052 
21981 
153053 
153054 
21983 
153055 
153056 
21985 
153057 
153058 
21987 
153059 
153060 
21989 
153061 
153062 
21991 
153063 
153064 
21993 
153065 
153066 
21995 
153067 
153068 
21997 
153069 
153070 
21999 
153071 
153072 
22001 
153073 
153074 
22003 
153075 
153076 
22005 
153077 
153078 
22007 
153079 
153080 
153081 
153082 
22011 
153083 
153084 
22013 
153085 
153086 
22015 
153087 
153088 
22017 
153089 
153090 
22019 
153091 
153092 
22021 
153093 
153094 
22023 
153095 
153096 
22025 
22027 
22029 
22031 
22033 
22035 
22037 
22039 
22041 
22043 
22045 
22047 
22049 
22051 
22053 
22055 
22057 
22059 
22061 
22063 
22065 
22066 
153223 
153224 
153227 
153228 
153231 
153232 
153233 
153234 
153235 
153236 
153237 
153238 
153239 
153240 
153243 
153244 
153245 
153246 
153247 
153248 
153249 
153250 
153251 
153252 
153253 
153254 
153255 
153256 
153257 
153258 
153259 
153260 
153261 
153262 
153263 
153264 
153265 
153266 
153267 
153268 
153269 
153270 
153271 
153272 
153273 
153274 
153275 
153276 
153277 
22206 
153278 
153279 
22208 
153280 
153281 
153282 
153283 
153284 
153285 
22214 
153286 
153287 
22216 
153288 
153289 
22218 
153290 
153291 
22220 
153292 
153293 
22222 
153294 
153295 
22224 
153296 
153297 
22226 
153298 
153299 
22228 
153300 
153301 
22230 
153302 
153303 
22232 
153304 
153305 
22234 
153306 
153307 
22236 
153308 
153309 
22238 
153310 
153311 
22240 
153312 
153313 
22242 
153314 
153315 
22244 
153316 
153317 
22246 
153318 
153319 
22248 
153320 
153321 
22250 
153322 
153323 
22252 
153324 
153325 
22254 
153326 
153327 
22256 
153328 
153329 
22258 
153330 
153331 
22260 
153332 
153333 
22262 
153334 
153335 
22264 
153336 
22266 
22268 
22270 
22272 
22274 
22276 
22278 
22280 
22282 
22284 
22286 
22288 
22290 
22292 
22294 
22296 
22298 
22300 
22302 
22304 
22305 
153463 
153464 
153467 
153468 
153471 
153472 
153473 
153474 
153475 
153476 
153477 
153478 
153479 
153480 
153483 
153484 
153485 
153486 
153487 
153488 
153489 
153490 
153491 
153492 
153493 
153494 
153495 
153496 
153497 
153498 
153499 
153500 
153501 
153502 
153503 
153504 
153505 
153506 
153507 
153508 
153509 
153510 
153511 
153512 
153513 
153514 
22443 
153515 
153516 
153517 
153518 
22447 
153519 
153520 
22449 
153521 
153522 
153523 
153524 
22453 
153525 
153526 
153527 
153528 
22457 
153529 
153530 
22459 
153531 
153532 
22461 
153533 
153534 
22463 
153535 
153536 
22465 
153537 
153538 
22467 
153539 
153540 
22469 
153541 
153542 
22471 
153543 
153544 
22473 
153545 
153546 
22475 
153547 
153548 
22477 
153549 
153550 
22479 
153551 
153552 
22481 
153553 
153554 
22483 
153555 
153556 
22485 
153557 
153558 
22487 
153559 
153560 
22489 
153561 
153562 
22491 
153563 
153564 
22493 
153565 
153566 
22495 
153567 
153568 
22497 
153569 
153570 
22499 
153571 
153572 
22501 
153573 
153574 
22503 
153575 
153576 
22505 
22507 
22509 
22511 
22513 
22515 
22517 
22519 
22521 
22523 
22525 
22527 
22529 
22531 
22533 
22535 
22537 
22539 
22541 
22543 
22544 
153703 
153704 
153707 
153708 
153711 
153712 
153713 
153714 
153715 
153716 
153717 
153718 
153719 
153720 
153723 
153724 
153725 
153726 
153727 
153728 
153729 
153730 
153731 
153732 
153733 
153734 
153735 
153736 
153737 
153738 
153739 
153740 
153741 
153742 
153743 
153744 
153745 
153746 
153747 
153748 
153749 
22678 
153750 
153751 
153752 
153753 
22682 
153754 
153755 
153756 
153757 
22686 
153758 
153759 
22688 
153760 
153761 
153762 
153763 
22692 
153764 
153765 
22694 
153766 
153767 
153768 
153769 
22698 
153770 
153771 
22700 
153772 
153773 
22702 
153774 
153775 
22704 
153776 
153777 
22706 
153778 
153779 
22708 
153780 
153781 
22710 
153782 
153783 
22712 
153784 
153785 
22714 
153786 
153787 
22716 
153788 
153789 
22718 
153790 
153791 
22720 
153792 
153793 
22722 
153794 
153795 
22724 
153796 
153797 
22726 
153798 
153799 
22728 
153800 
153801 
22730 
153802 
153803 
22732 
153804 
153805 
22734 
153806 
153807 
22736 
153808 
153809 
22738 
153810 
153811 
22740 
153812 
153813 
22742 
153814 
153815 
22744 
153816 
22746 
22748 
22750 
22752 
22754 
22756 
22758 
22760 
22762 
22764 
22766 
22768 
22770 
22772 
22774 
22776 
22778 
22780 
22782 
22783 
153943 
153944 
153947 
153948 
153951 
153952 
153953 
153954 
153955 
153956 
153957 
153958 
153959 
153960 
153963 
153964 
153965 
153966 
153967 
153968 
153969 
153970 
153971 
153972 
153973 
153974 
153975 
153976 
153977 
153978 
153979 
153980 
153981 
153982 
153983 
153984 
153985 
153986 
153987 
153988 
153989 
153990 
153991 
153992 
153993 
153994 
22923 
153995 
153996 
22925 
153997 
153998 
153999 
154000 
154001 
154002 
22931 
154003 
154004 
22933 
154005 
154006 
22935 
154007 
154008 
22937 
154009 
154010 
22939 
154011 
154012 
22941 
154013 
154014 
22943 
154015 
154016 
22945 
154017 
154018 
22947 
154019 
154020 
22949 
154021 
154022 
22951 
154023 
154024 
22953 
154025 
154026 
22955 
154027 
154028 
22957 
154029 
154030 
22959 
154031 
154032 
22961 
154033 
154034 
22963 
154035 
154036 
22965 
154037 
154038 
22967 
154039 
154040 
22969 
154041 
154042 
22971 
154043 
154044 
22973 
154045 
154046 
22975 
154047 
154048 
22977 
154049 
154050 
22979 
154051 
154052 
22981 
154053 
154054 
22983 
154055 
154056 
22985 
22987 
22989 
22991 
22993 
22995 
22997 
22999 
23001 
23003 
23005 
23007 
23009 
23011 
23013 
23015 
23017 
23019 
23021 
23022 
154183 
154184 
154187 
154188 
154191 
154192 
154193 
154194 
154195 
154196 
154197 
154198 
154199 
154200 
154203 
154204 
154205 
154206 
154207 
154208 
154209 
154210 
154211 
154212 
154213 
154214 
154215 
154216 
154217 
154218 
154219 
154220 
154221 
154222 
154223 
154224 
154225 
154226 
154227 
23156 
154228 
154229 
154230 
154231 
23160 
154232 
154233 
154234 
154235 
23164 
154236 
154237 
23166 
154238 
154239 
154240 
154241 
23170 
154242 
154243 
23172 
154244 
154245 
154246 
154247 
23176 
154248 
154249 
23178 
154250 
154251 
23180 
154252 
154253 
23182 
154254 
154255 
23184 
154256 
154257 
23186 
154258 
154259 
23188 
154260 
154261 
23190 
154262 
154263 
23192 
154264 
154265 
23194 
154266 
154267 
23196 
154268 
154269 
23198 
154270 
154271 
23200 
154272 
154273 
23202 
154274 
154275 
23204 
154276 
154277 
23206 
154278 
154279 
23208 
154280 
154281 
23210 
154282 
154283 
23212 
154284 
154285 
23214 
154286 
154287 
23216 
154288 
154289 
23218 
154290 
154291 
23220 
154292 
154293 
23222 
154294 
154295 
23224 
154296 
23226 
23228 
23230 
23232 
23234 
23236 
23238 
23240 
23242 
23244 
23246 
23248 
23250 
23252 
23254 
23256 
23258 
23260 
23261 
154423 
154424 
154427 
154428 
154431 
154432 
154433 
154434 
154435 
154436 
154437 
154438 
154439 
154440 
154443 
154444 
154445 
154446 
154447 
154448 
154449 
154450 
154451 
154452 
154453 
154454 
154455 
154456 
154457 
154458 
154459 
154460 
154461 
154462 
154463 
154464 
154465 
154466 
154467 
154468 
154469 
154470 
154471 
154472 
23401 
154473 
154474 
23403 
154475 
154476 
154477 
154478 
154479 
154480 
23409 
154481 
154482 
23411 
154483 
154484 
23413 
154485 
154486 
23415 
154487 
154488 
23417 
154489 
154490 
23419 
154491 
154492 
23421 
154493 
154494 
23423 
154495 
154496 
23425 
154497 
154498 
23427 
154499 
154500 
23429 
154501 
154502 
23431 
154503 
154504 
23433 
154505 
154506 
23435 
154507 
154508 
23437 
154509 
154510 
23439 
154511 
154512 
23441 
154513 
154514 
23443 
154515 
154516 
23445 
154517 
154518 
23447 
154519 
154520 
23449 
154521 
154522 
23451 
154523 
154524 
23453 
154525 
154526 
23455 
154527 
154528 
23457 
154529 
154530 
23459 
154531 
154532 
23461 
154533 
154534 
23463 
154535 
154536 
23465 
23467 
23469 
23471 
23473 
23475 
23477 
23479 
23481 
23483 
23485 
23487 
23489 
23491 
23493 
23495 
23497 
23499 
23500 
154663 
154664 
154667 
154668 
154671 
154672 
154673 
154674 
154675 
154676 
154677 
154678 
154679 
154680 
154683 
154684 
154685 
154686 
154687 
154688 
154689 
154690 
154691 
154692 
154693 
154694 
154695 
154696 
154697 
154698 
154699 
154700 
154701 
154702 
154703 
154704 
154705 
154706 
154707 
154708 
154709 
154710 
154711 
23640 
154712 
154713 
23642 
154714 
154715 
23644 
154716 
154717 
154718 
154719 
23648 
154720 
154721 
23650 
154722 
154723 
23652 
154724 
154725 
23654 
154726 
154727 
23656 
154728 
154729 
23658 
154730 
154731 
23660 
154732 
154733 
23662 
154734 
154735 
23664 
154736 
154737 
23666 
154738 
154739 
23668 
154740 
154741 
23670 
154742 
154743 
23672 
154744 
154745 
23674 
154746 
154747 
23676 
154748 
154749 
23678 
154750 
154751 
23680 
154752 
154753 
23682 
154754 
154755 
23684 
154756 
154757 
23686 
154758 
154759 
23688 
154760 
154761 
23690 
154762 
154763 
23692 
154764 
154765 
23694 
154766 
154767 
23696 
154768 
154769 
23698 
154770 
154771 
23700 
154772 
154773 
23702 
154774 
154775 
23704 
154776 
23706 
23708 
23710 
23712 
23714 
23716 
23718 
23720 
23722 
23724 
23726 
23728 
23730 
23732 
23734 
23736 
23738 
23739 
154903 
154904 
154907 
154908 
154911 
154912 
154913 
154914 
154915 
154916 
154917 
154918 
154919 
154920 
154923 
154924 
154925 
154926 
154927 
154928 
154929 
154930 
154931 
154932 
154933 
154934 
154935 
154936 
154937 
154938 
154939 
154940 
154941 
154942 
154943 
154944 
154945 
154946 
154947 
154948 
23877 
154949 
154950 
154951 
154952 
23881 
154953 
154954 
23883 
154955 
154956 
154957 
154958 
23887 
154959 
154960 
23889 
154961 
154962 
23891 
154963 
154964 
154965 
154966 
23895 
154967 
154968 
23897 
154969 
154970 
23899 
154971 
154972 
23901 
154973 
154974 
23903 
154975 
154976 
23905 
154977 
154978 
23907 
154979 
154980 
23909 
154981 
154982 
23911 
154983 
154984 
23913 
154985 
154986 
23915 
154987 
154988 
23917 
154989 
154990 
23919 
154991 
154992 
23921 
154993 
154994 
23923 
154995 
154996 
23925 
154997 
154998 
23927 
154999 
155000 
23929 
155001 
155002 
23931 
155003 
155004 
23933 
155005 
155006 
23935 
155007 
155008 
23937 
155009 
155010 
23939 
155011 
155012 
23941 
155013 
155014 
23943 
155015 
155016 
23945 
23947 
23949 
23951 
23953 
23955 
23957 
23959 
23961 
23963 
23965 
23967 
23969 
23971 
23973 
23975 
23977 
23978 
155143 
155144 
155147 
155148 
155151 
155152 
155153 
155154 
155155 
155156 
155157 
155158 
155159 
155160 
155163 
155164 
155165 
155166 
155167 
155168 
155169 
155170 
155171 
155172 
155173 
155174 
155175 
155176 
155177 
155178 
155179 
155180 
155181 
155182 
155183 
155184 
155185 
155186 
155187 
24116 
155188 
155189 
155190 
155191 
24120 
155192 
155193 
24122 
155194 
155195 
155196 
155197 
24126 
155198 
155199 
24128 
155200 
155201 
24130 
155202 
155203 
24132 
155204 
155205 
24134 
155206 
155207 
155208 
155209 
24138 
155210 
155211 
24140 
155212 
155213 
24142 
155214 
155215 
24144 
155216 
155217 
24146 
155218 
155219 
24148 
155220 
155221 
24150 
155222 
155223 
24152 
155224 
155225 
24154 
155226 
155227 
24156 
155228 
155229 
24158 
155230 
155231 
24160 
155232 
155233 
24162 
155234 
155235 
24164 
155236 
155237 
24166 
155238 
155239 
24168 
155240 
155241 
24170 
155242 
155243 
24172 
155244 
155245 
24174 
155246 
155247 
24176 
155248 
155249 
24178 
155250 
155251 
24180 
155252 
155253 
24182 
155254 
155255 
24184 
155256 
24186 
24188 
24190 
24192 
24194 
24196 
24198 
24200 
24202 
24204 
24206 
24208 
24210 
24212 
24214 
24216 
24217 
155383 
155384 
155387 
155388 
155391 
155392 
155393 
155394 
155395 
155396 
155397 
155398 
155399 
155400 
155403 
155404 
155405 
155406 
155407 
155408 
155409 
155410 
155411 
155412 
155413 
155414 
155415 
155416 
155417 
155418 
155419 
155420 
155421 
155422 
24351 
155423 
155424 
155425 
155426 
24355 
155427 
155428 
24357 
155429 
155430 
155431 
155432 
24361 
155433 
155434 
155435 
155436 
24365 
155437 
155438 
24367 
155439 
155440 
24369 
155441 
155442 
24371 
155443 
155444 
24373 
155445 
155446 
24375 
155447 
155448 
24377 
155449 
155450 
24379 
155451 
155452 
24381 
155453 
155454 
24383 
155455 
155456 
24385 
155457 
155458 
24387 
155459 
155460 
24389 
155461 
155462 
24391 
155463 
155464 
24393 
155465 
155466 
24395 
155467 
155468 
24397 
155469 
155470 
24399 
155471 
155472 
24401 
155473 
155474 
24403 
155475 
155476 
24405 
155477 
155478 
24407 
155479 
155480 
24409 
155481 
155482 
24411 
155483 
155484 
24413 
155485 
155486 
24415 
155487 
155488 
24417 
155489 
155490 
24419 
155491 
155492 
24421 
155493 
155494 
24423 
155495 
155496 
24425 
24427 
24429 
24431 
24433 
24435 
24437 
24439 
24441 
24443 
24445 
24447 
24449 
24451 
24453 
24455 
24456 
155623 
155624 
155627 
155628 
155631 
155632 
155633 
155634 
155635 
155636 
155637 
155638 
155639 
155640 
155643 
155644 
155645 
155646 
155647 
155648 
155649 
155650 
155651 
155652 
155653 
155654 
155655 
155656 
155657 
155658 
155659 
155660 
155661 
155662 
155663 
155664 
155665 
24594 
155666 
155667 
155668 
155669 
24598 
155670 
155671 
24600 
155672 
155673 
155674 
155675 
24604 
155676 
155677 
24606 
155678 
155679 
24608 
155680 
155681 
24610 
155682 
155683 
24612 
155684 
155685 
24614 
155686 
155687 
24616 
155688 
155689 
24618 
155690 
155691 
24620 
155692 
155693 
155694 
155695 
24624 
155696 
155697 
24626 
155698 
155699 
24628 
155700 
155701 
24630 
155702 
155703 
24632 
155704 
155705 
24634 
155706 
155707 
24636 
155708 
155709 
24638 
155710 
155711 
24640 
155712 
155713 
24642 
155714 
155715 
24644 
155716 
155717 
24646 
155718 
155719 
24648 
155720 
155721 
24650 
155722 
155723 
24652 
155724 
155725 
24654 
155726 
155727 
24656 
155728 
155729 
24658 
155730 
155731 
24660 
155732 
155733 
24662 
155734 
155735 
24664 
155736 
24666 
24668 
24670 
24672 
24674 
24676 
24678 
24680 
24682 
24684 
24686 
24688 
24690 
24692 
24694 
24695 
155863 
155864 
155867 
155868 
155873 
155874 
155875 
155876 
155877 
155878 
155879 
155880 
155883 
155884 
155885 
155886 
155887 
155888 
155889 
155890 
155891 
155892 
155893 
155894 
155895 
155896 
155897 
155898 
24827 
155899 
155900 
155901 
155902 
155903 
155904 
155905 
155906 
24835 
155907 
155908 
24837 
155909 
155910 
24839 
155911 
155912 
155913 
155914 
24843 
155915 
155916 
155917 
155918 
24847 
155919 
155920 
24849 
155921 
155922 
24851 
155923 
155924 
24853 
155925 
155926 
24855 
155927 
155928 
24857 
155929 
155930 
24859 
155931 
155932 
24861 
155933 
155934 
24863 
155935 
155936 
24865 
155937 
155938 
24867 
155939 
155940 
24869 
155941 
155942 
24871 
155943 
155944 
24873 
155945 
155946 
24875 
155947 
155948 
24877 
155949 
155950 
24879 
155951 
155952 
24881 
155953 
155954 
24883 
155955 
155956 
24885 
155957 
155958 
24887 
155959 
155960 
24889 
155961 
155962 
24891 
155963 
155964 
24893 
155965 
155966 
24895 
155967 
155968 
24897 
155969 
155970 
24899 
155971 
155972 
24901 
155973 
155974 
24903 
155975 
155976 
24905 
24907 
24909 
24911 
24913 
24915 
24917 
24919 
24921 
24923 
24925 
24927 
24929 
24931 
24933 
24934 
156103 
156104 
156107 
156108 
156109 
156110 
156113 
156114 
156115 
156116 
156117 
156118 
156119 
156120 
156123 
156124 
156125 
156126 
156127 
156128 
156129 
156130 
156131 
156132 
156133 
156134 
156135 
156136 
156137 
156138 
156139 
25068 
156140 
156141 
156142 
156143 
156144 
156145 
25074 
156146 
156147 
25076 
156148 
156149 
25078 
156150 
156151 
156152 
156153 
156154 
156155 
25084 
156156 
156157 
25086 
156158 
156159 
25088 
156160 
156161 
25090 
156162 
156163 
25092 
156164 
156165 
25094 
156166 
156167 
25096 
156168 
156169 
25098 
156170 
156171 
25100 
156172 
156173 
25102 
156174 
156175 
25104 
156176 
156177 
25106 
156178 
156179 
25108 
156180 
156181 
25110 
156182 
156183 
25112 
156184 
156185 
25114 
156186 
156187 
25116 
156188 
156189 
25118 
156190 
156191 
25120 
156192 
156193 
25122 
156194 
156195 
25124 
156196 
156197 
25126 
156198 
156199 
25128 
156200 
156201 
25130 
156202 
156203 
25132 
156204 
156205 
25134 
156206 
156207 
25136 
156208 
156209 
25138 
156210 
156211 
25140 
156212 
156213 
25142 
156214 
156215 
25144 
156216 
25146 
25148 
25150 
25152 
25154 
25156 
25158 
25160 
25162 
25164 
25166 
25168 
25170 
25172 
25173 
156343 
156344 
156347 
156348 
156349 
156350 
156353 
156354 
156355 
156356 
156357 
156358 
156359 
156360 
156363 
156364 
156365 
156366 
156367 
156368 
156369 
156370 
156371 
156372 
156373 
156374 
156375 
156376 
25305 
156377 
156378 
156379 
156380 
156381 
156382 
25311 
156383 
156384 
156385 
156386 
25315 
156387 
156388 
25317 
156389 
156390 
156391 
156392 
25321 
156393 
156394 
25323 
156395 
156396 
25325 
156397 
156398 
25327 
156399 
156400 
25329 
156401 
156402 
25331 
156403 
156404 
25333 
156405 
156406 
25335 
156407 
156408 
156409 
156410 
25339 
156411 
156412 
25341 
156413 
156414 
25343 
156415 
156416 
25345 
156417 
156418 
25347 
156419 
156420 
25349 
156421 
156422 
25351 
156423 
156424 
25353 
156425 
156426 
25355 
156427 
156428 
25357 
156429 
156430 
25359 
156431 
156432 
25361 
156433 
156434 
25363 
156435 
156436 
25365 
156437 
156438 
25367 
156439 
156440 
25369 
156441 
156442 
25371 
156443 
156444 
25373 
156445 
156446 
25375 
156447 
156448 
25377 
156449 
156450 
25379 
156451 
156452 
25381 
156453 
156454 
25383 
156455 
156456 
25385 
25387 
25389 
25391 
25393 
25395 
25397 
25399 
25401 
25403 
25405 
25407 
25409 
25411 
25412 
156583 
156584 
156587 
156588 
156589 
156590 
156593 
156594 
156595 
156596 
156597 
156598 
156599 
156600 
156603 
156604 
156605 
156606 
156607 
156608 
156609 
156610 
156611 
156612 
156613 
156614 
156615 
156616 
156617 
25546 
156618 
156619 
156620 
156621 
156622 
156623 
25552 
156624 
156625 
25554 
156626 
156627 
25556 
156628 
156629 
156630 
156631 
25560 
156632 
156633 
25562 
156634 
156635 
156636 
156637 
25566 
156638 
156639 
25568 
156640 
156641 
25570 
156642 
156643 
25572 
156644 
156645 
25574 
156646 
156647 
25576 
156648 
156649 
25578 
156650 
156651 
25580 
156652 
156653 
25582 
156654 
156655 
25584 
156656 
156657 
25586 
156658 
156659 
25588 
156660 
156661 
25590 
156662 
156663 
25592 
156664 
156665 
25594 
156666 
156667 
25596 
156668 
156669 
25598 
156670 
156671 
25600 
156672 
156673 
25602 
156674 
156675 
25604 
156676 
156677 
25606 
156678 
156679 
25608 
156680 
156681 
25610 
156682 
156683 
25612 
156684 
156685 
25614 
156686 
156687 
25616 
156688 
156689 
25618 
156690 
156691 
25620 
156692 
156693 
25622 
156694 
156695 
25624 
156696 
25626 
25628 
25630 
25632 
25634 
25636 
25638 
25640 
25642 
25644 
25646 
25648 
25650 
25651 
156823 
156824 
156827 
156828 
156829 
156830 
156833 
156834 
156835 
156836 
156837 
156838 
156839 
156840 
156843 
156844 
156845 
156846 
156847 
156848 
156849 
156850 
156851 
156852 
156853 
156854 
25783 
156855 
156856 
156857 
156858 
156859 
156860 
25789 
156861 
156862 
25791 
156863 
156864 
156865 
156866 
25795 
156867 
156868 
156869 
156870 
25799 
156871 
156872 
25801 
156873 
156874 
25803 
156875 
156876 
25805 
156877 
156878 
25807 
156879 
156880 
25809 
156881 
156882 
25811 
156883 
156884 
25813 
156885 
156886 
25815 
156887 
156888 
25817 
156889 
156890 
25819 
156891 
156892 
25821 
156893 
156894 
25823 
156895 
156896 
25825 
156897 
156898 
25827 
156899 
156900 
25829 
156901 
156902 
25831 
156903 
156904 
25833 
156905 
156906 
25835 
156907 
156908 
25837 
156909 
156910 
25839 
156911 
156912 
25841 
156913 
156914 
25843 
156915 
156916 
25845 
156917 
156918 
25847 
156919 
156920 
25849 
156921 
156922 
25851 
156923 
156924 
25853 
156925 
156926 
25855 
156927 
156928 
25857 
156929 
156930 
25859 
156931 
156932 
25861 
156933 
156934 
25863 
156935 
156936 
25865 
25867 
25869 
25871 
25873 
25875 
25877 
25879 
25881 
25883 
25885 
25887 
25889 
25890 
157063 
157064 
157067 
157068 
157069 
157070 
157073 
157074 
157075 
157076 
157077 
157078 
157079 
157080 
157083 
157084 
157085 
157086 
157087 
157088 
157089 
157090 
157091 
157092 
157093 
26022 
157094 
157095 
157096 
157097 
157098 
157099 
26028 
157100 
157101 
26030 
157102 
157103 
157104 
157105 
26034 
157106 
157107 
157108 
157109 
26038 
157110 
157111 
26040 
157112 
157113 
26042 
157114 
157115 
26044 
157116 
157117 
26046 
157118 
157119 
26048 
157120 
157121 
26050 
157122 
157123 
26052 
157124 
157125 
26054 
157126 
157127 
26056 
157128 
157129 
26058 
157130 
157131 
26060 
157132 
157133 
26062 
157134 
157135 
26064 
157136 
157137 
26066 
157138 
157139 
26068 
157140 
157141 
26070 
157142 
157143 
26072 
157144 
157145 
26074 
157146 
157147 
26076 
157148 
157149 
26078 
157150 
157151 
26080 
157152 
157153 
26082 
157154 
157155 
26084 
157156 
157157 
26086 
157158 
157159 
26088 
157160 
157161 
26090 
157162 
157163 
26092 
157164 
157165 
26094 
157166 
157167 
26096 
157168 
157169 
26098 
157170 
157171 
26100 
157172 
157173 
26102 
157174 
157175 
26104 
157176 
26106 
26108 
26110 
26112 
26114 
26116 
26118 
26120 
26122 
26124 
26126 
26128 
26129 
157303 
157304 
157307 
157308 
157309 
157310 
157313 
157314 
157315 
157316 
157317 
157318 
157319 
157320 
157323 
157324 
157325 
157326 
157327 
157328 
26257 
157329 
157330 
157331 
157332 
157333 
157334 
26263 
157335 
157336 
157337 
157338 
157339 
157340 
26269 
157341 
157342 
26271 
157343 
157344 
26273 
157345 
157346 
157347 
157348 
26277 
157349 
157350 
26279 
157351 
157352 
26281 
157353 
157354 
26283 
157355 
157356 
157357 
157358 
26287 
157359 
157360 
26289 
157361 
157362 
26291 
157363 
157364 
26293 
157365 
157366 
26295 
157367 
157368 
26297 
157369 
157370 
26299 
157371 
157372 
26301 
157373 
157374 
26303 
157375 
157376 
26305 
157377 
157378 
26307 
157379 
157380 
26309 
157381 
157382 
26311 
157383 
157384 
26313 
157385 
157386 
26315 
157387 
157388 
26317 
157389 
157390 
26319 
157391 
157392 
26321 
157393 
157394 
26323 
157395 
157396 
26325 
157397 
157398 
26327 
157399 
157400 
26329 
157401 
157402 
26331 
157403 
157404 
26333 
157405 
157406 
26335 
157407 
157408 
26337 
157409 
157410 
26339 
157411 
157412 
26341 
157413 
157414 
26343 
157415 
157416 
26345 
26347 
26349 
26351 
26353 
26355 
26357 
26359 
26361 
26363 
26365 
26367 
26368 
157543 
157544 
157547 
157548 
157549 
157550 
157553 
157554 
157555 
157556 
157557 
157558 
157559 
157560 
157563 
157564 
157565 
157566 
157567 
26496 
157568 
157569 
157570 
157571 
157572 
157573 
26502 
157574 
157575 
157576 
157577 
157578 
157579 
26508 
157580 
157581 
26510 
157582 
157583 
26512 
157584 
157585 
157586 
157587 
26516 
157588 
157589 
26518 
157590 
157591 
26520 
157592 
157593 
26522 
157594 
157595 
26524 
157596 
157597 
26526 
157598 
157599 
26528 
157600 
157601 
26530 
157602 
157603 
157604 
157605 
26534 
157606 
157607 
26536 
157608 
157609 
26538 
157610 
157611 
26540 
157612 
157613 
26542 
157614 
157615 
26544 
157616 
157617 
26546 
157618 
157619 
26548 
157620 
157621 
26550 
157622 
157623 
26552 
157624 
157625 
26554 
157626 
157627 
26556 
157628 
157629 
26558 
157630 
157631 
26560 
157632 
157633 
26562 
157634 
157635 
26564 
157636 
157637 
26566 
157638 
157639 
26568 
157640 
157641 
26570 
157642 
157643 
26572 
157644 
157645 
26574 
157646 
157647 
26576 
157648 
157649 
26578 
157650 
157651 
26580 
157652 
157653 
26582 
157654 
157655 
26584 
157656 
26586 
26588 
26590 
26592 
26594 
26596 
26598 
26600 
26602 
26604 
26606 
26607 
157783 
157784 
157787 
157788 
157789 
157790 
157793 
157794 
157795 
157796 
157797 
157798 
157799 
157800 
157803 
157804 
157805 
157806 
157807 
157808 
157809 
157810 
26739 
157811 
157812 
157813 
157814 
157815 
157816 
26745 
157817 
157818 
26747 
157819 
157820 
26749 
157821 
157822 
157823 
157824 
157825 
157826 
26755 
157827 
157828 
26757 
157829 
157830 
26759 
157831 
157832 
26761 
157833 
157834 
26763 
157835 
157836 
26765 
157837 
157838 
26767 
157839 
157840 
26769 
157841 
157842 
26771 
157843 
157844 
26773 
157845 
157846 
26775 
157847 
157848 
26777 
157849 
157850 
26779 
157851 
157852 
26781 
157853 
157854 
26783 
157855 
157856 
26785 
157857 
157858 
26787 
157859 
157860 
26789 
157861 
157862 
26791 
157863 
157864 
26793 
157865 
157866 
26795 
157867 
157868 
26797 
157869 
157870 
26799 
157871 
157872 
26801 
157873 
157874 
26803 
157875 
157876 
26805 
157877 
157878 
26807 
157879 
157880 
26809 
157881 
157882 
26811 
157883 
157884 
26813 
157885 
157886 
26815 
157887 
157888 
26817 
157889 
157890 
26819 
157891 
157892 
26821 
157893 
157894 
26823 
157895 
157896 
26825 
26827 
26829 
26831 
26833 
26835 
26837 
26839 
26841 
26843 
26845 
26846 
158023 
158024 
158027 
158028 
158029 
158030 
158033 
158034 
158035 
158036 
158037 
158038 
158039 
158040 
158043 
158044 
158045 
158046 
158047 
158048 
158049 
158050 
158051 
26980 
158052 
158053 
158054 
158055 
158056 
158057 
26986 
158058 
158059 
26988 
158060 
158061 
26990 
158062 
158063 
158064 
158065 
26994 
158066 
158067 
26996 
158068 
158069 
26998 
158070 
158071 
27000 
158072 
158073 
27002 
158074 
158075 
27004 
158076 
158077 
27006 
158078 
158079 
27008 
158080 
158081 
158082 
158083 
27012 
158084 
158085 
27014 
158086 
158087 
27016 
158088 
158089 
27018 
158090 
158091 
27020 
158092 
158093 
27022 
158094 
158095 
27024 
158096 
158097 
27026 
158098 
158099 
27028 
158100 
158101 
27030 
158102 
158103 
27032 
158104 
158105 
27034 
158106 
158107 
27036 
158108 
158109 
27038 
158110 
158111 
27040 
158112 
158113 
27042 
158114 
158115 
27044 
158116 
158117 
27046 
158118 
158119 
27048 
158120 
158121 
27050 
158122 
158123 
27052 
158124 
158125 
27054 
158126 
158127 
27056 
158128 
158129 
27058 
158130 
158131 
27060 
158132 
158133 
27062 
158134 
158135 
27064 
158136 
27066 
27068 
27070 
27072 
27074 
27076 
27078 
27080 
27082 
27084 
27085 
158263 
158264 
158267 
158268 
158269 
158270 
158273 
158274 
158275 
158276 
158277 
158278 
158279 
158280 
158283 
158284 
27213 
158285 
158286 
158287 
158288 
27217 
158289 
158290 
158291 
158292 
158293 
158294 
27223 
158295 
158296 
27225 
158297 
158298 
158299 
158300 
27229 
158301 
158302 
158303 
158304 
27233 
158305 
158306 
27235 
158307 
158308 
27237 
158309 
158310 
27239 
158311 
158312 
27241 
158313 
158314 
27243 
158315 
158316 
27245 
158317 
158318 
27247 
158319 
158320 
27249 
158321 
158322 
27251 
158323 
158324 
27253 
158325 
158326 
27255 
158327 
158328 
27257 
158329 
158330 
27259 
158331 
158332 
27261 
158333 
158334 
27263 
158335 
158336 
27265 
158337 
158338 
27267 
158339 
158340 
27269 
158341 
158342 
27271 
158343 
158344 
27273 
158345 
158346 
27275 
158347 
158348 
27277 
158349 
158350 
27279 
158351 
158352 
27281 
158353 
158354 
27283 
158355 
158356 
27285 
158357 
158358 
27287 
158359 
158360 
27289 
158361 
158362 
27291 
158363 
158364 
27293 
158365 
158366 
27295 
158367 
158368 
27297 
158369 
158370 
27299 
158371 
158372 
27301 
158373 
158374 
27303 
158375 
158376 
27305 
27307 
27309 
27311 
27313 
27315 
27317 
27319 
27321 
27323 
27324 
158503 
158504 
158507 
158508 
158509 
158510 
158513 
158514 
158515 
158516 
158517 
158518 
158519 
158520 
158523 
27452 
158524 
158525 
158526 
158527 
27456 
158528 
158529 
158530 
158531 
158532 
158533 
27462 
158534 
158535 
27464 
158536 
158537 
158538 
158539 
27468 
158540 
158541 
158542 
158543 
27472 
158544 
158545 
27474 
158546 
158547 
27476 
158548 
158549 
27478 
158550 
158551 
27480 
158552 
158553 
27482 
158554 
158555 
27484 
158556 
158557 
27486 
158558 
158559 
27488 
158560 
158561 
27490 
158562 
158563 
27492 
158564 
158565 
27494 
158566 
158567 
27496 
158568 
158569 
27498 
158570 
158571 
27500 
158572 
158573 
27502 
158574 
158575 
27504 
158576 
158577 
27506 
158578 
158579 
27508 
158580 
158581 
27510 
158582 
158583 
27512 
158584 
158585 
27514 
158586 
158587 
27516 
158588 
158589 
27518 
158590 
158591 
27520 
158592 
158593 
27522 
158594 
158595 
27524 
158596 
158597 
27526 
158598 
158599 
27528 
158600 
158601 
27530 
158602 
158603 
27532 
158604 
158605 
27534 
158606 
158607 
27536 
158608 
158609 
27538 
158610 
158611 
27540 
158612 
158613 
27542 
158614 
158615 
27544 
158616 
27546 
27548 
27550 
27552 
27554 
27556 
27558 
27560 
27562 
27563 
158743 
158744 
158747 
158748 
158749 
158750 
158753 
158754 
158755 
158756 
158757 
158758 
158759 
158760 
27691 
158763 
158764 
158765 
158766 
27695 
158767 
158768 
158769 
158770 
158771 
158772 
27701 
158773 
158774 
27703 
158775 
158776 
27705 
158777 
158778 
158779 
158780 
158781 
158782 
27711 
158783 
158784 
27713 
158785 
158786 
27715 
158787 
158788 
27717 
158789 
158790 
27719 
158791 
158792 
27721 
158793 
158794 
27723 
158795 
158796 
27725 
158797 
158798 
27727 
158799 
158800 
27729 
158801 
158802 
27731 
158803 
158804 
27733 
158805 
158806 
27735 
158807 
158808 
27737 
158809 
158810 
27739 
158811 
158812 
27741 
158813 
158814 
27743 
158815 
158816 
27745 
158817 
158818 
27747 
158819 
158820 
27749 
158821 
158822 
27751 
158823 
158824 
27753 
158825 
158826 
27755 
158827 
158828 
27757 
158829 
158830 
27759 
158831 
158832 
27761 
158833 
158834 
27763 
158835 
158836 
27765 
158837 
158838 
27767 
158839 
158840 
27769 
158841 
158842 
27771 
158843 
158844 
27773 
158845 
158846 
27775 
158847 
158848 
27777 
158849 
158850 
27779 
158851 
158852 
27781 
158853 
158854 
27783 
158855 
158856 
27785 
27787 
27789 
27791 
27793 
27795 
27797 
27799 
27801 
27802 
158983 
158984 
158987 
158988 
158989 
158990 
158993 
158994 
158995 
158996 
158997 
158998 
158999 
159000 
27930 
159003 
159004 
159005 
27934 
159006 
159007 
159008 
159009 
159010 
159011 
27940 
159012 
159013 
27942 
159014 
159015 
27944 
159016 
159017 
159018 
159019 
159020 
159021 
27950 
159022 
159023 
27952 
159024 
159025 
27954 
159026 
159027 
27956 
159028 
159029 
27958 
159030 
159031 
27960 
159032 
159033 
27962 
159034 
159035 
27964 
159036 
159037 
27966 
159038 
159039 
27968 
159040 
159041 
27970 
159042 
159043 
27972 
159044 
159045 
27974 
159046 
159047 
27976 
159048 
159049 
27978 
159050 
159051 
27980 
159052 
159053 
27982 
159054 
159055 
27984 
159056 
159057 
27986 
159058 
159059 
27988 
159060 
159061 
27990 
159062 
159063 
27992 
159064 
159065 
27994 
159066 
159067 
27996 
159068 
159069 
27998 
159070 
159071 
28000 
159072 
159073 
28002 
159074 
159075 
28004 
159076 
159077 
28006 
159078 
159079 
28008 
159080 
159081 
28010 
159082 
159083 
28012 
159084 
159085 
28014 
159086 
159087 
28016 
159088 
159089 
28018 
159090 
159091 
28020 
159092 
159093 
28022 
159094 
159095 
28024 
159096 
28026 
28028 
28030 
28032 
28034 
28036 
28038 
28040 
28041 
159223 
159224 
159227 
159228 
159229 
159230 
159233 
159234 
159235 
159236 
159237 
159238 
159239 
159240 
28169 
159243 
159244 
28173 
159245 
159246 
28175 
159247 
159248 
159249 
159250 
28179 
159251 
159252 
28181 
159253 
159254 
28183 
159255 
159256 
28185 
159257 
159258 
159259 
159260 
28189 
159261 
159262 
159263 
159264 
28193 
159265 
159266 
28195 
159267 
159268 
28197 
159269 
159270 
28199 
159271 
159272 
28201 
159273 
159274 
28203 
159275 
159276 
28205 
159277 
159278 
28207 
159279 
159280 
28209 
159281 
159282 
28211 
159283 
159284 
28213 
159285 
159286 
28215 
159287 
159288 
28217 
159289 
159290 
28219 
159291 
159292 
28221 
159293 
159294 
28223 
159295 
159296 
28225 
159297 
159298 
28227 
159299 
159300 
28229 
159301 
159302 
28231 
159303 
159304 
28233 
159305 
159306 
28235 
159307 
159308 
28237 
159309 
159310 
28239 
159311 
159312 
28241 
159313 
159314 
28243 
159315 
159316 
28245 
159317 
159318 
28247 
159319 
159320 
28249 
159321 
159322 
28251 
159323 
159324 
28253 
159325 
159326 
28255 
159327 
159328 
28257 
159329 
159330 
28259 
159331 
159332 
28261 
159333 
159334 
28263 
159335 
159336 
28265 
28267 
28269 
28271 
28273 
28275 
28277 
28279 
28280 
159463 
159464 
159467 
159468 
159469 
159470 
159473 
159474 
159475 
159476 
159477 
159478 
159479 
28408 
159480 
159483 
28412 
159484 
159485 
28414 
159486 
159487 
159488 
159489 
28418 
159490 
159491 
28420 
159492 
159493 
28422 
159494 
159495 
28424 
159496 
159497 
159498 
159499 
28428 
159500 
159501 
28430 
159502 
159503 
28432 
159504 
159505 
159506 
159507 
28436 
159508 
159509 
28438 
159510 
159511 
28440 
159512 
159513 
28442 
159514 
159515 
28444 
159516 
159517 
28446 
159518 
159519 
28448 
159520 
159521 
28450 
159522 
159523 
28452 
159524 
159525 
28454 
159526 
159527 
28456 
159528 
159529 
28458 
159530 
159531 
28460 
159532 
159533 
28462 
159534 
159535 
28464 
159536 
159537 
28466 
159538 
159539 
28468 
159540 
159541 
28470 
159542 
159543 
28472 
159544 
159545 
28474 
159546 
159547 
28476 
159548 
159549 
28478 
159550 
159551 
28480 
159552 
159553 
28482 
159554 
159555 
28484 
159556 
159557 
28486 
159558 
159559 
28488 
159560 
159561 
28490 
159562 
159563 
28492 
159564 
159565 
28494 
159566 
159567 
28496 
159568 
159569 
28498 
159570 
159571 
28500 
159572 
159573 
28502 
159574 
159575 
28504 
159576 
28506 
28508 
28510 
28512 
28514 
28516 
28518 
28519 
159703 
159704 
159707 
159708 
159709 
159710 
159713 
159714 
159715 
159716 
159717 
159718 
159719 
159720 
159723 
159724 
28653 
159725 
159726 
159727 
159728 
159729 
159730 
28659 
159731 
159732 
28661 
159733 
159734 
28663 
159735 
159736 
159737 
159738 
28667 
159739 
159740 
28669 
159741 
159742 
28671 
159743 
159744 
28673 
159745 
159746 
28675 
159747 
159748 
28677 
159749 
159750 
28679 
159751 
159752 
28681 
159753 
159754 
28683 
159755 
159756 
28685 
159757 
159758 
28687 
159759 
159760 
28689 
159761 
159762 
28691 
159763 
159764 
28693 
159765 
159766 
28695 
159767 
159768 
28697 
159769 
159770 
28699 
159771 
159772 
28701 
159773 
159774 
28703 
159775 
159776 
28705 
159777 
159778 
28707 
159779 
159780 
28709 
159781 
159782 
28711 
159783 
159784 
28713 
159785 
159786 
28715 
159787 
159788 
28717 
159789 
159790 
28719 
159791 
159792 
28721 
159793 
159794 
28723 
159795 
159796 
28725 
159797 
159798 
28727 
159799 
159800 
28729 
159801 
159802 
28731 
159803 
159804 
28733 
159805 
159806 
28735 
159807 
159808 
28737 
159809 
159810 
28739 
159811 
159812 
28741 
159813 
159814 
28743 
159815 
159816 
28745 
28747 
28749 
28751 
28753 
28755 
28757 
28758 
159943 
159944 
159947 
159948 
159949 
159950 
159953 
159954 
159955 
159956 
159957 
159958 
159959 
159960 
159963 
28892 
159964 
159965 
159966 
159967 
159968 
159969 
28898 
159970 
159971 
28900 
159972 
159973 
28902 
159974 
159975 
159976 
159977 
28906 
159978 
159979 
28908 
159980 
159981 
28910 
159982 
159983 
28912 
159984 
159985 
28914 
159986 
159987 
28916 
159988 
159989 
28918 
159990 
159991 
28920 
159992 
159993 
28922 
159994 
159995 
28924 
159996 
159997 
28926 
159998 
159999 
28928 
160000 
160001 
28930 
160002 
160003 
28932 
160004 
160005 
28934 
160006 
160007 
28936 
160008 
160009 
28938 
160010 
160011 
28940 
160012 
160013 
28942 
160014 
160015 
28944 
160016 
160017 
28946 
160018 
160019 
28948 
160020 
160021 
28950 
160022 
160023 
28952 
160024 
160025 
28954 
160026 
160027 
28956 
160028 
160029 
28958 
160030 
160031 
28960 
160032 
160033 
28962 
160034 
160035 
28964 
160036 
160037 
28966 
160038 
160039 
28968 
160040 
160041 
28970 
160042 
160043 
28972 
160044 
160045 
28974 
160046 
160047 
28976 
160048 
160049 
28978 
160050 
160051 
28980 
160052 
160053 
28982 
160054 
160055 
28984 
160056 
28986 
28988 
28990 
28992 
28994 
28996 
28997 
160183 
160184 
160187 
160188 
160189 
160190 
160193 
160194 
160195 
160196 
160197 
160198 
160199 
160200 
29131 
160203 
160204 
160205 
160206 
29135 
160207 
160208 
160209 
160210 
29139 
160211 
160212 
29141 
160213 
160214 
160215 
160216 
29145 
160217 
160218 
29147 
160219 
160220 
29149 
160221 
160222 
29151 
160223 
160224 
29153 
160225 
160226 
29155 
160227 
160228 
29157 
160229 
160230 
29159 
160231 
160232 
29161 
160233 
160234 
29163 
160235 
160236 
29165 
160237 
160238 
29167 
160239 
160240 
29169 
160241 
160242 
29171 
160243 
160244 
29173 
160245 
160246 
29175 
160247 
160248 
29177 
160249 
160250 
29179 
160251 
160252 
29181 
160253 
160254 
29183 
160255 
160256 
29185 
160257 
160258 
29187 
160259 
160260 
29189 
160261 
160262 
29191 
160263 
160264 
29193 
160265 
160266 
29195 
160267 
160268 
29197 
160269 
160270 
29199 
160271 
160272 
29201 
160273 
160274 
29203 
160275 
160276 
29205 
160277 
160278 
29207 
160279 
160280 
29209 
160281 
160282 
29211 
160283 
160284 
29213 
160285 
160286 
29215 
160287 
160288 
29217 
160289 
160290 
29219 
160291 
160292 
29221 
160293 
160294 
29223 
160295 
160296 
29225 
29227 
29229 
29231 
29233 
29235 
29236 
160423 
160424 
160427 
160428 
160429 
160430 
160433 
160434 
160435 
160436 
160437 
160438 
160439 
29368 
160440 
160443 
160444 
160445 
29374 
160446 
160447 
29376 
160448 
160449 
29378 
160450 
160451 
29380 
160452 
160453 
160454 
160455 
29384 
160456 
160457 
29386 
160458 
160459 
29388 
160460 
160461 
29390 
160462 
160463 
29392 
160464 
160465 
29394 
160466 
160467 
29396 
160468 
160469 
29398 
160470 
160471 
29400 
160472 
160473 
29402 
160474 
160475 
29404 
160476 
160477 
29406 
160478 
160479 
29408 
160480 
160481 
29410 
160482 
160483 
29412 
160484 
160485 
29414 
160486 
160487 
29416 
160488 
160489 
29418 
160490 
160491 
29420 
160492 
160493 
29422 
160494 
160495 
29424 
160496 
160497 
29426 
160498 
160499 
29428 
160500 
160501 
29430 
160502 
160503 
29432 
160504 
160505 
29434 
160506 
160507 
29436 
160508 
160509 
29438 
160510 
160511 
29440 
160512 
160513 
29442 
160514 
160515 
29444 
160516 
160517 
29446 
160518 
160519 
29448 
160520 
160521 
29450 
160522 
160523 
29452 
160524 
160525 
29454 
160526 
160527 
29456 
160528 
160529 
29458 
160530 
160531 
29460 
160532 
160533 
29462 
160534 
160535 
29464 
160536 
29466 
29468 
29470 
29472 
29474 
29475 
160663 
160664 
160667 
160668 
160669 
160670 
160673 
160674 
160675 
160676 
160677 
160678 
29607 
160679 
160680 
160683 
160684 
29613 
160685 
160686 
29615 
160687 
160688 
29617 
160689 
160690 
29619 
160691 
160692 
160693 
160694 
160695 
160696 
29625 
160697 
160698 
29627 
160699 
160700 
29629 
160701 
160702 
29631 
160703 
160704 
29633 
160705 
160706 
29635 
160707 
160708 
29637 
160709 
160710 
29639 
160711 
160712 
29641 
160713 
160714 
29643 
160715 
160716 
29645 
160717 
160718 
29647 
160719 
160720 
29649 
160721 
160722 
29651 
160723 
160724 
29653 
160725 
160726 
29655 
160727 
160728 
29657 
160729 
160730 
29659 
160731 
160732 
29661 
160733 
160734 
29663 
160735 
160736 
29665 
160737 
160738 
29667 
160739 
160740 
29669 
160741 
160742 
29671 
160743 
160744 
29673 
160745 
160746 
29675 
160747 
160748 
29677 
160749 
160750 
29679 
160751 
160752 
29681 
160753 
160754 
29683 
160755 
160756 
29685 
160757 
160758 
29687 
160759 
160760 
29689 
160761 
160762 
29691 
160763 
160764 
29693 
160765 
160766 
29695 
160767 
160768 
29697 
160769 
160770 
29699 
160771 
160772 
29701 
160773 
160774 
29703 
160775 
160776 
29705 
29707 
29709 
29711 
29713 
29714 
160903 
160904 
160907 
160908 
160909 
160910 
160913 
160914 
160915 
160916 
160917 
29846 
160918 
160919 
160920 
160923 
29852 
160924 
160925 
29854 
160926 
160927 
29856 
160928 
160929 
29858 
160930 
160931 
160932 
160933 
29862 
160934 
160935 
29864 
160936 
160937 
29866 
160938 
160939 
29868 
160940 
160941 
29870 
160942 
160943 
29872 
160944 
160945 
29874 
160946 
160947 
29876 
160948 
160949 
29878 
160950 
160951 
29880 
160952 
160953 
29882 
160954 
160955 
29884 
160956 
160957 
29886 
160958 
160959 
29888 
160960 
160961 
29890 
160962 
160963 
29892 
160964 
160965 
29894 
160966 
160967 
29896 
160968 
160969 
29898 
160970 
160971 
29900 
160972 
160973 
29902 
160974 
160975 
29904 
160976 
160977 
29906 
160978 
160979 
29908 
160980 
160981 
29910 
160982 
160983 
29912 
160984 
160985 
29914 
160986 
160987 
29916 
160988 
160989 
29918 
160990 
160991 
29920 
160992 
160993 
29922 
160994 
160995 
29924 
160996 
160997 
29926 
160998 
160999 
29928 
161000 
161001 
29930 
161002 
161003 
29932 
161004 
161005 
29934 
161006 
161007 
29936 
161008 
161009 
29938 
161010 
161011 
29940 
161012 
161013 
29942 
161014 
161015 
29944 
161016 
29946 
29948 
29950 
29952 
29953 
161143 
161144 
161147 
161148 
161149 
161150 
161153 
161154 
161155 
161156 
30085 
161157 
161158 
161159 
161160 
30091 
161163 
161164 
30093 
161165 
161166 
30095 
161167 
161168 
30097 
161169 
161170 
161171 
161172 
30101 
161173 
161174 
30103 
161175 
161176 
30105 
161177 
161178 
30107 
161179 
161180 
30109 
161181 
161182 
30111 
161183 
161184 
30113 
161185 
161186 
30115 
161187 
161188 
30117 
161189 
161190 
30119 
161191 
161192 
30121 
161193 
161194 
30123 
161195 
161196 
30125 
161197 
161198 
30127 
161199 
161200 
30129 
161201 
161202 
30131 
161203 
161204 
30133 
161205 
161206 
30135 
161207 
161208 
30137 
161209 
161210 
30139 
161211 
161212 
30141 
161213 
161214 
30143 
161215 
161216 
30145 
161217 
161218 
30147 
161219 
161220 
30149 
161221 
161222 
30151 
161223 
161224 
30153 
161225 
161226 
30155 
161227 
161228 
30157 
161229 
161230 
30159 
161231 
161232 
30161 
161233 
161234 
30163 
161235 
161236 
30165 
161237 
161238 
30167 
161239 
161240 
30169 
161241 
161242 
30171 
161243 
161244 
30173 
161245 
161246 
30175 
161247 
161248 
30177 
161249 
161250 
30179 
161251 
161252 
30181 
161253 
161254 
30183 
161255 
161256 
30185 
30187 
30189 
30191 
30192 
161383 
161384 
161387 
161388 
161389 
161390 
30320 
161393 
161394 
161395 
30324 
161396 
161397 
30326 
161398 
161399 
161400 
30330 
161403 
30332 
161404 
161405 
30334 
161406 
161407 
30336 
161408 
161409 
161410 
161411 
30340 
161412 
161413 
30342 
161414 
161415 
30344 
161416 
161417 
30346 
161418 
161419 
30348 
161420 
161421 
30350 
161422 
161423 
30352 
161424 
161425 
30354 
161426 
161427 
161428 
161429 
30358 
161430 
161431 
30360 
161432 
161433 
30362 
161434 
161435 
30364 
161436 
161437 
30366 
161438 
161439 
30368 
161440 
161441 
30370 
161442 
161443 
30372 
161444 
161445 
30374 
161446 
161447 
30376 
161448 
161449 
30378 
161450 
161451 
30380 
161452 
161453 
30382 
161454 
161455 
30384 
161456 
161457 
30386 
161458 
161459 
30388 
161460 
161461 
30390 
161462 
161463 
30392 
161464 
161465 
30394 
161466 
161467 
30396 
161468 
161469 
30398 
161470 
161471 
30400 
161472 
161473 
30402 
161474 
161475 
30404 
161476 
161477 
30406 
161478 
161479 
30408 
161480 
161481 
30410 
161482 
161483 
30412 
161484 
161485 
30414 
161486 
161487 
30416 
161488 
161489 
30418 
161490 
161491 
30420 
161492 
161493 
30422 
161494 
161495 
30424 
161496 
30426 
30428 
30430 
30431 
161623 
161624 
161627 
161628 
161629 
161630 
161633 
161634 
161635 
161636 
30565 
161637 
161638 
161639 
161640 
30569 
30571 
161643 
161644 
30573 
161645 
161646 
30575 
161647 
161648 
161649 
161650 
30579 
161651 
161652 
30581 
161653 
161654 
30583 
161655 
161656 
30585 
161657 
161658 
30587 
161659 
161660 
30589 
161661 
161662 
30591 
161663 
161664 
30593 
161665 
161666 
30595 
161667 
161668 
30597 
161669 
161670 
30599 
161671 
161672 
30601 
161673 
161674 
30603 
161675 
161676 
30605 
161677 
161678 
30607 
161679 
161680 
30609 
161681 
161682 
30611 
161683 
161684 
30613 
161685 
161686 
30615 
161687 
161688 
30617 
161689 
161690 
30619 
161691 
161692 
30621 
161693 
161694 
30623 
161695 
161696 
30625 
161697 
161698 
30627 
161699 
161700 
30629 
161701 
161702 
30631 
161703 
161704 
30633 
161705 
161706 
30635 
161707 
161708 
30637 
161709 
161710 
30639 
161711 
161712 
30641 
161713 
161714 
30643 
161715 
161716 
30645 
161717 
161718 
30647 
161719 
161720 
30649 
161721 
161722 
30651 
161723 
161724 
30653 
161725 
161726 
30655 
161727 
161728 
30657 
161729 
161730 
30659 
161731 
161732 
30661 
161733 
161734 
30663 
161735 
161736 
30665 
30667 
30669 
30670 
161863 
161864 
161867 
161868 
161869 
161870 
161873 
30802 
161874 
161875 
161876 
161877 
161878 
161879 
30808 
161880 
30810 
161883 
30812 
161884 
161885 
30814 
161886 
161887 
161888 
161889 
30818 
161890 
161891 
30820 
161892 
161893 
30822 
161894 
161895 
30824 
161896 
161897 
30826 
161898 
161899 
30828 
161900 
161901 
161902 
161903 
30832 
161904 
161905 
30834 
161906 
161907 
30836 
161908 
161909 
30838 
161910 
161911 
30840 
161912 
161913 
30842 
161914 
161915 
30844 
161916 
161917 
30846 
161918 
161919 
30848 
161920 
161921 
30850 
161922 
161923 
30852 
161924 
161925 
30854 
161926 
161927 
30856 
161928 
161929 
30858 
161930 
161931 
30860 
161932 
161933 
30862 
161934 
161935 
30864 
161936 
161937 
30866 
161938 
161939 
30868 
161940 
161941 
30870 
161942 
161943 
30872 
161944 
161945 
30874 
161946 
161947 
30876 
161948 
161949 
30878 
161950 
161951 
30880 
161952 
161953 
30882 
161954 
161955 
30884 
161956 
161957 
30886 
161958 
161959 
30888 
161960 
161961 
30890 
161962 
161963 
30892 
161964 
161965 
30894 
161966 
161967 
30896 
161968 
161969 
30898 
161970 
161971 
30900 
161972 
161973 
30902 
161974 
161975 
30904 
161976 
30906 
30908 
30909 
162103 
162104 
162107 
162108 
162109 
162110 
31041 
162113 
162114 
162115 
162116 
162117 
162118 
31047 
162119 
162120 
31049 
31051 
162123 
162124 
31053 
162125 
162126 
162127 
162128 
31057 
162129 
162130 
162131 
162132 
31061 
162133 
162134 
31063 
162135 
162136 
31065 
162137 
162138 
31067 
162139 
162140 
31069 
162141 
162142 
31071 
162143 
162144 
31073 
162145 
162146 
31075 
162147 
162148 
31077 
162149 
162150 
31079 
162151 
162152 
31081 
162153 
162154 
31083 
162155 
162156 
31085 
162157 
162158 
31087 
162159 
162160 
31089 
162161 
162162 
31091 
162163 
162164 
31093 
162165 
162166 
31095 
162167 
162168 
31097 
162169 
162170 
31099 
162171 
162172 
31101 
162173 
162174 
31103 
162175 
162176 
31105 
162177 
162178 
31107 
162179 
162180 
31109 
162181 
162182 
31111 
162183 
162184 
31113 
162185 
162186 
31115 
162187 
162188 
31117 
162189 
162190 
31119 
162191 
162192 
31121 
162193 
162194 
31123 
162195 
162196 
31125 
162197 
162198 
31127 
162199 
162200 
31129 
162201 
162202 
31131 
162203 
162204 
31133 
162205 
162206 
31135 
162207 
162208 
31137 
162209 
162210 
31139 
162211 
162212 
31141 
162213 
162214 
31143 
162215 
162216 
31145 
31147 
31148 
162343 
162344 
162347 
31276 
162348 
162349 
162350 
31280 
162353 
31282 
162354 
162355 
162356 
162357 
162358 
162359 
31288 
162360 
31290 
162363 
31292 
162364 
162365 
162366 
162367 
31296 
162368 
162369 
31298 
162370 
162371 
31300 
162372 
162373 
31302 
162374 
162375 
31304 
162376 
162377 
31306 
162378 
162379 
31308 
162380 
162381 
31310 
162382 
162383 
31312 
162384 
162385 
31314 
162386 
162387 
31316 
162388 
162389 
31318 
162390 
162391 
31320 
162392 
162393 
31322 
162394 
162395 
31324 
162396 
162397 
31326 
162398 
162399 
31328 
162400 
162401 
31330 
162402 
162403 
31332 
162404 
162405 
31334 
162406 
162407 
31336 
162408 
162409 
31338 
162410 
162411 
31340 
162412 
162413 
31342 
162414 
162415 
31344 
162416 
162417 
31346 
162418 
162419 
31348 
162420 
162421 
31350 
162422 
162423 
31352 
162424 
162425 
31354 
162426 
162427 
31356 
162428 
162429 
31358 
162430 
162431 
31360 
162432 
162433 
31362 
162434 
162435 
31364 
162436 
162437 
31366 
162438 
162439 
31368 
162440 
162441 
31370 
162442 
162443 
31372 
162444 
162445 
31374 
162446 
162447 
31376 
162448 
162449 
31378 
162450 
162451 
31380 
162452 
162453 
31382 
162454 
162455 
31384 
162456 
31386 
31387 
162583 
162584 
31515 
162587 
162588 
162589 
162590 
31521 
162593 
162594 
162595 
162596 
31525 
162597 
162598 
31527 
162599 
162600 
31531 
162603 
162604 
162605 
162606 
31535 
162607 
162608 
31537 
162609 
162610 
31539 
162611 
162612 
31541 
162613 
162614 
31543 
162615 
162616 
31545 
162617 
162618 
31547 
162619 
162620 
31549 
162621 
162622 
31551 
162623 
162624 
31553 
162625 
162626 
31555 
162627 
162628 
31557 
162629 
162630 
31559 
162631 
162632 
31561 
162633 
162634 
31563 
162635 
162636 
31565 
162637 
162638 
31567 
162639 
162640 
31569 
162641 
162642 
31571 
162643 
162644 
31573 
162645 
162646 
31575 
162647 
162648 
31577 
162649 
162650 
31579 
162651 
162652 
31581 
162653 
162654 
31583 
162655 
162656 
31585 
162657 
162658 
31587 
162659 
162660 
31589 
162661 
162662 
31591 
162663 
162664 
31593 
162665 
162666 
31595 
162667 
162668 
31597 
162669 
162670 
31599 
162671 
162672 
31601 
162673 
162674 
31603 
162675 
162676 
31605 
162677 
162678 
31607 
162679 
162680 
31609 
162681 
162682 
31611 
162683 
162684 
31613 
162685 
162686 
31615 
162687 
162688 
31617 
162689 
162690 
31619 
162691 
162692 
31621 
162693 
162694 
31623 
162695 
162696 
31625 
31626 
162823 
162824 
31754 
162827 
162828 
162829 
31758 
162830 
31760 
162833 
162834 
162835 
31764 
162836 
162837 
31766 
162838 
162839 
162840 
31770 
162843 
162844 
162845 
31774 
162846 
162847 
31776 
162848 
162849 
31778 
162850 
162851 
31780 
162852 
162853 
31782 
162854 
162855 
31784 
162856 
162857 
31786 
162858 
162859 
31788 
162860 
162861 
31790 
162862 
162863 
31792 
162864 
162865 
31794 
162866 
162867 
31796 
162868 
162869 
31798 
162870 
162871 
31800 
162872 
162873 
31802 
162874 
162875 
31804 
162876 
162877 
31806 
162878 
162879 
31808 
162880 
162881 
31810 
162882 
162883 
31812 
162884 
162885 
31814 
162886 
162887 
31816 
162888 
162889 
31818 
162890 
162891 
31820 
162892 
162893 
31822 
162894 
162895 
31824 
162896 
162897 
31826 
162898 
162899 
31828 
162900 
162901 
31830 
162902 
162903 
31832 
162904 
162905 
31834 
162906 
162907 
31836 
162908 
162909 
31838 
162910 
162911 
31840 
162912 
162913 
31842 
162914 
162915 
31844 
162916 
162917 
31846 
162918 
162919 
31848 
162920 
162921 
31850 
162922 
162923 
31852 
162924 
162925 
31854 
162926 
162927 
31856 
162928 
162929 
31858 
162930 
162931 
31860 
162932 
162933 
31862 
162934 
162935 
31864 
162936 
31865 
163063 
163064 
163067 
163068 
31997 
163069 
163070 
31999 
163073 
163074 
32003 
163075 
163076 
32005 
163077 
163078 
32007 
163079 
163080 
32009 
163083 
163084 
32013 
163085 
163086 
32015 
163087 
163088 
32017 
163089 
163090 
32019 
163091 
163092 
32021 
163093 
163094 
32023 
163095 
163096 
32025 
163097 
163098 
32027 
163099 
163100 
32029 
163101 
163102 
32031 
163103 
163104 
32033 
163105 
163106 
32035 
163107 
163108 
32037 
163109 
163110 
32039 
163111 
163112 
32041 
163113 
163114 
32043 
163115 
163116 
32045 
163117 
163118 
32047 
163119 
163120 
32049 
163121 
163122 
32051 
163123 
163124 
32053 
163125 
163126 
32055 
163127 
163128 
32057 
163129 
163130 
32059 
163131 
163132 
32061 
163133 
163134 
32063 
163135 
163136 
32065 
163137 
163138 
32067 
163139 
163140 
32069 
163141 
163142 
32071 
163143 
163144 
32073 
163145 
163146 
32075 
163147 
163148 
32077 
163149 
163150 
32079 
163151 
163152 
32081 
163153 
163154 
32083 
163155 
163156 
32085 
163157 
163158 
32087 
163159 
163160 
32089 
163161 
163162 
32091 
163163 
163164 
32093 
163165 
163166 
32095 
163167 
163168 
32097 
163169 
163170 
32099 
163171 
163172 
32101 
163173 
163174 
32103 
163175 
32104 
163176 
163303 
32232 
163304 
163307 
32236 
163308 
163309 
32238 
163310 
163313 
32242 
163314 
163315 
163316 
163317 
32246 
163318 
163319 
32248 
163320 
163323 
32252 
163324 
163325 
32254 
163326 
163327 
32256 
163328 
163329 
32258 
163330 
163331 
32260 
163332 
163333 
32262 
163334 
163335 
32264 
163336 
163337 
32266 
163338 
163339 
32268 
163340 
163341 
32270 
163342 
163343 
32272 
163344 
163345 
32274 
163346 
163347 
32276 
163348 
163349 
32278 
163350 
163351 
32280 
163352 
163353 
32282 
163354 
163355 
32284 
163356 
163357 
32286 
163358 
163359 
32288 
163360 
163361 
32290 
163362 
163363 
32292 
163364 
163365 
32294 
163366 
163367 
32296 
163368 
163369 
32298 
163370 
163371 
32300 
163372 
163373 
32302 
163374 
163375 
32304 
163376 
163377 
32306 
163378 
163379 
32308 
163380 
163381 
32310 
163382 
163383 
32312 
163384 
163385 
32314 
163386 
163387 
32316 
163388 
163389 
32318 
163390 
163391 
32320 
163392 
163393 
32322 
163394 
163395 
32324 
163396 
163397 
32326 
163398 
163399 
32328 
163400 
163401 
32330 
163402 
163403 
32332 
163404 
163405 
32334 
163406 
163407 
32336 
163408 
163409 
32338 
163410 
163411 
32340 
163412 
163413 
32342 
163414 
32343 
163415 
163416 
32471 
163543 
163544 
32475 
163547 
163548 
32477 
163549 
163550 
163553 
163554 
32483 
163555 
163556 
32485 
163557 
163558 
32487 
163559 
163560 
32491 
163563 
163564 
32493 
163565 
163566 
32495 
163567 
163568 
32497 
163569 
163570 
32499 
163571 
163572 
32501 
163573 
163574 
32503 
163575 
163576 
32505 
163577 
163578 
32507 
163579 
163580 
32509 
163581 
163582 
32511 
163583 
163584 
32513 
163585 
163586 
32515 
163587 
163588 
32517 
163589 
163590 
32519 
163591 
163592 
32521 
163593 
163594 
32523 
163595 
163596 
32525 
163597 
163598 
32527 
163599 
163600 
32529 
163601 
163602 
32531 
163603 
163604 
32533 
163605 
163606 
32535 
163607 
163608 
32537 
163609 
163610 
32539 
163611 
163612 
32541 
163613 
163614 
32543 
163615 
163616 
32545 
163617 
163618 
32547 
163619 
163620 
32549 
163621 
163622 
32551 
163623 
163624 
32553 
163625 
163626 
32555 
163627 
163628 
32557 
163629 
163630 
32559 
163631 
163632 
32561 
163633 
163634 
32563 
163635 
163636 
32565 
163637 
163638 
32567 
163639 
163640 
32569 
163641 
163642 
32571 
163643 
163644 
32573 
163645 
163646 
32575 
163647 
163648 
32577 
163649 
163650 
32579 
163651 
163652 
32581 
163653 
32582 
163654 
163655 
163656 
32710 
163783 
163784 
163787 
32716 
163788 
163789 
163790 
32720 
163793 
32722 
163794 
163795 
32724 
163796 
163797 
32726 
163798 
163799 
163800 
32730 
163803 
32732 
163804 
163805 
32734 
163806 
163807 
32736 
163808 
163809 
163810 
163811 
32740 
163812 
163813 
32742 
163814 
163815 
32744 
163816 
163817 
32746 
163818 
163819 
32748 
163820 
163821 
32750 
163822 
163823 
32752 
163824 
163825 
32754 
163826 
163827 
32756 
163828 
163829 
32758 
163830 
163831 
32760 
163832 
163833 
32762 
163834 
163835 
32764 
163836 
163837 
32766 
163838 
163839 
32768 
163840 
163841 
32770 
163842 
163843 
32772 
163844 
163845 
32774 
163846 
163847 
32776 
163848 
163849 
32778 
163850 
163851 
32780 
163852 
163853 
32782 
163854 
163855 
32784 
163856 
163857 
32786 
163858 
163859 
32788 
163860 
163861 
32790 
163862 
163863 
32792 
163864 
163865 
32794 
163866 
163867 
32796 
163868 
163869 
32798 
163870 
163871 
32800 
163872 
163873 
32802 
163874 
163875 
32804 
163876 
163877 
32806 
163878 
163879 
32808 
163880 
163881 
32810 
163882 
163883 
32812 
163884 
163885 
32814 
163886 
163887 
32816 
163888 
163889 
32818 
163890 
163891 
32820 
163892 
32821 
163893 
163894 
163895 
163896 
32949 
164023 
164024 
32955 
164027 
164028 
164029 
164030 
32959 
32961 
164033 
164034 
32963 
164035 
164036 
32965 
164037 
164038 
164039 
164040 
32969 
164043 
164044 
32973 
164045 
164046 
32975 
164047 
164048 
32977 
164049 
164050 
32979 
164051 
164052 
32981 
164053 
164054 
32983 
164055 
164056 
32985 
164057 
164058 
32987 
164059 
164060 
32989 
164061 
164062 
32991 
164063 
164064 
32993 
164065 
164066 
32995 
164067 
164068 
32997 
164069 
164070 
32999 
164071 
164072 
33001 
164073 
164074 
33003 
164075 
164076 
33005 
164077 
164078 
33007 
164079 
164080 
33009 
164081 
164082 
33011 
164083 
164084 
33013 
164085 
164086 
33015 
164087 
164088 
33017 
164089 
164090 
33019 
164091 
164092 
33021 
164093 
164094 
33023 
164095 
164096 
33025 
164097 
164098 
33027 
164099 
164100 
33029 
164101 
164102 
33031 
164103 
164104 
33033 
164105 
164106 
33035 
164107 
164108 
33037 
164109 
164110 
33039 
164111 
164112 
33041 
164113 
164114 
33043 
164115 
164116 
33045 
164117 
164118 
33047 
164119 
164120 
33049 
164121 
164122 
33051 
164123 
164124 
33053 
164125 
164126 
33055 
164127 
164128 
33057 
164129 
164130 
33059 
164131 
33060 
164132 
164133 
164134 
164135 
164136 
33188 
164263 
33192 
164264 
164267 
164268 
164269 
33198 
164270 
33200 
164273 
33202 
164274 
164275 
33204 
164276 
164277 
164278 
164279 
33208 
164280 
33210 
164283 
33212 
164284 
164285 
33214 
164286 
164287 
33216 
164288 
164289 
33218 
164290 
164291 
33220 
164292 
164293 
33222 
164294 
164295 
33224 
164296 
164297 
33226 
164298 
164299 
33228 
164300 
164301 
33230 
164302 
164303 
33232 
164304 
164305 
33234 
164306 
164307 
33236 
164308 
164309 
33238 
164310 
164311 
33240 
164312 
164313 
33242 
164314 
164315 
33244 
164316 
164317 
33246 
164318 
164319 
33248 
164320 
164321 
33250 
164322 
164323 
33252 
164324 
164325 
33254 
164326 
164327 
33256 
164328 
164329 
33258 
164330 
164331 
33260 
164332 
164333 
33262 
164334 
164335 
33264 
164336 
164337 
33266 
164338 
164339 
33268 
164340 
164341 
33270 
164342 
164343 
33272 
164344 
164345 
33274 
164346 
164347 
33276 
164348 
164349 
33278 
164350 
164351 
33280 
164352 
164353 
33282 
164354 
164355 
33284 
164356 
164357 
33286 
164358 
164359 
33288 
164360 
164361 
33290 
164362 
164363 
33292 
164364 
164365 
33294 
164366 
164367 
33296 
164368 
164369 
33298 
164370 
33299 
164371 
164372 
164373 
164374 
164375 
164376 
33427 
33431 
164503 
164504 
33433 
164507 
164508 
33437 
164509 
164510 
33439 
33441 
164513 
164514 
164515 
164516 
164517 
164518 
33447 
164519 
164520 
33449 
33451 
164523 
164524 
33453 
164525 
164526 
33455 
164527 
164528 
33457 
164529 
164530 
33459 
164531 
164532 
33461 
164533 
164534 
33463 
164535 
164536 
33465 
164537 
164538 
33467 
164539 
164540 
33469 
164541 
164542 
33471 
164543 
164544 
33473 
164545 
164546 
33475 
164547 
164548 
33477 
164549 
164550 
33479 
164551 
164552 
33481 
164553 
164554 
33483 
164555 
164556 
33485 
164557 
164558 
33487 
164559 
164560 
33489 
164561 
164562 
33491 
164563 
164564 
33493 
164565 
164566 
33495 
164567 
164568 
33497 
164569 
164570 
33499 
164571 
164572 
33501 
164573 
164574 
33503 
164575 
164576 
33505 
164577 
164578 
33507 
164579 
164580 
33509 
164581 
164582 
33511 
164583 
164584 
33513 
164585 
164586 
33515 
164587 
164588 
33517 
164589 
164590 
33519 
164591 
164592 
33521 
164593 
164594 
33523 
164595 
164596 
33525 
164597 
164598 
33527 
164599 
164600 
33529 
164601 
164602 
33531 
164603 
164604 
33533 
164605 
164606 
33535 
164607 
164608 
33537 
164609 
33538 
164610 
164611 
164612 
164613 
164614 
164615 
164616 
33670 
164743 
33672 
164744 
164747 
164748 
164749 
33678 
164750 
33680 
164753 
33682 
164754 
164755 
164756 
164757 
33686 
164758 
164759 
33688 
164760 
33690 
164763 
33692 
164764 
164765 
33694 
164766 
164767 
33696 
164768 
164769 
33698 
164770 
164771 
33700 
164772 
164773 
33702 
164774 
164775 
33704 
164776 
164777 
33706 
164778 
164779 
33708 
164780 
164781 
33710 
164782 
164783 
33712 
164784 
164785 
33714 
164786 
164787 
33716 
164788 
164789 
33718 
164790 
164791 
33720 
164792 
164793 
33722 
164794 
164795 
33724 
164796 
164797 
33726 
164798 
164799 
33728 
164800 
164801 
33730 
164802 
164803 
33732 
164804 
164805 
33734 
164806 
164807 
33736 
164808 
164809 
33738 
164810 
164811 
33740 
164812 
164813 
33742 
164814 
164815 
33744 
164816 
164817 
33746 
164818 
164819 
33748 
164820 
164821 
33750 
164822 
164823 
33752 
164824 
164825 
33754 
164826 
164827 
33756 
164828 
164829 
33758 
164830 
164831 
33760 
164832 
164833 
33762 
164834 
164835 
33764 
164836 
164837 
33766 
164838 
164839 
33768 
164840 
164841 
33770 
164842 
164843 
33772 
164844 
164845 
33774 
164846 
164847 
33776 
164848 
33777 
164849 
164850 
164851 
164852 
164853 
164854 
164855 
164856 
33905 
33909 
164983 
164984 
33915 
164987 
164988 
33917 
164989 
164990 
33919 
33921 
164993 
164994 
164995 
164996 
33925 
164997 
164998 
33927 
164999 
165000 
33929 
33931 
165003 
165004 
33933 
165005 
165006 
33935 
165007 
165008 
33937 
165009 
165010 
33939 
165011 
165012 
33941 
165013 
165014 
33943 
165015 
165016 
33945 
165017 
165018 
33947 
165019 
165020 
33949 
165021 
165022 
33951 
165023 
165024 
33953 
165025 
165026 
33955 
165027 
165028 
33957 
165029 
165030 
33959 
165031 
165032 
33961 
165033 
165034 
33963 
165035 
165036 
33965 
165037 
165038 
33967 
165039 
165040 
33969 
165041 
165042 
33971 
165043 
165044 
33973 
165045 
165046 
33975 
165047 
165048 
33977 
165049 
165050 
33979 
165051 
165052 
33981 
165053 
165054 
33983 
165055 
165056 
33985 
165057 
165058 
33987 
165059 
165060 
33989 
165061 
165062 
33991 
165063 
165064 
33993 
165065 
165066 
33995 
165067 
165068 
33997 
165069 
165070 
33999 
165071 
165072 
34001 
165073 
165074 
34003 
165075 
165076 
34005 
165077 
165078 
34007 
165079 
165080 
34009 
165081 
165082 
34011 
165083 
165084 
34013 
165085 
165086 
34015 
165087 
34016 
165088 
165089 
165090 
165091 
165092 
165093 
165094 
165095 
165096 
34144 
34148 
34150 
165223 
165224 
34154 
165227 
34156 
165228 
165229 
34158 
165230 
34160 
165233 
165234 
165235 
34164 
165236 
165237 
34166 
165238 
165239 
34168 
165240 
34170 
165243 
165244 
165245 
34174 
165246 
165247 
34176 
165248 
165249 
34178 
165250 
165251 
34180 
165252 
165253 
34182 
165254 
165255 
34184 
165256 
165257 
34186 
165258 
165259 
34188 
165260 
165261 
34190 
165262 
165263 
34192 
165264 
165265 
34194 
165266 
165267 
34196 
165268 
165269 
34198 
165270 
165271 
34200 
165272 
165273 
34202 
165274 
165275 
34204 
165276 
165277 
34206 
165278 
165279 
34208 
165280 
165281 
34210 
165282 
165283 
34212 
165284 
165285 
34214 
165286 
165287 
34216 
165288 
165289 
34218 
165290 
165291 
34220 
165292 
165293 
34222 
165294 
165295 
34224 
165296 
165297 
34226 
165298 
165299 
34228 
165300 
165301 
34230 
165302 
165303 
34232 
165304 
165305 
34234 
165306 
165307 
34236 
165308 
165309 
34238 
165310 
165311 
34240 
165312 
165313 
34242 
165314 
165315 
34244 
165316 
165317 
34246 
165318 
165319 
34248 
165320 
165321 
34250 
165322 
165323 
34252 
165324 
165325 
34254 
165326 
34255 
165327 
165328 
165329 
165330 
165331 
165332 
165333 
165334 
165335 
165336 
34383 
34387 
34389 
165463 
165464 
34393 
34395 
165467 
165468 
34397 
165469 
165470 
34399 
165473 
165474 
34403 
165475 
165476 
34405 
165477 
165478 
34407 
165479 
165480 
34409 
34411 
165483 
165484 
34413 
165485 
165486 
34415 
165487 
165488 
34417 
165489 
165490 
34419 
165491 
165492 
34421 
165493 
165494 
34423 
165495 
165496 
34425 
165497 
165498 
34427 
165499 
165500 
34429 
165501 
165502 
34431 
165503 
165504 
34433 
165505 
165506 
34435 
165507 
165508 
34437 
165509 
165510 
34439 
165511 
165512 
34441 
165513 
165514 
34443 
165515 
165516 
34445 
165517 
165518 
34447 
165519 
165520 
34449 
165521 
165522 
34451 
165523 
165524 
34453 
165525 
165526 
34455 
165527 
165528 
34457 
165529 
165530 
34459 
165531 
165532 
34461 
165533 
165534 
34463 
165535 
165536 
34465 
165537 
165538 
34467 
165539 
165540 
34469 
165541 
165542 
34471 
165543 
165544 
34473 
165545 
165546 
34475 
165547 
165548 
34477 
165549 
165550 
34479 
165551 
165552 
34481 
165553 
165554 
34483 
165555 
165556 
34485 
165557 
165558 
34487 
165559 
165560 
34489 
165561 
165562 
34491 
165563 
165564 
34493 
165565 
34494 
165566 
165567 
165568 
165569 
165570 
165571 
165572 
165573 
165574 
165575 
165576 
34622 
34626 
34628 
165703 
165704 
34634 
165707 
34636 
165708 
165709 
34638 
165710 
165713 
34642 
165714 
165715 
34644 
165716 
165717 
34646 
165718 
165719 
34648 
165720 
34650 
165723 
34652 
165724 
165725 
34654 
165726 
165727 
34656 
165728 
165729 
34658 
165730 
165731 
34660 
165732 
165733 
34662 
165734 
165735 
34664 
165736 
165737 
34666 
165738 
165739 
34668 
165740 
165741 
34670 
165742 
165743 
34672 
165744 
165745 
34674 
165746 
165747 
34676 
165748 
165749 
34678 
165750 
165751 
34680 
165752 
165753 
34682 
165754 
165755 
34684 
165756 
165757 
34686 
165758 
165759 
34688 
165760 
165761 
34690 
165762 
165763 
34692 
165764 
165765 
34694 
165766 
165767 
34696 
165768 
165769 
34698 
165770 
165771 
34700 
165772 
165773 
34702 
165774 
165775 
34704 
165776 
165777 
34706 
165778 
165779 
34708 
165780 
165781 
34710 
165782 
165783 
34712 
165784 
165785 
34714 
165786 
165787 
34716 
165788 
165789 
34718 
165790 
165791 
34720 
165792 
165793 
34722 
165794 
165795 
34724 
165796 
165797 
34726 
165798 
165799 
34728 
165800 
165801 
34730 
165802 
165803 
34732 
165804 
34733 
165805 
165806 
165807 
165808 
165809 
165810 
165811 
165812 
165813 
165814 
165815 
165816 
34861 
34865 
34871 
165943 
165944 
34873 
34875 
165947 
165948 
34877 
165949 
165950 
34881 
165953 
165954 
34883 
165955 
165956 
34885 
165957 
165958 
34887 
165959 
165960 
34889 
34891 
165963 
165964 
34893 
165965 
165966 
34895 
165967 
165968 
34897 
165969 
165970 
34899 
165971 
165972 
34901 
165973 
165974 
34903 
165975 
165976 
34905 
165977 
165978 
34907 
165979 
165980 
34909 
165981 
165982 
34911 
165983 
165984 
34913 
165985 
165986 
34915 
165987 
165988 
34917 
165989 
165990 
34919 
165991 
165992 
34921 
165993 
165994 
34923 
165995 
165996 
34925 
165997 
165998 
34927 
165999 
166000 
34929 
166001 
166002 
34931 
166003 
166004 
34933 
166005 
166006 
34935 
166007 
166008 
34937 
166009 
166010 
34939 
166011 
166012 
34941 
166013 
166014 
34943 
166015 
166016 
34945 
166017 
166018 
34947 
166019 
166020 
34949 
166021 
166022 
34951 
166023 
166024 
34953 
166025 
166026 
34955 
166027 
166028 
34957 
166029 
166030 
34959 
166031 
166032 
34961 
166033 
166034 
34963 
166035 
166036 
34965 
166037 
166038 
34967 
166039 
166040 
34969 
166041 
166042 
34971 
166043 
34972 
166044 
166045 
166046 
166047 
166048 
166049 
166050 
166051 
166052 
166053 
166054 
166055 
166056 
35100 
35104 
35106 
35110 
166183 
35112 
166184 
35114 
166187 
35116 
166188 
166189 
166190 
35120 
166193 
35122 
166194 
166195 
35124 
166196 
166197 
35126 
166198 
166199 
35128 
166200 
35130 
166203 
35132 
166204 
166205 
35134 
166206 
166207 
35136 
166208 
166209 
35138 
166210 
166211 
35140 
166212 
166213 
35142 
166214 
166215 
35144 
166216 
166217 
35146 
166218 
166219 
35148 
166220 
166221 
35150 
166222 
166223 
35152 
166224 
166225 
35154 
166226 
166227 
35156 
166228 
166229 
35158 
166230 
166231 
35160 
166232 
166233 
35162 
166234 
166235 
35164 
166236 
166237 
35166 
166238 
166239 
35168 
166240 
166241 
35170 
166242 
166243 
35172 
166244 
166245 
35174 
166246 
166247 
35176 
166248 
166249 
35178 
166250 
166251 
35180 
166252 
166253 
35182 
166254 
166255 
35184 
166256 
166257 
35186 
166258 
166259 
35188 
166260 
166261 
35190 
166262 
166263 
35192 
166264 
166265 
35194 
166266 
166267 
35196 
166268 
166269 
35198 
166270 
166271 
35200 
166272 
166273 
35202 
166274 
166275 
35204 
166276 
166277 
35206 
166278 
166279 
35208 
166280 
166281 
35210 
166282 
35211 
166283 
166284 
166285 
166286 
166287 
166288 
166289 
166290 
166291 
166292 
166293 
166294 
166295 
166296 
35339 
35343 
35345 
35349 
35351 
166423 
166424 
35353 
35355 
166427 
166428 
166429 
166430 
35359 
35361 
166433 
166434 
35363 
166435 
166436 
35365 
166437 
166438 
35367 
166439 
166440 
35369 
35371 
166443 
166444 
35373 
166445 
166446 
35375 
166447 
166448 
166449 
166450 
35379 
166451 
166452 
35381 
166453 
166454 
35383 
166455 
166456 
35385 
166457 
166458 
35387 
166459 
166460 
35389 
166461 
166462 
35391 
166463 
166464 
35393 
166465 
166466 
35395 
166467 
166468 
35397 
166469 
166470 
35399 
166471 
166472 
35401 
166473 
166474 
35403 
166475 
166476 
35405 
166477 
166478 
35407 
166479 
166480 
35409 
166481 
166482 
35411 
166483 
166484 
35413 
166485 
166486 
35415 
166487 
166488 
35417 
166489 
166490 
35419 
166491 
166492 
35421 
166493 
166494 
35423 
166495 
166496 
35425 
166497 
166498 
35427 
166499 
166500 
35429 
166501 
166502 
35431 
166503 
166504 
35433 
166505 
166506 
35435 
166507 
166508 
35437 
166509 
166510 
35439 
166511 
166512 
35441 
166513 
166514 
35443 
166515 
166516 
35445 
166517 
166518 
35447 
166519 
166520 
35449 
166521 
35450 
166522 
166523 
166524 
166525 
166526 
166527 
166528 
166529 
166530 
166531 
166532 
166533 
166534 
166535 
166536 
35578 
35582 
35584 
35588 
35590 
166663 
166664 
35594 
166667 
166668 
166669 
35598 
166670 
35600 
166673 
35602 
166674 
166675 
35604 
166676 
166677 
35606 
166678 
166679 
35608 
166680 
35610 
166683 
35612 
166684 
166685 
35614 
166686 
166687 
35616 
166688 
166689 
35618 
166690 
166691 
35620 
166692 
166693 
35622 
166694 
166695 
35624 
166696 
166697 
35626 
166698 
166699 
35628 
166700 
166701 
35630 
166702 
166703 
35632 
166704 
166705 
35634 
166706 
166707 
35636 
166708 
166709 
35638 
166710 
166711 
35640 
166712 
166713 
35642 
166714 
166715 
35644 
166716 
166717 
35646 
166718 
166719 
35648 
166720 
166721 
35650 
166722 
166723 
35652 
166724 
166725 
35654 
166726 
166727 
35656 
166728 
166729 
35658 
166730 
166731 
35660 
166732 
166733 
35662 
166734 
166735 
35664 
166736 
166737 
35666 
166738 
166739 
35668 
166740 
166741 
35670 
166742 
166743 
35672 
166744 
166745 
35674 
166746 
166747 
35676 
166748 
166749 
35678 
166750 
166751 
35680 
166752 
166753 
35682 
166754 
166755 
35684 
166756 
166757 
35686 
166758 
166759 
35688 
166760 
35689 
166761 
166762 
166763 
166764 
166765 
166766 
166767 
166768 
166769 
166770 
166771 
166772 
166773 
166774 
166775 
166776 
35817 
35821 
35823 
35827 
35831 
166903 
166904 
35833 
166907 
166908 
35837 
166909 
166910 
35839 
35841 
166913 
166914 
35843 
166915 
166916 
35845 
166917 
166918 
35847 
166919 
166920 
35849 
35851 
166923 
166924 
35853 
166925 
166926 
35855 
166927 
166928 
35857 
166929 
166930 
35859 
166931 
166932 
35861 
166933 
166934 
35863 
166935 
166936 
35865 
166937 
166938 
35867 
166939 
166940 
35869 
166941 
166942 
35871 
166943 
166944 
35873 
166945 
166946 
35875 
166947 
166948 
35877 
166949 
166950 
35879 
166951 
166952 
35881 
166953 
166954 
35883 
166955 
166956 
35885 
166957 
166958 
35887 
166959 
166960 
35889 
166961 
166962 
35891 
166963 
166964 
35893 
166965 
166966 
35895 
166967 
166968 
35897 
166969 
166970 
35899 
166971 
166972 
35901 
166973 
166974 
35903 
166975 
166976 
35905 
166977 
166978 
35907 
166979 
166980 
35909 
166981 
166982 
35911 
166983 
166984 
35913 
166985 
166986 
35915 
166987 
166988 
35917 
166989 
166990 
35919 
166991 
166992 
35921 
166993 
166994 
35923 
166995 
166996 
35925 
166997 
166998 
35927 
166999 
35928 
167000 
167001 
167002 
167003 
167004 
167005 
167006 
167007 
167008 
167009 
167010 
167011 
167012 
167013 
167014 
167015 
167016 
36056 
36060 
36062 
36066 
36068 
167143 
36072 
167144 
167147 
36076 
167148 
167149 
36078 
167150 
36080 
167153 
36082 
167154 
167155 
36084 
167156 
167157 
36086 
167158 
167159 
36088 
167160 
36090 
167163 
36092 
167164 
167165 
36094 
167166 
167167 
36096 
167168 
167169 
36098 
167170 
167171 
36100 
167172 
167173 
36102 
167174 
167175 
36104 
167176 
167177 
36106 
167178 
167179 
36108 
167180 
167181 
36110 
167182 
167183 
36112 
167184 
167185 
36114 
167186 
167187 
36116 
167188 
167189 
36118 
167190 
167191 
36120 
167192 
167193 
36122 
167194 
167195 
36124 
167196 
167197 
36126 
167198 
167199 
36128 
167200 
167201 
36130 
167202 
167203 
36132 
167204 
167205 
36134 
167206 
167207 
36136 
167208 
167209 
36138 
167210 
167211 
36140 
167212 
167213 
36142 
167214 
167215 
36144 
167216 
167217 
36146 
167218 
167219 
36148 
167220 
167221 
36150 
167222 
167223 
36152 
167224 
167225 
36154 
167226 
167227 
36156 
167228 
167229 
36158 
167230 
167231 
36160 
167232 
167233 
36162 
167234 
167235 
36164 
167236 
167237 
36166 
167238 
36167 
167239 
167240 
167241 
167242 
167243 
167244 
167245 
167246 
167247 
167248 
167249 
167250 
167251 
167252 
167253 
167254 
167255 
167256 
36295 
36299 
36301 
36305 
36307 
36309 
167383 
167384 
36315 
167387 
167388 
36317 
167389 
167390 
36319 
36321 
167393 
167394 
36323 
167395 
167396 
36325 
167397 
167398 
36327 
167399 
167400 
36329 
36331 
167403 
167404 
36333 
167405 
167406 
36335 
167407 
167408 
36337 
167409 
167410 
36339 
167411 
167412 
36341 
167413 
167414 
36343 
167415 
167416 
36345 
167417 
167418 
36347 
167419 
167420 
36349 
167421 
167422 
36351 
167423 
167424 
36353 
167425 
167426 
36355 
167427 
167428 
36357 
167429 
167430 
36359 
167431 
167432 
36361 
167433 
167434 
36363 
167435 
167436 
36365 
167437 
167438 
36367 
167439 
167440 
36369 
167441 
167442 
36371 
167443 
167444 
36373 
167445 
167446 
36375 
167447 
167448 
36377 
167449 
167450 
36379 
167451 
167452 
36381 
167453 
167454 
36383 
167455 
167456 
36385 
167457 
167458 
36387 
167459 
167460 
36389 
167461 
167462 
36391 
167463 
167464 
36393 
167465 
167466 
36395 
167467 
167468 
36397 
167469 
167470 
36399 
167471 
167472 
36401 
167473 
167474 
36403 
167475 
167476 
36405 
167477 
36406 
167478 
167479 
167480 
167481 
167482 
167483 
167484 
167485 
167486 
167487 
167488 
167489 
167490 
167491 
167492 
167493 
167494 
167495 
167496 
36534 
36538 
36540 
36544 
36546 
36548 
36550 
167623 
167624 
36554 
167627 
36556 
167628 
167629 
167630 
36560 
167633 
36562 
167634 
167635 
36564 
167636 
167637 
36566 
167638 
167639 
36568 
167640 
36570 
167643 
36572 
167644 
167645 
36574 
167646 
167647 
36576 
167648 
167649 
36578 
167650 
167651 
36580 
167652 
167653 
36582 
167654 
167655 
36584 
167656 
167657 
36586 
167658 
167659 
36588 
167660 
167661 
36590 
167662 
167663 
36592 
167664 
167665 
36594 
167666 
167667 
36596 
167668 
167669 
36598 
167670 
167671 
36600 
167672 
167673 
36602 
167674 
167675 
36604 
167676 
167677 
36606 
167678 
167679 
36608 
167680 
167681 
36610 
167682 
167683 
36612 
167684 
167685 
36614 
167686 
167687 
36616 
167688 
167689 
36618 
167690 
167691 
36620 
167692 
167693 
36622 
167694 
167695 
36624 
167696 
167697 
36626 
167698 
167699 
36628 
167700 
167701 
36630 
167702 
167703 
36632 
167704 
167705 
36634 
167706 
167707 
36636 
167708 
167709 
36638 
167710 
167711 
36640 
167712 
167713 
36642 
167714 
167715 
36644 
167716 
36645 
167717 
167718 
167719 
167720 
167721 
167722 
167723 
167724 
167725 
167726 
167727 
167728 
167729 
167730 
167731 
167732 
167733 
167734 
167735 
167736 
36773 
36777 
36779 
36783 
36785 
36787 
36789 
167863 
167864 
36793 
36795 
167867 
167868 
36797 
167869 
167870 
36799 
36801 
167873 
167874 
36803 
167875 
167876 
36805 
167877 
167878 
36807 
167879 
167880 
36809 
36811 
167883 
167884 
36813 
167885 
167886 
36815 
167887 
167888 
36817 
167889 
167890 
36819 
167891 
167892 
36821 
167893 
167894 
36823 
167895 
167896 
36825 
167897 
167898 
36827 
167899 
167900 
36829 
167901 
167902 
36831 
167903 
167904 
36833 
167905 
167906 
36835 
167907 
167908 
36837 
167909 
167910 
36839 
167911 
167912 
36841 
167913 
167914 
36843 
167915 
167916 
36845 
167917 
167918 
36847 
167919 
167920 
36849 
167921 
167922 
36851 
167923 
167924 
36853 
167925 
167926 
36855 
167927 
167928 
36857 
167929 
167930 
36859 
167931 
167932 
36861 
167933 
167934 
36863 
167935 
167936 
36865 
167937 
167938 
36867 
167939 
167940 
36869 
167941 
167942 
36871 
167943 
167944 
36873 
167945 
167946 
36875 
167947 
167948 
36877 
167949 
167950 
36879 
167951 
167952 
36881 
167953 
167954 
36883 
167955 
36884 
167956 
167957 
167958 
167959 
167960 
167961 
167962 
167963 
167964 
167965 
167966 
167967 
167968 
167969 
167970 
167971 
167972 
167973 
167974 
167975 
167976 
37012 
37016 
37018 
37022 
37024 
37026 
37028 
168103 
37032 
168104 
37034 
168107 
37036 
168108 
168109 
37038 
168110 
37040 
168113 
37042 
168114 
168115 
37044 
168116 
168117 
37046 
168118 
168119 
37048 
168120 
37050 
168123 
37052 
168124 
168125 
37054 
168126 
168127 
37056 
168128 
168129 
37058 
168130 
168131 
37060 
168132 
168133 
37062 
168134 
168135 
37064 
168136 
168137 
37066 
168138 
168139 
37068 
168140 
168141 
37070 
168142 
168143 
37072 
168144 
168145 
37074 
168146 
168147 
37076 
168148 
168149 
37078 
168150 
168151 
37080 
168152 
168153 
37082 
168154 
168155 
37084 
168156 
168157 
37086 
168158 
168159 
37088 
168160 
168161 
37090 
168162 
168163 
37092 
168164 
168165 
37094 
168166 
168167 
37096 
168168 
168169 
37098 
168170 
168171 
37100 
168172 
168173 
37102 
168174 
168175 
37104 
168176 
168177 
37106 
168178 
168179 
37108 
168180 
168181 
37110 
168182 
168183 
37112 
168184 
168185 
37114 
168186 
168187 
37116 
168188 
168189 
37118 
168190 
168191 
37120 
168192 
168193 
37122 
168194 
37123 
168195 
168196 
168197 
168198 
168199 
168200 
168201 
168202 
168203 
168204 
168205 
168206 
168207 
168208 
168209 
168210 
168211 
168212 
168213 
168214 
168215 
168216 
37255 
37257 
37261 
37263 
37265 
37267 
37271 
168343 
168344 
37273 
37275 
168347 
168348 
37277 
168349 
168350 
37279 
37281 
168353 
168354 
37283 
168355 
168356 
37285 
168357 
168358 
37287 
168359 
168360 
37289 
37291 
168363 
168364 
37293 
168365 
168366 
37295 
168367 
168368 
37297 
168369 
168370 
37299 
168371 
168372 
37301 
168373 
168374 
37303 
168375 
168376 
37305 
168377 
168378 
37307 
168379 
168380 
37309 
168381 
168382 
37311 
168383 
168384 
37313 
168385 
168386 
37315 
168387 
168388 
37317 
168389 
168390 
37319 
168391 
168392 
37321 
168393 
168394 
37323 
168395 
168396 
37325 
168397 
168398 
37327 
168399 
168400 
37329 
168401 
168402 
37331 
168403 
168404 
37333 
168405 
168406 
37335 
168407 
168408 
37337 
168409 
168410 
37339 
168411 
168412 
37341 
168413 
168414 
37343 
168415 
168416 
37345 
168417 
168418 
37347 
168419 
168420 
37349 
168421 
168422 
37351 
168423 
168424 
37353 
168425 
168426 
37355 
168427 
168428 
37357 
168429 
168430 
37359 
168431 
168432 
37361 
168433 
37362 
168434 
168435 
168436 
168437 
168438 
168439 
168440 
168441 
168442 
168443 
168444 
168445 
168446 
168447 
168448 
168449 
168450 
168451 
168452 
168453 
168454 
168455 
168456 
37490 
37494 
37500 
37502 
37504 
37506 
37510 
168583 
37512 
168584 
37514 
168587 
37516 
168588 
168589 
37518 
168590 
37520 
168593 
37522 
168594 
168595 
37524 
168596 
168597 
37526 
168598 
168599 
37528 
168600 
37530 
168603 
37532 
168604 
168605 
37534 
168606 
168607 
37536 
168608 
168609 
37538 
168610 
168611 
37540 
168612 
168613 
37542 
168614 
168615 
37544 
168616 
168617 
37546 
168618 
168619 
37548 
168620 
168621 
37550 
168622 
168623 
37552 
168624 
168625 
37554 
168626 
168627 
37556 
168628 
168629 
37558 
168630 
168631 
37560 
168632 
168633 
37562 
168634 
168635 
37564 
168636 
168637 
37566 
168638 
168639 
37568 
168640 
168641 
37570 
168642 
168643 
37572 
168644 
168645 
37574 
168646 
168647 
37576 
168648 
168649 
37578 
168650 
168651 
37580 
168652 
168653 
37582 
168654 
168655 
37584 
168656 
168657 
37586 
168658 
168659 
37588 
168660 
168661 
37590 
168662 
168663 
37592 
168664 
168665 
37594 
168666 
168667 
37596 
168668 
168669 
37598 
168670 
168671 
37600 
168672 
37601 
168673 
168674 
168675 
168676 
168677 
168678 
168679 
168680 
168681 
168682 
168683 
168684 
168685 
168686 
168687 
168688 
168689 
168690 
168691 
168692 
168693 
168694 
168695 
168696 
37729 
37733 
37735 
37739 
37741 
37743 
37745 
37749 
37751 
168823 
168824 
37753 
37755 
168827 
168828 
37757 
168829 
168830 
37759 
37761 
168833 
168834 
37763 
168835 
168836 
37765 
168837 
168838 
37767 
168839 
168840 
37769 
37771 
168843 
168844 
37773 
168845 
168846 
37775 
168847 
168848 
37777 
168849 
168850 
37779 
168851 
168852 
37781 
168853 
168854 
37783 
168855 
168856 
37785 
168857 
168858 
37787 
168859 
168860 
37789 
168861 
168862 
37791 
168863 
168864 
37793 
168865 
168866 
37795 
168867 
168868 
37797 
168869 
168870 
37799 
168871 
168872 
37801 
168873 
168874 
37803 
168875 
168876 
37805 
168877 
168878 
37807 
168879 
168880 
37809 
168881 
168882 
37811 
168883 
168884 
37813 
168885 
168886 
37815 
168887 
168888 
37817 
168889 
168890 
37819 
168891 
168892 
37821 
168893 
168894 
37823 
168895 
168896 
37825 
168897 
168898 
37827 
168899 
168900 
37829 
168901 
168902 
37831 
168903 
168904 
37833 
168905 
168906 
37835 
168907 
168908 
37837 
168909 
168910 
37839 
168911 
37840 
168912 
168913 
168914 
168915 
168916 
168917 
168918 
168919 
168920 
168921 
168922 
168923 
168924 
168925 
168926 
168927 
168928 
168929 
168930 
168931 
168932 
168933 
168934 
168935 
168936 
37968 
37972 
37974 
37978 
37980 
37982 
37984 
37988 
37990 
169063 
37992 
169064 
169067 
37996 
169068 
169069 
37998 
169070 
38000 
169073 
38002 
169074 
169075 
38004 
169076 
169077 
38006 
169078 
169079 
38008 
169080 
38010 
169083 
38012 
169084 
169085 
38014 
169086 
169087 
38016 
169088 
169089 
38018 
169090 
169091 
38020 
169092 
169093 
38022 
169094 
169095 
38024 
169096 
169097 
38026 
169098 
169099 
38028 
169100 
169101 
38030 
169102 
169103 
38032 
169104 
169105 
38034 
169106 
169107 
38036 
169108 
169109 
38038 
169110 
169111 
38040 
169112 
169113 
38042 
169114 
169115 
38044 
169116 
169117 
38046 
169118 
169119 
38048 
169120 
169121 
38050 
169122 
169123 
38052 
169124 
169125 
38054 
169126 
169127 
38056 
169128 
169129 
38058 
169130 
169131 
38060 
169132 
169133 
38062 
169134 
169135 
38064 
169136 
169137 
38066 
169138 
169139 
38068 
169140 
169141 
38070 
169142 
169143 
38072 
169144 
169145 
38074 
169146 
169147 
38076 
169148 
169149 
38078 
169150 
38079 
169151 
169152 
169153 
169154 
169155 
169156 
169157 
169158 
169159 
169160 
169161 
169162 
169163 
169164 
169165 
169166 
169167 
169168 
169169 
169170 
169171 
169172 
169173 
169174 
169175 
169176 
38207 
38211 
38213 
38217 
38219 
38221 
38223 
38227 
38229 
38231 
169303 
169304 
38233 
38235 
169307 
169308 
38237 
169309 
169310 
38239 
38241 
169313 
169314 
38243 
169315 
169316 
38245 
169317 
169318 
38247 
169319 
169320 
38249 
38251 
169323 
169324 
38253 
169325 
169326 
38255 
169327 
169328 
38257 
169329 
169330 
38259 
169331 
169332 
38261 
169333 
169334 
38263 
169335 
169336 
38265 
169337 
169338 
38267 
169339 
169340 
38269 
169341 
169342 
38271 
169343 
169344 
38273 
169345 
169346 
38275 
169347 
169348 
38277 
169349 
169350 
38279 
169351 
169352 
38281 
169353 
169354 
38283 
169355 
169356 
38285 
169357 
169358 
38287 
169359 
169360 
38289 
169361 
169362 
38291 
169363 
169364 
38293 
169365 
169366 
38295 
169367 
169368 
38297 
169369 
169370 
38299 
169371 
169372 
38301 
169373 
169374 
38303 
169375 
169376 
38305 
169377 
169378 
38307 
169379 
169380 
38309 
169381 
169382 
38311 
169383 
169384 
38313 
169385 
169386 
38315 
169387 
169388 
38317 
169389 
38318 
169390 
169391 
169392 
169393 
169394 
169395 
169396 
169397 
169398 
169399 
169400 
169401 
169402 
169403 
169404 
169405 
169406 
169407 
169408 
169409 
169410 
169411 
169412 
169413 
169414 
169415 
169416 
38446 
38450 
38452 
38456 
38458 
38460 
38462 
38466 
38468 
38470 
169543 
38472 
169544 
38474 
169547 
38476 
169548 
169549 
38478 
169550 
38480 
169553 
38482 
169554 
169555 
38484 
169556 
169557 
38486 
169558 
169559 
38488 
169560 
38490 
169563 
38492 
169564 
169565 
38494 
169566 
169567 
38496 
169568 
169569 
38498 
169570 
169571 
38500 
169572 
169573 
38502 
169574 
169575 
38504 
169576 
169577 
38506 
169578 
169579 
38508 
169580 
169581 
38510 
169582 
169583 
38512 
169584 
169585 
38514 
169586 
169587 
38516 
169588 
169589 
38518 
169590 
169591 
38520 
169592 
169593 
38522 
169594 
169595 
38524 
169596 
169597 
38526 
169598 
169599 
38528 
169600 
169601 
38530 
169602 
169603 
38532 
169604 
169605 
38534 
169606 
169607 
38536 
169608 
169609 
38538 
169610 
169611 
38540 
169612 
169613 
38542 
169614 
169615 
38544 
169616 
169617 
38546 
169618 
169619 
38548 
169620 
169621 
38550 
169622 
169623 
38552 
169624 
169625 
38554 
169626 
169627 
38556 
169628 
38557 
169629 
169630 
169631 
169632 
169633 
169634 
169635 
169636 
169637 
169638 
169639 
169640 
169641 
169642 
169643 
169644 
169645 
169646 
169647 
169648 
169649 
169650 
169651 
169652 
169653 
169654 
169655 
169656 
38685 
38689 
38691 
38695 
38697 
38699 
38701 
38705 
38707 
38709 
38711 
169783 
169784 
38713 
38715 
169787 
169788 
38717 
169789 
169790 
38719 
38721 
169793 
169794 
38723 
169795 
169796 
38725 
169797 
169798 
38727 
169799 
169800 
38729 
38731 
169803 
169804 
38733 
169805 
169806 
38735 
169807 
169808 
38737 
169809 
169810 
38739 
169811 
169812 
38741 
169813 
169814 
38743 
169815 
169816 
38745 
169817 
169818 
38747 
169819 
169820 
38749 
169821 
169822 
38751 
169823 
169824 
38753 
169825 
169826 
38755 
169827 
169828 
38757 
169829 
169830 
38759 
169831 
169832 
38761 
169833 
169834 
38763 
169835 
169836 
38765 
169837 
169838 
38767 
169839 
169840 
38769 
169841 
169842 
38771 
169843 
169844 
38773 
169845 
169846 
38775 
169847 
169848 
38777 
169849 
169850 
38779 
169851 
169852 
38781 
169853 
169854 
38783 
169855 
169856 
38785 
169857 
169858 
38787 
169859 
169860 
38789 
169861 
169862 
38791 
169863 
169864 
38793 
169865 
169866 
38795 
169867 
38796 
169868 
169869 
169870 
169871 
169872 
169873 
169874 
169875 
169876 
169877 
169878 
169879 
169880 
169881 
169882 
169883 
169884 
169885 
169886 
169887 
169888 
169889 
169890 
169891 
169892 
169893 
169894 
169895 
169896 
38924 
38928 
38930 
38934 
38936 
38938 
38940 
38944 
38946 
38948 
38950 
170023 
38952 
170024 
38954 
170027 
38956 
170028 
170029 
38958 
170030 
38960 
170033 
38962 
170034 
170035 
38964 
170036 
170037 
38966 
170038 
170039 
38968 
170040 
38970 
170043 
38972 
170044 
170045 
38974 
170046 
170047 
38976 
170048 
170049 
38978 
170050 
170051 
38980 
170052 
170053 
38982 
170054 
170055 
38984 
170056 
170057 
38986 
170058 
170059 
38988 
170060 
170061 
38990 
170062 
170063 
38992 
170064 
170065 
38994 
170066 
170067 
38996 
170068 
170069 
38998 
170070 
170071 
39000 
170072 
170073 
39002 
170074 
170075 
39004 
170076 
170077 
39006 
170078 
170079 
39008 
170080 
170081 
39010 
170082 
170083 
39012 
170084 
170085 
39014 
170086 
170087 
39016 
170088 
170089 
39018 
170090 
170091 
39020 
170092 
170093 
39022 
170094 
170095 
39024 
170096 
170097 
39026 
170098 
170099 
39028 
170100 
170101 
39030 
170102 
170103 
39032 
170104 
170105 
39034 
170106 
39035 
170107 
170108 
170109 
170110 
170111 
170112 
170113 
170114 
170115 
170116 
170117 
170118 
170119 
170120 
170121 
170122 
170123 
170124 
170125 
170126 
170127 
170128 
170129 
170130 
170131 
170132 
170133 
170134 
170135 
170136 
39163 
39167 
39169 
39173 
39175 
39177 
39179 
39183 
39185 
39187 
39189 
39191 
170263 
170264 
39193 
39195 
170267 
170268 
39197 
170269 
170270 
39199 
39201 
170273 
170274 
39203 
170275 
170276 
39205 
170277 
170278 
39207 
170279 
170280 
39209 
39211 
170283 
170284 
39213 
170285 
170286 
39215 
170287 
170288 
39217 
170289 
170290 
39219 
170291 
170292 
39221 
170293 
170294 
39223 
170295 
170296 
39225 
170297 
170298 
39227 
170299 
170300 
39229 
170301 
170302 
39231 
170303 
170304 
39233 
170305 
170306 
39235 
170307 
170308 
39237 
170309 
170310 
39239 
170311 
170312 
39241 
170313 
170314 
39243 
170315 
170316 
39245 
170317 
170318 
39247 
170319 
170320 
39249 
170321 
170322 
39251 
170323 
170324 
39253 
170325 
170326 
39255 
170327 
170328 
39257 
170329 
170330 
39259 
170331 
170332 
39261 
170333 
170334 
39263 
170335 
170336 
39265 
170337 
170338 
39267 
170339 
170340 
39269 
170341 
170342 
39271 
170343 
170344 
39273 
170345 
39274 
170346 
170347 
170348 
170349 
170350 
170351 
170352 
170353 
170354 
170355 
170356 
170357 
170358 
170359 
170360 
170361 
170362 
170363 
170364 
170365 
170366 
170367 
170368 
170369 
170370 
170371 
170372 
170373 
170374 
170375 
170376 
39402 
39406 
39408 
39412 
39414 
39416 
39418 
39422 
39424 
39426 
39428 
39430 
170503 
39432 
170504 
39434 
170507 
39436 
170508 
170509 
39438 
170510 
39440 
170513 
39442 
170514 
170515 
39444 
170516 
170517 
39446 
170518 
170519 
39448 
170520 
39450 
170523 
39452 
170524 
170525 
39454 
170526 
170527 
39456 
170528 
170529 
39458 
170530 
170531 
39460 
170532 
170533 
39462 
170534 
170535 
39464 
170536 
170537 
39466 
170538 
170539 
39468 
170540 
170541 
39470 
170542 
170543 
39472 
170544 
170545 
39474 
170546 
170547 
39476 
170548 
170549 
39478 
170550 
170551 
39480 
170552 
170553 
39482 
170554 
170555 
39484 
170556 
170557 
39486 
170558 
170559 
39488 
170560 
170561 
39490 
170562 
170563 
39492 
170564 
170565 
39494 
170566 
170567 
39496 
170568 
170569 
39498 
170570 
170571 
39500 
170572 
170573 
39502 
170574 
170575 
39504 
170576 
170577 
39506 
170578 
170579 
39508 
170580 
170581 
39510 
170582 
170583 
39512 
170584 
39513 
170585 
170586 
170587 
170588 
170589 
170590 
170591 
170592 
170593 
170594 
170595 
170596 
170597 
170598 
170599 
170600 
170601 
170602 
170603 
170604 
170605 
170606 
170607 
170608 
170609 
170610 
170611 
170612 
170613 
170614 
170615 
170616 
39641 
39645 
39647 
39651 
39653 
39655 
39657 
39661 
39663 
39665 
39667 
39669 
39671 
170743 
170744 
39673 
39675 
170747 
170748 
39677 
170749 
170750 
39679 
39681 
170753 
170754 
39683 
170755 
170756 
39685 
170757 
170758 
39687 
170759 
170760 
39689 
39691 
170763 
170764 
39693 
170765 
170766 
39695 
170767 
170768 
39697 
170769 
170770 
39699 
170771 
170772 
39701 
170773 
170774 
39703 
170775 
170776 
39705 
170777 
170778 
39707 
170779 
170780 
39709 
170781 
170782 
39711 
170783 
170784 
39713 
170785 
170786 
39715 
170787 
170788 
39717 
170789 
170790 
39719 
170791 
170792 
39721 
170793 
170794 
39723 
170795 
170796 
39725 
170797 
170798 
39727 
170799 
170800 
39729 
170801 
170802 
39731 
170803 
170804 
39733 
170805 
170806 
39735 
170807 
170808 
39737 
170809 
170810 
39739 
170811 
170812 
39741 
170813 
170814 
39743 
170815 
170816 
39745 
170817 
170818 
39747 
170819 
170820 
39749 
170821 
170822 
39751 
170823 
39752 
170824 
170825 
170826 
170827 
170828 
170829 
170830 
170831 
170832 
170833 
170834 
170835 
170836 
170837 
170838 
170839 
170840 
170841 
170842 
170843 
170844 
170845 
170846 
170847 
170848 
170849 
170850 
170851 
170852 
170853 
170854 
170855 
170856 
39880 
39884 
39886 
39890 
39892 
39894 
39896 
39900 
39902 
39904 
39906 
39908 
39910 
170983 
170984 
39912 
39914 
170987 
170988 
39916 
170989 
170990 
39918 
39920 
170993 
170994 
39922 
170995 
170996 
39924 
170997 
170998 
39926 
170999 
171000 
39928 
39930 
171003 
171004 
39932 
171005 
171006 
39934 
171007 
171008 
39936 
171009 
171010 
39938 
171011 
171012 
39940 
171013 
171014 
39942 
171015 
171016 
39944 
171017 
171018 
39946 
171019 
171020 
39948 
171021 
171022 
39950 
171023 
171024 
39952 
171025 
171026 
39954 
171027 
171028 
39956 
171029 
171030 
39958 
171031 
171032 
39960 
171033 
171034 
39962 
171035 
171036 
39964 
171037 
171038 
39966 
171039 
171040 
39968 
171041 
171042 
39970 
171043 
171044 
39972 
171045 
171046 
39974 
171047 
171048 
39976 
171049 
171050 
39978 
171051 
171052 
39980 
171053 
171054 
39982 
171055 
171056 
39984 
171057 
171058 
39986 
171059 
171060 
39988 
171061 
171062 
39990 
171063 
39991 
171064 
171065 
171066 
171067 
171068 
171069 
171070 
171071 
171072 
171073 
171074 
171075 
171076 
171077 
171078 
171079 
171080 
171081 
171082 
171083 
171084 
171085 
171086 
171087 
171088 
171089 
171090 
171091 
171092 
171093 
171094 
171095 
171096 
40119 
40123 
40125 
40129 
40131 
40133 
40135 
40139 
40141 
40143 
40145 
40147 
40149 
171223 
40151 
171224 
40153 
171227 
40155 
171228 
171229 
40157 
171230 
40159 
171233 
40161 
171234 
171235 
40163 
171236 
171237 
40165 
171238 
171239 
40167 
171240 
40169 
171243 
40171 
171244 
171245 
40173 
171246 
171247 
40175 
171248 
171249 
40177 
171250 
171251 
40179 
171252 
171253 
40181 
171254 
171255 
40183 
171256 
171257 
40185 
171258 
171259 
40187 
171260 
171261 
40189 
171262 
171263 
40191 
171264 
171265 
40193 
171266 
171267 
40195 
171268 
171269 
40197 
171270 
171271 
40199 
171272 
171273 
40201 
171274 
171275 
40203 
171276 
171277 
40205 
171278 
171279 
40207 
171280 
171281 
40209 
171282 
171283 
40211 
171284 
171285 
40213 
171286 
171287 
40215 
171288 
171289 
40217 
171290 
171291 
40219 
171292 
171293 
40221 
171294 
171295 
40223 
171296 
171297 
40225 
171298 
171299 
40227 
171300 
171301 
40229 
171302 
40230 
171303 
171304 
171305 
171306 
171307 
171308 
171309 
171310 
171311 
171312 
171313 
171314 
171315 
171316 
171317 
171318 
171319 
171320 
171321 
171322 
171323 
171324 
171325 
171326 
171327 
171328 
171329 
171330 
171331 
171332 
171333 
171334 
171335 
171336 
40358 
40362 
40364 
40368 
40370 
40372 
40374 
40378 
40380 
40382 
40384 
40386 
40388 
40390 
171463 
171464 
40392 
40394 
171467 
171468 
40396 
171469 
171470 
40398 
40400 
171473 
171474 
40402 
171475 
171476 
40404 
171477 
171478 
40406 
171479 
171480 
40408 
40410 
171483 
171484 
40412 
171485 
171486 
40414 
171487 
171488 
40416 
171489 
171490 
40418 
171491 
171492 
40420 
171493 
171494 
40422 
171495 
171496 
40424 
171497 
171498 
40426 
171499 
171500 
40428 
171501 
171502 
40430 
171503 
171504 
40432 
171505 
171506 
40434 
171507 
171508 
40436 
171509 
171510 
40438 
171511 
171512 
40440 
171513 
171514 
40442 
171515 
171516 
40444 
171517 
171518 
40446 
171519 
171520 
40448 
171521 
171522 
40450 
171523 
171524 
40452 
171525 
171526 
40454 
171527 
171528 
40456 
171529 
171530 
40458 
171531 
171532 
40460 
171533 
171534 
40462 
171535 
171536 
40464 
171537 
171538 
40466 
171539 
171540 
40468 
171541 
40469 
171542 
171543 
171544 
171545 
171546 
171547 
171548 
171549 
171550 
171551 
171552 
171553 
171554 
171555 
171556 
171557 
171558 
171559 
171560 
171561 
171562 
171563 
171564 
171565 
171566 
171567 
171568 
171569 
171570 
171571 
171572 
171573 
171574 
171575 
171576 
40601 
40607 
40609 
40611 
40613 
40617 
40619 
40621 
40623 
40627 
40629 
171703 
40631 
171704 
40633 
171707 
40635 
171708 
171709 
40637 
171710 
40639 
171713 
40641 
171714 
171715 
40643 
171716 
171717 
40645 
171718 
171719 
40647 
171720 
40649 
171723 
40651 
171724 
171725 
40653 
171726 
171727 
40655 
171728 
171729 
40657 
171730 
171731 
40659 
171732 
171733 
40661 
171734 
171735 
40663 
171736 
171737 
40665 
171738 
171739 
40667 
171740 
171741 
40669 
171742 
171743 
40671 
171744 
171745 
40673 
171746 
171747 
40675 
171748 
171749 
40677 
171750 
171751 
40679 
171752 
171753 
40681 
171754 
171755 
40683 
171756 
171757 
40685 
171758 
171759 
40687 
171760 
171761 
40689 
171762 
171763 
40691 
171764 
171765 
40693 
171766 
171767 
40695 
171768 
171769 
40697 
171770 
171771 
40699 
171772 
171773 
40701 
171774 
171775 
40703 
171776 
171777 
40705 
171778 
171779 
40707 
171780 
40708 
171781 
171782 
171783 
171784 
171785 
171786 
171787 
171788 
171789 
171790 
171791 
171792 
171793 
171794 
171795 
171796 
171797 
171798 
171799 
171800 
171801 
171802 
171803 
171804 
171805 
171806 
171807 
171808 
171809 
171810 
171811 
171812 
171813 
171814 
171815 
171816 
40842 
40846 
40848 
40850 
40852 
40856 
40858 
40860 
40862 
40864 
40866 
40868 
40870 
171943 
171944 
40872 
40874 
171947 
171948 
40876 
171949 
171950 
40878 
40880 
171953 
171954 
40882 
171955 
171956 
40884 
171957 
171958 
40886 
171959 
171960 
40888 
40890 
171963 
171964 
40892 
171965 
171966 
40894 
171967 
171968 
40896 
171969 
171970 
40898 
171971 
171972 
40900 
171973 
171974 
40902 
171975 
171976 
40904 
171977 
171978 
40906 
171979 
171980 
40908 
171981 
171982 
40910 
171983 
171984 
40912 
171985 
171986 
40914 
171987 
171988 
40916 
171989 
171990 
40918 
171991 
171992 
40920 
171993 
171994 
40922 
171995 
171996 
40924 
171997 
171998 
40926 
171999 
172000 
40928 
172001 
172002 
40930 
172003 
172004 
40932 
172005 
172006 
40934 
172007 
172008 
40936 
172009 
172010 
40938 
172011 
172012 
40940 
172013 
172014 
40942 
172015 
172016 
40944 
172017 
172018 
40946 
172019 
40947 
172020 
172021 
172022 
172023 
172024 
172025 
172026 
172027 
172028 
172029 
172030 
172031 
172032 
172033 
172034 
172035 
172036 
172037 
172038 
172039 
172040 
172041 
172042 
172043 
172044 
172045 
172046 
172047 
172048 
172049 
172050 
172051 
172052 
172053 
172054 
172055 
172056 
41081 
41085 
41087 
41089 
41091 
41095 
41097 
41099 
41101 
41103 
41105 
41107 
41109 
172183 
41111 
172184 
41113 
172187 
41115 
172188 
172189 
41117 
172190 
41119 
172193 
41121 
172194 
172195 
41123 
172196 
172197 
41125 
172198 
172199 
41127 
172200 
41129 
172203 
41131 
172204 
172205 
41133 
172206 
172207 
41135 
172208 
172209 
41137 
172210 
172211 
41139 
172212 
172213 
41141 
172214 
172215 
41143 
172216 
172217 
41145 
172218 
172219 
41147 
172220 
172221 
41149 
172222 
172223 
41151 
172224 
172225 
41153 
172226 
172227 
41155 
172228 
172229 
41157 
172230 
172231 
41159 
172232 
172233 
41161 
172234 
172235 
41163 
172236 
172237 
41165 
172238 
172239 
41167 
172240 
172241 
41169 
172242 
172243 
41171 
172244 
172245 
41173 
172246 
172247 
41175 
172248 
172249 
41177 
172250 
172251 
41179 
172252 
172253 
41181 
172254 
172255 
41183 
172256 
172257 
41185 
172258 
41186 
172259 
172260 
172261 
172262 
172263 
172264 
172265 
172266 
172267 
172268 
172269 
172270 
172271 
172272 
172273 
172274 
172275 
172276 
172277 
172278 
172279 
172280 
172281 
172282 
172283 
172284 
172285 
172286 
172287 
172288 
172289 
172290 
172291 
172292 
172293 
172294 
172295 
172296 
41320 
41324 
41326 
41328 
41330 
41334 
41336 
41338 
41340 
41342 
41344 
41346 
41348 
41350 
172423 
172424 
41352 
41354 
172427 
172428 
41356 
172429 
172430 
41358 
41360 
172433 
172434 
41362 
172435 
172436 
41364 
172437 
172438 
41366 
172439 
172440 
41368 
41370 
172443 
172444 
41372 
172445 
172446 
41374 
172447 
172448 
41376 
172449 
172450 
41378 
172451 
172452 
41380 
172453 
172454 
41382 
172455 
172456 
41384 
172457 
172458 
41386 
172459 
172460 
41388 
172461 
172462 
41390 
172463 
172464 
41392 
172465 
172466 
41394 
172467 
172468 
41396 
172469 
172470 
41398 
172471 
172472 
41400 
172473 
172474 
41402 
172475 
172476 
41404 
172477 
172478 
41406 
172479 
172480 
41408 
172481 
172482 
41410 
172483 
172484 
41412 
172485 
172486 
41414 
172487 
172488 
41416 
172489 
172490 
41418 
172491 
172492 
41420 
172493 
172494 
41422 
172495 
172496 
41424 
172497 
41425 
172498 
172499 
172500 
172501 
172502 
172503 
172504 
172505 
172506 
172507 
172508 
172509 
172510 
172511 
172512 
172513 
172514 
172515 
172516 
172517 
172518 
172519 
172520 
172521 
172522 
172523 
172524 
172525 
172526 
172527 
172528 
172529 
172530 
172531 
172532 
172533 
172534 
172535 
172536 
41559 
41563 
41565 
41567 
41569 
41575 
41579 
41581 
41583 
41585 
41587 
41589 
172663 
41591 
172664 
41593 
172667 
41595 
172668 
172669 
41597 
172670 
41599 
172673 
41601 
172674 
172675 
41603 
172676 
172677 
41605 
172678 
172679 
41607 
172680 
41609 
172683 
41611 
172684 
172685 
41613 
172686 
172687 
41615 
172688 
172689 
41617 
172690 
172691 
41619 
172692 
172693 
41621 
172694 
172695 
41623 
172696 
172697 
41625 
172698 
172699 
41627 
172700 
172701 
41629 
172702 
172703 
41631 
172704 
172705 
41633 
172706 
172707 
41635 
172708 
172709 
41637 
172710 
172711 
41639 
172712 
172713 
41641 
172714 
172715 
41643 
172716 
172717 
41645 
172718 
172719 
41647 
172720 
172721 
41649 
172722 
172723 
41651 
172724 
172725 
41653 
172726 
172727 
41655 
172728 
172729 
41657 
172730 
172731 
41659 
172732 
172733 
41661 
172734 
172735 
41663 
172736 
41664 
172737 
172738 
172739 
172740 
172741 
172742 
172743 
172744 
172745 
172746 
172747 
172748 
172749 
172750 
172751 
172752 
172753 
172754 
172755 
172756 
172757 
172758 
172759 
172760 
172761 
172762 
172763 
172764 
172765 
172766 
172767 
172768 
172769 
172770 
172771 
172772 
172773 
172774 
172775 
172776 
41802 
41804 
41806 
41808 
41812 
41814 
41816 
41818 
41820 
41822 
41824 
41826 
41828 
41830 
172903 
172904 
41832 
41834 
172907 
172908 
41836 
172909 
172910 
41838 
41840 
172913 
172914 
41842 
172915 
172916 
41844 
172917 
172918 
41846 
172919 
172920 
41848 
41850 
172923 
172924 
41852 
172925 
172926 
41854 
172927 
172928 
41856 
172929 
172930 
41858 
172931 
172932 
41860 
172933 
172934 
41862 
172935 
172936 
41864 
172937 
172938 
41866 
172939 
172940 
41868 
172941 
172942 
41870 
172943 
172944 
41872 
172945 
172946 
41874 
172947 
172948 
41876 
172949 
172950 
41878 
172951 
172952 
41880 
172953 
172954 
41882 
172955 
172956 
41884 
172957 
172958 
41886 
172959 
172960 
41888 
172961 
172962 
41890 
172963 
172964 
41892 
172965 
172966 
41894 
172967 
172968 
41896 
172969 
172970 
41898 
172971 
172972 
41900 
172973 
172974 
41902 
172975 
41903 
172976 
172977 
172978 
172979 
172980 
172981 
172982 
172983 
172984 
172985 
172986 
172987 
172988 
172989 
172990 
172991 
172992 
172993 
172994 
172995 
172996 
172997 
172998 
172999 
173000 
173001 
173002 
173003 
173004 
173005 
173006 
173007 
173008 
173009 
173010 
173011 
173012 
173013 
173014 
173015 
173016 
42041 
42043 
42045 
42047 
42053 
42055 
42057 
42059 
42061 
42063 
42065 
42067 
173143 
42071 
173144 
42073 
173147 
42075 
173148 
173149 
42077 
173150 
42079 
173153 
42081 
173154 
173155 
42083 
173156 
173157 
42085 
173158 
173159 
42087 
173160 
42089 
173163 
42091 
173164 
173165 
42093 
173166 
173167 
42095 
173168 
173169 
42097 
173170 
173171 
42099 
173172 
173173 
42101 
173174 
173175 
42103 
173176 
173177 
42105 
173178 
173179 
42107 
173180 
173181 
42109 
173182 
173183 
42111 
173184 
173185 
42113 
173186 
173187 
42115 
173188 
173189 
42117 
173190 
173191 
42119 
173192 
173193 
42121 
173194 
173195 
42123 
173196 
173197 
42125 
173198 
173199 
42127 
173200 
173201 
42129 
173202 
173203 
42131 
173204 
173205 
42133 
173206 
173207 
42135 
173208 
173209 
42137 
173210 
173211 
42139 
173212 
173213 
42141 
173214 
42142 
173215 
173216 
173217 
173218 
173219 
173220 
173221 
173222 
173223 
173224 
173225 
173226 
173227 
173228 
173229 
173230 
173231 
173232 
173233 
173234 
173235 
173236 
173237 
173238 
173239 
173240 
173241 
173242 
173243 
173244 
173245 
173246 
173247 
173248 
173249 
173250 
173251 
173252 
173253 
173254 
173255 
173256 
42280 
42282 
42286 
42290 
42292 
42294 
42296 
42298 
42300 
42302 
42304 
42306 
42308 
42310 
173383 
173384 
42312 
42314 
173387 
173388 
42316 
173389 
173390 
42318 
42320 
173393 
173394 
42322 
173395 
173396 
42324 
173397 
173398 
42326 
173399 
173400 
42328 
42330 
173403 
173404 
42332 
173405 
173406 
42334 
173407 
173408 
42336 
173409 
173410 
42338 
173411 
173412 
42340 
173413 
173414 
42342 
173415 
173416 
42344 
173417 
173418 
42346 
173419 
173420 
42348 
173421 
173422 
42350 
173423 
173424 
42352 
173425 
173426 
42354 
173427 
173428 
42356 
173429 
173430 
42358 
173431 
173432 
42360 
173433 
173434 
42362 
173435 
173436 
42364 
173437 
173438 
42366 
173439 
173440 
42368 
173441 
173442 
42370 
173443 
173444 
42372 
173445 
173446 
42374 
173447 
173448 
42376 
173449 
173450 
42378 
173451 
173452 
42380 
173453 
42381 
173454 
173455 
173456 
173457 
173458 
173459 
173460 
173461 
173462 
173463 
173464 
173465 
173466 
173467 
173468 
173469 
173470 
173471 
173472 
173473 
173474 
173475 
173476 
173477 
173478 
173479 
173480 
173481 
173482 
173483 
173484 
173485 
173486 
173487 
173488 
173489 
173490 
173491 
173492 
173493 
173494 
173495 
173496 
42519 
42523 
42525 
42529 
42531 
42533 
42535 
42537 
42539 
42541 
42543 
42545 
42547 
42549 
173623 
42551 
173624 
42553 
173627 
42555 
173628 
173629 
42557 
173630 
42559 
173633 
42561 
173634 
173635 
42563 
173636 
173637 
42565 
173638 
173639 
42567 
173640 
42569 
173643 
42571 
173644 
173645 
42573 
173646 
173647 
42575 
173648 
173649 
42577 
173650 
173651 
42579 
173652 
173653 
42581 
173654 
173655 
42583 
173656 
173657 
42585 
173658 
173659 
42587 
173660 
173661 
42589 
173662 
173663 
42591 
173664 
173665 
42593 
173666 
173667 
42595 
173668 
173669 
42597 
173670 
173671 
42599 
173672 
173673 
42601 
173674 
173675 
42603 
173676 
173677 
42605 
173678 
173679 
42607 
173680 
173681 
42609 
173682 
173683 
42611 
173684 
173685 
42613 
173686 
173687 
42615 
173688 
173689 
42617 
173690 
173691 
42619 
173692 
42620 
173693 
173694 
173695 
173696 
173697 
173698 
173699 
173700 
173701 
173702 
173703 
173704 
173705 
173706 
173707 
173708 
173709 
173710 
173711 
173712 
173713 
173714 
173715 
173716 
173717 
173718 
173719 
173720 
173721 
173722 
173723 
173724 
173725 
173726 
173727 
173728 
173729 
173730 
173731 
173732 
173733 
173734 
173735 
173736 
42758 
42762 
42764 
42768 
42770 
42772 
42774 
42776 
42778 
42780 
42782 
42784 
42786 
42788 
42790 
173863 
173864 
42792 
42794 
173867 
173868 
42796 
173869 
173870 
42798 
42800 
173873 
173874 
42802 
173875 
173876 
42804 
173877 
173878 
42806 
173879 
173880 
42808 
42810 
173883 
173884 
42812 
173885 
173886 
42814 
173887 
173888 
42816 
173889 
173890 
42818 
173891 
173892 
42820 
173893 
173894 
42822 
173895 
173896 
42824 
173897 
173898 
42826 
173899 
173900 
42828 
173901 
173902 
42830 
173903 
173904 
42832 
173905 
173906 
42834 
173907 
173908 
42836 
173909 
173910 
42838 
173911 
173912 
42840 
173913 
173914 
42842 
173915 
173916 
42844 
173917 
173918 
42846 
173919 
173920 
42848 
173921 
173922 
42850 
173923 
173924 
42852 
173925 
173926 
42854 
173927 
173928 
42856 
173929 
173930 
42858 
173931 
42859 
173932 
173933 
173934 
173935 
173936 
173937 
173938 
173939 
173940 
173941 
173942 
173943 
173944 
173945 
173946 
173947 
173948 
173949 
173950 
173951 
173952 
173953 
173954 
173955 
173956 
173957 
173958 
173959 
173960 
173961 
173962 
173963 
173964 
173965 
173966 
173967 
173968 
173969 
173970 
173971 
173972 
173973 
173974 
173975 
173976 
42999 
43003 
43007 
43009 
43011 
43013 
43015 
43017 
43019 
43021 
43023 
43025 
43027 
43029 
174103 
43031 
174104 
43033 
174107 
43035 
174108 
174109 
43037 
174110 
43039 
174113 
43041 
174114 
174115 
43043 
174116 
174117 
43045 
174118 
174119 
43047 
174120 
43049 
174123 
43051 
174124 
174125 
43053 
174126 
174127 
43055 
174128 
174129 
43057 
174130 
174131 
43059 
174132 
174133 
43061 
174134 
174135 
43063 
174136 
174137 
43065 
174138 
174139 
43067 
174140 
174141 
43069 
174142 
174143 
43071 
174144 
174145 
43073 
174146 
174147 
43075 
174148 
174149 
43077 
174150 
174151 
43079 
174152 
174153 
43081 
174154 
174155 
43083 
174156 
174157 
43085 
174158 
174159 
43087 
174160 
174161 
43089 
174162 
174163 
43091 
174164 
174165 
43093 
174166 
174167 
43095 
174168 
174169 
43097 
174170 
43098 
174171 
174172 
174173 
174174 
174175 
174176 
174177 
174178 
174179 
174180 
174181 
174182 
174183 
174184 
174185 
174186 
174187 
174188 
174189 
174190 
174191 
174192 
174193 
174194 
174195 
174196 
174197 
174198 
174199 
174200 
174201 
174202 
174203 
174204 
174205 
174206 
174207 
174208 
174209 
174210 
174211 
174212 
174213 
174214 
174215 
174216 
43240 
43242 
43248 
43250 
43252 
43254 
43256 
43258 
43260 
43262 
43264 
43266 
43268 
43270 
174343 
174344 
43272 
43274 
174347 
174348 
43276 
174349 
174350 
43278 
43280 
174353 
174354 
43282 
174355 
174356 
43284 
174357 
174358 
43286 
174359 
174360 
43288 
43290 
174363 
174364 
43292 
174365 
174366 
43294 
174367 
174368 
43296 
174369 
174370 
43298 
174371 
174372 
43300 
174373 
174374 
43302 
174375 
174376 
43304 
174377 
174378 
43306 
174379 
174380 
43308 
174381 
174382 
43310 
174383 
174384 
43312 
174385 
174386 
43314 
174387 
174388 
43316 
174389 
174390 
43318 
174391 
174392 
43320 
174393 
174394 
43322 
174395 
174396 
43324 
174397 
174398 
43326 
174399 
174400 
43328 
174401 
174402 
43330 
174403 
174404 
43332 
174405 
174406 
43334 
174407 
174408 
43336 
174409 
43337 
174410 
174411 
174412 
174413 
174414 
174415 
174416 
174417 
174418 
174419 
174420 
174421 
174422 
174423 
174424 
174425 
174426 
174427 
174428 
174429 
174430 
174431 
174432 
174433 
174434 
174435 
174436 
174437 
174438 
174439 
174440 
174441 
174442 
174443 
174444 
174445 
174446 
174447 
174448 
174449 
174450 
174451 
174452 
174453 
174454 
174455 
174456 
43477 
43481 
43487 
43489 
43491 
43493 
43495 
43497 
43499 
43501 
43503 
43505 
43507 
43509 
174583 
43511 
174584 
43513 
174587 
43515 
174588 
174589 
43517 
174590 
43519 
174593 
43521 
174594 
174595 
43523 
174596 
174597 
43525 
174598 
174599 
43527 
174600 
43529 
174603 
43531 
174604 
174605 
43533 
174606 
174607 
43535 
174608 
174609 
43537 
174610 
174611 
43539 
174612 
174613 
43541 
174614 
174615 
43543 
174616 
174617 
43545 
174618 
174619 
43547 
174620 
174621 
43549 
174622 
174623 
43551 
174624 
174625 
43553 
174626 
174627 
43555 
174628 
174629 
43557 
174630 
174631 
43559 
174632 
174633 
43561 
174634 
174635 
43563 
174636 
174637 
43565 
174638 
174639 
43567 
174640 
174641 
43569 
174642 
174643 
43571 
174644 
174645 
43573 
174646 
174647 
43575 
174648 
43576 
174649 
174650 
174651 
174652 
174653 
174654 
174655 
174656 
174657 
174658 
174659 
174660 
174661 
174662 
174663 
174664 
174665 
174666 
174667 
174668 
174669 
174670 
174671 
174672 
174673 
174674 
174675 
174676 
174677 
174678 
174679 
174680 
174681 
174682 
174683 
174684 
174685 
174686 
174687 
174688 
174689 
174690 
174691 
174692 
174693 
174694 
174695 
174696 
43718 
43720 
43726 
43728 
43730 
43732 
43734 
43736 
43738 
43740 
43742 
43744 
43746 
43748 
43750 
174823 
174824 
43752 
43754 
174827 
174828 
43756 
174829 
174830 
43758 
43760 
174833 
174834 
43762 
174835 
174836 
43764 
174837 
174838 
43766 
174839 
174840 
43768 
43770 
174843 
174844 
43772 
174845 
174846 
43774 
174847 
174848 
43776 
174849 
174850 
43778 
174851 
174852 
43780 
174853 
174854 
43782 
174855 
174856 
43784 
174857 
174858 
43786 
174859 
174860 
43788 
174861 
174862 
43790 
174863 
174864 
43792 
174865 
174866 
43794 
174867 
174868 
43796 
174869 
174870 
43798 
174871 
174872 
43800 
174873 
174874 
43802 
174875 
174876 
43804 
174877 
174878 
43806 
174879 
174880 
43808 
174881 
174882 
43810 
174883 
174884 
43812 
174885 
174886 
43814 
174887 
43815 
174888 
174889 
174890 
174891 
174892 
174893 
174894 
174895 
174896 
174897 
174898 
174899 
174900 
174901 
174902 
174903 
174904 
174905 
174906 
174907 
174908 
174909 
174910 
174911 
174912 
174913 
174914 
174915 
174916 
174917 
174918 
174919 
174920 
174921 
174922 
174923 
174924 
174925 
174926 
174927 
174928 
174929 
174930 
174931 
174932 
174933 
174934 
174935 
174936 
43955 
43959 
43963 
43967 
43969 
43971 
43973 
43975 
43977 
43979 
43981 
43983 
43985 
43987 
43989 
175063 
43991 
175064 
43993 
175067 
43995 
175068 
175069 
43997 
175070 
43999 
175073 
44001 
175074 
175075 
44003 
175076 
175077 
44005 
175078 
175079 
44007 
175080 
44009 
175083 
44011 
175084 
175085 
44013 
175086 
175087 
44015 
175088 
175089 
44017 
175090 
175091 
44019 
175092 
175093 
44021 
175094 
175095 
44023 
175096 
175097 
44025 
175098 
175099 
44027 
175100 
175101 
44029 
175102 
175103 
44031 
175104 
175105 
44033 
175106 
175107 
44035 
175108 
175109 
44037 
175110 
175111 
44039 
175112 
175113 
44041 
175114 
175115 
44043 
175116 
175117 
44045 
175118 
175119 
44047 
175120 
175121 
44049 
175122 
175123 
44051 
175124 
175125 
44053 
175126 
44054 
175127 
175128 
175129 
175130 
175131 
175132 
175133 
175134 
175135 
175136 
175137 
175138 
175139 
175140 
175141 
175142 
175143 
175144 
175145 
175146 
175147 
175148 
175149 
175150 
175151 
175152 
175153 
175154 
175155 
175156 
175157 
175158 
175159 
175160 
175161 
175162 
175163 
175164 
175165 
175166 
175167 
175168 
175169 
175170 
175171 
175172 
175173 
175174 
175175 
175176 
44196 
44202 
44204 
44208 
44210 
44212 
44214 
44216 
44218 
44220 
44222 
44224 
44226 
44228 
44230 
175303 
175304 
44232 
44234 
175307 
175308 
44236 
175309 
175310 
44238 
44240 
175313 
175314 
44242 
175315 
175316 
44244 
175317 
175318 
44246 
175319 
175320 
44248 
44250 
175323 
175324 
44252 
175325 
175326 
44254 
175327 
175328 
44256 
175329 
175330 
44258 
175331 
175332 
44260 
175333 
175334 
44262 
175335 
175336 
44264 
175337 
175338 
44266 
175339 
175340 
44268 
175341 
175342 
44270 
175343 
175344 
44272 
175345 
175346 
44274 
175347 
175348 
44276 
175349 
175350 
44278 
175351 
175352 
44280 
175353 
175354 
44282 
175355 
175356 
44284 
175357 
175358 
44286 
175359 
175360 
44288 
175361 
175362 
44290 
175363 
175364 
44292 
175365 
44293 
175366 
175367 
175368 
175369 
175370 
175371 
175372 
175373 
175374 
175375 
175376 
175377 
175378 
175379 
175380 
175381 
175382 
175383 
175384 
175385 
175386 
175387 
175388 
175389 
175390 
175391 
175392 
175393 
175394 
175395 
175396 
175397 
175398 
175399 
175400 
175401 
175402 
175403 
175404 
175405 
175406 
175407 
175408 
175409 
175410 
175411 
175412 
175413 
175414 
175415 
175416 
44433 
44437 
44441 
44443 
44445 
44447 
44449 
44451 
44453 
44455 
44457 
44459 
44461 
44463 
44465 
44467 
44469 
175543 
44471 
175544 
44473 
175547 
44475 
175548 
175549 
44477 
175550 
44479 
175553 
44481 
175554 
175555 
44483 
175556 
175557 
44485 
175558 
175559 
44487 
175560 
44489 
175563 
44491 
175564 
175565 
44493 
175566 
175567 
44495 
175568 
175569 
44497 
175570 
175571 
44499 
175572 
175573 
44501 
175574 
175575 
44503 
175576 
175577 
44505 
175578 
175579 
44507 
175580 
175581 
44509 
175582 
175583 
44511 
175584 
175585 
44513 
175586 
175587 
44515 
175588 
175589 
44517 
175590 
175591 
44519 
175592 
175593 
44521 
175594 
175595 
44523 
175596 
175597 
44525 
175598 
175599 
44527 
175600 
175601 
44529 
175602 
175603 
44531 
175604 
44532 
175605 
175606 
175607 
175608 
175609 
175610 
175611 
175612 
175613 
175614 
175615 
175616 
175617 
175618 
175619 
175620 
175621 
175622 
175623 
175624 
175625 
175626 
175627 
175628 
175629 
175630 
175631 
175632 
175633 
175634 
175635 
175636 
175637 
175638 
175639 
175640 
175641 
175642 
175643 
175644 
175645 
175646 
175647 
175648 
175649 
175650 
175651 
175652 
175653 
175654 
175655 
175656 
44674 
44682 
44684 
44686 
44688 
44690 
44692 
44694 
44696 
44698 
44700 
44702 
44704 
44706 
44708 
44710 
175783 
175784 
44712 
44714 
175787 
175788 
44716 
175789 
175790 
44718 
44720 
175793 
175794 
44722 
175795 
175796 
44724 
175797 
175798 
44726 
175799 
175800 
44728 
44730 
175803 
175804 
44732 
175805 
175806 
44734 
175807 
175808 
44736 
175809 
175810 
44738 
175811 
175812 
44740 
175813 
175814 
44742 
175815 
175816 
44744 
175817 
175818 
44746 
175819 
175820 
44748 
175821 
175822 
44750 
175823 
175824 
44752 
175825 
175826 
44754 
175827 
175828 
44756 
175829 
175830 
44758 
175831 
175832 
44760 
175833 
175834 
44762 
175835 
175836 
44764 
175837 
175838 
44766 
175839 
175840 
44768 
175841 
175842 
44770 
175843 
44771 
175844 
175845 
175846 
175847 
175848 
175849 
175850 
175851 
175852 
175853 
175854 
175855 
175856 
175857 
175858 
175859 
175860 
175861 
175862 
175863 
175864 
175865 
175866 
175867 
175868 
175869 
175870 
175871 
175872 
175873 
175874 
175875 
175876 
175877 
175878 
175879 
175880 
175881 
175882 
175883 
175884 
175885 
175886 
175887 
175888 
175889 
175890 
175891 
175892 
175893 
175894 
175895 
175896 
44919 
44921 
44925 
44927 
44929 
44931 
44933 
44935 
44937 
44939 
44941 
44943 
44945 
44947 
44949 
176023 
44951 
176024 
44953 
176027 
44955 
176028 
176029 
44957 
176030 
44959 
176033 
44961 
176034 
176035 
44963 
176036 
176037 
44965 
176038 
176039 
44967 
176040 
44969 
176043 
44971 
176044 
176045 
44973 
176046 
176047 
44975 
176048 
176049 
44977 
176050 
176051 
44979 
176052 
176053 
44981 
176054 
176055 
44983 
176056 
176057 
44985 
176058 
176059 
44987 
176060 
176061 
44989 
176062 
176063 
44991 
176064 
176065 
44993 
176066 
176067 
44995 
176068 
176069 
44997 
176070 
176071 
44999 
176072 
176073 
45001 
176074 
176075 
45003 
176076 
176077 
45005 
176078 
176079 
45007 
176080 
176081 
45009 
176082 
45010 
176083 
176084 
176085 
176086 
176087 
176088 
176089 
176090 
176091 
176092 
176093 
176094 
176095 
176096 
176097 
176098 
176099 
176100 
176101 
176102 
176103 
176104 
176105 
176106 
176107 
176108 
176109 
176110 
176111 
176112 
176113 
176114 
176115 
176116 
176117 
176118 
176119 
176120 
176121 
176122 
176123 
176124 
176125 
176126 
176127 
176128 
176129 
176130 
176131 
176132 
176133 
176134 
176135 
176136 
45154 
45158 
45160 
45162 
45164 
45166 
45170 
45172 
45174 
45176 
45178 
45180 
45182 
45184 
45186 
45188 
45190 
176263 
176264 
45192 
45194 
176267 
176268 
45196 
176269 
176270 
45198 
45200 
176273 
176274 
45202 
176275 
176276 
45204 
176277 
176278 
45206 
176279 
176280 
45208 
45210 
176283 
176284 
45212 
176285 
176286 
45214 
176287 
176288 
45216 
176289 
176290 
45218 
176291 
176292 
45220 
176293 
176294 
45222 
176295 
176296 
45224 
176297 
176298 
45226 
176299 
176300 
45228 
176301 
176302 
45230 
176303 
176304 
45232 
176305 
176306 
45234 
176307 
176308 
45236 
176309 
176310 
45238 
176311 
176312 
45240 
176313 
176314 
45242 
176315 
176316 
45244 
176317 
176318 
45246 
176319 
176320 
45248 
176321 
45249 
176322 
176323 
176324 
176325 
176326 
176327 
176328 
176329 
176330 
176331 
176332 
176333 
176334 
176335 
176336 
176337 
176338 
176339 
176340 
176341 
176342 
176343 
176344 
176345 
176346 
176347 
176348 
176349 
176350 
176351 
176352 
176353 
176354 
176355 
176356 
176357 
176358 
176359 
176360 
176361 
176362 
176363 
176364 
176365 
176366 
176367 
176368 
176369 
176370 
176371 
176372 
176373 
176374 
176375 
176376 
45397 
45401 
45403 
45405 
45407 
45409 
45411 
45413 
45415 
45417 
45419 
45421 
45423 
45425 
45427 
45429 
176503 
45431 
176504 
45433 
176507 
45435 
176508 
176509 
45437 
176510 
45439 
176513 
45441 
176514 
176515 
45443 
176516 
176517 
45445 
176518 
176519 
45447 
176520 
45449 
176523 
45451 
176524 
176525 
45453 
176526 
176527 
45455 
176528 
176529 
45457 
176530 
176531 
45459 
176532 
176533 
45461 
176534 
176535 
45463 
176536 
176537 
45465 
176538 
176539 
45467 
176540 
176541 
45469 
176542 
176543 
45471 
176544 
176545 
45473 
176546 
176547 
45475 
176548 
176549 
45477 
176550 
176551 
45479 
176552 
176553 
45481 
176554 
176555 
45483 
176556 
176557 
45485 
176558 
176559 
45487 
176560 
45488 
176561 
176562 
176563 
176564 
176565 
176566 
176567 
176568 
176569 
176570 
176571 
176572 
176573 
176574 
176575 
176576 
176577 
176578 
176579 
176580 
176581 
176582 
176583 
176584 
176585 
176586 
176587 
176588 
176589 
176590 
176591 
176592 
176593 
176594 
176595 
176596 
176597 
176598 
176599 
176600 
176601 
176602 
176603 
176604 
176605 
176606 
176607 
176608 
176609 
176610 
176611 
176612 
176613 
176614 
176615 
176616 
45636 
45640 
45642 
45644 
45646 
45648 
45650 
45652 
45654 
45656 
45658 
45660 
45662 
45664 
45666 
45668 
45670 
176743 
176744 
45672 
45674 
176747 
176748 
45676 
176749 
176750 
45678 
45680 
176753 
176754 
45682 
176755 
176756 
45684 
176757 
176758 
45686 
176759 
176760 
45688 
45690 
176763 
176764 
45692 
176765 
176766 
45694 
176767 
176768 
45696 
176769 
176770 
45698 
176771 
176772 
45700 
176773 
176774 
45702 
176775 
176776 
45704 
176777 
176778 
45706 
176779 
176780 
45708 
176781 
176782 
45710 
176783 
176784 
45712 
176785 
176786 
45714 
176787 
176788 
45716 
176789 
176790 
45718 
176791 
176792 
45720 
176793 
176794 
45722 
176795 
176796 
45724 
176797 
176798 
45726 
176799 
45727 
176800 
176801 
176802 
176803 
176804 
176805 
176806 
176807 
176808 
176809 
176810 
176811 
176812 
176813 
176814 
176815 
176816 
176817 
176818 
176819 
176820 
176821 
176822 
176823 
176824 
176825 
176826 
176827 
176828 
176829 
176830 
176831 
176832 
176833 
176834 
176835 
176836 
176837 
176838 
176839 
176840 
176841 
176842 
176843 
176844 
176845 
176846 
176847 
176848 
176849 
176850 
176851 
176852 
176853 
176854 
176855 
176856 
45871 
45875 
45877 
45881 
45883 
45885 
45887 
45889 
45891 
45893 
45895 
45897 
45899 
45901 
45903 
45905 
45907 
45909 
176983 
45911 
176984 
45913 
176987 
45915 
176988 
176989 
45917 
176990 
45919 
176993 
45921 
176994 
176995 
45923 
176996 
176997 
45925 
176998 
176999 
45927 
177000 
45929 
177003 
45931 
177004 
177005 
45933 
177006 
177007 
45935 
177008 
177009 
45937 
177010 
177011 
45939 
177012 
177013 
45941 
177014 
177015 
45943 
177016 
177017 
45945 
177018 
177019 
45947 
177020 
177021 
45949 
177022 
177023 
45951 
177024 
177025 
45953 
177026 
177027 
45955 
177028 
177029 
45957 
177030 
177031 
45959 
177032 
177033 
45961 
177034 
177035 
45963 
177036 
177037 
45965 
177038 
45966 
177039 
177040 
177041 
177042 
177043 
177044 
177045 
177046 
177047 
177048 
177049 
177050 
177051 
177052 
177053 
177054 
177055 
177056 
177057 
177058 
177059 
177060 
177061 
177062 
177063 
177064 
177065 
177066 
177067 
177068 
177069 
177070 
177071 
177072 
177073 
177074 
177075 
177076 
177077 
177078 
177079 
177080 
177081 
177082 
177083 
177084 
177085 
177086 
177087 
177088 
177089 
177090 
177091 
177092 
177093 
177094 
177095 
177096 
46116 
46118 
46120 
46124 
46126 
46128 
46130 
46132 
46134 
46136 
46138 
46140 
46142 
46144 
46146 
46148 
46150 
177223 
177224 
46152 
46154 
177227 
177228 
46156 
177229 
177230 
46158 
46160 
177233 
177234 
46162 
177235 
177236 
46164 
177237 
177238 
46166 
177239 
177240 
46168 
46170 
177243 
177244 
46172 
177245 
177246 
46174 
177247 
177248 
46176 
177249 
177250 
46178 
177251 
177252 
46180 
177253 
177254 
46182 
177255 
177256 
46184 
177257 
177258 
46186 
177259 
177260 
46188 
177261 
177262 
46190 
177263 
177264 
46192 
177265 
177266 
46194 
177267 
177268 
46196 
177269 
177270 
46198 
177271 
177272 
46200 
177273 
177274 
46202 
177275 
177276 
46204 
177277 
46205 
177278 
177279 
177280 
177281 
177282 
177283 
177284 
177285 
177286 
177287 
177288 
177289 
177290 
177291 
177292 
177293 
177294 
177295 
177296 
177297 
177298 
177299 
177300 
177301 
177302 
177303 
177304 
177305 
177306 
177307 
177308 
177309 
177310 
177311 
177312 
177313 
177314 
177315 
177316 
177317 
177318 
177319 
177320 
177321 
177322 
177323 
177324 
177325 
177326 
177327 
177328 
177329 
177330 
177331 
177332 
177333 
177334 
177335 
177336 
46355 
46357 
46359 
46361 
46365 
46367 
46369 
46371 
46373 
46375 
46377 
46379 
46381 
46383 
46385 
46387 
46389 
177463 
46391 
177464 
46393 
177467 
46395 
177468 
177469 
46397 
177470 
46399 
177473 
46401 
177474 
177475 
46403 
177476 
177477 
46405 
177478 
177479 
46407 
177480 
46409 
177483 
46411 
177484 
177485 
46413 
177486 
177487 
46415 
177488 
177489 
46417 
177490 
177491 
46419 
177492 
177493 
46421 
177494 
177495 
46423 
177496 
177497 
46425 
177498 
177499 
46427 
177500 
177501 
46429 
177502 
177503 
46431 
177504 
177505 
46433 
177506 
177507 
46435 
177508 
177509 
46437 
177510 
177511 
46439 
177512 
177513 
46441 
177514 
177515 
46443 
177516 
46444 
177517 
177518 
177519 
177520 
177521 
177522 
177523 
177524 
177525 
177526 
177527 
177528 
177529 
177530 
177531 
177532 
177533 
177534 
177535 
177536 
177537 
177538 
177539 
177540 
177541 
177542 
177543 
177544 
177545 
177546 
177547 
177548 
177549 
177550 
177551 
177552 
177553 
177554 
177555 
177556 
177557 
177558 
177559 
177560 
177561 
177562 
177563 
177564 
177565 
177566 
177567 
177568 
177569 
177570 
177571 
177572 
177573 
177574 
177575 
177576 
46594 
46596 
46600 
46602 
46604 
46606 
46608 
46610 
46612 
46614 
46616 
46618 
46620 
46622 
46624 
46626 
46628 
46630 
177703 
177704 
46632 
46634 
177707 
177708 
46636 
177709 
177710 
46638 
46640 
177713 
177714 
46642 
177715 
177716 
46644 
177717 
177718 
46646 
177719 
177720 
46648 
46650 
177723 
177724 
46652 
177725 
177726 
46654 
177727 
177728 
46656 
177729 
177730 
46658 
177731 
177732 
46660 
177733 
177734 
46662 
177735 
177736 
46664 
177737 
177738 
46666 
177739 
177740 
46668 
177741 
177742 
46670 
177743 
177744 
46672 
177745 
177746 
46674 
177747 
177748 
46676 
177749 
177750 
46678 
177751 
177752 
46680 
177753 
177754 
46682 
177755 
46683 
177756 
177757 
177758 
177759 
177760 
177761 
177762 
177763 
177764 
177765 
177766 
177767 
177768 
177769 
177770 
177771 
177772 
177773 
177774 
177775 
177776 
177777 
177778 
177779 
177780 
177781 
177782 
177783 
177784 
177785 
177786 
177787 
177788 
177789 
177790 
177791 
177792 
177793 
177794 
177795 
177796 
177797 
177798 
177799 
177800 
177801 
177802 
177803 
177804 
177805 
177806 
177807 
177808 
177809 
177810 
177811 
177812 
177813 
177814 
177815 
177816 
46831 
46835 
46837 
46839 
46841 
46843 
46845 
46847 
46849 
46851 
46853 
46857 
46859 
46861 
46863 
46865 
46867 
46869 
177943 
46871 
177944 
46873 
177947 
46875 
177948 
177949 
46877 
177950 
46879 
177953 
46881 
177954 
177955 
46883 
177956 
177957 
46885 
177958 
177959 
46887 
177960 
46889 
177963 
46891 
177964 
177965 
46893 
177966 
177967 
46895 
177968 
177969 
46897 
177970 
177971 
46899 
177972 
177973 
46901 
177974 
177975 
46903 
177976 
177977 
46905 
177978 
177979 
46907 
177980 
177981 
46909 
177982 
177983 
46911 
177984 
177985 
46913 
177986 
177987 
46915 
177988 
177989 
46917 
177990 
177991 
46919 
177992 
177993 
46921 
177994 
46922 
177995 
177996 
177997 
177998 
177999 
178000 
178001 
178002 
178003 
178004 
178005 
178006 
178007 
178008 
178009 
178010 
178011 
178012 
178013 
178014 
178015 
178016 
178017 
178018 
178019 
178020 
178021 
178022 
178023 
178024 
178025 
178026 
178027 
178028 
178029 
178030 
178031 
178032 
178033 
178034 
178035 
178036 
178037 
178038 
178039 
178040 
178041 
178042 
178043 
178044 
178045 
178046 
178047 
178048 
178049 
178050 
178051 
178052 
178053 
178054 
178055 
178056 
47072 
47074 
47078 
47080 
47082 
47084 
47086 
47088 
47090 
47092 
47094 
47096 
47098 
47100 
47102 
47104 
47106 
47108 
47110 
178183 
178184 
47112 
47114 
178187 
178188 
47116 
178189 
178190 
47118 
47120 
178193 
178194 
47122 
178195 
178196 
47124 
178197 
178198 
47126 
178199 
178200 
47128 
47130 
178203 
178204 
47132 
178205 
178206 
47134 
178207 
178208 
47136 
178209 
178210 
47138 
178211 
178212 
47140 
178213 
178214 
47142 
178215 
178216 
47144 
178217 
178218 
47146 
178219 
178220 
47148 
178221 
178222 
47150 
178223 
178224 
47152 
178225 
178226 
47154 
178227 
178228 
47156 
178229 
178230 
47158 
178231 
178232 
47160 
178233 
47161 
178234 
178235 
178236 
178237 
178238 
178239 
178240 
178241 
178242 
178243 
178244 
178245 
178246 
178247 
178248 
178249 
178250 
178251 
178252 
178253 
178254 
178255 
178256 
178257 
178258 
178259 
178260 
178261 
178262 
178263 
178264 
178265 
178266 
178267 
178268 
178269 
178270 
178271 
178272 
178273 
178274 
178275 
178276 
178277 
178278 
178279 
178280 
178281 
178282 
178283 
178284 
178285 
178286 
178287 
178288 
178289 
178290 
178291 
178292 
178293 
178294 
178295 
178296 
47311 
47315 
47317 
47319 
47321 
47323 
47327 
47329 
47331 
47333 
47335 
47337 
47339 
47341 
47343 
47345 
47347 
47349 
178423 
47351 
178424 
47353 
178427 
47355 
178428 
178429 
47357 
178430 
47359 
178433 
47361 
178434 
178435 
47363 
178436 
178437 
47365 
178438 
178439 
47367 
178440 
47369 
178443 
47371 
178444 
178445 
47373 
178446 
178447 
47375 
178448 
178449 
47377 
178450 
178451 
47379 
178452 
178453 
47381 
178454 
178455 
47383 
178456 
178457 
47385 
178458 
178459 
47387 
178460 
178461 
47389 
178462 
178463 
47391 
178464 
178465 
47393 
178466 
178467 
47395 
178468 
178469 
47397 
178470 
178471 
47399 
178472 
47400 
178473 
178474 
178475 
178476 
178477 
178478 
178479 
178480 
178481 
178482 
178483 
178484 
178485 
178486 
178487 
178488 
178489 
178490 
178491 
178492 
178493 
178494 
178495 
178496 
178497 
178498 
178499 
178500 
178501 
178502 
178503 
178504 
178505 
178506 
178507 
178508 
178509 
178510 
178511 
178512 
178513 
178514 
178515 
178516 
178517 
178518 
178519 
178520 
178521 
178522 
178523 
178524 
178525 
178526 
178527 
178528 
178529 
178530 
178531 
178532 
178533 
178534 
178535 
178536 
47550 
47554 
47556 
47558 
47560 
47562 
47564 
47566 
47568 
47570 
47572 
47574 
47576 
47578 
47580 
47582 
47584 
47586 
47588 
47590 
178663 
178664 
47592 
47594 
178667 
178668 
47596 
178669 
178670 
47598 
47600 
178673 
178674 
47602 
178675 
178676 
47604 
178677 
178678 
47606 
178679 
178680 
47608 
47610 
178683 
178684 
47612 
178685 
178686 
47614 
178687 
178688 
47616 
178689 
178690 
47618 
178691 
178692 
47620 
178693 
178694 
47622 
178695 
178696 
47624 
178697 
178698 
47626 
178699 
178700 
47628 
178701 
178702 
47630 
178703 
178704 
47632 
178705 
178706 
47634 
178707 
178708 
47636 
178709 
178710 
47638 
178711 
47639 
178712 
178713 
178714 
178715 
178716 
178717 
178718 
178719 
178720 
178721 
178722 
178723 
178724 
178725 
178726 
178727 
178728 
178729 
178730 
178731 
178732 
178733 
178734 
178735 
178736 
178737 
178738 
178739 
178740 
178741 
178742 
178743 
178744 
178745 
178746 
178747 
178748 
178749 
178750 
178751 
178752 
178753 
178754 
178755 
178756 
178757 
178758 
178759 
178760 
178761 
178762 
178763 
178764 
178765 
178766 
178767 
178768 
178769 
178770 
178771 
178772 
178773 
178774 
178775 
178776 
47805 
47807 
47811 
47813 
47815 
47817 
47819 
47821 
47823 
47825 
47827 
47829 
178903 
47831 
178904 
47833 
178907 
47835 
178908 
178909 
47837 
178910 
47839 
178913 
47841 
178914 
178915 
47843 
178916 
178917 
47845 
178918 
178919 
47847 
178920 
47849 
178923 
47851 
178924 
178925 
47853 
178926 
178927 
47855 
178928 
178929 
47857 
178930 
178931 
47859 
178932 
178933 
47861 
178934 
178935 
47863 
178936 
178937 
47865 
178938 
178939 
47867 
178940 
178941 
47869 
178942 
178943 
47871 
178944 
178945 
47873 
178946 
178947 
47875 
178948 
178949 
47877 
178950 
47878 
178951 
178952 
178953 
178954 
178955 
178956 
178957 
178958 
178959 
178960 
178961 
178962 
178963 
178964 
178965 
178966 
178967 
178968 
178969 
178970 
178971 
178972 
178973 
178974 
178975 
178976 
178977 
178978 
178979 
178980 
178981 
178982 
178983 
178984 
178985 
178986 
178987 
178988 
178989 
178990 
178991 
178992 
178993 
178994 
178995 
178996 
178997 
178998 
178999 
179000 
179001 
179002 
179003 
179004 
179005 
179006 
179007 
179008 
179009 
179010 
179011 
179012 
179013 
179014 
179015 
179016 
48042 
48046 
48048 
48050 
48052 
48056 
48058 
48060 
48062 
48064 
48066 
48068 
48070 
179143 
179144 
48072 
48074 
179147 
179148 
48076 
179149 
179150 
48078 
48080 
179153 
179154 
48082 
179155 
179156 
48084 
179157 
179158 
48086 
179159 
179160 
48088 
48090 
179163 
179164 
48092 
179165 
179166 
48094 
179167 
179168 
48096 
179169 
179170 
48098 
179171 
179172 
48100 
179173 
179174 
48102 
179175 
179176 
48104 
179177 
179178 
48106 
179179 
179180 
48108 
179181 
179182 
48110 
179183 
179184 
48112 
179185 
179186 
48114 
179187 
179188 
48116 
179189 
48117 
179190 
179191 
179192 
179193 
179194 
179195 
179196 
179197 
179198 
179199 
179200 
179201 
179202 
179203 
179204 
179205 
179206 
179207 
179208 
179209 
179210 
179211 
179212 
179213 
179214 
179215 
179216 
179217 
179218 
179219 
179220 
179221 
179222 
179223 
179224 
179225 
179226 
179227 
179228 
179229 
179230 
179231 
179232 
179233 
179234 
179235 
179236 
179237 
179238 
179239 
179240 
179241 
179242 
179243 
179244 
179245 
179246 
179247 
179248 
179249 
179250 
179251 
179252 
179253 
179254 
179255 
179256 
48283 
48287 
48289 
48291 
48293 
48295 
48297 
48299 
48301 
48303 
48305 
48307 
48309 
179383 
48311 
179384 
48313 
179387 
48315 
179388 
179389 
48317 
179390 
48319 
179393 
48321 
179394 
179395 
48323 
179396 
179397 
48325 
179398 
179399 
48327 
179400 
48329 
179403 
48331 
179404 
179405 
48333 
179406 
179407 
48335 
179408 
179409 
48337 
179410 
179411 
48339 
179412 
179413 
48341 
179414 
179415 
48343 
179416 
179417 
48345 
179418 
179419 
48347 
179420 
179421 
48349 
179422 
179423 
48351 
179424 
179425 
48353 
179426 
179427 
48355 
179428 
48356 
179429 
179430 
179431 
179432 
179433 
179434 
179435 
179436 
179437 
179438 
179439 
179440 
179441 
179442 
179443 
179444 
179445 
179446 
179447 
179448 
179449 
179450 
179451 
179452 
179453 
179454 
179455 
179456 
179457 
179458 
179459 
179460 
179461 
179462 
179463 
179464 
179465 
179466 
179467 
179468 
179469 
179470 
179471 
179472 
179473 
179474 
179475 
179476 
179477 
179478 
179479 
179480 
179481 
179482 
179483 
179484 
179485 
179486 
179487 
179488 
179489 
179490 
179491 
179492 
179493 
179494 
179495 
179496 
48518 
48522 
48526 
48528 
48530 
48532 
48534 
48536 
48540 
48542 
48544 
48546 
48548 
48550 
179623 
179624 
48552 
48554 
179627 
179628 
48556 
48558 
48560 
179633 
179634 
48562 
179635 
179636 
48564 
179637 
179638 
48566 
179639 
179640 
48568 
48570 
179643 
179644 
48572 
179645 
179646 
48574 
179647 
179648 
48576 
179649 
179650 
48578 
179651 
179652 
48580 
179653 
179654 
48582 
179655 
179656 
48584 
179657 
179658 
48586 
179659 
179660 
48588 
179661 
179662 
48590 
179663 
179664 
48592 
179665 
179666 
48594 
179667 
48595 
179668 
179669 
179670 
179671 
179672 
179673 
179674 
179675 
179676 
179677 
179678 
179679 
179680 
179681 
179682 
179683 
179684 
179685 
179686 
179687 
179688 
179689 
179690 
179691 
179692 
179693 
179694 
179695 
179696 
179697 
179698 
179699 
179700 
179701 
179702 
179703 
179704 
179705 
179706 
179707 
179708 
179709 
179710 
179711 
179712 
179713 
179714 
179715 
179716 
179717 
179718 
179719 
179720 
179721 
179722 
179723 
179724 
179725 
179726 
179727 
179728 
179729 
179730 
179731 
179732 
179733 
179734 
179735 
179736 
48761 
48763 
48767 
48769 
48771 
48773 
48775 
48777 
48779 
48781 
48783 
48785 
48787 
48789 
179863 
48791 
179864 
48793 
179867 
48795 
179868 
48797 
179871 
48799 
179872 
179873 
48801 
179874 
179875 
48803 
179876 
179877 
48805 
179878 
179879 
48807 
179880 
48809 
179883 
48811 
179884 
179885 
48813 
179886 
179887 
48815 
179888 
179889 
48817 
179890 
179891 
48819 
179892 
179893 
48821 
179894 
179895 
48823 
179896 
179897 
48825 
179898 
179899 
48827 
179900 
179901 
48829 
179902 
179903 
48831 
179904 
179905 
48833 
179906 
48834 
179907 
179908 
179909 
179910 
179911 
179912 
179913 
179914 
179915 
179916 
179917 
179918 
179919 
179920 
179921 
179922 
179923 
179924 
179925 
179926 
179927 
179928 
179929 
179930 
179931 
179932 
179933 
179934 
179935 
179936 
179937 
179938 
179939 
179940 
179941 
179942 
179943 
179944 
179945 
179946 
179947 
179948 
179949 
179950 
179951 
179952 
179953 
179954 
179955 
179956 
179957 
179958 
179959 
179960 
179961 
179962 
179963 
179964 
179965 
179966 
179967 
179968 
179969 
179970 
179971 
179972 
179973 
179974 
179975 
179976 
48998 
49000 
49004 
49006 
49008 
49010 
49012 
49014 
49016 
49018 
49020 
49022 
49024 
49026 
49028 
49030 
180103 
180104 
49032 
49034 
180107 
180108 
49036 
49038 
180111 
180112 
49040 
180113 
180114 
49042 
180115 
180116 
49044 
180117 
180118 
49046 
180119 
180120 
49048 
49050 
180123 
180124 
49052 
180125 
180126 
49054 
180127 
180128 
49056 
180129 
180130 
49058 
180131 
180132 
49060 
180133 
180134 
49062 
180135 
180136 
49064 
180137 
180138 
49066 
180139 
180140 
49068 
180141 
180142 
49070 
180143 
180144 
49072 
180145 
49073 
180146 
180147 
180148 
180149 
180150 
180151 
180152 
180153 
180154 
180155 
180156 
180157 
180158 
180159 
180160 
180161 
180162 
180163 
180164 
180165 
180166 
180167 
180168 
180169 
180170 
180171 
180172 
180173 
180174 
180175 
180176 
180177 
180178 
180179 
180180 
180181 
180182 
180183 
180184 
180185 
180186 
180187 
180188 
180189 
180190 
180191 
180192 
180193 
180194 
180195 
180196 
180197 
180198 
180199 
180200 
180201 
180202 
180203 
180204 
180205 
180206 
180207 
180208 
180209 
180210 
180211 
180212 
180213 
180214 
180215 
180216 
49233 
49237 
49241 
49243 
49245 
49247 
49249 
49251 
49253 
49255 
49257 
49259 
49261 
49263 
49265 
49267 
49269 
180343 
49271 
180344 
49273 
180347 
49275 
180348 
49277 
180351 
49279 
180352 
180353 
49281 
180354 
180355 
49283 
180356 
180357 
49285 
180358 
180359 
49287 
180360 
49289 
180363 
49291 
180364 
180365 
49293 
180366 
180367 
49295 
180368 
180369 
49297 
180370 
180371 
49299 
180372 
180373 
49301 
180374 
180375 
49303 
180376 
180377 
49305 
180378 
180379 
49307 
180380 
180381 
49309 
180382 
180383 
49311 
180384 
49312 
180385 
180386 
180387 
180388 
180389 
180390 
180391 
180392 
180393 
180394 
180395 
180396 
180397 
180398 
180399 
180400 
180401 
180402 
180403 
180404 
180405 
180406 
180407 
180408 
180409 
180410 
180411 
180412 
180413 
180414 
180415 
180416 
180417 
180418 
180419 
180420 
180421 
180422 
180423 
180424 
180425 
180426 
180427 
180428 
180429 
180430 
180431 
180432 
180433 
180434 
180435 
180436 
180437 
180438 
180439 
180440 
180441 
180442 
180443 
180444 
180445 
180446 
180447 
180448 
180449 
180450 
180451 
180452 
180453 
180454 
180455 
180456 
49470 
49474 
49476 
49480 
49482 
49484 
49486 
49488 
49490 
49492 
49494 
49496 
49498 
49500 
49502 
49504 
49506 
49508 
49510 
180583 
180584 
49512 
49514 
180587 
180588 
49516 
49518 
180591 
180592 
49520 
180593 
180594 
49522 
180595 
180596 
49524 
180597 
180598 
49526 
180599 
180600 
49528 
49530 
180603 
180604 
49532 
180605 
180606 
49534 
180607 
180608 
49536 
180609 
180610 
49538 
180611 
180612 
49540 
180613 
180614 
49542 
180615 
180616 
49544 
180617 
180618 
49546 
180619 
180620 
49548 
180621 
180622 
49550 
180623 
49551 
180624 
180625 
180626 
180627 
180628 
180629 
180630 
180631 
180632 
180633 
180634 
180635 
180636 
180637 
180638 
180639 
180640 
180641 
180642 
180643 
180644 
180645 
180646 
180647 
180648 
180649 
180650 
180651 
180652 
180653 
180654 
180655 
180656 
180657 
180658 
180659 
180660 
180661 
180662 
180663 
180664 
180665 
180666 
180667 
180668 
180669 
180670 
180671 
180672 
180673 
180674 
180675 
180676 
180677 
180678 
180679 
180680 
180681 
180682 
180683 
180684 
180685 
180686 
180687 
180688 
180689 
180690 
180691 
180692 
180693 
180694 
180695 
180696 
49719 
49723 
49725 
49729 
49731 
49733 
49735 
49737 
49739 
49741 
49743 
49745 
49747 
49749 
180823 
49751 
180824 
49753 
180827 
49755 
180828 
49757 
180831 
49759 
180832 
180833 
49761 
180834 
180835 
49763 
180836 
180837 
49765 
180838 
180839 
49767 
180840 
49769 
180843 
49771 
180844 
180845 
49773 
180846 
180847 
49775 
180848 
180849 
49777 
180850 
180851 
49779 
180852 
180853 
49781 
180854 
180855 
49783 
180856 
180857 
49785 
180858 
180859 
49787 
180860 
180861 
49789 
180862 
49790 
180863 
180864 
180865 
180866 
180867 
180868 
180869 
180870 
180871 
180872 
180873 
180874 
180875 
180876 
180877 
180878 
180879 
180880 
180881 
180882 
180883 
180884 
180885 
180886 
180887 
180888 
180889 
180890 
180891 
180892 
180893 
180894 
180895 
180896 
180897 
180898 
180899 
180900 
180901 
180902 
180903 
180904 
180905 
180906 
180907 
180908 
180909 
180910 
180911 
180912 
180913 
180914 
180915 
180916 
180917 
180918 
180919 
180920 
180921 
180922 
180923 
180924 
180925 
180926 
180927 
180928 
180929 
180930 
180931 
180932 
180933 
180934 
180935 
180936 
49964 
49968 
49972 
49974 
49976 
49978 
49980 
49982 
49984 
49986 
49988 
49990 
181063 
181064 
49992 
49994 
181067 
181068 
49996 
49998 
181071 
181072 
50000 
181073 
181074 
50002 
181075 
181076 
50004 
181077 
181078 
50006 
181079 
181080 
50008 
50010 
181083 
181084 
50012 
181085 
181086 
50014 
181087 
181088 
50016 
181089 
181090 
50018 
181091 
181092 
50020 
181093 
181094 
50022 
181095 
181096 
50024 
181097 
181098 
50026 
181099 
181100 
50028 
181101 
50029 
181102 
181103 
181104 
181105 
181106 
181107 
181108 
181109 
181110 
181111 
181112 
181113 
181114 
181115 
181116 
181117 
181118 
181119 
181120 
181121 
181122 
181123 
181124 
181125 
181126 
181127 
181128 
181129 
181130 
181131 
181132 
181133 
181134 
181135 
181136 
181137 
181138 
181139 
181140 
181141 
181142 
181143 
181144 
181145 
181146 
181147 
181148 
181149 
181150 
181151 
181152 
181153 
181154 
181155 
181156 
181157 
181158 
181159 
181160 
181161 
181162 
181163 
181164 
181165 
181166 
181167 
181168 
181169 
181170 
181171 
181172 
181173 
181174 
181175 
181176 
50197 
50201 
50203 
50207 
50209 
50211 
50213 
50215 
50217 
50219 
50221 
50223 
50225 
50227 
50229 
181303 
50231 
181304 
50233 
181307 
50235 
181308 
50237 
181311 
50239 
181312 
181313 
50241 
181314 
181315 
50243 
181316 
181317 
50245 
181318 
181319 
50247 
181320 
50249 
181323 
50251 
181324 
181325 
50253 
181326 
181327 
50255 
181328 
181329 
50257 
181330 
181331 
50259 
181332 
181333 
50261 
181334 
181335 
50263 
181336 
181337 
50265 
181338 
181339 
50267 
181340 
50268 
181341 
181342 
181343 
181344 
181345 
181346 
181347 
181348 
181349 
181350 
181351 
181352 
181353 
181354 
181355 
181356 
181357 
181358 
181359 
181360 
181361 
181362 
181363 
181364 
181365 
181366 
181367 
181368 
181369 
181370 
181371 
181372 
181373 
181374 
181375 
181376 
181377 
181378 
181379 
181380 
181381 
181382 
181383 
181384 
181385 
181386 
181387 
181388 
181389 
181390 
181391 
181392 
181393 
181394 
181395 
181396 
181397 
181398 
181399 
181400 
181401 
181402 
181403 
181404 
181405 
181406 
181407 
181408 
181409 
181410 
181411 
181412 
181413 
181414 
181415 
181416 
50426 
50430 
50432 
50436 
50438 
50440 
50442 
50444 
50446 
50448 
50450 
50452 
50454 
50456 
50458 
50460 
50462 
50464 
50466 
50468 
50470 
181543 
181544 
50472 
50474 
181547 
181548 
50476 
50478 
181551 
181552 
50480 
181553 
181554 
50482 
181555 
181556 
50484 
181557 
181558 
50486 
181559 
181560 
50488 
50490 
181563 
181564 
50492 
181565 
181566 
50494 
181567 
181568 
50496 
181569 
181570 
50498 
181571 
181572 
50500 
181573 
181574 
50502 
181575 
181576 
50504 
181577 
181578 
50506 
181579 
50507 
181580 
181581 
181582 
181583 
181584 
181585 
181586 
181587 
181588 
181589 
181590 
181591 
181592 
181593 
181594 
181595 
181596 
181597 
181598 
181599 
181600 
181601 
181602 
181603 
181604 
181605 
181606 
181607 
181608 
181609 
181610 
181611 
181612 
181613 
181614 
181615 
181616 
181617 
181618 
181619 
181620 
181621 
181622 
181623 
181624 
181625 
181626 
181627 
181628 
181629 
181630 
181631 
181632 
181633 
181634 
181635 
181636 
181637 
181638 
181639 
181640 
181641 
181642 
181643 
181644 
181645 
181646 
181647 
181648 
181649 
181650 
181651 
181652 
181653 
181654 
181655 
181656 
50667 
50671 
50675 
50677 
50679 
50681 
50683 
50685 
50687 
50689 
50691 
50693 
50695 
50697 
50699 
50701 
50703 
50705 
50707 
50709 
50711 
50713 
181787 
50715 
181788 
50717 
181791 
50719 
181792 
181793 
50721 
181794 
181795 
50723 
181796 
181797 
50725 
181798 
181799 
50727 
181800 
50729 
181803 
50731 
181804 
181805 
50733 
181806 
181807 
50735 
181808 
181809 
50737 
181810 
181811 
50739 
181812 
181813 
50741 
181814 
181815 
50743 
181816 
181817 
50745 
181818 
50746 
181819 
181820 
181821 
181822 
181823 
181824 
181825 
181826 
181827 
181828 
181829 
181830 
181831 
181832 
181833 
181834 
181835 
181836 
181837 
181838 
181839 
181840 
181841 
181842 
181843 
181844 
181845 
181846 
181847 
181848 
181849 
181850 
181851 
181852 
181853 
181854 
181855 
181856 
181857 
181858 
181859 
181860 
181861 
181862 
181863 
181864 
181865 
181866 
181867 
181868 
181869 
181870 
181871 
181872 
181873 
181874 
181875 
181876 
181877 
181878 
181879 
181880 
181881 
181882 
181883 
181884 
181885 
181886 
181887 
181888 
181889 
181890 
181891 
181892 
181893 
181894 
181895 
181896 
50910 
50912 
50916 
50918 
50920 
50922 
50924 
50926 
50928 
50930 
50932 
50934 
50936 
50938 
50940 
50942 
50944 
50946 
50948 
50950 
50952 
50954 
182027 
182028 
50956 
50958 
50960 
182033 
182034 
50962 
182035 
182036 
50964 
182037 
182038 
50966 
182039 
182040 
50968 
50970 
182043 
182044 
50972 
182045 
182046 
50974 
182047 
182048 
50976 
182049 
182050 
50978 
182051 
182052 
50980 
182053 
182054 
50982 
182055 
182056 
50984 
182057 
50985 
182058 
182059 
182060 
182061 
182062 
182063 
182064 
182065 
182066 
182067 
182068 
182069 
182070 
182071 
182072 
182073 
182074 
182075 
182076 
182077 
182078 
182079 
182080 
182081 
182082 
182083 
182084 
182085 
182086 
182087 
182088 
182089 
182090 
182091 
182092 
182093 
182094 
182095 
182096 
182097 
182098 
182099 
182100 
182101 
182102 
182103 
182104 
182105 
182106 
182107 
182108 
182109 
182110 
182111 
182112 
182113 
182114 
182115 
182116 
182117 
182118 
182119 
182120 
182121 
182122 
182123 
182124 
182125 
182126 
182127 
182128 
182129 
182130 
182131 
182132 
182133 
182134 
182135 
182136 
51151 
51153 
51157 
51159 
51161 
51163 
51165 
51167 
51169 
51171 
51173 
51175 
51177 
51179 
51181 
51183 
51185 
51187 
182261 
51189 
182262 
51191 
51193 
182267 
51195 
182268 
182269 
51197 
182270 
51199 
182273 
51201 
182274 
182275 
51203 
182276 
182277 
51205 
182278 
182279 
51207 
182280 
51209 
182283 
51211 
182284 
182285 
51213 
182286 
182287 
51215 
182288 
182289 
51217 
182290 
182291 
51219 
182292 
182293 
51221 
182294 
182295 
51223 
182296 
51224 
182297 
182298 
182299 
182300 
182301 
182302 
182303 
182304 
182305 
182306 
182307 
182308 
182309 
182310 
182311 
182312 
182313 
182314 
182315 
182316 
182317 
182318 
182319 
182320 
182321 
182322 
182323 
182324 
182325 
182326 
182327 
182328 
182329 
182330 
182331 
182332 
182333 
182334 
182335 
182336 
182337 
182338 
182339 
182340 
182341 
182342 
182343 
182344 
182345 
182346 
182347 
182348 
182349 
182350 
182351 
182352 
182353 
182354 
182355 
182356 
182357 
182358 
182359 
182360 
182361 
182362 
182363 
182364 
182365 
182366 
182367 
182368 
182369 
182370 
182371 
182372 
182373 
182374 
182375 
182376 
51386 
51390 
51394 
51396 
51398 
51400 
51402 
51404 
51408 
51410 
51412 
51414 
51416 
51418 
51420 
51422 
51424 
51426 
51428 
182501 
182502 
51430 
51432 
51434 
182507 
182508 
51436 
182509 
182510 
51438 
51440 
182513 
182514 
51442 
182515 
182516 
51444 
182517 
182518 
51446 
182519 
182520 
51448 
51450 
182523 
182524 
51452 
182525 
182526 
51454 
182527 
182528 
51456 
182529 
182530 
51458 
182531 
182532 
51460 
182533 
182534 
51462 
182535 
51463 
182536 
182537 
182538 
182539 
182540 
182541 
182542 
182543 
182544 
182545 
182546 
182547 
182548 
182549 
182550 
182551 
182552 
182553 
182554 
182555 
182556 
182557 
182558 
182559 
182560 
182561 
182562 
182563 
182564 
182565 
182566 
182567 
182568 
182569 
182570 
182571 
182572 
182573 
182574 
182575 
182576 
182577 
182578 
182579 
182580 
182581 
182582 
182583 
182584 
182585 
182586 
182587 
182588 
182589 
182590 
182591 
182592 
182593 
182594 
182595 
182596 
182597 
182598 
182599 
182600 
182601 
182602 
182603 
182604 
182605 
182606 
182607 
182608 
182609 
182610 
182611 
182612 
182613 
182614 
182615 
182616 
51629 
51633 
51635 
51637 
51639 
51641 
51643 
51645 
51647 
51649 
51651 
51653 
51655 
51657 
51659 
51661 
51663 
51665 
51667 
182741 
51669 
182742 
51671 
51673 
182747 
51675 
182748 
182749 
51677 
182750 
51679 
182753 
51681 
182754 
182755 
51683 
182756 
182757 
51685 
182758 
182759 
51687 
182760 
51689 
182763 
51691 
182764 
182765 
51693 
182766 
182767 
51695 
182768 
182769 
51697 
182770 
182771 
51699 
182772 
182773 
51701 
182774 
51702 
182775 
182776 
182777 
182778 
182779 
182780 
182781 
182782 
182783 
182784 
182785 
182786 
182787 
182788 
182789 
182790 
182791 
182792 
182793 
182794 
182795 
182796 
182797 
182798 
182799 
182800 
182801 
182802 
182803 
182804 
182805 
182806 
182807 
182808 
182809 
182810 
182811 
182812 
182813 
182814 
182815 
182816 
182817 
182818 
182819 
182820 
182821 
182822 
182823 
182824 
182825 
182826 
182827 
182828 
182829 
182830 
182831 
182832 
182833 
182834 
182835 
182836 
182837 
182838 
182839 
182840 
182841 
182842 
182843 
182844 
182845 
182846 
182847 
182848 
182849 
182850 
182851 
182852 
182853 
182854 
182855 
182856 
51866 
51870 
51872 
51874 
51876 
51880 
51882 
51884 
51886 
51888 
51890 
51892 
51894 
51896 
51898 
51900 
51902 
51904 
51906 
51908 
182981 
182982 
51910 
51912 
51914 
182987 
182988 
51916 
182989 
182990 
51918 
51920 
182993 
182994 
51922 
182995 
182996 
51924 
182997 
182998 
51926 
182999 
183000 
51928 
51930 
183003 
183004 
51932 
183005 
183006 
51934 
183007 
183008 
51936 
183009 
183010 
51938 
183011 
183012 
51940 
183013 
51941 
183014 
183015 
183016 
183017 
183018 
183019 
183020 
183021 
183022 
183023 
183024 
183025 
183026 
183027 
183028 
183029 
183030 
183031 
183032 
183033 
183034 
183035 
183036 
183037 
183038 
183039 
183040 
183041 
183042 
183043 
183044 
183045 
183046 
183047 
183048 
183049 
183050 
183051 
183052 
183053 
183054 
183055 
183056 
183057 
183058 
183059 
183060 
183061 
183062 
183063 
183064 
183065 
183066 
183067 
183068 
183069 
183070 
183071 
183072 
183073 
183074 
183075 
183076 
183077 
183078 
183079 
183080 
183081 
183082 
183083 
183084 
183085 
183086 
183087 
183088 
183089 
183090 
183091 
183092 
183093 
183094 
183095 
183096 
52107 
52109 
52113 
52115 
52117 
52119 
52121 
52123 
52125 
52127 
52129 
52131 
52133 
52135 
52137 
52139 
52141 
52143 
52145 
52147 
183221 
52149 
183222 
52151 
52153 
183227 
52155 
183228 
183229 
52157 
183230 
52159 
183233 
52161 
183234 
183235 
52163 
183236 
183237 
52165 
183238 
183239 
52167 
183240 
52169 
183243 
52171 
183244 
183245 
52173 
183246 
183247 
52175 
183248 
183249 
52177 
183250 
183251 
52179 
183252 
52180 
183253 
183254 
183255 
183256 
183257 
183258 
183259 
183260 
183261 
183262 
183263 
183264 
183265 
183266 
183267 
183268 
183269 
183270 
183271 
183272 
183273 
183274 
183275 
183276 
183277 
183278 
183279 
183280 
183281 
183282 
183283 
183284 
183285 
183286 
183287 
183288 
183289 
183290 
183291 
183292 
183293 
183294 
183295 
183296 
183297 
183298 
183299 
183300 
183301 
183302 
183303 
183304 
183305 
183306 
183307 
183308 
183309 
183310 
183311 
183312 
183313 
183314 
183315 
183316 
183317 
183318 
183319 
183320 
183321 
183322 
183323 
183324 
183325 
183326 
183327 
183328 
183329 
183330 
183331 
183332 
183333 
183334 
183335 
183336 
52330 
52334 
52336 
52338 
52340 
52342 
52344 
52346 
52348 
52350 
52352 
52354 
52356 
52358 
52360 
52362 
52364 
52366 
52368 
52370 
52372 
52374 
52376 
52378 
52380 
52382 
52384 
52386 
52388 
183461 
183462 
52390 
52392 
52394 
183467 
183468 
52396 
183469 
183470 
52398 
52400 
183473 
183474 
52402 
183475 
183476 
52404 
183477 
183478 
52406 
183479 
183480 
52408 
52410 
183483 
183484 
52412 
183485 
183486 
52414 
183487 
183488 
52416 
183489 
183490 
52418 
183491 
52419 
183492 
183493 
183494 
183495 
183496 
183497 
183498 
183499 
183500 
183501 
183502 
183503 
183504 
183505 
183506 
183507 
183508 
183509 
183510 
183511 
183512 
183513 
183514 
183515 
183516 
183517 
183518 
183519 
183520 
183521 
183522 
183523 
183524 
183525 
183526 
183527 
183528 
183529 
183530 
183531 
183532 
183533 
183534 
183535 
183536 
183537 
183538 
183539 
183540 
183541 
183542 
183543 
183544 
183545 
183546 
183547 
183548 
183549 
183550 
183551 
183552 
183553 
183554 
183555 
183556 
183557 
183558 
183559 
183560 
183561 
183562 
183563 
183564 
183565 
183566 
183567 
183568 
183569 
183570 
183571 
183572 
183573 
183574 
183575 
183576 
52569 
52573 
52575 
52577 
52579 
52581 
52585 
52587 
52589 
52591 
52593 
52595 
52597 
52599 
52601 
52603 
52605 
52607 
52609 
52611 
52613 
52615 
52617 
52619 
52621 
52623 
52625 
52627 
183701 
52629 
183702 
52631 
52633 
183707 
52635 
183708 
183709 
52637 
183710 
52639 
183713 
52641 
183714 
183715 
52643 
183716 
183717 
52645 
183718 
183719 
52647 
183720 
52649 
183723 
52651 
183724 
183725 
52653 
183726 
183727 
52655 
183728 
183729 
52657 
183730 
52658 
183731 
183732 
183733 
183734 
183735 
183736 
183737 
183738 
183739 
183740 
183741 
183742 
183743 
183744 
183745 
183746 
183747 
183748 
183749 
183750 
183751 
183752 
183753 
183754 
183755 
183756 
183757 
183758 
183759 
183760 
183761 
183762 
183763 
183764 
183765 
183766 
183767 
183768 
183769 
183770 
183771 
183772 
183773 
183774 
183775 
183776 
183777 
183778 
183779 
183780 
183781 
183782 
183783 
183784 
183785 
183786 
183787 
183788 
183789 
183790 
183791 
183792 
183793 
183794 
183795 
183796 
183797 
183798 
183799 
183800 
183801 
183802 
183803 
183804 
183805 
183806 
183807 
183808 
183809 
183810 
183811 
183812 
183813 
183814 
183815 
183816 
52808 
52810 
52814 
52816 
52818 
52820 
52822 
52824 
52826 
52828 
52830 
52832 
52834 
52836 
52838 
52840 
52842 
52844 
52846 
52848 
52850 
52852 
52854 
52856 
52858 
52860 
52862 
52864 
52866 
52868 
183941 
183942 
52870 
52872 
52874 
183947 
183948 
52876 
183949 
183950 
52878 
52880 
183953 
183954 
52882 
183955 
183956 
52884 
183957 
183958 
52886 
183959 
183960 
52888 
52890 
183963 
183964 
52892 
183965 
183966 
52894 
183967 
183968 
52896 
183969 
52897 
183970 
183971 
183972 
183973 
183974 
183975 
183976 
183977 
183978 
183979 
183980 
183981 
183982 
183983 
183984 
183985 
183986 
183987 
183988 
183989 
183990 
183991 
183992 
183993 
183994 
183995 
183996 
183997 
183998 
183999 
184000 
184001 
184002 
184003 
184004 
184005 
184006 
184007 
184008 
184009 
184010 
184011 
184012 
184013 
184014 
184015 
184016 
184017 
184018 
184019 
184020 
184021 
184022 
184023 
184024 
184025 
184026 
184027 
184028 
184029 
184030 
184031 
184032 
184033 
184034 
184035 
184036 
184037 
184038 
184039 
184040 
184041 
184042 
184043 
184044 
184045 
184046 
184047 
184048 
184049 
184050 
184051 
184052 
184053 
184054 
184055 
184056 
53045 
53049 
53051 
53053 
53055 
53057 
53059 
53061 
53063 
53065 
53067 
53071 
53073 
53075 
53077 
53079 
53081 
53083 
53085 
53087 
53089 
53091 
53093 
53095 
53097 
53099 
53101 
53103 
53105 
53107 
184181 
53109 
184182 
53111 
53113 
184187 
53115 
184188 
184189 
53117 
184190 
53119 
184193 
53121 
184194 
184195 
53123 
184196 
184197 
53125 
184198 
184199 
53127 
184200 
53129 
184203 
53131 
184204 
184205 
53133 
184206 
184207 
53135 
184208 
53136 
184209 
184210 
184211 
184212 
184213 
184214 
184215 
184216 
184217 
184218 
184219 
184220 
184221 
184222 
184223 
184224 
184225 
184226 
184227 
184228 
184229 
184230 
184231 
184232 
184233 
184234 
184235 
184236 
184237 
184238 
184239 
184240 
184241 
184242 
184243 
184244 
184245 
184246 
184247 
184248 
184249 
184250 
184251 
184252 
184253 
184254 
184255 
184256 
184257 
184258 
184259 
184260 
184261 
184262 
184263 
184264 
184265 
184266 
184267 
184268 
184269 
184270 
184271 
184272 
184273 
184274 
184275 
184276 
184277 
184278 
184279 
184280 
184281 
184282 
184283 
184284 
184285 
184286 
184287 
184288 
184289 
184290 
184291 
184292 
184293 
184294 
184295 
184296 
53286 
53288 
53292 
53294 
53296 
53298 
53300 
53302 
53304 
53306 
53308 
53310 
53312 
53314 
53316 
53318 
53320 
53322 
53324 
53326 
53328 
53330 
53332 
53334 
53336 
53338 
53340 
53342 
53344 
53346 
53348 
184421 
184422 
53350 
53352 
53354 
184427 
184428 
53356 
184429 
184430 
53358 
53360 
184433 
184434 
53362 
184435 
184436 
53364 
184437 
184438 
53366 
184439 
184440 
53368 
53370 
184443 
184444 
53372 
184445 
184446 
53374 
184447 
53375 
184448 
184449 
184450 
184451 
184452 
184453 
184454 
184455 
184456 
184457 
184458 
184459 
184460 
184461 
184462 
184463 
184464 
184465 
184466 
184467 
184468 
184469 
184470 
184471 
184472 
184473 
184474 
184475 
184476 
184477 
184478 
184479 
184480 
184481 
184482 
184483 
184484 
184485 
184486 
184487 
184488 
184489 
184490 
184491 
184492 
184493 
184494 
184495 
184496 
184497 
184498 
184499 
184500 
184501 
184502 
184503 
184504 
184505 
184506 
184507 
184508 
184509 
184510 
184511 
184512 
184513 
184514 
184515 
184516 
184517 
184518 
184519 
184520 
184521 
184522 
184523 
184524 
184525 
184526 
184527 
184528 
184529 
184530 
184531 
184532 
184533 
184534 
184535 
184536 
53525 
53527 
53529 
53531 
53535 
53537 
53539 
53541 
53543 
53545 
53547 
53549 
53551 
53553 
53555 
53557 
53559 
53561 
53563 
53565 
53567 
53569 
53571 
53573 
53575 
53577 
53579 
53581 
53583 
53585 
53587 
184661 
53589 
184662 
53591 
53593 
184667 
53595 
184668 
184669 
53597 
184670 
53599 
184673 
53601 
184674 
184675 
53603 
184676 
184677 
53605 
184678 
184679 
53607 
184680 
53609 
184683 
53611 
184684 
184685 
53613 
184686 
53614 
184687 
184688 
184689 
184690 
184691 
184692 
184693 
184694 
184695 
184696 
184697 
184698 
184699 
184700 
184701 
184702 
184703 
184704 
184705 
184706 
184707 
184708 
184709 
184710 
184711 
184712 
184713 
184714 
184715 
184716 
184717 
184718 
184719 
184720 
184721 
184722 
184723 
184724 
184725 
184726 
184727 
184728 
184729 
184730 
184731 
184732 
184733 
184734 
184735 
184736 
184737 
184738 
184739 
184740 
184741 
184742 
184743 
184744 
184745 
184746 
184747 
184748 
184749 
184750 
184751 
184752 
184753 
184754 
184755 
184756 
184757 
184758 
184759 
184760 
184761 
184762 
184763 
184764 
184765 
184766 
184767 
184768 
184769 
184770 
184771 
184772 
184773 
184774 
184775 
184776 
53764 
53766 
53768 
53772 
53774 
53776 
53778 
53780 
53782 
53784 
53786 
53788 
53790 
53792 
53794 
53796 
53798 
53800 
53802 
53804 
53806 
53808 
53810 
53812 
53814 
53816 
53818 
53820 
53822 
53824 
53826 
53828 
184901 
184902 
53830 
53832 
53834 
184907 
184908 
53836 
184909 
184910 
53838 
53840 
184913 
184914 
53842 
184915 
184916 
53844 
184917 
184918 
53846 
184919 
184920 
53848 
53850 
184923 
184924 
53852 
184925 
53853 
184926 
184927 
184928 
184929 
184930 
184931 
184932 
184933 
184934 
184935 
184936 
184937 
184938 
184939 
184940 
184941 
184942 
184943 
184944 
184945 
184946 
184947 
184948 
184949 
184950 
184951 
184952 
184953 
184954 
184955 
184956 
184957 
184958 
184959 
184960 
184961 
184962 
184963 
184964 
184965 
184966 
184967 
184968 
184969 
184970 
184971 
184972 
184973 
184974 
184975 
184976 
184977 
184978 
184979 
184980 
184981 
184982 
184983 
184984 
184985 
184986 
184987 
184988 
184989 
184990 
184991 
184992 
184993 
184994 
184995 
184996 
184997 
184998 
184999 
185000 
185001 
185002 
185003 
185004 
185005 
185006 
185007 
185008 
185009 
185010 
185011 
185012 
185013 
185014 
185015 
185016 
53997 
54001 
54003 
54007 
54009 
54011 
54013 
54015 
54017 
54019 
54021 
54023 
54025 
54027 
54029 
54031 
54033 
54035 
54037 
54039 
54041 
54043 
54045 
54047 
54049 
54051 
54053 
54055 
54057 
54059 
54061 
54063 
54065 
54067 
185141 
54069 
185142 
54071 
54073 
185147 
54075 
185148 
185149 
54077 
185150 
54079 
185153 
54081 
185154 
185155 
54083 
185156 
185157 
54085 
185158 
185159 
54087 
185160 
54089 
185163 
54091 
185164 
54092 
185165 
185166 
185167 
185168 
185169 
185170 
185171 
185172 
185173 
185174 
185175 
185176 
185177 
185178 
185179 
185180 
185181 
185182 
185183 
185184 
185185 
185186 
185187 
185188 
185189 
185190 
185191 
185192 
185193 
185194 
185195 
185196 
185197 
185198 
185199 
185200 
185201 
185202 
185203 
185204 
185205 
185206 
185207 
185208 
185209 
185210 
185211 
185212 
185213 
185214 
185215 
185216 
185217 
185218 
185219 
185220 
185221 
185222 
185223 
185224 
185225 
185226 
185227 
185228 
185229 
185230 
185231 
185232 
185233 
185234 
185235 
185236 
185237 
185238 
185239 
185240 
185241 
185242 
185243 
185244 
185245 
185246 
185247 
185248 
185249 
185250 
185251 
185252 
185253 
185254 
185255 
185256 
54240 
54244 
54246 
54248 
54250 
54252 
54254 
54256 
54258 
54260 
54262 
54264 
54266 
54268 
54270 
54272 
54274 
54276 
54278 
54280 
54282 
54284 
54286 
54288 
54290 
54292 
54294 
54296 
54298 
54300 
54302 
54304 
54306 
54308 
185381 
185382 
54310 
54312 
54314 
185387 
185388 
54316 
185389 
185390 
54318 
54320 
185393 
185394 
54322 
185395 
185396 
54324 
185397 
185398 
54326 
185399 
185400 
54328 
54330 
185403 
54331 
185404 
185405 
185406 
185407 
185408 
185409 
185410 
185411 
185412 
185413 
185414 
185415 
185416 
185417 
185418 
185419 
185420 
185421 
185422 
185423 
185424 
185425 
185426 
185427 
185428 
185429 
185430 
185431 
185432 
185433 
185434 
185435 
185436 
185437 
185438 
185439 
185440 
185441 
185442 
185443 
185444 
185445 
185446 
185447 
185448 
185449 
185450 
185451 
185452 
185453 
185454 
185455 
185456 
185457 
185458 
185459 
185460 
185461 
185462 
185463 
185464 
185465 
185466 
185467 
185468 
185469 
185470 
185471 
185472 
185473 
185474 
185475 
185476 
185477 
185478 
185479 
185480 
185481 
185482 
185483 
185484 
185485 
185486 
185487 
185488 
185489 
185490 
185491 
185492 
185493 
185494 
185495 
185496 
54479 
54483 
54485 
54487 
54489 
54491 
54493 
54495 
54497 
54499 
54501 
54503 
54505 
54507 
54509 
54511 
54513 
54515 
54517 
54519 
54521 
54523 
54525 
54527 
54529 
54531 
54533 
54535 
54537 
54539 
54541 
54543 
54545 
54547 
185621 
54549 
185622 
54551 
54553 
185627 
54555 
185628 
185629 
54557 
185630 
54559 
185633 
54561 
185634 
185635 
54563 
185636 
185637 
54565 
185638 
185639 
54567 
185640 
54569 
54570 
185643 
185644 
185645 
185646 
185647 
185648 
185649 
185650 
185651 
185652 
185653 
185654 
185655 
185656 
185657 
185658 
185659 
185660 
185661 
185662 
185663 
185664 
185665 
185666 
185667 
185668 
185669 
185670 
185671 
185672 
185673 
185674 
185675 
185676 
185677 
185678 
185679 
185680 
185681 
185682 
185683 
185684 
185685 
185686 
185687 
185688 
185689 
185690 
185691 
185692 
185693 
185694 
185695 
185696 
185697 
185698 
185699 
185700 
185701 
185702 
185703 
185704 
185705 
185706 
185707 
185708 
185709 
185710 
185711 
185712 
185713 
185714 
185715 
185716 
185717 
185718 
185719 
185720 
185721 
185722 
185723 
185724 
185725 
185726 
185727 
185728 
185729 
185730 
185731 
185732 
185733 
185734 
185735 
185736 
54714 
54718 
54720 
54722 
54724 
54726 
54730 
54732 
54734 
54736 
54738 
54740 
54742 
54744 
54746 
54748 
54750 
54752 
54754 
54756 
54758 
54760 
54762 
54764 
54766 
54768 
54770 
54772 
54774 
54776 
54778 
54780 
54782 
54784 
54786 
54788 
185861 
185862 
54790 
54792 
54794 
185867 
185868 
54796 
185869 
185870 
54798 
54800 
185873 
185874 
54802 
185875 
185876 
54804 
185877 
185878 
54806 
185879 
185880 
54808 
54809 
185883 
185884 
185885 
185886 
185887 
185888 
185889 
185890 
185891 
185892 
185893 
185894 
185895 
185896 
185897 
185898 
185899 
185900 
185901 
185902 
185903 
185904 
185905 
185906 
185907 
185908 
185909 
185910 
185911 
185912 
185913 
185914 
185915 
185916 
185917 
185918 
185919 
185920 
185921 
185922 
185923 
185924 
185925 
185926 
185927 
185928 
185929 
185930 
185931 
185932 
185933 
185934 
185935 
185936 
185937 
185938 
185939 
185940 
185941 
185942 
185943 
185944 
185945 
185946 
185947 
185948 
185949 
185950 
185951 
185952 
185953 
185954 
185955 
185956 
185957 
185958 
185959 
185960 
185961 
185962 
185963 
185964 
185965 
185966 
185967 
185968 
185969 
185970 
185971 
185972 
185973 
185974 
185975 
185976 
54957 
54959 
54963 
54965 
54967 
54969 
54971 
54973 
54975 
54977 
54979 
54981 
54983 
54985 
54987 
54989 
54991 
54993 
54995 
54997 
54999 
55001 
55003 
55005 
55007 
55009 
55011 
55013 
55015 
55017 
55019 
55021 
55023 
55025 
55027 
55029 
55031 
55033 
186107 
55035 
186108 
186109 
55037 
186110 
55039 
186113 
55041 
186114 
186115 
55043 
186116 
186117 
55045 
186118 
186119 
55047 
186120 
55048 
186125 
186126 
186127 
186128 
186129 
186130 
186131 
186132 
186133 
186134 
186135 
186136 
186137 
186138 
186139 
186140 
186141 
186142 
186143 
186144 
186145 
186146 
186147 
186148 
186149 
186150 
186151 
186152 
186153 
186154 
186155 
186156 
186157 
186158 
186159 
186160 
186161 
186162 
186163 
186164 
186165 
186166 
186167 
186168 
186169 
186170 
186171 
186172 
186173 
186174 
186175 
186176 
186177 
186178 
186179 
186180 
186181 
186182 
186183 
186184 
186185 
186186 
186187 
186188 
186189 
186190 
186191 
186192 
186193 
186194 
186195 
186196 
186197 
186198 
186199 
186200 
186201 
186202 
186203 
186204 
186205 
186206 
186207 
186208 
186209 
186210 
186211 
186212 
186213 
186214 
186215 
186216 
55190 
55198 
55200 
55202 
55204 
55206 
55208 
55210 
55212 
55214 
55216 
55218 
55220 
55222 
55224 
55226 
55228 
55230 
55232 
55234 
55236 
55238 
55240 
55242 
55244 
55246 
55248 
55250 
55252 
55254 
55256 
55258 
55260 
55262 
55264 
55266 
55268 
55270 
55272 
55274 
186347 
186348 
55276 
186349 
186350 
55278 
55280 
186353 
186354 
55282 
186355 
186356 
55284 
186357 
186358 
55286 
186359 
55287 
186360 
186361 
186362 
186365 
186366 
186367 
186368 
186369 
186370 
186371 
186372 
186373 
186374 
186375 
186376 
186377 
186378 
186379 
186380 
186381 
186382 
186383 
186384 
186385 
186386 
186387 
186388 
186389 
186390 
186391 
186392 
186393 
186394 
186395 
186396 
186397 
186398 
186399 
186400 
186401 
186402 
186403 
186404 
186405 
186406 
186407 
186408 
186409 
186410 
186411 
186412 
186413 
186414 
186415 
186416 
186417 
186418 
186419 
186420 
186421 
186422 
186423 
186424 
186425 
186426 
186427 
186428 
186429 
186430 
186431 
186432 
186433 
186434 
186435 
186436 
186437 
186438 
186439 
186440 
186441 
186442 
186443 
186444 
186445 
186446 
186447 
186448 
186449 
186450 
186451 
186452 
186453 
186454 
186455 
186456 
55427 
55431 
55435 
55437 
55439 
55441 
55443 
55445 
55447 
55449 
55451 
55453 
55455 
55457 
55459 
55461 
55463 
55465 
55467 
55469 
55471 
55473 
55475 
55477 
55479 
55481 
55483 
55485 
55487 
55489 
55491 
55493 
55495 
55497 
55499 
55501 
55503 
55505 
55507 
55509 
55511 
55513 
55515 
186589 
55517 
186590 
55519 
186593 
55521 
186594 
186595 
55523 
186596 
186597 
55525 
186598 
55526 
186599 
186600 
186601 
186602 
186605 
186606 
186607 
186608 
186609 
186610 
186611 
186612 
186613 
186614 
186615 
186616 
186617 
186618 
186619 
186620 
186621 
186622 
186623 
186624 
186625 
186626 
186627 
186628 
186629 
186630 
186631 
186632 
186633 
186634 
186635 
186636 
186637 
186638 
186639 
186640 
186641 
186642 
186643 
186644 
186645 
186646 
186647 
186648 
186649 
186650 
186651 
186652 
186653 
186654 
186655 
186656 
186657 
186658 
186659 
186660 
186661 
186662 
186663 
186664 
186665 
186666 
186667 
186668 
186669 
186670 
186671 
186672 
186673 
186674 
186675 
186676 
186677 
186678 
186679 
186680 
186681 
186682 
186683 
186684 
186685 
186686 
186687 
186688 
186689 
186690 
186691 
186692 
186693 
186694 
186695 
186696 
55668 
55674 
55676 
55680 
55682 
55684 
55686 
55688 
55690 
55692 
55694 
55696 
55698 
55700 
55702 
55704 
55706 
55708 
55710 
55712 
55714 
55716 
55718 
55720 
55722 
55724 
55726 
55728 
55730 
55732 
55734 
55736 
55738 
55740 
55742 
55744 
55746 
55748 
55750 
55752 
186825 
186826 
55754 
55756 
186829 
186830 
55758 
55760 
186833 
186834 
55762 
186835 
186836 
55764 
186837 
55765 
186838 
186839 
186840 
186841 
186842 
186845 
186846 
186847 
186848 
186849 
186850 
186851 
186852 
186853 
186854 
186855 
186856 
186857 
186858 
186859 
186860 
186861 
186862 
186863 
186864 
186865 
186866 
186867 
186868 
186869 
186870 
186871 
186872 
186873 
186874 
186875 
186876 
186877 
186878 
186879 
186880 
186881 
186882 
186883 
186884 
186885 
186886 
186887 
186888 
186889 
186890 
186891 
186892 
186893 
186894 
186895 
186896 
186897 
186898 
186899 
186900 
186901 
186902 
186903 
186904 
186905 
186906 
186907 
186908 
186909 
186910 
186911 
186912 
186913 
186914 
186915 
186916 
186917 
186918 
186919 
186920 
186921 
186922 
186923 
186924 
186925 
186926 
186927 
186928 
186929 
186930 
186931 
186932 
186933 
186934 
186935 
186936 
55905 
55909 
55913 
55917 
55919 
55921 
55923 
55925 
55927 
55929 
55931 
55933 
55935 
55937 
55939 
55941 
55943 
55945 
55947 
55949 
55951 
55953 
55955 
55957 
55959 
55961 
55963 
55965 
55967 
55969 
55971 
55973 
55975 
55977 
55979 
55981 
55983 
55985 
55987 
55989 
55991 
187065 
55993 
187066 
55995 
187069 
55997 
187070 
55999 
187073 
56001 
187074 
187075 
56003 
187076 
56004 
187077 
187078 
187079 
187080 
187081 
187082 
187085 
187086 
187087 
187088 
187089 
187090 
187091 
187092 
187093 
187094 
187095 
187096 
187097 
187098 
187099 
187100 
187101 
187102 
187103 
187104 
187105 
187106 
187107 
187108 
187109 
187110 
187111 
187112 
187113 
187114 
187115 
187116 
187117 
187118 
187119 
187120 
187121 
187122 
187123 
187124 
187125 
187126 
187127 
187128 
187129 
187130 
187131 
187132 
187133 
187134 
187135 
187136 
187137 
187138 
187139 
187140 
187141 
187142 
187143 
187144 
187145 
187146 
187147 
187148 
187149 
187150 
187151 
187152 
187153 
187154 
187155 
187156 
187157 
187158 
187159 
187160 
187161 
187162 
187163 
187164 
187165 
187166 
187167 
187168 
187169 
187170 
187171 
187172 
187173 
187174 
187175 
187176 
56146 
56148 
56154 
56156 
56158 
56160 
56162 
56164 
56166 
56168 
56170 
56172 
56174 
56176 
56178 
56180 
56182 
56184 
56186 
56188 
56190 
56192 
56194 
56196 
56198 
56200 
56202 
56204 
56206 
56208 
56210 
56212 
56214 
56216 
56218 
56220 
56222 
56224 
56226 
56228 
56230 
56232 
187305 
187306 
56234 
56236 
187309 
187310 
56238 
56240 
187313 
187314 
56242 
187315 
56243 
187316 
187317 
187318 
187319 
187320 
187321 
187322 
187325 
187326 
187327 
187328 
187329 
187330 
187331 
187332 
187333 
187334 
187335 
187336 
187337 
187338 
187339 
187340 
187341 
187342 
187343 
187344 
187345 
187346 
187347 
187348 
187349 
187350 
187351 
187352 
187353 
187354 
187355 
187356 
187357 
187358 
187359 
187360 
187361 
187362 
187363 
187364 
187365 
187366 
187367 
187368 
187369 
187370 
187371 
187372 
187373 
187374 
187375 
187376 
187377 
187378 
187379 
187380 
187381 
187382 
187383 
187384 
187385 
187386 
187387 
187388 
187389 
187390 
187391 
187392 
187393 
187394 
187395 
187396 
187397 
187398 
187399 
187400 
187401 
187402 
187403 
187404 
187405 
187406 
187407 
187408 
187409 
187410 
187411 
187412 
187413 
187414 
187415 
187416 
56383 
56387 
56393 
56395 
56397 
56399 
56401 
56403 
56405 
56407 
56409 
56411 
56413 
56415 
56417 
56419 
56421 
56423 
56425 
56427 
56429 
56431 
56433 
56435 
56437 
56439 
56441 
56443 
56445 
56447 
56449 
56451 
56453 
56455 
56457 
56459 
56461 
56463 
56465 
56467 
56469 
56471 
187545 
56473 
187546 
56475 
187549 
56477 
187550 
56479 
187553 
56481 
187554 
56482 
187555 
187556 
187557 
187558 
187559 
187560 
187561 
187562 
187565 
187566 
187567 
187568 
187569 
187570 
187571 
187572 
187573 
187574 
187575 
187576 
187577 
187578 
187579 
187580 
187581 
187582 
187583 
187584 
187585 
187586 
187587 
187588 
187589 
187590 
187591 
187592 
187593 
187594 
187595 
187596 
187597 
187598 
187599 
187600 
187601 
187602 
187603 
187604 
187605 
187606 
187607 
187608 
187609 
187610 
187611 
187612 
187613 
187614 
187615 
187616 
187617 
187618 
187619 
187620 
187621 
187622 
187623 
187624 
187625 
187626 
187627 
187628 
187629 
187630 
187631 
187632 
187633 
187634 
187635 
187636 
187637 
187638 
187639 
187640 
187641 
187642 
187643 
187644 
187645 
187646 
187647 
187648 
187649 
187650 
187651 
187652 
187653 
187654 
187655 
187656 
56624 
56626 
56632 
56634 
56636 
56638 
56640 
56642 
56644 
56646 
56648 
56650 
56652 
56654 
56656 
56658 
56660 
56662 
56664 
56666 
56668 
56670 
56672 
56674 
56676 
56678 
56680 
56682 
56684 
56686 
56688 
56690 
56692 
56694 
56696 
56698 
56700 
56702 
56704 
56706 
56708 
56710 
56712 
187785 
187786 
56714 
56716 
187789 
187790 
56718 
56720 
187793 
56721 
187794 
187795 
187796 
187797 
187798 
187799 
187800 
187801 
187802 
187805 
187806 
187807 
187808 
187809 
187810 
187811 
187812 
187813 
187814 
187815 
187816 
187817 
187818 
187819 
187820 
187821 
187822 
187823 
187824 
187825 
187826 
187827 
187828 
187829 
187830 
187831 
187832 
187833 
187834 
187835 
187836 
187837 
187838 
187839 
187840 
187841 
187842 
187843 
187844 
187845 
187846 
187847 
187848 
187849 
187850 
187851 
187852 
187853 
187854 
187855 
187856 
187857 
187858 
187859 
187860 
187861 
187862 
187863 
187864 
187865 
187866 
187867 
187868 
187869 
187870 
187871 
187872 
187873 
187874 
187875 
187876 
187877 
187878 
187879 
187880 
187881 
187882 
187883 
187884 
187885 
187886 
187887 
187888 
187889 
187890 
187891 
187892 
187893 
187894 
187895 
187896 
56861 
56865 
56869 
56871 
56873 
56875 
56877 
56879 
56881 
56883 
56885 
56887 
56889 
56891 
56893 
56895 
56897 
56899 
56901 
56903 
56905 
56907 
56909 
56911 
56913 
56915 
56917 
56919 
56921 
56923 
56925 
56927 
56929 
56931 
56933 
56935 
56937 
56939 
56941 
56943 
56945 
56947 
56949 
56951 
188025 
56953 
188026 
56955 
188029 
56957 
188030 
56959 
56960 
188033 
188034 
188035 
188036 
188037 
188038 
188039 
188040 
188041 
188042 
188045 
188046 
188047 
188048 
188049 
188050 
188051 
188052 
188053 
188054 
188055 
188056 
188057 
188058 
188059 
188060 
188061 
188062 
188063 
188064 
188065 
188066 
188067 
188068 
188069 
188070 
188071 
188072 
188073 
188074 
188075 
188076 
188077 
188078 
188079 
188080 
188081 
188082 
188083 
188084 
188085 
188086 
188087 
188088 
188089 
188090 
188091 
188092 
188093 
188094 
188095 
188096 
188097 
188098 
188099 
188100 
188101 
188102 
188103 
188104 
188105 
188106 
188107 
188108 
188109 
188110 
188111 
188112 
188113 
188114 
188115 
188116 
188117 
188118 
188119 
188120 
188121 
188122 
188123 
188124 
188125 
188126 
188127 
188128 
188129 
188130 
188131 
188132 
188133 
188134 
188135 
188136 
57098 
57102 
57104 
57108 
57110 
57112 
57114 
57116 
57118 
57120 
57122 
57124 
57126 
57128 
57130 
57132 
57134 
57136 
57138 
57140 
57142 
57144 
57146 
57148 
57150 
57152 
57154 
57156 
57158 
57160 
57162 
57164 
57166 
57168 
57170 
57172 
57174 
57176 
57178 
57180 
57182 
57184 
57186 
57188 
57190 
57192 
188265 
188266 
57194 
57196 
188269 
188270 
57198 
57199 
188273 
188274 
188275 
188276 
188277 
188278 
188279 
188280 
188281 
188282 
188285 
188286 
188287 
188288 
188289 
188290 
188291 
188292 
188293 
188294 
188295 
188296 
188297 
188298 
188299 
188300 
188301 
188302 
188303 
188304 
188305 
188306 
188307 
188308 
188309 
188310 
188311 
188312 
188313 
188314 
188315 
188316 
188317 
188318 
188319 
188320 
188321 
188322 
188323 
188324 
188325 
188326 
188327 
188328 
188329 
188330 
188331 
188332 
188333 
188334 
188335 
188336 
188337 
188338 
188339 
188340 
188341 
188342 
188343 
188344 
188345 
188346 
188347 
188348 
188349 
188350 
188351 
188352 
188353 
188354 
188355 
188356 
188357 
188358 
188359 
188360 
188361 
188362 
188363 
188364 
188365 
188366 
188367 
188368 
188369 
188370 
188371 
188372 
188373 
188374 
188375 
188376 
57337 
57341 
57343 
57347 
57349 
57351 
57353 
57355 
57357 
57359 
57361 
57363 
57365 
57367 
57369 
57371 
57373 
57375 
57377 
57379 
57381 
57383 
57385 
57387 
57389 
57391 
57393 
57395 
57397 
57399 
57401 
57403 
57405 
57407 
57409 
57411 
57413 
57415 
57417 
57419 
57421 
57423 
57425 
57427 
57429 
57431 
188505 
57433 
188506 
57435 
188509 
57437 
188510 
57438 
188513 
188514 
188515 
188516 
188517 
188518 
188519 
188520 
188521 
188522 
188525 
188526 
188527 
188528 
188529 
188530 
188531 
188532 
188533 
188534 
188535 
188536 
188537 
188538 
188539 
188540 
188541 
188542 
188543 
188544 
188545 
188546 
188547 
188548 
188549 
188550 
188551 
188552 
188553 
188554 
188555 
188556 
188557 
188558 
188559 
188560 
188561 
188562 
188563 
188564 
188565 
188566 
188567 
188568 
188569 
188570 
188571 
188572 
188573 
188574 
188575 
188576 
188577 
188578 
188579 
188580 
188581 
188582 
188583 
188584 
188585 
188586 
188587 
188588 
188589 
188590 
188591 
188592 
188593 
188594 
188595 
188596 
188597 
188598 
188599 
188600 
188601 
188602 
188603 
188604 
188605 
188606 
188607 
188608 
188609 
188610 
188611 
188612 
188613 
188614 
188615 
188616 
57576 
57578 
57582 
57586 
57588 
57590 
57592 
57594 
57596 
57598 
57600 
57602 
57604 
57606 
57608 
57610 
57612 
57614 
57616 
57618 
57620 
57622 
57624 
57626 
57628 
57630 
57632 
57634 
57636 
57638 
57640 
57642 
57644 
57646 
57648 
57650 
57652 
57654 
57656 
57658 
57660 
57662 
57664 
57666 
57668 
57670 
57672 
188745 
188746 
57674 
57676 
188749 
57677 
188750 
188753 
188754 
188755 
188756 
188757 
188758 
188759 
188760 
188761 
188762 
188765 
188766 
188767 
188768 
188769 
188770 
188771 
188772 
188773 
188774 
188775 
188776 
188777 
188778 
188779 
188780 
188781 
188782 
188783 
188784 
188785 
188786 
188787 
188788 
188789 
188790 
188791 
188792 
188793 
188794 
188795 
188796 
188797 
188798 
188799 
188800 
188801 
188802 
188803 
188804 
188805 
188806 
188807 
188808 
188809 
188810 
188811 
188812 
188813 
188814 
188815 
188816 
188817 
188818 
188819 
188820 
188821 
188822 
188823 
188824 
188825 
188826 
188827 
188828 
188829 
188830 
188831 
188832 
188833 
188834 
188835 
188836 
188837 
188838 
188839 
188840 
188841 
188842 
188843 
188844 
188845 
188846 
188847 
188848 
188849 
188850 
188851 
188852 
188853 
188854 
188855 
188856 
57815 
57817 
57819 
57821 
57827 
57829 
57831 
57833 
57835 
57837 
57839 
57841 
57845 
57847 
57849 
57851 
57853 
57855 
57857 
57859 
57861 
57863 
57865 
57867 
57869 
57871 
57873 
57875 
57877 
57879 
57881 
57883 
57885 
57887 
57889 
57891 
57893 
57895 
57897 
57899 
57901 
57903 
57905 
57907 
57909 
57911 
188985 
57913 
188986 
57915 
57916 
188989 
188990 
188993 
188994 
188995 
188996 
188997 
188998 
188999 
189000 
189001 
189002 
189005 
189006 
189007 
189008 
189009 
189010 
189011 
189012 
189013 
189014 
189015 
189016 
189017 
189018 
189019 
189020 
189021 
189022 
189023 
189024 
189025 
189026 
189027 
189028 
189029 
189030 
189031 
189032 
189033 
189034 
189035 
189036 
189037 
189038 
189039 
189040 
189041 
189042 
189043 
189044 
189045 
189046 
189047 
189048 
189049 
189050 
189051 
189052 
189053 
189054 
189055 
189056 
189057 
189058 
189059 
189060 
189061 
189062 
189063 
189064 
189065 
189066 
189067 
189068 
189069 
189070 
189071 
189072 
189073 
189074 
189075 
189076 
189077 
189078 
189079 
189080 
189081 
189082 
189083 
189084 
189085 
189086 
189087 
189088 
189089 
189090 
189091 
189092 
189093 
189094 
189095 
189096 
58054 
58056 
58058 
58060 
58064 
58066 
58068 
58070 
58072 
58074 
58076 
58078 
58080 
58082 
58084 
58086 
58088 
58090 
58092 
58094 
58096 
58098 
58100 
58102 
58104 
58106 
58108 
58110 
58112 
58114 
58116 
58118 
58120 
58122 
58124 
58126 
58128 
58130 
58132 
58134 
58136 
58138 
58140 
58142 
58144 
58146 
58148 
58150 
58152 
189225 
189226 
58154 
58155 
189229 
189230 
189233 
189234 
189235 
189236 
189237 
189238 
189239 
189240 
189241 
189242 
189245 
189246 
189247 
189248 
189249 
189250 
189251 
189252 
189253 
189254 
189255 
189256 
189257 
189258 
189259 
189260 
189261 
189262 
189263 
189264 
189265 
189266 
189267 
189268 
189269 
189270 
189271 
189272 
189273 
189274 
189275 
189276 
189277 
189278 
189279 
189280 
189281 
189282 
189283 
189284 
189285 
189286 
189287 
189288 
189289 
189290 
189291 
189292 
189293 
189294 
189295 
189296 
189297 
189298 
189299 
189300 
189301 
189302 
189303 
189304 
189305 
189306 
189307 
189308 
189309 
189310 
189311 
189312 
189313 
189314 
189315 
189316 
189317 
189318 
189319 
189320 
189321 
189322 
189323 
189324 
189325 
189326 
189327 
189328 
189329 
189330 
189331 
189332 
189333 
189334 
189335 
189336 
58289 
58293 
58295 
58297 
58299 
58305 
58309 
58311 
58313 
58315 
58317 
58319 
58321 
58323 
58325 
58327 
58329 
58331 
58333 
58335 
58337 
58339 
58341 
58343 
58345 
58347 
58349 
58351 
58353 
58355 
58357 
58359 
58361 
58363 
58365 
58367 
58369 
58371 
58373 
58375 
58377 
58379 
58381 
58383 
58385 
58387 
58389 
58391 
189465 
58393 
189466 
58394 
189469 
189470 
189473 
189474 
189475 
189476 
189477 
189478 
189479 
189480 
189481 
189482 
189485 
189486 
189487 
189488 
189489 
189490 
189491 
189492 
189493 
189494 
189495 
189496 
189497 
189498 
189499 
189500 
189501 
189502 
189503 
189504 
189505 
189506 
189507 
189508 
189509 
189510 
189511 
189512 
189513 
189514 
189515 
189516 
189517 
189518 
189519 
189520 
189521 
189522 
189523 
189524 
189525 
189526 
189527 
189528 
189529 
189530 
189531 
189532 
189533 
189534 
189535 
189536 
189537 
189538 
189539 
189540 
189541 
189542 
189543 
189544 
189545 
189546 
189547 
189548 
189549 
189550 
189551 
189552 
189553 
189554 
189555 
189556 
189557 
189558 
189559 
189560 
189561 
189562 
189563 
189564 
189565 
189566 
189567 
189568 
189569 
189570 
189571 
189572 
189573 
189574 
189575 
189576 
58528 
58532 
58534 
58536 
58538 
58542 
58544 
58546 
58548 
58550 
58552 
58554 
58556 
58558 
58560 
58562 
58564 
58566 
58568 
58570 
58572 
58574 
58576 
58578 
58580 
58582 
58584 
58586 
58588 
58590 
58592 
58594 
58596 
58598 
58600 
58602 
58604 
58606 
58608 
58610 
58612 
58614 
58616 
58618 
58620 
58622 
58624 
58626 
58628 
58630 
58632 
189705 
58633 
189706 
189709 
189710 
189713 
189714 
189715 
189716 
189717 
189718 
189719 
189720 
189721 
189722 
189725 
189726 
189727 
189728 
189729 
189730 
189731 
189732 
189733 
189734 
189735 
189736 
189737 
189738 
189739 
189740 
189741 
189742 
189743 
189744 
189745 
189746 
189747 
189748 
189749 
189750 
189751 
189752 
189753 
189754 
189755 
189756 
189757 
189758 
189759 
189760 
189761 
189762 
189763 
189764 
189765 
189766 
189767 
189768 
189769 
189770 
189771 
189772 
189773 
189774 
189775 
189776 
189777 
189778 
189779 
189780 
189781 
189782 
189783 
189784 
189785 
189786 
189787 
189788 
189789 
189790 
189791 
189792 
189793 
189794 
189795 
189796 
189797 
189798 
189799 
189800 
189801 
189802 
189803 
189804 
189805 
189806 
189807 
189808 
189809 
189810 
189811 
189812 
189813 
189814 
189815 
189816 
58767 
58771 
58773 
58775 
58777 
58781 
58783 
58785 
58787 
58789 
58791 
58793 
58795 
58797 
58799 
58801 
58803 
58805 
58807 
58809 
58811 
58813 
58815 
58817 
58819 
58821 
58823 
58825 
58827 
58829 
58831 
58833 
58835 
58837 
58839 
58841 
58843 
58845 
58847 
58849 
58851 
58853 
58855 
58857 
58859 
58861 
58863 
58865 
58867 
58869 
58871 
58872 
189945 
189946 
189949 
189950 
189953 
189954 
189955 
189956 
189957 
189958 
189959 
189960 
189961 
189962 
189965 
189966 
189967 
189968 
189969 
189970 
189971 
189972 
189973 
189974 
189975 
189976 
189977 
189978 
189979 
189980 
189981 
189982 
189983 
189984 
189985 
189986 
189987 
189988 
189989 
189990 
189991 
189992 
189993 
189994 
189995 
189996 
189997 
189998 
189999 
190000 
190001 
190002 
190003 
190004 
190005 
190006 
190007 
190008 
190009 
190010 
190011 
190012 
190013 
190014 
190015 
190016 
190017 
190018 
190019 
190020 
190021 
190022 
190023 
190024 
190025 
190026 
190027 
190028 
190029 
190030 
190031 
190032 
190033 
190034 
190035 
190036 
190037 
190038 
190039 
190040 
190041 
190042 
190043 
190044 
190045 
190046 
190047 
190048 
190049 
190050 
190051 
190052 
190053 
190054 
190055 
190056 
59006 
59010 
59012 
59014 
59016 
59020 
59022 
59024 
59026 
59028 
59030 
59032 
59034 
59036 
59038 
59040 
59042 
59044 
59046 
59048 
59050 
59052 
59054 
59056 
59058 
59060 
59062 
59064 
59066 
59068 
59070 
59072 
59074 
59076 
59078 
59080 
59082 
59084 
59086 
59088 
59090 
59092 
59094 
59096 
59098 
59100 
59102 
59104 
59106 
59108 
59110 
59111 
190185 
190186 
190189 
190190 
190193 
190194 
190195 
190196 
190197 
190198 
190199 
190200 
190201 
190202 
190205 
190206 
190207 
190208 
190209 
190210 
190211 
190212 
190213 
190214 
190215 
190216 
190217 
190218 
190219 
190220 
190221 
190222 
190223 
190224 
190225 
190226 
190227 
190228 
190229 
190230 
190231 
190232 
190233 
190234 
190235 
190236 
190237 
190238 
190239 
190240 
190241 
190242 
190243 
190244 
190245 
190246 
190247 
190248 
190249 
190250 
190251 
190252 
190253 
190254 
190255 
190256 
190257 
190258 
190259 
190260 
190261 
190262 
190263 
190264 
190265 
190266 
190267 
190268 
190269 
190270 
190271 
190272 
190273 
190274 
190275 
190276 
190277 
190278 
190279 
190280 
190281 
190282 
190283 
190284 
190285 
190286 
190287 
190288 
190289 
190290 
190291 
190292 
190293 
190294 
190295 
190296 
59243 
59249 
59251 
59253 
59255 
59259 
59261 
59263 
59265 
59269 
59271 
59273 
59275 
59277 
59279 
59281 
59283 
59285 
59287 
59289 
59291 
59293 
59295 
59297 
59299 
59301 
59303 
59305 
59307 
59309 
59311 
59313 
59315 
59317 
59319 
59321 
59323 
59325 
59327 
59329 
59331 
59333 
59335 
59337 
59339 
59341 
59343 
59345 
59347 
59349 
59350 
190425 
190426 
190429 
190430 
190435 
190436 
190437 
190438 
190439 
190440 
190441 
190442 
190445 
190446 
190447 
190448 
190449 
190450 
190451 
190452 
190453 
190454 
190455 
190456 
190457 
190458 
190459 
190460 
190461 
190462 
190463 
190464 
190465 
190466 
190467 
190468 
190469 
190470 
190471 
190472 
190473 
190474 
190475 
190476 
190477 
190478 
190479 
190480 
190481 
190482 
190483 
190484 
190485 
190486 
190487 
190488 
190489 
190490 
190491 
190492 
190493 
190494 
190495 
190496 
190497 
190498 
190499 
190500 
190501 
190502 
190503 
190504 
190505 
190506 
190507 
190508 
190509 
190510 
190511 
190512 
190513 
190514 
190515 
190516 
190517 
190518 
190519 
190520 
190521 
190522 
190523 
190524 
190525 
190526 
190527 
190528 
190529 
190530 
190531 
190532 
190533 
190534 
190535 
190536 
59478 
59482 
59484 
59488 
59490 
59492 
59494 
59498 
59500 
59502 
59504 
59506 
59508 
59510 
59512 
59514 
59516 
59518 
59520 
59522 
59524 
59526 
59528 
59530 
59532 
59534 
59536 
59538 
59540 
59542 
59544 
59546 
59548 
59550 
59552 
59554 
59556 
59558 
59560 
59562 
59564 
59566 
59568 
59570 
59572 
59574 
59576 
59578 
59580 
59582 
59584 
59586 
59588 
59589 
190676 
190679 
190680 
190686 
190688 
190690 
190692 
190694 
190696 
190698 
190700 
190702 
190704 
190706 
190708 
190710 
190712 
190714 
190716 
190718 
190720 
190722 
190724 
190726 
190728 
190730 
190732 
190734 
190736 
190738 
190740 
190742 
190744 
190746 
190748 
190750 
190752 
190754 
190756 
190758 
190760 
190762 
190764 
190766 
190768 
190770 
190772 
190774 
190776 
59717 
59721 
59723 
59727 
59729 
59731 
59733 
59737 
59739 
59741 
59743 
59745 
59747 
59749 
59751 
59753 
59755 
59757 
59759 
59761 
59763 
59765 
59767 
59769 
59771 
59773 
59775 
59777 
59779 
59781 
59783 
59785 
59787 
59789 
59791 
59793 
59795 
59797 
59799 
59801 
59803 
59805 
59807 
59809 
59811 
59813 
59815 
59817 
59819 
59821 
59823 
59825 
59827 
59828 
190903 
190904 
190907 
190908 
190909 
190910 
190913 
190914 
190915 
190916 
190917 
190918 
190919 
190920 
190923 
190924 
190925 
190926 
190927 
190928 
190929 
190930 
190931 
190932 
190933 
190934 
190935 
190936 
190937 
190938 
190939 
190940 
190941 
190942 
190943 
190944 
190945 
190946 
190947 
190948 
190949 
190950 
190951 
190952 
190953 
190954 
190955 
190956 
190957 
190958 
190959 
190960 
190961 
190962 
190963 
190964 
190965 
190966 
190967 
190968 
190969 
190970 
190971 
190972 
190973 
190974 
190975 
190976 
190977 
190978 
190979 
190980 
190981 
190982 
190983 
190984 
190985 
190986 
190987 
190988 
190989 
190990 
190991 
190992 
190993 
190994 
190995 
190996 
190997 
190998 
190999 
191000 
191001 
191002 
191003 
191004 
191005 
191006 
191007 
191008 
191009 
191010 
191011 
191012 
191013 
191014 
191015 
191016 
59956 
59960 
59962 
59966 
59968 
59970 
59972 
59976 
59978 
59980 
59982 
59984 
59986 
59988 
59990 
59992 
59994 
59996 
59998 
60000 
60002 
60004 
60006 
60008 
60010 
60012 
60014 
60016 
60018 
60020 
60022 
60024 
60026 
60028 
60030 
60032 
60034 
60036 
60038 
60040 
60042 
60044 
60046 
60048 
60050 
60052 
60054 
60056 
60058 
60060 
60062 
60064 
60066 
60067 
191143 
191144 
191147 
191148 
191149 
191150 
191153 
191154 
191155 
191156 
191157 
191158 
191159 
191160 
191163 
191164 
191165 
191166 
191167 
191168 
191169 
191170 
191171 
191172 
191173 
191174 
191175 
191176 
191177 
191178 
191179 
191180 
191181 
191182 
191183 
191184 
191185 
191186 
191187 
191188 
191189 
191190 
191191 
191192 
191193 
191194 
191195 
191196 
191197 
191198 
191199 
191200 
191201 
191202 
191203 
191204 
191205 
191206 
191207 
191208 
191209 
191210 
191211 
191212 
191213 
191214 
191215 
191216 
191217 
191218 
191219 
191220 
191221 
191222 
191223 
191224 
191225 
191226 
191227 
191228 
191229 
191230 
191231 
191232 
191233 
191234 
191235 
191236 
191237 
191238 
191239 
191240 
191241 
191242 
191243 
191244 
191245 
191246 
191247 
191248 
191249 
191250 
191251 
191252 
191253 
191254 
191255 
191256 
60195 
60199 
60201 
60205 
60207 
60209 
60211 
60215 
60217 
60219 
60221 
60223 
60225 
60227 
60229 
60231 
60233 
60235 
60237 
60239 
60241 
60243 
60245 
60247 
60249 
60251 
60253 
60255 
60257 
60259 
60261 
60263 
60265 
60267 
60269 
60271 
60273 
60275 
60277 
60279 
60281 
60283 
60285 
60287 
60289 
60291 
60293 
60295 
60297 
60299 
60301 
60303 
60305 
60306 
191383 
191384 
191387 
191388 
191389 
191390 
191393 
191394 
191395 
191396 
191397 
191398 
191399 
191400 
191403 
191404 
191405 
191406 
191407 
191408 
191409 
191410 
191411 
191412 
191413 
191414 
191415 
191416 
191417 
191418 
191419 
191420 
191421 
191422 
191423 
191424 
191425 
191426 
191427 
191428 
191429 
191430 
191431 
191432 
191433 
191434 
191435 
191436 
191437 
191438 
191439 
191440 
191441 
191442 
191443 
191444 
191445 
191446 
191447 
191448 
191449 
191450 
191451 
191452 
191453 
191454 
191455 
191456 
191457 
191458 
191459 
191460 
191461 
191462 
191463 
191464 
191465 
191466 
191467 
191468 
191469 
191470 
191471 
191472 
191473 
191474 
191475 
191476 
191477 
191478 
191479 
191480 
191481 
191482 
191483 
191484 
191485 
191486 
191487 
191488 
191489 
191490 
191491 
191492 
191493 
191494 
191495 
191496 
60434 
60438 
60440 
60444 
60446 
60448 
60450 
60454 
60456 
60458 
60460 
60462 
60464 
60466 
60468 
60470 
60472 
60474 
60476 
60478 
60480 
60482 
60484 
60486 
60488 
60490 
60492 
60494 
60496 
60498 
60500 
60502 
60504 
60506 
60508 
60510 
60512 
60514 
60516 
60518 
60520 
60522 
60524 
60526 
60528 
60530 
60532 
60534 
60536 
60538 
60540 
60542 
60544 
60545 
191623 
191624 
191627 
191628 
191629 
191630 
191633 
191634 
191635 
191636 
191637 
191638 
191639 
191640 
191643 
191644 
191645 
191646 
191647 
191648 
191649 
191650 
191651 
191652 
191653 
191654 
191655 
191656 
191657 
191658 
191659 
191660 
191661 
191662 
191663 
191664 
191665 
191666 
191667 
191668 
191669 
191670 
191671 
191672 
191673 
191674 
191675 
191676 
191677 
191678 
191679 
191680 
191681 
191682 
191683 
191684 
191685 
191686 
191687 
191688 
191689 
191690 
191691 
191692 
191693 
191694 
191695 
191696 
191697 
191698 
191699 
191700 
191701 
191702 
191703 
191704 
191705 
191706 
191707 
191708 
191709 
191710 
191711 
191712 
191713 
191714 
191715 
191716 
191717 
191718 
191719 
191720 
191721 
191722 
191723 
191724 
191725 
191726 
191727 
191728 
191729 
191730 
191731 
191732 
191733 
191734 
191735 
191736 
60673 
60677 
60679 
60683 
60685 
60687 
60689 
60693 
60695 
60697 
60699 
60701 
60703 
60705 
60707 
60709 
60711 
60713 
60715 
60717 
60719 
60721 
60723 
60725 
60727 
60729 
60731 
60733 
60735 
60737 
60739 
60741 
60743 
60745 
60747 
60749 
60751 
60753 
60755 
60757 
60759 
60761 
60763 
60765 
60767 
60769 
60771 
60773 
60775 
60777 
60779 
60781 
60783 
60784 
191863 
191864 
191867 
191868 
191869 
191870 
191873 
191874 
191875 
191876 
191877 
191878 
191879 
191880 
191883 
191884 
191885 
191886 
191887 
191888 
191889 
191890 
191891 
191892 
191893 
191894 
191895 
191896 
191897 
191898 
191899 
191900 
191901 
191902 
191903 
191904 
191905 
191906 
191907 
191908 
191909 
191910 
191911 
191912 
191913 
191914 
191915 
191916 
191917 
191918 
191919 
191920 
191921 
191922 
191923 
191924 
191925 
191926 
191927 
191928 
191929 
191930 
191931 
191932 
191933 
191934 
191935 
191936 
191937 
191938 
191939 
191940 
191941 
191942 
191943 
191944 
191945 
191946 
191947 
191948 
191949 
191950 
191951 
191952 
191953 
191954 
191955 
191956 
191957 
191958 
191959 
191960 
191961 
191962 
191963 
191964 
191965 
191966 
191967 
191968 
191969 
191970 
191971 
191972 
191973 
191974 
191975 
191976 
60912 
60916 
60918 
60922 
60924 
60926 
60928 
60932 
60934 
60936 
60938 
60940 
60942 
60944 
60946 
60948 
60950 
60952 
60954 
60956 
60958 
60960 
60962 
60964 
60966 
60968 
60970 
60972 
60974 
60976 
60978 
60980 
60982 
60984 
60986 
60988 
60990 
60992 
60994 
60996 
60998 
61000 
61002 
61004 
61006 
61008 
61010 
61012 
61014 
61016 
61018 
61020 
61022 
61023 
192103 
192104 
192107 
192108 
192109 
192110 
192113 
192114 
192115 
192116 
192117 
192118 
192119 
192120 
192123 
192124 
192125 
192126 
192127 
192128 
192129 
192130 
192131 
192132 
192133 
192134 
192135 
192136 
192137 
192138 
192139 
192140 
192141 
192142 
192143 
192144 
192145 
192146 
192147 
192148 
192149 
192150 
192151 
192152 
192153 
192154 
192155 
192156 
192157 
192158 
192159 
192160 
192161 
192162 
192163 
192164 
192165 
192166 
192167 
192168 
192169 
192170 
192171 
192172 
192173 
192174 
192175 
192176 
192177 
192178 
192179 
192180 
192181 
192182 
192183 
192184 
192185 
192186 
192187 
192188 
192189 
192190 
192191 
192192 
192193 
192194 
192195 
192196 
192197 
192198 
192199 
192200 
192201 
192202 
192203 
192204 
192205 
192206 
192207 
192208 
192209 
192210 
192211 
192212 
192213 
192214 
192215 
192216 
61151 
61155 
61157 
61161 
61163 
61165 
61167 
61171 
61173 
61175 
61177 
61179 
61181 
61183 
61185 
61187 
61189 
61191 
61193 
61195 
61197 
61199 
61201 
61203 
61205 
61207 
61209 
61211 
61213 
61215 
61217 
61219 
61221 
61223 
61225 
61227 
61229 
61231 
61233 
61235 
61237 
61239 
61241 
61243 
61245 
61247 
61249 
61251 
61253 
61255 
61257 
61259 
61261 
61262 
192343 
192344 
192347 
192348 
192349 
192350 
192353 
192354 
192355 
192356 
192357 
192358 
192359 
192360 
192363 
192364 
192365 
192366 
192367 
192368 
192369 
192370 
192371 
192372 
192373 
192374 
192375 
192376 
192377 
192378 
192379 
192380 
192381 
192382 
192383 
192384 
192385 
192386 
192387 
192388 
192389 
192390 
192391 
192392 
192393 
192394 
192395 
192396 
192397 
192398 
192399 
192400 
192401 
192402 
192403 
192404 
192405 
192406 
192407 
192408 
192409 
192410 
192411 
192412 
192413 
192414 
192415 
192416 
192417 
192418 
192419 
192420 
192421 
192422 
192423 
192424 
192425 
192426 
192427 
192428 
192429 
192430 
192431 
192432 
192433 
192434 
192435 
192436 
192437 
192438 
192439 
192440 
192441 
192442 
192443 
192444 
192445 
192446 
192447 
192448 
192449 
192450 
192451 
192452 
192453 
192454 
192455 
192456 
61390 
61394 
61396 
61400 
61402 
61404 
61406 
61410 
61412 
61414 
61416 
61418 
61420 
61422 
61424 
61426 
61428 
61430 
61432 
61434 
61436 
61438 
61440 
61442 
61444 
61446 
61448 
61450 
61452 
61454 
61456 
61458 
61460 
61462 
61464 
61466 
61468 
61470 
61472 
61474 
61476 
61478 
61480 
61482 
61484 
61486 
61488 
61490 
61492 
61494 
61496 
61498 
61500 
61501 
192583 
192584 
192587 
192588 
192589 
192590 
192593 
192594 
192595 
192596 
192597 
192598 
192599 
192600 
192603 
192604 
192605 
192606 
192607 
192608 
192609 
192610 
192611 
192612 
192613 
192614 
192615 
192616 
192617 
192618 
192619 
192620 
192621 
192622 
192623 
192624 
192625 
192626 
192627 
192628 
192629 
192630 
192631 
192632 
192633 
192634 
192635 
192636 
192637 
192638 
192639 
192640 
192641 
192642 
192643 
192644 
192645 
192646 
192647 
192648 
192649 
192650 
192651 
192652 
192653 
192654 
192655 
192656 
192657 
192658 
192659 
192660 
192661 
192662 
192663 
192664 
192665 
192666 
192667 
192668 
192669 
192670 
192671 
192672 
192673 
192674 
192675 
192676 
192677 
192678 
192679 
192680 
192681 
192682 
192683 
192684 
192685 
192686 
192687 
192688 
192689 
192690 
192691 
192692 
192693 
192694 
192695 
192696 
61629 
61633 
61635 
61639 
61641 
61643 
61645 
61649 
61651 
61653 
61655 
61657 
61659 
61661 
61663 
61665 
61667 
61669 
61671 
61673 
61675 
61677 
61679 
61681 
61683 
61685 
61687 
61689 
61691 
61693 
61695 
61697 
61699 
61701 
61703 
61705 
61707 
61709 
61711 
61713 
61715 
61717 
61719 
61721 
61723 
61725 
61727 
61729 
61731 
61733 
61735 
61737 
61739 
61740 
192823 
192824 
192827 
192828 
192829 
192830 
192833 
192834 
192835 
192836 
192837 
192838 
192839 
192840 
192843 
192844 
192845 
192846 
192847 
192848 
192849 
192850 
192851 
192852 
192853 
192854 
192855 
192856 
192857 
192858 
192859 
192860 
192861 
192862 
192863 
192864 
192865 
192866 
192867 
192868 
192869 
192870 
192871 
192872 
192873 
192874 
192875 
192876 
192877 
192878 
192879 
192880 
192881 
192882 
192883 
192884 
192885 
192886 
192887 
192888 
192889 
192890 
192891 
192892 
192893 
192894 
192895 
192896 
192897 
192898 
192899 
192900 
192901 
192902 
192903 
192904 
192905 
192906 
192907 
192908 
192909 
192910 
192911 
192912 
192913 
192914 
192915 
192916 
192917 
192918 
192919 
192920 
192921 
192922 
192923 
192924 
192925 
192926 
192927 
192928 
192929 
192930 
192931 
192932 
192933 
192934 
192935 
192936 
61868 
61872 
61874 
61878 
61880 
61882 
61884 
61888 
61890 
61892 
61896 
61898 
61900 
61902 
61904 
61906 
61908 
61910 
61912 
61914 
61916 
61918 
61920 
61922 
61924 
61926 
61928 
61930 
61932 
61934 
61936 
61938 
61940 
61942 
61944 
61946 
61948 
61950 
61952 
61954 
61956 
61958 
61960 
61962 
61964 
61966 
61968 
61970 
61972 
61974 
61976 
61978 
61979 
193063 
193064 
193067 
193068 
193069 
193070 
193073 
193074 
193075 
193076 
193077 
193078 
193079 
193080 
193083 
193084 
193085 
193086 
193087 
193088 
193089 
193090 
193091 
193092 
193093 
193094 
193095 
193096 
193097 
193098 
193099 
193100 
193101 
193102 
193103 
193104 
193105 
193106 
193107 
193108 
193109 
193110 
193111 
193112 
193113 
193114 
193115 
193116 
193117 
193118 
193119 
193120 
193121 
193122 
193123 
193124 
193125 
193126 
193127 
193128 
193129 
193130 
193131 
193132 
193133 
193134 
193135 
193136 
193137 
193138 
193139 
193140 
193141 
193142 
193143 
193144 
193145 
193146 
193147 
193148 
193149 
193150 
193151 
193152 
193153 
193154 
193155 
193156 
193157 
193158 
193159 
193160 
193161 
193162 
193163 
193164 
193165 
193166 
193167 
193168 
193169 
193170 
193171 
193172 
193173 
193174 
193175 
193176 
62107 
62111 
62113 
62117 
62119 
62121 
62123 
62127 
62129 
62131 
62133 
62135 
62137 
62139 
62141 
62143 
62145 
62147 
62149 
62151 
62153 
62155 
62157 
62159 
62161 
62163 
62165 
62167 
62169 
62171 
62173 
62175 
62177 
62179 
62181 
62183 
62185 
62187 
62189 
62191 
62193 
62195 
62197 
62199 
62201 
62203 
62205 
62207 
62209 
62211 
62213 
62215 
62217 
62218 
193303 
193304 
193307 
193308 
193309 
193310 
193313 
193314 
193315 
193316 
193317 
193318 
193319 
193320 
193323 
193324 
193325 
193326 
193327 
193328 
193329 
193330 
193331 
193332 
193333 
193334 
193335 
193336 
193337 
193338 
193339 
193340 
193341 
193342 
193343 
193344 
193345 
193346 
193347 
193348 
193349 
193350 
193351 
193352 
193353 
193354 
193355 
193356 
193357 
193358 
193359 
193360 
193361 
193362 
193363 
193364 
193365 
193366 
193367 
193368 
193369 
193370 
193371 
193372 
193373 
193374 
193375 
193376 
193377 
193378 
193379 
193380 
193381 
193382 
193383 
193384 
193385 
193386 
193387 
193388 
193389 
193390 
193391 
193392 
193393 
193394 
193395 
193396 
193397 
193398 
193399 
193400 
193401 
193402 
193403 
193404 
193405 
193406 
193407 
193408 
193409 
193410 
193411 
193412 
193413 
193414 
193415 
193416 
62346 
62350 
62356 
62358 
62360 
62362 
62366 
62368 
62370 
62372 
62374 
62376 
62378 
62380 
62382 
62384 
62386 
62388 
62390 
62392 
62394 
62396 
62398 
62400 
62402 
62404 
62406 
62408 
62410 
62412 
62414 
62416 
62418 
62420 
62422 
62424 
62426 
62428 
62430 
62432 
62434 
62436 
62438 
62440 
62442 
62444 
62446 
62448 
62450 
62452 
62454 
62456 
62457 
193543 
193544 
193547 
193548 
193549 
193550 
193553 
193554 
193555 
193556 
193557 
193558 
193559 
193560 
193563 
193564 
193565 
193566 
193567 
193568 
193569 
193570 
193571 
193572 
193573 
193574 
193575 
193576 
193577 
193578 
193579 
193580 
193581 
193582 
193583 
193584 
193585 
193586 
193587 
193588 
193589 
193590 
193591 
193592 
193593 
193594 
193595 
193596 
193597 
193598 
193599 
193600 
193601 
193602 
193603 
193604 
193605 
193606 
193607 
193608 
193609 
193610 
193611 
193612 
193613 
193614 
193615 
193616 
193617 
193618 
193619 
193620 
193621 
193622 
193623 
193624 
193625 
193626 
193627 
193628 
193629 
193630 
193631 
193632 
193633 
193634 
193635 
193636 
193637 
193638 
193639 
193640 
193641 
193642 
193643 
193644 
193645 
193646 
193647 
193648 
193649 
193650 
193651 
193652 
193653 
193654 
193655 
193656 
62589 
62591 
62595 
62597 
62599 
62601 
62605 
62607 
62609 
62611 
62613 
62615 
62617 
62619 
62621 
62623 
62625 
62627 
62629 
62631 
62633 
62635 
62637 
62639 
62641 
62643 
62645 
62647 
62649 
62651 
62653 
62655 
62657 
62659 
62661 
62663 
62665 
62667 
62669 
62671 
62673 
62675 
62677 
62679 
62681 
62683 
62685 
62687 
62689 
62691 
62693 
62695 
62696 
193783 
193784 
193787 
193788 
193789 
193790 
193793 
193794 
193795 
193796 
193797 
193798 
193799 
193800 
193803 
193804 
193805 
193806 
193807 
193808 
193809 
193810 
193811 
193812 
193813 
193814 
193815 
193816 
193817 
193818 
193819 
193820 
193821 
193822 
193823 
193824 
193825 
193826 
193827 
193828 
193829 
193830 
193831 
193832 
193833 
193834 
193835 
193836 
193837 
193838 
193839 
193840 
193841 
193842 
193843 
193844 
193845 
193846 
193847 
193848 
193849 
193850 
193851 
193852 
193853 
193854 
193855 
193856 
193857 
193858 
193859 
193860 
193861 
193862 
193863 
193864 
193865 
193866 
193867 
193868 
193869 
193870 
193871 
193872 
193873 
193874 
193875 
193876 
193877 
193878 
193879 
193880 
193881 
193882 
193883 
193884 
193885 
193886 
193887 
193888 
193889 
193890 
193891 
193892 
193893 
193894 
193895 
193896 
62824 
62828 
62830 
62834 
62836 
62838 
62840 
62844 
62846 
62848 
62850 
62852 
62854 
62856 
62858 
62860 
62862 
62864 
62866 
62868 
62870 
62872 
62874 
62876 
62878 
62880 
62882 
62884 
62886 
62888 
62890 
62892 
62894 
62896 
62898 
62900 
62902 
62904 
62906 
62908 
62910 
62912 
62914 
62916 
62918 
62920 
62922 
62924 
62926 
62928 
62930 
62932 
62934 
62935 
194023 
194024 
194027 
194028 
194029 
194030 
194033 
194034 
194035 
194036 
194037 
194038 
194039 
194040 
194043 
194044 
194045 
194046 
194047 
194048 
194049 
194050 
194051 
194052 
194053 
194054 
194055 
194056 
194057 
194058 
194059 
194060 
194061 
194062 
194063 
194064 
194065 
194066 
194067 
194068 
194069 
194070 
194071 
194072 
194073 
194074 
194075 
194076 
194077 
194078 
194079 
194080 
194081 
194082 
194083 
194084 
194085 
194086 
194087 
194088 
194089 
194090 
194091 
194092 
194093 
194094 
194095 
194096 
194097 
194098 
194099 
194100 
194101 
194102 
194103 
194104 
194105 
194106 
194107 
194108 
194109 
194110 
194111 
194112 
194113 
194114 
194115 
194116 
194117 
194118 
194119 
194120 
194121 
194122 
194123 
194124 
194125 
194126 
194127 
194128 
194129 
194130 
194131 
194132 
194133 
194134 
194135 
63063 
194136 
63067 
63069 
63073 
63075 
63077 
63079 
63083 
63085 
63087 
63089 
63091 
63093 
63095 
63097 
63099 
63101 
63103 
63105 
63107 
63109 
63111 
63113 
63115 
63117 
63119 
63121 
63123 
63125 
63127 
63129 
63131 
63133 
63135 
63137 
63139 
63141 
63143 
63145 
63147 
63149 
63151 
63153 
63155 
63157 
63159 
63161 
63163 
63165 
63167 
63169 
63171 
63173 
63174 
194263 
194264 
194267 
194268 
194269 
194270 
194273 
194274 
194275 
194276 
194277 
194278 
194279 
194280 
194283 
194284 
194285 
194286 
194287 
194288 
194289 
194290 
194291 
194292 
194293 
194294 
194295 
194296 
194297 
194298 
194299 
194300 
194301 
194302 
194303 
194304 
194305 
194306 
194307 
194308 
194309 
194310 
194311 
194312 
194313 
194314 
194315 
194316 
194317 
194318 
194319 
194320 
194321 
194322 
194323 
194324 
194325 
194326 
194327 
194328 
194329 
194330 
194331 
194332 
194333 
194334 
194335 
194336 
194337 
194338 
194339 
194340 
194341 
194342 
194343 
194344 
194345 
194346 
194347 
194348 
194349 
194350 
194351 
194352 
194353 
194354 
194355 
194356 
194357 
194358 
194359 
194360 
194361 
194362 
194363 
194364 
194365 
194366 
194367 
194368 
194369 
194370 
194371 
194372 
194373 
194374 
63302 
194375 
194376 
63306 
63308 
63312 
63314 
63316 
63318 
63322 
63324 
63328 
63330 
63332 
63334 
63336 
63338 
63340 
63342 
63344 
63346 
63348 
63350 
63352 
63354 
63356 
63358 
63360 
63362 
63364 
63366 
63368 
63370 
63372 
63374 
63376 
63378 
63380 
63382 
63384 
63386 
63388 
63390 
63392 
63394 
63396 
63398 
63400 
63402 
63404 
63406 
63408 
63410 
63412 
63413 
194503 
194504 
194507 
194508 
194509 
194510 
194513 
194514 
194515 
194516 
194517 
194518 
194519 
194520 
194523 
194524 
194525 
194526 
194527 
194528 
194529 
194530 
194531 
194532 
194533 
194534 
194535 
194536 
194537 
194538 
194539 
194540 
194541 
194542 
194543 
194544 
194545 
194546 
194547 
194548 
194549 
194550 
194551 
194552 
194553 
194554 
194555 
194556 
194557 
194558 
194559 
194560 
194561 
194562 
194563 
194564 
194565 
194566 
194567 
194568 
194569 
194570 
194571 
194572 
194573 
194574 
194575 
194576 
194577 
194578 
194579 
194580 
194581 
194582 
194583 
194584 
194585 
194586 
194587 
194588 
194589 
194590 
194591 
194592 
194593 
194594 
194595 
194596 
194597 
194598 
194599 
194600 
194601 
194602 
194603 
194604 
194605 
194606 
194607 
194608 
194609 
194610 
194611 
194612 
194613 
63541 
194614 
194615 
194616 
63545 
63547 
63551 
63553 
63555 
63561 
63563 
63565 
63567 
63569 
63571 
63573 
63575 
63577 
63579 
63581 
63583 
63585 
63587 
63589 
63591 
63593 
63595 
63597 
63599 
63601 
63603 
63605 
63607 
63609 
63611 
63613 
63615 
63617 
63619 
63621 
63623 
63625 
63627 
63629 
63631 
63633 
63635 
63637 
63639 
63641 
63643 
63645 
63647 
63649 
63651 
63652 
194743 
194744 
194747 
194748 
194749 
194750 
194753 
194754 
194755 
194756 
194757 
194758 
194759 
194760 
194763 
194764 
194765 
194766 
194767 
194768 
194769 
194770 
194771 
194772 
194773 
194774 
194775 
194776 
194777 
194778 
194779 
194780 
194781 
194782 
194783 
194784 
194785 
194786 
194787 
194788 
194789 
194790 
194791 
194792 
194793 
194794 
194795 
194796 
194797 
194798 
194799 
194800 
194801 
194802 
194803 
194804 
194805 
194806 
194807 
194808 
194809 
194810 
194811 
194812 
194813 
194814 
194815 
194816 
194817 
194818 
194819 
194820 
194821 
194822 
194823 
194824 
194825 
194826 
194827 
194828 
194829 
194830 
194831 
194832 
194833 
194834 
194835 
194836 
194837 
194838 
194839 
194840 
194841 
194842 
194843 
194844 
194845 
194846 
194847 
194848 
194849 
194850 
194851 
194852 
63780 
194853 
194854 
194855 
194856 
63784 
63786 
63790 
63792 
63796 
63800 
63802 
63804 
63806 
63808 
63810 
63812 
63814 
63816 
63818 
63820 
63822 
63824 
63826 
63828 
63830 
63832 
63834 
63836 
63838 
63840 
63842 
63844 
63846 
63848 
63850 
63852 
63854 
63856 
63858 
63860 
63862 
63864 
63866 
63868 
63870 
63872 
63874 
63876 
63878 
63880 
63882 
63884 
63886 
63888 
63890 
63891 
194983 
194984 
194987 
194988 
194989 
194990 
194993 
194994 
194995 
194996 
194997 
194998 
194999 
195000 
195003 
195004 
195005 
195006 
195007 
195008 
195009 
195010 
195011 
195012 
195013 
195014 
195015 
195016 
195017 
195018 
195019 
195020 
195021 
195022 
195023 
195024 
195025 
195026 
195027 
195028 
195029 
195030 
195031 
195032 
195033 
195034 
195035 
195036 
195037 
195038 
195039 
195040 
195041 
195042 
195043 
195044 
195045 
195046 
195047 
195048 
195049 
195050 
195051 
195052 
195053 
195054 
195055 
195056 
195057 
195058 
195059 
195060 
195061 
195062 
195063 
195064 
195065 
195066 
195067 
195068 
195069 
195070 
195071 
195072 
195073 
195074 
195075 
195076 
195077 
195078 
195079 
195080 
195081 
195082 
195083 
195084 
195085 
195086 
195087 
195088 
195089 
195090 
195091 
64019 
195092 
195093 
195094 
195095 
64023 
195096 
64025 
64029 
64033 
64035 
64039 
64041 
64043 
64045 
64047 
64049 
64051 
64053 
64055 
64057 
64059 
64061 
64063 
64065 
64067 
64069 
64071 
64073 
64075 
64077 
64079 
64081 
64083 
64085 
64087 
64089 
64091 
64093 
64095 
64097 
64099 
64101 
64103 
64105 
64107 
64109 
64111 
64113 
64115 
64117 
64119 
64121 
64123 
64125 
64127 
64129 
64130 
195223 
195224 
195227 
195228 
195229 
195230 
195233 
195234 
195235 
195236 
195237 
195238 
195239 
195240 
195243 
195244 
195245 
195246 
195247 
195248 
195249 
195250 
195251 
195252 
195253 
195254 
195255 
195256 
195257 
195258 
195259 
195260 
195261 
195262 
195263 
195264 
195265 
195266 
195267 
195268 
195269 
195270 
195271 
195272 
195273 
195274 
195275 
195276 
195277 
195278 
195279 
195280 
195281 
195282 
195283 
195284 
195285 
195286 
195287 
195288 
195289 
195290 
195291 
195292 
195293 
195294 
195295 
195296 
195297 
195298 
195299 
195300 
195301 
195302 
195303 
195304 
195305 
195306 
195307 
195308 
195309 
195310 
195311 
195312 
195313 
195314 
195315 
195316 
195317 
195318 
195319 
195320 
195321 
195322 
195323 
195324 
195325 
195326 
195327 
195328 
195329 
195330 
64258 
195331 
195332 
195333 
195334 
64262 
195335 
195336 
64264 
64268 
64270 
64274 
64278 
64280 
64282 
64284 
64286 
64288 
64290 
64292 
64294 
64296 
64298 
64300 
64302 
64304 
64306 
64308 
64310 
64312 
64314 
64316 
64318 
64320 
64322 
64324 
64326 
64328 
64330 
64332 
64334 
64336 
64338 
64340 
64342 
64344 
64346 
64348 
64350 
64352 
64354 
64356 
64358 
64360 
64362 
64364 
64366 
64368 
64369 
195463 
195464 
195467 
195468 
195469 
195470 
195473 
195474 
195475 
195476 
195477 
195478 
195479 
195480 
195483 
195484 
195485 
195486 
195487 
195488 
195489 
195490 
195491 
195492 
195493 
195494 
195495 
195496 
195497 
195498 
195499 
195500 
195501 
195502 
195503 
195504 
195505 
195506 
195507 
195508 
195509 
195510 
195511 
195512 
195513 
195514 
195515 
195516 
195517 
195518 
195519 
195520 
195521 
195522 
195523 
195524 
195525 
195526 
195527 
195528 
195529 
195530 
195531 
195532 
195533 
195534 
195535 
195536 
195537 
195538 
195539 
195540 
195541 
195542 
195543 
195544 
195545 
195546 
195547 
195548 
195549 
195550 
195551 
195552 
195553 
195554 
195555 
195556 
195557 
195558 
195559 
195560 
195561 
195562 
195563 
195564 
195565 
195566 
195567 
195568 
195569 
64497 
195570 
195571 
195572 
195573 
64501 
195574 
195575 
64503 
195576 
64507 
64509 
64511 
64513 
64517 
64519 
64521 
64523 
64525 
64527 
64529 
64531 
64533 
64537 
64539 
64541 
64543 
64545 
64547 
64549 
64551 
64553 
64555 
64557 
64559 
64561 
64563 
64565 
64567 
64569 
64571 
64573 
64575 
64577 
64579 
64581 
64583 
64585 
64587 
64589 
64591 
64593 
64595 
64597 
64599 
64601 
64603 
64605 
64607 
64608 
195703 
195704 
195707 
195708 
195709 
195710 
195713 
195714 
195715 
195716 
195717 
195718 
195719 
195720 
195723 
195724 
195725 
195726 
195727 
195728 
195729 
195730 
195731 
195732 
195733 
195734 
195735 
195736 
195737 
195738 
195739 
195740 
195741 
195742 
195743 
195744 
195745 
195746 
195747 
195748 
195749 
195750 
195751 
195752 
195753 
195754 
195755 
195756 
195757 
195758 
195759 
195760 
195761 
195762 
195763 
195764 
195765 
195766 
195767 
195768 
195769 
195770 
195771 
195772 
195773 
195774 
195775 
195776 
195777 
195778 
195779 
195780 
195781 
195782 
195783 
195784 
195785 
195786 
195787 
195788 
195789 
195790 
195791 
195792 
195793 
195794 
195795 
195796 
195797 
195798 
195799 
195800 
195801 
195802 
195803 
195804 
195805 
195806 
195807 
195808 
64736 
195809 
195810 
195811 
195812 
64740 
195813 
195814 
64742 
195815 
195816 
64746 
64748 
64750 
64752 
64756 
64758 
64760 
64762 
64764 
64766 
64768 
64770 
64772 
64774 
64776 
64778 
64780 
64782 
64784 
64786 
64788 
64790 
64792 
64794 
64796 
64798 
64800 
64802 
64804 
64806 
64808 
64810 
64812 
64814 
64816 
64818 
64820 
64822 
64824 
64826 
64828 
64830 
64832 
64834 
64836 
64838 
64840 
64842 
64844 
64846 
64847 
195943 
195944 
195947 
195948 
195949 
195950 
195953 
195954 
195955 
195956 
195957 
195958 
195959 
195960 
195963 
195964 
195965 
195966 
195967 
195968 
195969 
195970 
195971 
195972 
195973 
195974 
195975 
195976 
195977 
195978 
195979 
195980 
195981 
195982 
195983 
195984 
195985 
195986 
195987 
195988 
195989 
195990 
195991 
195992 
195993 
195994 
195995 
195996 
195997 
195998 
195999 
196000 
196001 
196002 
196003 
196004 
196005 
196006 
196007 
196008 
196009 
196010 
196011 
196012 
196013 
196014 
196015 
196016 
196017 
196018 
196019 
196020 
196021 
196022 
196023 
196024 
196025 
196026 
196027 
196028 
196029 
196030 
196031 
196032 
196033 
196034 
196035 
196036 
196037 
196038 
196039 
196040 
196041 
196042 
196043 
196044 
196045 
196046 
196047 
64975 
196048 
196049 
196050 
196051 
64979 
196052 
196053 
196054 
196055 
196056 
64985 
64987 
64989 
64991 
64995 
64997 
64999 
65001 
65003 
65005 
65007 
65009 
65011 
65013 
65015 
65017 
65019 
65021 
65023 
65025 
65027 
65029 
65031 
65033 
65035 
65037 
65039 
65041 
65043 
65045 
65047 
65049 
65051 
65053 
65055 
65057 
65059 
65061 
65063 
65065 
65067 
65069 
65071 
65073 
65075 
65077 
65079 
65081 
65083 
65085 
65086 
196183 
196184 
196187 
196188 
196189 
196190 
196193 
196194 
196195 
196196 
196197 
196198 
196199 
196200 
196203 
196204 
196205 
196206 
196207 
196208 
196209 
196210 
196211 
196212 
196213 
196214 
196215 
196216 
196217 
196218 
196219 
196220 
196221 
196222 
196223 
196224 
196225 
196226 
196227 
196228 
196229 
196230 
196231 
196232 
196233 
196234 
196235 
196236 
196237 
196238 
196239 
196240 
196241 
196242 
196243 
196244 
196245 
196246 
196247 
196248 
196249 
196250 
196251 
196252 
196253 
196254 
196255 
196256 
196257 
196258 
196259 
196260 
196261 
196262 
196263 
196264 
196265 
196266 
196267 
196268 
196269 
196270 
196271 
196272 
196273 
196274 
196275 
196276 
196277 
196278 
196279 
196280 
196281 
196282 
196283 
196284 
196285 
196286 
65214 
196287 
196288 
196289 
196290 
65218 
196291 
196292 
65220 
196293 
196294 
196295 
196296 
65226 
65228 
65230 
65234 
65236 
65238 
65240 
65242 
65244 
65246 
65248 
65250 
65252 
65254 
65256 
65258 
65260 
65262 
65264 
65266 
65268 
65270 
65272 
65274 
65276 
65278 
65280 
65282 
65284 
65286 
65288 
65290 
65292 
65294 
65296 
65298 
65300 
65302 
65304 
65306 
65308 
65310 
65312 
65314 
65316 
65318 
65320 
65322 
65324 
65325 
196423 
196424 
196427 
196428 
196429 
196430 
196433 
196434 
196435 
196436 
196437 
196438 
196439 
196440 
196443 
196444 
196445 
196446 
196447 
196448 
196449 
196450 
196451 
196452 
196453 
196454 
196455 
196456 
196457 
196458 
196459 
196460 
196461 
196462 
196463 
196464 
196465 
196466 
196467 
196468 
196469 
196470 
196471 
196472 
196473 
196474 
196475 
196476 
196477 
196478 
196479 
196480 
196481 
196482 
196483 
196484 
196485 
196486 
196487 
196488 
196489 
196490 
196491 
196492 
196493 
196494 
196495 
196496 
196497 
196498 
196499 
196500 
196501 
196502 
196503 
196504 
196505 
196506 
196507 
196508 
196509 
196510 
196511 
196512 
196513 
196514 
196515 
196516 
196517 
196518 
196519 
196520 
196521 
196522 
196523 
196524 
196525 
65453 
196526 
196527 
196528 
196529 
65457 
196530 
196531 
65459 
196532 
196533 
196534 
196535 
65463 
196536 
65465 
65467 
65469 
65473 
65475 
65477 
65479 
65481 
65483 
65485 
65487 
65489 
65491 
65493 
65495 
65497 
65499 
65501 
65503 
65505 
65507 
65509 
65511 
65513 
65515 
65517 
65519 
65521 
65523 
65525 
65527 
65529 
65531 
65533 
65535 
65537 
65539 
65541 
65543 
65545 
65547 
65549 
65551 
65553 
65555 
65557 
65559 
65561 
65563 
65564 
196663 
196664 
196667 
196668 
196669 
196670 
196673 
196674 
196675 
196676 
196677 
196678 
196679 
196680 
196683 
196684 
196685 
196686 
196687 
196688 
196689 
196690 
196691 
196692 
196693 
196694 
196695 
196696 
196697 
196698 
196699 
196700 
196701 
196702 
196703 
196704 
196705 
196706 
196707 
196708 
196709 
196710 
196711 
196712 
196713 
196714 
196715 
196716 
196717 
196718 
196719 
196720 
196721 
196722 
196723 
196724 
196725 
196726 
196727 
196728 
196729 
196730 
196731 
196732 
196733 
196734 
196735 
196736 
196737 
196738 
196739 
196740 
196741 
196742 
196743 
196744 
196745 
196746 
196747 
196748 
196749 
196750 
196751 
196752 
196753 
196754 
196755 
196756 
196757 
196758 
196759 
196760 
196761 
196762 
196763 
196764 
65692 
196765 
196766 
196767 
196768 
65696 
196769 
196770 
65698 
196771 
196772 
196773 
196774 
65702 
196775 
196776 
65704 
65706 
65708 
65712 
65714 
65716 
65718 
65722 
65724 
65726 
65728 
65730 
65732 
65734 
65736 
65738 
65740 
65742 
65744 
65746 
65748 
65750 
65752 
65754 
65756 
65758 
65760 
65762 
65764 
65766 
65768 
65770 
65772 
65774 
65776 
65778 
65780 
65782 
65784 
65786 
65788 
65790 
65792 
65794 
65796 
65798 
65800 
65802 
65803 
196903 
196904 
196907 
196908 
196909 
196910 
196913 
196914 
196915 
196916 
196917 
196918 
196919 
196920 
196923 
196924 
196925 
196926 
196927 
196928 
196929 
196930 
196931 
196932 
196933 
196934 
196935 
196936 
196937 
196938 
196939 
196940 
196941 
196942 
196943 
196944 
196945 
196946 
196947 
196948 
196949 
196950 
196951 
196952 
196953 
196954 
196955 
196956 
196957 
196958 
196959 
196960 
196961 
196962 
196963 
196964 
196965 
196966 
196967 
196968 
196969 
196970 
196971 
196972 
196973 
196974 
196975 
196976 
196977 
196978 
196979 
196980 
196981 
196982 
196983 
196984 
196985 
196986 
196987 
196988 
196989 
196990 
196991 
196992 
196993 
196994 
196995 
196996 
196997 
196998 
196999 
197000 
197001 
197002 
197003 
65931 
197004 
197005 
197006 
197007 
65935 
197008 
197009 
197010 
197011 
197012 
197013 
65941 
197014 
197015 
65943 
197016 
65945 
65947 
65951 
65953 
65955 
65957 
65959 
65961 
65963 
65965 
65967 
65969 
65971 
65973 
65975 
65977 
65979 
65981 
65983 
65985 
65987 
65989 
65991 
65993 
65995 
65997 
65999 
66001 
66003 
66005 
66007 
66009 
66011 
66013 
66015 
66017 
66019 
66021 
66023 
66025 
66027 
66029 
66031 
66033 
66035 
66037 
66039 
66041 
66042 
197143 
197144 
197147 
197148 
197149 
197150 
197153 
197154 
197155 
197156 
197157 
197158 
197159 
197160 
197163 
197164 
197165 
197166 
197167 
197168 
197169 
197170 
197171 
197172 
197173 
197174 
197175 
197176 
197177 
197178 
197179 
197180 
197181 
197182 
197183 
197184 
197185 
197186 
197187 
197188 
197189 
197190 
197191 
197192 
197193 
197194 
197195 
197196 
197197 
197198 
197199 
197200 
197201 
197202 
197203 
197204 
197205 
197206 
197207 
197208 
197209 
197210 
197211 
197212 
197213 
197214 
197215 
197216 
197217 
197218 
197219 
197220 
197221 
197222 
197223 
197224 
197225 
197226 
197227 
197228 
197229 
197230 
197231 
197232 
197233 
197234 
197235 
197236 
197237 
197238 
197239 
197240 
197241 
197242 
197243 
197244 
197245 
197246 
66174 
197247 
197248 
66176 
197249 
197250 
197251 
197252 
197253 
197254 
66182 
197255 
197256 
66184 
66186 
66190 
66192 
66194 
66196 
66198 
66200 
66202 
66204 
66206 
66208 
66210 
66212 
66214 
66216 
66218 
66220 
66222 
66224 
66226 
66228 
66230 
66232 
66234 
66236 
66238 
66240 
66242 
66244 
66246 
66248 
66250 
66252 
66254 
66256 
66258 
66260 
66262 
66264 
66266 
66268 
66270 
66272 
66274 
66276 
66278 
66280 
66281 
197383 
197384 
197387 
197388 
197389 
197390 
197393 
197394 
197395 
197396 
197397 
197398 
197399 
197400 
197403 
197404 
197405 
197406 
197407 
197408 
197409 
197410 
197411 
197412 
197413 
197414 
197415 
197416 
197417 
197418 
197419 
197420 
197421 
197422 
197423 
197424 
197425 
197426 
197427 
197428 
197429 
197430 
197431 
197432 
197433 
197434 
197435 
197436 
197437 
197438 
197439 
197440 
197441 
197442 
197443 
197444 
197445 
197446 
197447 
197448 
197449 
197450 
197451 
197452 
197453 
197454 
197455 
197456 
197457 
197458 
197459 
197460 
197461 
197462 
197463 
197464 
197465 
197466 
197467 
197468 
197469 
197470 
197471 
197472 
197473 
197474 
197475 
197476 
197477 
197478 
197479 
197480 
197481 
66409 
197482 
197483 
197484 
197485 
66413 
197486 
197487 
66415 
197488 
197489 
197490 
197491 
66419 
197492 
197493 
66421 
197494 
197495 
66423 
197496 
66429 
66431 
66433 
66435 
66437 
66439 
66441 
66443 
66445 
66447 
66449 
66451 
66453 
66455 
66457 
66459 
66461 
66463 
66465 
66467 
66469 
66471 
66473 
66475 
66477 
66479 
66481 
66483 
66485 
66487 
66489 
66491 
66493 
66495 
66497 
66499 
66501 
66503 
66505 
66507 
66509 
66511 
66513 
66515 
66517 
66519 
66520 
197623 
197624 
197627 
197628 
197629 
197630 
197633 
197634 
197635 
197636 
197637 
197638 
197639 
197640 
197643 
197644 
197645 
197646 
197647 
197648 
197649 
197650 
197651 
197652 
197653 
197654 
197655 
197656 
197657 
197658 
197659 
197660 
197661 
197662 
197663 
197664 
197665 
197666 
197667 
197668 
197669 
197670 
197671 
197672 
197673 
197674 
197675 
197676 
197677 
197678 
197679 
197680 
197681 
197682 
197683 
197684 
197685 
197686 
197687 
197688 
197689 
197690 
197691 
197692 
197693 
197694 
197695 
197696 
197697 
197698 
197699 
197700 
197701 
197702 
197703 
197704 
197705 
197706 
197707 
197708 
197709 
197710 
197711 
197712 
197713 
197714 
197715 
197716 
197717 
197718 
197719 
197720 
66648 
197721 
197722 
197723 
197724 
66652 
197725 
197726 
197727 
197728 
197729 
197730 
66658 
197731 
197732 
66660 
197733 
197734 
66662 
197735 
197736 
66664 
66668 
66670 
66672 
66674 
66676 
66678 
66680 
66682 
66684 
66686 
66688 
66690 
66692 
66694 
66696 
66698 
66700 
66702 
66704 
66706 
66708 
66710 
66712 
66714 
66716 
66718 
66720 
66722 
66724 
66726 
66728 
66730 
66732 
66734 
66736 
66738 
66740 
66742 
66744 
66746 
66748 
66750 
66752 
66754 
66756 
66758 
66759 
197863 
197864 
197867 
197868 
197869 
197870 
197873 
197874 
197875 
197876 
197877 
197878 
197879 
197880 
197883 
197884 
197885 
197886 
197887 
197888 
197889 
197890 
197891 
197892 
197893 
197894 
197895 
197896 
197897 
197898 
197899 
197900 
197901 
197902 
197903 
197904 
197905 
197906 
197907 
197908 
197909 
197910 
197911 
197912 
197913 
197914 
197915 
197916 
197917 
197918 
197919 
197920 
197921 
197922 
197923 
197924 
197925 
197926 
197927 
197928 
197929 
197930 
197931 
197932 
197933 
197934 
197935 
197936 
197937 
197938 
197939 
197940 
197941 
197942 
197943 
197944 
197945 
197946 
197947 
197948 
197949 
197950 
197951 
197952 
197953 
197954 
197955 
197956 
197957 
197958 
197959 
66887 
197960 
197961 
197962 
197963 
197964 
197965 
66893 
197966 
197967 
197968 
197969 
66897 
197970 
197971 
66899 
197972 
197973 
66901 
197974 
197975 
66903 
197976 
66907 
66911 
66913 
66915 
66917 
66919 
66921 
66923 
66925 
66927 
66929 
66931 
66933 
66935 
66937 
66939 
66941 
66943 
66945 
66947 
66949 
66951 
66953 
66955 
66957 
66959 
66961 
66963 
66965 
66967 
66969 
66971 
66973 
66975 
66977 
66979 
66981 
66983 
66985 
66987 
66989 
66991 
66993 
66995 
66997 
66998 
198103 
198104 
198107 
198108 
198109 
198110 
198113 
198114 
198115 
198116 
198117 
198118 
198119 
198120 
198123 
198124 
198125 
198126 
198127 
198128 
198129 
198130 
198131 
198132 
198133 
198134 
198135 
198136 
198137 
198138 
198139 
198140 
198141 
198142 
198143 
198144 
198145 
198146 
198147 
198148 
198149 
198150 
198151 
198152 
198153 
198154 
198155 
198156 
198157 
198158 
198159 
198160 
198161 
198162 
198163 
198164 
198165 
198166 
198167 
198168 
198169 
198170 
198171 
198172 
198173 
198174 
198175 
198176 
198177 
198178 
198179 
198180 
198181 
198182 
198183 
198184 
198185 
198186 
198187 
198188 
198189 
198190 
198191 
198192 
198193 
198194 
198195 
198196 
198197 
198198 
67126 
198199 
198200 
198201 
198202 
198203 
198204 
67132 
198205 
198206 
198207 
198208 
67136 
198209 
198210 
67138 
198211 
198212 
67140 
198213 
198214 
67142 
198215 
198216 
67146 
67148 
67150 
67152 
67156 
67158 
67160 
67162 
67164 
67166 
67168 
67170 
67172 
67174 
67176 
67178 
67180 
67182 
67184 
67186 
67188 
67190 
67192 
67194 
67196 
67198 
67200 
67202 
67204 
67206 
67208 
67210 
67212 
67214 
67216 
67218 
67220 
67222 
67224 
67226 
67228 
67230 
67232 
67234 
67236 
67237 
198343 
198344 
198347 
198348 
198349 
198350 
198353 
198354 
198355 
198356 
198357 
198358 
198359 
198360 
198363 
198364 
198365 
198366 
198367 
198368 
198369 
198370 
198371 
198372 
198373 
198374 
198375 
198376 
198377 
198378 
198379 
198380 
198381 
198382 
198383 
198384 
198385 
198386 
198387 
198388 
198389 
198390 
198391 
198392 
198393 
198394 
198395 
198396 
198397 
198398 
198399 
198400 
198401 
198402 
198403 
198404 
198405 
198406 
198407 
198408 
198409 
198410 
198411 
198412 
198413 
198414 
198415 
198416 
198417 
198418 
198419 
198420 
198421 
198422 
198423 
198424 
198425 
198426 
198427 
198428 
198429 
198430 
198431 
198432 
198433 
198434 
198435 
198436 
198437 
67365 
198438 
198439 
198440 
198441 
67369 
198442 
198443 
67371 
198444 
198445 
198446 
198447 
198448 
198449 
67377 
198450 
198451 
67379 
198452 
198453 
67381 
198454 
198455 
198456 
67385 
67387 
67389 
67391 
67393 
67395 
67397 
67399 
67401 
67403 
67405 
67407 
67409 
67411 
67413 
67415 
67417 
67419 
67421 
67423 
67425 
67427 
67429 
67431 
67433 
67435 
67437 
67439 
67441 
67443 
67445 
67447 
67449 
67451 
67453 
67455 
67457 
67459 
67461 
67463 
67465 
67467 
67469 
67471 
67473 
67475 
67476 
198583 
198584 
198587 
198588 
198589 
198590 
198593 
198594 
198595 
198596 
198597 
198598 
198599 
198600 
198603 
198604 
198605 
198606 
198607 
198608 
198609 
198610 
198611 
198612 
198613 
198614 
198615 
198616 
198617 
198618 
198619 
198620 
198621 
198622 
198623 
198624 
198625 
198626 
198627 
198628 
198629 
198630 
198631 
198632 
198633 
198634 
198635 
198636 
198637 
198638 
198639 
198640 
198641 
198642 
198643 
198644 
198645 
198646 
198647 
198648 
198649 
198650 
198651 
198652 
198653 
198654 
198655 
198656 
198657 
198658 
198659 
198660 
198661 
198662 
198663 
198664 
198665 
198666 
198667 
198668 
198669 
198670 
198671 
198672 
198673 
198674 
198675 
198676 
67604 
198677 
198678 
198679 
198680 
67608 
198681 
198682 
67610 
198683 
198684 
198685 
198686 
67614 
198687 
198688 
198689 
198690 
67618 
198691 
198692 
67620 
198693 
198694 
198695 
198696 
67624 
67626 
67628 
67630 
67632 
67634 
67636 
67638 
67640 
67642 
67644 
67646 
67648 
67650 
67652 
67654 
67656 
67658 
67660 
67662 
67664 
67666 
67668 
67670 
67672 
67674 
67676 
67678 
67680 
67682 
67684 
67686 
67688 
67690 
67692 
67694 
67696 
67698 
67700 
67702 
67704 
67706 
67708 
67710 
67712 
67714 
67715 
198823 
198824 
198827 
198828 
198829 
198830 
198833 
198834 
198835 
198836 
198837 
198838 
198839 
198840 
198843 
198844 
198845 
198846 
198847 
198848 
198849 
198850 
198851 
198852 
198853 
198854 
198855 
198856 
198857 
198858 
198859 
198860 
198861 
198862 
198863 
198864 
198865 
198866 
198867 
198868 
198869 
198870 
198871 
198872 
198873 
198874 
198875 
198876 
198877 
198878 
198879 
198880 
198881 
198882 
198883 
198884 
198885 
198886 
198887 
198888 
198889 
198890 
198891 
198892 
198893 
198894 
198895 
198896 
198897 
198898 
198899 
198900 
198901 
198902 
198903 
198904 
198905 
198906 
198907 
198908 
198909 
198910 
198911 
198912 
198913 
198914 
198915 
198916 
198917 
198918 
198919 
67847 
198920 
198921 
67849 
198922 
198923 
198924 
198925 
67853 
198926 
198927 
67855 
198928 
198929 
67857 
198930 
198931 
67859 
198932 
198933 
198934 
198935 
67863 
198936 
67865 
67867 
67869 
67871 
67873 
67875 
67877 
67879 
67881 
67883 
67885 
67887 
67889 
67891 
67893 
67895 
67897 
67899 
67901 
67903 
67905 
67907 
67909 
67911 
67913 
67915 
67917 
67919 
67921 
67923 
67925 
67927 
67929 
67931 
67933 
67935 
67937 
67939 
67941 
67943 
67945 
67947 
67949 
67951 
67953 
67954 
199063 
199064 
199067 
199068 
199069 
199070 
199073 
199074 
199075 
199076 
199077 
199078 
199079 
199080 
199083 
199084 
199085 
199086 
199087 
199088 
199089 
199090 
199091 
199092 
199093 
199094 
199095 
199096 
199097 
199098 
199099 
199100 
199101 
199102 
199103 
199104 
199105 
199106 
199107 
199108 
199109 
199110 
199111 
199112 
199113 
199114 
199115 
199116 
199117 
199118 
199119 
199120 
199121 
199122 
199123 
199124 
199125 
199126 
199127 
199128 
199129 
199130 
199131 
199132 
199133 
199134 
199135 
199136 
199137 
199138 
199139 
199140 
199141 
199142 
199143 
199144 
199145 
199146 
199147 
199148 
199149 
199150 
199151 
199152 
199153 
199154 
68082 
199155 
199156 
199157 
199158 
68086 
199159 
199160 
68088 
199161 
199162 
199163 
199164 
68092 
199165 
199166 
68094 
199167 
199168 
199169 
199170 
68098 
199171 
199172 
199173 
199174 
68102 
199175 
199176 
68104 
68106 
68108 
68110 
68112 
68114 
68116 
68118 
68120 
68122 
68124 
68126 
68128 
68130 
68132 
68134 
68136 
68138 
68140 
68142 
68144 
68146 
68148 
68150 
68152 
68154 
68156 
68158 
68160 
68162 
68164 
68166 
68168 
68170 
68172 
68174 
68176 
68178 
68180 
68182 
68184 
68186 
68188 
68190 
68192 
68193 
199303 
199304 
199307 
199308 
199309 
199310 
199313 
199314 
199315 
199316 
199317 
199318 
199319 
199320 
199323 
199324 
199325 
199326 
199327 
199328 
199329 
199330 
199331 
199332 
199333 
199334 
199335 
199336 
199337 
199338 
199339 
199340 
199341 
199342 
199343 
199344 
199345 
199346 
199347 
199348 
199349 
199350 
199351 
199352 
199353 
199354 
199355 
199356 
199357 
199358 
199359 
199360 
199361 
199362 
199363 
199364 
199365 
199366 
199367 
199368 
199369 
199370 
199371 
199372 
199373 
199374 
199375 
199376 
199377 
199378 
199379 
199380 
199381 
199382 
199383 
199384 
199385 
199386 
199387 
199388 
199389 
199390 
199391 
199392 
199393 
68321 
199394 
199395 
199396 
199397 
199398 
199399 
68327 
199400 
199401 
199402 
199403 
68331 
199404 
199405 
68333 
199406 
199407 
199408 
199409 
68337 
199410 
199411 
199412 
199413 
68341 
199414 
199415 
68343 
199416 
68345 
68347 
68349 
68351 
68353 
68355 
68357 
68359 
68361 
68363 
68365 
68367 
68369 
68371 
68373 
68375 
68377 
68379 
68381 
68383 
68385 
68387 
68389 
68391 
68393 
68395 
68397 
68399 
68401 
68403 
68405 
68407 
68409 
68411 
68413 
68415 
68417 
68419 
68421 
68423 
68425 
68427 
68429 
68431 
68432 
199543 
199544 
199547 
199548 
199549 
199550 
199553 
199554 
199555 
199556 
199557 
199558 
199559 
199560 
199563 
199564 
199565 
199566 
199567 
199568 
199569 
199570 
199571 
199572 
199573 
199574 
199575 
199576 
199577 
199578 
199579 
199580 
199581 
199582 
199583 
199584 
199585 
199586 
199587 
199588 
199589 
199590 
199591 
199592 
199593 
199594 
199595 
199596 
199597 
199598 
199599 
199600 
199601 
199602 
199603 
199604 
199605 
199606 
199607 
199608 
199609 
199610 
199611 
199612 
199613 
199614 
199615 
199616 
199617 
199618 
199619 
199620 
199621 
199622 
199623 
199624 
199625 
199626 
199627 
199628 
199629 
199630 
199631 
199632 
68560 
199633 
199634 
199635 
199636 
68564 
199637 
199638 
68566 
199639 
199640 
199641 
199642 
199643 
199644 
68572 
199645 
199646 
68574 
199647 
199648 
68576 
199649 
199650 
199651 
199652 
68580 
199653 
199654 
68582 
199655 
199656 
68584 
68586 
68588 
68590 
68592 
68594 
68596 
68598 
68600 
68602 
68604 
68606 
68608 
68610 
68612 
68614 
68616 
68618 
68620 
68622 
68624 
68626 
68628 
68630 
68632 
68634 
68636 
68638 
68640 
68642 
68644 
68646 
68648 
68650 
68652 
68654 
68656 
68658 
68660 
68662 
68664 
68666 
68668 
68670 
68671 
199783 
199784 
199787 
199788 
199789 
199790 
199793 
199794 
199795 
199796 
199797 
199798 
199799 
199800 
199803 
199804 
199805 
199806 
199807 
199808 
199809 
199810 
199811 
199812 
199813 
199814 
199815 
199816 
199817 
199818 
199819 
199820 
199821 
199822 
199823 
199824 
199825 
199826 
199827 
199828 
199829 
199830 
199831 
199832 
199833 
199834 
199835 
199836 
199837 
199838 
199839 
199840 
199841 
199842 
199843 
199844 
199845 
199846 
199847 
199848 
199849 
199850 
199851 
199852 
199853 
199854 
199855 
199856 
199857 
199858 
199859 
199860 
199861 
199862 
199863 
199864 
199865 
199866 
199867 
199868 
199869 
199870 
199871 
199872 
199873 
199874 
199875 
68803 
199876 
199877 
199878 
199879 
199880 
199881 
68809 
199882 
199883 
68811 
199884 
199885 
68813 
199886 
199887 
68815 
199888 
199889 
199890 
199891 
68819 
199892 
199893 
199894 
199895 
68823 
199896 
68825 
68827 
68829 
68831 
68833 
68835 
68837 
68839 
68841 
68843 
68845 
68847 
68849 
68851 
68853 
68855 
68857 
68859 
68861 
68863 
68865 
68867 
68869 
68871 
68873 
68875 
68877 
68879 
68881 
68883 
68885 
68887 
68889 
68891 
68893 
68895 
68897 
68899 
68901 
68903 
68905 
68907 
68909 
68910 
200023 
200024 
200027 
200028 
200029 
200030 
200033 
200034 
200035 
200036 
200037 
200038 
200039 
200040 
200043 
200044 
200045 
200046 
200047 
200048 
200049 
200050 
200051 
200052 
200053 
200054 
200055 
200056 
200057 
200058 
200059 
200060 
200061 
200062 
200063 
200064 
200065 
200066 
200067 
200068 
200069 
200070 
200071 
200072 
200073 
200074 
200075 
200076 
200077 
200078 
200079 
200080 
200081 
200082 
200083 
200084 
200085 
200086 
200087 
200088 
200089 
200090 
200091 
200092 
200093 
200094 
200095 
200096 
200097 
200098 
200099 
200100 
200101 
200102 
200103 
200104 
200105 
200106 
200107 
200108 
200109 
200110 
200111 
200112 
200113 
200114 
69042 
200115 
200116 
200117 
200118 
200119 
200120 
69048 
200121 
200122 
69050 
200123 
200124 
69052 
200125 
200126 
69054 
200127 
200128 
200129 
200130 
69058 
200131 
200132 
69060 
200133 
200134 
69062 
200135 
200136 
69064 
69066 
69068 
69072 
69074 
69076 
69078 
69080 
69082 
69084 
69086 
69088 
69090 
69092 
69094 
69096 
69098 
69100 
69102 
69104 
69106 
69108 
69110 
69112 
69114 
69116 
69118 
69120 
69122 
69124 
69126 
69128 
69130 
69132 
69134 
69136 
69138 
69140 
69142 
69144 
69146 
69148 
69149 
200263 
200264 
200267 
200268 
200269 
200270 
200273 
200274 
200275 
200276 
200277 
200278 
200279 
200280 
200283 
200284 
200285 
200286 
200287 
200288 
200289 
200290 
200291 
200292 
200293 
200294 
200295 
200296 
200297 
200298 
200299 
200300 
200301 
200302 
200303 
200304 
200305 
200306 
200307 
200308 
200309 
200310 
200311 
200312 
200313 
200314 
200315 
200316 
200317 
200318 
200319 
200320 
200321 
200322 
200323 
200324 
200325 
200326 
200327 
200328 
200329 
200330 
200331 
200332 
200333 
200334 
200335 
200336 
200337 
200338 
200339 
200340 
200341 
200342 
200343 
200344 
200345 
200346 
200347 
200348 
200349 
200350 
200351 
200352 
200353 
200354 
200355 
69283 
200356 
200357 
200358 
200359 
69287 
200360 
200361 
69289 
200362 
200363 
69291 
200364 
200365 
69293 
200366 
200367 
200368 
200369 
69297 
200370 
200371 
69299 
200372 
200373 
69301 
200374 
200375 
69303 
200376 
69305 
69307 
69309 
69311 
69313 
69315 
69317 
69319 
69321 
69323 
69325 
69327 
69329 
69331 
69333 
69335 
69337 
69339 
69341 
69343 
69345 
69347 
69349 
69351 
69353 
69355 
69357 
69359 
69361 
69363 
69365 
69367 
69369 
69371 
69373 
69375 
69377 
69379 
69381 
69383 
69385 
69387 
69388 
200503 
200504 
200507 
200508 
200509 
200510 
200513 
200514 
200515 
200516 
200517 
200518 
200519 
200520 
200523 
200524 
200525 
200526 
200527 
200528 
200529 
200530 
200531 
200532 
200533 
200534 
200535 
200536 
200537 
200538 
200539 
200540 
200541 
200542 
200543 
200544 
200545 
200546 
200547 
200548 
200549 
200550 
200551 
200552 
200553 
200554 
200555 
200556 
200557 
200558 
200559 
200560 
200561 
200562 
200563 
200564 
200565 
200566 
200567 
200568 
200569 
200570 
200571 
200572 
200573 
200574 
200575 
200576 
200577 
200578 
200579 
200580 
200581 
200582 
200583 
200584 
200585 
200586 
200587 
200588 
69516 
200589 
200590 
200591 
200592 
69520 
200593 
200594 
69522 
200595 
200596 
200597 
200598 
69526 
200599 
200600 
69528 
200601 
200602 
69530 
200603 
200604 
69532 
200605 
200606 
200607 
200608 
69536 
200609 
200610 
69538 
200611 
200612 
69540 
200613 
200614 
69542 
200615 
200616 
69544 
69546 
69548 
69550 
69554 
69556 
69558 
69560 
69562 
69564 
69566 
69568 
69570 
69572 
69574 
69576 
69578 
69580 
69582 
69584 
69586 
69588 
69590 
69592 
69594 
69596 
69598 
69600 
69602 
69604 
69606 
69608 
69610 
69612 
69614 
69616 
69618 
69620 
69622 
69624 
69626 
69627 
200743 
200744 
200747 
200748 
200749 
200750 
200753 
200754 
200755 
200756 
200757 
200758 
200759 
200760 
200763 
200764 
200765 
200766 
200767 
200768 
200769 
200770 
200771 
200772 
200773 
200774 
200775 
200776 
200777 
200778 
200779 
200780 
200781 
200782 
200783 
200784 
200785 
200786 
200787 
200788 
200789 
200790 
200791 
200792 
200793 
200794 
200795 
200796 
200797 
200798 
200799 
200800 
200801 
200802 
200803 
200804 
200805 
200806 
200807 
200808 
200809 
200810 
200811 
200812 
200813 
200814 
200815 
200816 
200817 
200818 
200819 
200820 
200821 
200822 
200823 
200824 
200825 
200826 
200827 
200828 
200829 
200830 
200831 
69759 
200832 
200833 
200834 
200835 
200836 
200837 
69765 
200838 
200839 
69767 
200840 
200841 
69769 
200842 
200843 
69771 
200844 
200845 
200846 
200847 
69775 
200848 
200849 
69777 
200850 
200851 
69779 
200852 
200853 
69781 
200854 
200855 
69783 
200856 
69785 
69787 
69789 
69791 
69793 
69795 
69797 
69799 
69801 
69803 
69805 
69807 
69809 
69811 
69813 
69815 
69817 
69819 
69821 
69823 
69825 
69827 
69829 
69831 
69833 
69835 
69837 
69839 
69841 
69843 
69845 
69847 
69849 
69851 
69853 
69855 
69857 
69859 
69861 
69863 
69865 
69866 
200983 
200984 
200987 
200988 
200989 
200990 
200993 
200994 
200995 
200996 
200997 
200998 
200999 
201000 
201003 
201004 
201005 
201006 
201007 
201008 
201009 
201010 
201011 
201012 
201013 
201014 
201015 
201016 
201017 
201018 
201019 
201020 
201021 
201022 
201023 
201024 
201025 
201026 
201027 
201028 
201029 
201030 
201031 
201032 
201033 
201034 
201035 
201036 
201037 
201038 
201039 
201040 
201041 
201042 
201043 
201044 
201045 
201046 
201047 
201048 
201049 
201050 
201051 
201052 
201053 
201054 
201055 
201056 
201057 
201058 
201059 
201060 
201061 
201062 
201063 
201064 
201065 
201066 
201067 
201068 
201069 
201070 
69998 
201071 
201072 
201073 
201074 
201075 
201076 
70004 
201077 
201078 
70006 
201079 
201080 
70008 
201081 
201082 
70010 
201083 
201084 
201085 
201086 
70014 
201087 
201088 
70016 
201089 
201090 
70018 
201091 
201092 
70020 
201093 
201094 
70022 
201095 
201096 
70024 
70026 
70028 
70030 
70032 
70034 
70036 
70038 
70040 
70042 
70044 
70046 
70048 
70050 
70052 
70054 
70056 
70058 
70060 
70062 
70064 
70066 
70068 
70070 
70072 
70074 
70076 
70078 
70080 
70082 
70084 
70086 
70088 
70090 
70092 
70094 
70096 
70098 
70100 
70102 
70104 
70105 
70237 
70243 
70245 
70247 
70249 
70255 
70257 
70259 
70261 
70263 
70265 
70267 
70269 
70271 
70273 
70275 
70277 
70279 
70281 
70283 
70285 
70287 
70289 
70291 
70293 
70295 
70297 
70299 
70301 
70303 
70305 
70307 
70309 
70311 
70313 
70315 
70317 
70319 
70321 
70323 
70325 
70327 
70329 
70331 
70333 
70335 
70337 
70339 
70341 
70343 
70344 
70476 
70482 
70484 
70486 
70488 
70492 
70494 
70496 
70498 
70500 
70502 
70504 
70506 
70508 
70510 
70512 
70514 
70516 
70518 
70520 
70522 
70524 
70526 
70528 
70530 
70532 
70534 
70536 
70538 
70540 
70542 
70544 
70546 
70548 
70550 
70552 
70554 
70556 
70558 
70560 
70562 
70564 
70566 
70568 
70570 
70572 
70574 
70576 
70578 
70580 
70582 
70583 
70717 
70721 
70725 
70727 
70731 
70733 
70735 
70737 
70739 
70741 
70743 
70745 
70747 
70749 
70751 
70753 
70755 
70757 
70759 
70761 
70763 
70765 
70767 
70769 
70771 
70773 
70775 
70777 
70779 
70781 
70783 
70785 
70787 
70789 
70791 
70793 
70795 
70797 
70799 
70801 
70803 
70805 
70807 
70809 
70811 
70813 
70815 
70817 
70819 
70821 
70822 
70956 
70962 
70964 
70966 
70970 
70972 
70974 
70976 
70978 
70980 
70982 
70984 
70986 
70988 
70990 
70992 
70994 
70996 
70998 
71000 
71002 
71004 
71006 
71008 
71010 
71012 
71014 
71016 
71018 
71020 
71022 
71024 
71026 
71028 
71030 
71032 
71034 
71036 
71038 
71040 
71042 
71044 
71046 
71048 
71050 
71052 
71054 
71056 
71058 
71060 
71061 
71195 
71201 
71203 
71205 
71209 
71211 
71213 
71215 
71217 
71219 
71221 
71223 
71225 
71227 
71229 
71231 
71233 
71235 
71237 
71239 
71241 
71243 
71245 
71247 
71249 
71251 
71253 
71255 
71257 
71259 
71261 
71263 
71265 
71267 
71269 
71271 
71273 
71275 
71277 
71279 
71281 
71283 
71285 
71287 
71289 
71291 
71293 
71295 
71297 
71299 
71300 
71428 
71432 
71434 
71438 
71440 
71442 
71444 
71448 
71450 
71452 
71456 
71458 
71460 
71462 
71464 
71466 
71468 
71470 
71472 
71474 
71476 
71478 
71480 
71482 
71484 
71486 
71488 
71490 
71492 
71494 
71496 
71498 
71500 
71502 
71504 
71506 
71508 
71510 
71512 
71514 
71516 
71518 
71520 
71522 
71524 
71526 
71528 
71530 
71532 
71534 
71536 
71538 
71539 
71667 
71671 
71673 
71677 
71679 
71681 
71683 
71687 
71691 
71693 
71695 
71697 
71699 
71701 
71703 
71705 
71707 
71709 
71711 
71713 
71715 
71717 
71719 
71721 
71723 
71725 
71727 
71729 
71731 
71733 
71735 
71737 
71739 
71741 
71743 
71745 
71747 
71749 
71751 
71753 
71755 
71757 
71759 
71761 
71763 
71765 
71767 
71769 
71771 
71773 
71775 
71777 
71778 
71906 
71910 
71916 
71918 
71920 
71926 
71928 
71930 
71932 
71934 
71936 
71938 
71940 
71942 
71944 
71946 
71948 
71950 
71952 
71954 
71956 
71958 
71960 
71962 
71964 
71966 
71968 
71970 
71972 
71974 
71976 
71978 
71980 
71982 
71984 
71986 
71988 
71990 
71992 
71994 
71996 
71998 
72000 
72002 
72004 
72006 
72008 
72010 
72012 
72014 
72016 
72017 
72145 
72149 
72155 
72157 
72159 
72165 
72167 
72169 
72171 
72173 
72175 
72177 
72179 
72181 
72183 
72185 
72187 
72189 
72191 
72193 
72195 
72197 
72199 
72201 
72203 
72205 
72207 
72209 
72211 
72213 
72215 
72217 
72219 
72221 
72223 
72225 
72227 
72229 
72231 
72233 
72235 
72237 
72239 
72241 
72243 
72245 
72247 
72249 
72251 
72253 
72255 
72256 
72384 
72388 
72394 
72396 
72400 
72404 
72406 
72408 
72410 
72412 
72414 
72416 
72418 
72420 
72422 
72424 
72426 
72428 
72430 
72432 
72434 
72436 
72438 
72440 
72442 
72444 
72446 
72448 
72450 
72452 
72454 
72456 
72458 
72460 
72462 
72464 
72466 
72468 
72470 
72472 
72474 
72476 
72478 
72480 
72482 
72484 
72486 
72488 
72490 
72492 
72494 
72495 
72623 
72627 
72633 
72635 
72639 
72643 
72645 
72647 
72649 
72651 
72653 
72655 
72657 
72659 
72661 
72663 
72665 
72667 
72669 
72671 
72673 
72675 
72677 
72679 
72681 
72683 
72685 
72687 
72689 
72691 
72693 
72695 
72697 
72699 
72701 
72703 
72705 
72707 
72709 
72711 
72713 
72715 
72717 
72719 
72721 
72723 
72725 
72727 
72729 
72731 
72733 
72734 
72868 
72874 
72876 
72878 
72882 
72884 
72886 
72888 
72890 
72892 
72894 
72896 
72900 
72902 
72904 
72906 
72908 
72910 
72912 
72914 
72916 
72918 
72920 
72922 
72924 
72926 
72928 
72930 
72932 
72934 
72936 
72938 
72940 
72942 
72944 
72946 
72948 
72950 
72952 
72954 
72956 
72958 
72960 
72962 
72964 
72966 
72968 
72970 
72972 
72973 
73105 
73111 
73113 
73115 
73121 
73123 
73125 
73127 
73129 
73131 
73133 
73135 
73137 
73139 
73141 
73143 
73145 
73147 
73149 
73151 
73153 
73155 
73157 
73159 
73161 
73163 
73165 
73167 
73169 
73171 
73173 
73175 
73177 
73179 
73181 
73183 
73185 
73187 
73189 
73191 
73193 
73195 
73197 
73199 
73201 
73203 
73205 
73207 
73209 
73211 
73212 
73340 
73346 
73352 
73354 
73356 
73360 
73362 
73364 
73366 
73368 
73370 
73372 
73374 
73378 
73380 
73382 
73384 
73386 
73388 
73390 
73392 
73394 
73396 
73398 
73400 
73402 
73404 
73406 
73408 
73410 
73412 
73414 
73416 
73418 
73420 
73422 
73424 
73426 
73428 
73430 
73432 
73434 
73436 
73438 
73440 
73442 
73444 
73446 
73448 
73450 
73451 
73579 
73585 
73591 
73593 
73595 
73599 
73601 
73603 
73605 
73609 
73611 
73613 
73615 
73617 
73619 
73621 
73623 
73625 
73627 
73629 
73631 
73633 
73635 
73637 
73639 
73641 
73643 
73645 
73647 
73649 
73651 
73653 
73655 
73657 
73659 
73661 
73663 
73665 
73667 
73669 
73671 
73673 
73675 
73677 
73679 
73681 
73683 
73685 
73687 
73689 
73690 
73822 
73828 
73830 
73834 
73838 
73840 
73842 
73844 
73846 
73848 
73850 
73852 
73854 
73856 
73858 
73860 
73862 
73864 
73866 
73868 
73870 
73872 
73874 
73876 
73878 
73880 
73882 
73884 
73886 
73888 
73890 
73892 
73894 
73896 
73898 
73900 
73902 
73904 
73906 
73908 
73910 
73912 
73914 
73916 
73918 
73920 
73922 
73924 
73926 
73928 
73929 
74061 
74067 
74069 
74073 
74077 
74079 
74081 
74083 
74085 
74087 
74089 
74091 
74093 
74095 
74097 
74099 
74101 
74103 
74105 
74107 
74109 
74111 
74113 
74115 
74117 
74119 
74121 
74123 
74125 
74127 
74129 
74131 
74133 
74135 
74137 
74139 
74141 
74143 
74145 
74147 
74149 
74151 
74153 
74155 
74157 
74159 
74161 
74163 
74165 
74167 
74168 
74302 
74308 
74310 
74312 
74316 
74318 
74322 
74324 
74326 
74328 
74330 
74332 
74334 
74336 
74338 
74340 
74342 
74344 
74346 
74348 
74350 
74352 
74354 
74356 
74358 
74360 
74362 
74364 
74366 
74368 
74370 
74372 
74374 
74376 
74378 
74380 
74382 
74384 
74386 
74388 
74390 
74392 
74394 
74396 
74398 
74400 
74402 
74404 
74406 
74407 
74539 
74545 
74549 
74551 
74555 
74557 
74559 
74561 
74563 
74565 
74567 
74569 
74573 
74575 
74577 
74579 
74581 
74583 
74585 
74587 
74589 
74591 
74593 
74595 
74597 
74599 
74601 
74603 
74605 
74607 
74609 
74611 
74613 
74615 
74617 
74619 
74621 
74623 
74625 
74627 
74629 
74631 
74633 
74635 
74637 
74639 
74641 
74643 
74645 
74646 
74780 
74786 
74788 
74790 
74796 
74798 
74800 
74802 
74804 
74806 
74808 
74810 
74812 
74814 
74816 
74818 
74820 
74822 
74824 
74826 
74828 
74830 
74832 
74834 
74836 
74838 
74840 
74842 
74844 
74846 
74848 
74850 
74852 
74854 
74856 
74858 
74860 
74862 
74864 
74866 
74868 
74870 
74872 
74874 
74876 
74878 
74880 
74882 
74884 
74885 
75017 
75025 
75027 
75029 
75033 
75037 
75039 
75041 
75043 
75045 
75047 
75049 
75051 
75053 
75055 
75057 
75059 
75061 
75063 
75065 
75067 
75069 
75071 
75073 
75075 
75077 
75079 
75081 
75083 
75085 
75087 
75089 
75091 
75093 
75095 
75097 
75099 
75101 
75103 
75105 
75107 
75109 
75111 
75113 
75115 
75117 
75119 
75121 
75123 
75124 
75262 
75266 
75268 
75272 
75274 
75276 
75278 
75280 
75282 
75284 
75286 
75288 
75292 
75294 
75296 
75298 
75300 
75302 
75304 
75306 
75308 
75310 
75312 
75314 
75316 
75318 
75320 
75322 
75324 
75326 
75328 
75330 
75332 
75334 
75336 
75338 
75340 
75342 
75344 
75346 
75348 
75350 
75352 
75354 
75356 
75358 
75360 
75362 
75363 
75497 
75501 
75503 
75507 
75511 
75513 
75515 
75517 
75519 
75521 
75523 
75525 
75527 
75529 
75531 
75533 
75535 
75537 
75539 
75541 
75543 
75545 
75547 
75549 
75551 
75553 
75555 
75557 
75559 
75561 
75563 
75565 
75567 
75569 
75571 
75573 
75575 
75577 
75579 
75581 
75583 
75585 
75587 
75589 
75591 
75593 
75595 
75597 
75599 
75601 
75602 
75740 
75744 
75746 
75750 
75752 
75754 
75756 
75758 
75762 
75764 
75766 
75768 
75770 
75772 
75774 
75776 
75778 
75780 
75782 
75784 
75786 
75788 
75790 
75792 
75794 
75796 
75798 
75800 
75802 
75804 
75806 
75808 
75810 
75812 
75814 
75816 
75818 
75820 
75822 
75824 
75826 
75828 
75830 
75832 
75834 
75836 
75838 
75840 
75841 
75979 
75983 
75985 
75989 
75991 
75993 
75997 
75999 
76001 
76003 
76005 
76007 
76009 
76011 
76013 
76015 
76017 
76019 
76021 
76023 
76025 
76027 
76029 
76031 
76033 
76035 
76037 
76039 
76041 
76043 
76045 
76047 
76049 
76051 
76053 
76055 
76057 
76059 
76061 
76063 
76065 
76067 
76069 
76071 
76073 
76075 
76077 
76079 
76080 
76220 
76222 
76224 
76228 
76230 
76232 
76234 
76236 
76238 
76240 
76242 
76244 
76246 
76248 
76250 
76252 
76254 
76256 
76258 
76260 
76262 
76264 
76266 
76268 
76270 
76272 
76274 
76276 
76278 
76280 
76282 
76284 
76286 
76288 
76290 
76292 
76294 
76296 
76298 
76300 
76302 
76304 
76306 
76308 
76310 
76312 
76314 
76316 
76318 
76319 
76459 
76461 
76467 
76469 
76471 
76473 
76475 
76477 
76479 
76481 
76483 
76485 
76487 
76489 
76491 
76493 
76495 
76497 
76499 
76501 
76503 
76505 
76507 
76509 
76511 
76513 
76515 
76517 
76519 
76521 
76523 
76525 
76527 
76529 
76531 
76533 
76535 
76537 
76539 
76541 
76543 
76545 
76547 
76549 
76551 
76553 
76555 
76557 
76558 
76692 
76696 
76700 
76702 
76706 
76708 
76712 
76714 
76716 
76718 
76720 
76722 
76724 
76726 
76728 
76730 
76732 
76734 
76736 
76738 
76740 
76742 
76744 
76746 
76748 
76750 
76752 
76754 
76756 
76758 
76760 
76762 
76764 
76766 
76768 
76770 
76772 
76774 
76776 
76778 
76780 
76782 
76784 
76786 
76788 
76790 
76792 
76794 
76796 
76797 
76937 
76939 
76945 
76947 
76949 
76951 
76953 
76955 
76957 
76959 
76961 
76963 
76965 
76967 
76969 
76971 
76973 
76975 
76977 
76979 
76981 
76983 
76985 
76987 
76989 
76991 
76993 
76995 
76997 
76999 
77001 
77003 
77005 
77007 
77009 
77011 
77013 
77015 
77017 
77019 
77021 
77023 
77025 
77027 
77029 
77031 
77033 
77035 
77036 
77170 
77174 
77178 
77180 
77184 
77186 
77190 
77192 
77194 
77196 
77198 
77200 
77202 
77204 
77206 
77208 
77210 
77212 
77214 
77216 
77218 
77220 
77222 
77224 
77226 
77228 
77230 
77232 
77234 
77236 
77238 
77240 
77242 
77244 
77246 
77248 
77250 
77252 
77254 
77256 
77258 
77260 
77262 
77264 
77266 
77268 
77270 
77272 
77274 
77275 
77413 
77417 
77419 
77423 
77427 
77429 
77431 
77433 
77435 
77437 
77439 
77441 
77443 
77445 
77447 
77449 
77451 
77453 
77455 
77457 
77459 
77461 
77463 
77465 
77467 
77469 
77471 
77473 
77475 
77477 
77479 
77481 
77483 
77485 
77487 
77489 
77491 
77493 
77495 
77497 
77499 
77501 
77503 
77505 
77507 
77509 
77511 
77513 
77514 
77654 
77656 
77662 
77664 
77666 
77668 
77670 
77672 
77674 
77676 
77678 
77680 
77682 
77684 
77686 
77688 
77690 
77692 
77694 
77696 
77698 
77700 
77702 
77704 
77706 
77708 
77710 
77712 
77714 
77716 
77718 
77720 
77722 
77724 
77726 
77728 
77730 
77732 
77734 
77736 
77738 
77740 
77742 
77744 
77746 
77748 
77750 
77752 
77753 
77887 
77893 
77895 
77901 
77903 
77905 
77907 
77909 
77911 
77913 
77915 
77917 
77919 
77921 
77923 
77925 
77927 
77929 
77931 
77933 
77937 
77939 
77941 
77943 
77945 
77947 
77949 
77951 
77953 
77955 
77957 
77959 
77961 
77963 
77965 
77967 
77969 
77971 
77973 
77975 
77977 
77979 
77981 
77983 
77985 
77987 
77989 
77991 
77992 
78132 
78136 
78140 
78144 
78146 
78148 
78150 
78152 
78154 
78156 
78158 
78160 
78162 
78164 
78166 
78168 
78170 
78172 
78174 
78176 
78178 
78180 
78182 
78184 
78186 
78188 
78190 
78192 
78194 
78196 
78198 
78200 
78202 
78204 
78206 
78208 
78210 
78212 
78214 
78216 
78218 
78220 
78222 
78224 
78226 
78228 
78230 
78231 
78371 
78375 
78379 
78383 
78385 
78387 
78389 
78391 
78393 
78395 
78397 
78399 
78401 
78403 
78405 
78407 
78409 
78411 
78413 
78415 
78417 
78419 
78421 
78423 
78425 
78427 
78429 
78431 
78433 
78435 
78437 
78439 
78441 
78443 
78445 
78447 
78449 
78451 
78453 
78455 
78457 
78459 
78461 
78463 
78465 
78467 
78469 
78470 
78610 
78614 
78618 
78620 
78624 
78626 
78628 
78630 
78632 
78634 
78636 
78638 
78640 
78642 
78644 
78646 
78648 
78650 
78652 
78654 
78656 
78658 
78660 
78662 
78664 
78666 
78668 
78670 
78672 
78674 
78676 
78678 
78680 
78682 
78684 
78686 
78688 
78690 
78692 
78694 
78696 
78698 
78700 
78702 
78704 
78706 
78708 
78709 
78847 
78851 
78857 
78859 
78861 
78865 
78867 
78869 
78871 
78873 
78875 
78877 
78879 
78881 
78883 
78885 
78887 
78889 
78891 
78893 
78895 
78897 
78899 
78901 
78903 
78905 
78907 
78909 
78911 
78913 
78915 
78917 
78919 
78921 
78923 
78925 
78927 
78929 
78931 
78933 
78935 
78937 
78939 
78941 
78943 
78945 
78947 
78948 
79086 
79090 
79096 
79098 
79102 
79104 
79106 
79108 
79110 
79112 
79114 
79116 
79118 
79120 
79122 
79124 
79126 
79128 
79130 
79132 
79134 
79136 
79138 
79140 
79142 
79144 
79146 
79148 
79150 
79152 
79154 
79156 
79158 
79160 
79162 
79164 
79166 
79168 
79170 
79172 
79174 
79176 
79178 
79180 
79182 
79184 
79186 
79187 
79323 
79329 
79335 
79337 
79341 
79343 
79345 
79347 
79349 
79351 
79353 
79355 
79357 
79359 
79361 
79363 
79365 
79367 
79369 
79371 
79373 
79375 
79377 
79379 
79381 
79383 
79385 
79387 
79389 
79391 
79393 
79395 
79397 
79399 
79401 
79403 
79405 
79407 
79409 
79411 
79413 
79415 
79417 
79419 
79421 
79423 
79425 
79426 
79568 
79574 
79578 
79580 
79582 
79584 
79586 
79588 
79590 
79592 
79594 
79596 
79598 
79600 
79602 
79604 
79606 
79608 
79610 
79612 
79614 
79616 
79618 
79620 
79622 
79624 
79626 
79628 
79630 
79632 
79634 
79636 
79638 
79640 
79642 
79644 
79646 
79648 
79650 
79652 
79654 
79656 
79658 
79660 
79662 
79664 
79665 
79807 
79813 
79817 
79819 
79821 
79823 
79825 
79827 
79829 
79831 
79833 
79835 
79837 
79839 
79841 
79843 
79845 
79847 
79849 
79851 
79853 
79855 
79857 
79859 
79861 
79863 
79865 
79867 
79869 
79871 
79873 
79875 
79877 
79879 
79881 
79883 
79885 
79887 
79889 
79891 
79893 
79895 
79897 
79899 
79901 
79903 
79904 
80046 
80054 
80056 
80058 
80060 
80064 
80066 
80068 
80070 
80072 
80074 
80076 
80078 
80080 
80082 
80084 
80086 
80088 
80090 
80092 
80094 
80096 
80098 
80100 
80102 
80104 
80106 
80108 
80110 
80112 
80114 
80116 
80118 
80120 
80122 
80124 
80126 
80128 
80130 
80132 
80134 
80136 
80138 
80140 
80142 
80143 
80287 
80291 
80293 
80297 
80299 
80301 
80303 
80305 
80307 
80311 
80313 
80315 
80317 
80319 
80321 
80323 
80325 
80327 
80329 
80331 
80333 
80335 
80337 
80339 
80341 
80343 
80345 
80347 
80349 
80351 
80353 
80355 
80357 
80359 
80361 
80363 
80365 
80367 
80369 
80371 
80373 
80375 
80377 
80379 
80381 
80382 
80522 
80532 
80534 
80536 
80540 
80542 
80544 
80546 
80548 
80550 
80552 
80554 
80556 
80558 
80560 
80562 
80564 
80566 
80568 
80570 
80572 
80574 
80576 
80578 
80580 
80582 
80584 
80586 
80588 
80590 
80592 
80594 
80596 
80598 
80600 
80602 
80604 
80606 
80608 
80610 
80612 
80614 
80616 
80618 
80620 
80621 
80763 
80769 
80773 
80775 
80777 
80779 
80781 
80783 
80785 
80787 
80789 
80791 
80793 
80795 
80797 
80799 
80801 
80803 
80805 
80807 
80809 
80811 
80813 
80815 
80817 
80819 
80821 
80823 
80825 
80827 
80829 
80831 
80833 
80835 
80837 
80839 
80841 
80843 
80845 
80847 
80849 
80851 
80853 
80855 
80857 
80859 
80860 
80994 
81000 
81002 
81004 
81008 
81010 
81012 
81014 
81016 
81018 
81020 
81022 
81024 
81026 
81028 
81030 
81032 
81034 
81036 
81038 
81040 
81042 
81044 
81046 
81048 
81050 
81052 
81054 
81056 
81058 
81060 
81062 
81064 
81066 
81068 
81070 
81072 
81074 
81076 
81078 
81080 
81082 
81084 
81086 
81088 
81090 
81092 
81094 
81096 
81098 
81099 
81231 
81233 
81237 
81239 
81241 
81243 
81247 
81249 
81253 
81255 
81257 
81259 
81261 
81263 
81265 
81267 
81269 
81271 
81273 
81275 
81277 
81279 
81281 
81283 
81285 
81287 
81289 
81291 
81293 
81295 
81297 
81299 
81301 
81303 
81305 
81307 
81309 
81311 
81313 
81315 
81317 
81319 
81321 
81323 
81325 
81327 
81329 
81331 
81333 
81335 
81337 
81338 
81470 
81476 
81478 
81480 
81482 
81486 
81488 
81490 
81492 
81494 
81496 
81498 
81500 
81502 
81504 
81506 
81508 
81510 
81512 
81514 
81516 
81518 
81520 
81522 
81524 
81526 
81528 
81530 
81532 
81534 
81536 
81538 
81540 
81542 
81544 
81546 
81548 
81550 
81552 
81554 
81556 
81558 
81560 
81562 
81564 
81566 
81568 
81570 
81572 
81574 
81576 
81577 
81709 
81715 
81719 
81721 
81725 
81727 
81729 
81731 
81733 
81735 
81739 
81741 
81743 
81745 
81747 
81749 
81751 
81753 
81755 
81757 
81759 
81761 
81763 
81765 
81767 
81769 
81771 
81773 
81775 
81777 
81779 
81781 
81783 
81785 
81787 
81789 
81791 
81793 
81795 
81797 
81799 
81801 
81803 
81805 
81807 
81809 
81811 
81813 
81815 
81816 
81950 
81954 
81956 
81958 
81964 
81966 
81968 
81970 
81972 
81974 
81976 
81978 
81980 
81982 
81984 
81986 
81988 
81990 
81992 
81994 
81996 
81998 
82000 
82002 
82004 
82006 
82008 
82010 
82012 
82014 
82016 
82018 
82020 
82022 
82024 
82026 
82028 
82030 
82032 
82034 
82036 
82038 
82040 
82042 
82044 
82046 
82048 
82050 
82052 
82054 
82055 
82189 
82193 
82195 
82199 
82203 
82205 
82207 
82209 
82211 
82213 
82217 
82219 
82221 
82223 
82225 
82227 
82229 
82231 
82233 
82235 
82237 
82239 
82241 
82243 
82245 
82247 
82249 
82251 
82253 
82255 
82257 
82259 
82261 
82263 
82265 
82267 
82269 
82271 
82273 
82275 
82277 
82279 
82281 
82283 
82285 
82287 
82289 
82291 
82293 
82294 
82428 
82432 
82436 
82438 
82442 
82446 
82448 
82450 
82452 
82454 
82456 
82458 
82460 
82462 
82464 
82466 
82468 
82470 
82472 
82474 
82476 
82478 
82480 
82482 
82484 
82486 
82488 
82490 
82492 
82494 
82496 
82498 
82500 
82502 
82504 
82506 
82508 
82510 
82512 
82514 
82516 
82518 
82520 
82522 
82524 
82526 
82528 
82530 
82532 
82533 
82659 
82665 
82667 
82671 
82673 
82675 
82677 
82681 
82683 
82685 
82687 
82689 
82691 
82693 
82695 
82697 
82701 
82703 
82705 
82707 
82709 
82711 
82713 
82715 
82717 
82719 
82721 
82723 
82725 
82727 
82729 
82731 
82733 
82735 
82737 
82739 
82741 
82743 
82745 
82747 
82749 
82751 
82753 
82755 
82757 
82759 
82761 
82763 
82765 
82767 
82769 
82771 
82772 
82898 
82904 
82910 
82912 
82914 
82916 
82920 
82922 
82924 
82926 
82928 
82930 
82932 
82934 
82936 
82938 
82940 
82942 
82944 
82946 
82948 
82950 
82952 
82954 
82956 
82958 
82960 
82962 
82964 
82966 
82968 
82970 
82972 
82974 
82976 
82978 
82980 
82982 
82984 
82986 
82988 
82990 
82992 
82994 
82996 
82998 
83000 
83002 
83004 
83006 
83008 
83010 
83011 
83137 
83143 
83145 
83149 
83151 
83153 
83155 
83159 
83161 
83163 
83165 
83167 
83169 
83173 
83175 
83177 
83179 
83181 
83183 
83185 
83187 
83189 
83191 
83193 
83195 
83197 
83199 
83201 
83203 
83205 
83207 
83209 
83211 
83213 
83215 
83217 
83219 
83221 
83223 
83225 
83227 
83229 
83231 
83233 
83235 
83237 
83239 
83241 
83243 
83245 
83247 
83249 
83250 
83376 
83382 
83384 
83388 
83390 
83392 
83394 
83398 
83400 
83402 
83404 
83406 
83408 
83410 
83412 
83414 
83416 
83418 
83420 
83422 
83424 
83426 
83428 
83430 
83432 
83434 
83436 
83438 
83440 
83442 
83444 
83446 
83448 
83450 
83452 
83454 
83456 
83458 
83460 
83462 
83464 
83466 
83468 
83470 
83472 
83474 
83476 
83478 
83480 
83482 
83484 
83486 
83488 
83489 
83615 
83623 
83627 
83629 
83631 
83633 
83637 
83639 
83641 
83643 
83645 
83647 
83649 
83651 
83653 
83655 
83657 
83659 
83661 
83663 
83665 
83667 
83669 
83671 
83673 
83675 
83677 
83679 
83681 
83683 
83685 
83687 
83689 
83691 
83693 
83695 
83697 
83699 
83701 
83703 
83705 
83707 
83709 
83711 
83713 
83715 
83717 
83719 
83721 
83723 
83725 
83727 
83728 
83860 
83862 
83866 
83868 
83870 
83876 
83878 
83880 
83882 
83884 
83886 
83888 
83890 
83892 
83894 
83896 
83898 
83900 
83902 
83904 
83906 
83908 
83910 
83912 
83914 
83916 
83918 
83920 
83922 
83924 
83926 
83928 
83930 
83932 
83934 
83936 
83938 
83940 
83942 
83944 
83946 
83948 
83950 
83952 
83954 
83956 
83958 
83960 
83962 
83964 
83966 
83967 
84093 
84099 
84101 
84105 
84107 
84109 
84111 
84115 
84117 
84119 
84121 
84123 
84125 
84127 
84129 
84131 
84133 
84135 
84137 
84139 
84141 
84143 
84145 
84147 
84149 
84151 
84153 
84155 
84157 
84159 
84161 
84163 
84165 
84167 
84169 
84171 
84173 
84175 
84177 
84179 
84181 
84183 
84185 
84187 
84189 
84191 
84193 
84195 
84197 
84199 
84201 
84203 
84205 
84206 
84332 
84338 
84340 
84344 
84346 
84348 
84350 
84354 
84358 
84360 
84362 
84364 
84366 
84368 
84370 
84372 
84374 
84376 
84378 
84380 
84382 
84384 
84386 
84388 
84390 
84392 
84394 
84396 
84398 
84400 
84402 
84404 
84406 
84408 
84410 
84412 
84414 
84416 
84418 
84420 
84422 
84424 
84426 
84428 
84430 
84432 
84434 
84436 
84438 
84440 
84442 
84444 
84445 
84577 
84579 
84585 
84587 
84589 
84593 
84595 
84597 
84599 
84601 
84603 
84605 
84607 
84609 
84611 
84613 
84615 
84617 
84619 
84621 
84623 
84625 
84627 
84629 
84631 
84633 
84635 
84637 
84639 
84641 
84643 
84645 
84647 
84649 
84651 
84653 
84655 
84657 
84659 
84661 
84663 
84665 
84667 
84669 
84671 
84673 
84675 
84677 
84679 
84681 
84683 
84684 
84810 
84816 
84818 
84822 
84824 
84826 
84828 
84832 
84834 
84836 
84838 
84840 
84842 
84846 
84848 
84850 
84852 
84854 
84856 
84858 
84860 
84862 
84864 
84866 
84868 
84870 
84872 
84874 
84876 
84878 
84880 
84882 
84884 
84886 
84888 
84890 
84892 
84894 
84896 
84898 
84900 
84902 
84904 
84906 
84908 
84910 
84912 
84914 
84916 
84918 
84920 
84922 
84923 
85055 
85057 
85061 
85063 
85065 
85067 
85069 
85075 
85077 
85079 
85081 
85083 
85085 
85087 
85089 
85091 
85093 
85095 
85097 
85099 
85101 
85103 
85105 
85107 
85109 
85111 
85113 
85115 
85117 
85119 
85121 
85123 
85125 
85127 
85129 
85131 
85133 
85135 
85137 
85139 
85141 
85143 
85145 
85147 
85149 
85151 
85153 
85155 
85157 
85159 
85161 
85162 
85296 
85300 
85302 
85304 
85306 
85308 
85312 
85314 
85316 
85318 
85320 
85322 
85324 
85326 
85328 
85330 
85332 
85334 
85336 
85338 
85340 
85342 
85344 
85346 
85348 
85350 
85352 
85354 
85356 
85358 
85360 
85362 
85364 
85366 
85368 
85370 
85372 
85374 
85376 
85378 
85380 
85382 
85384 
85386 
85388 
85390 
85392 
85394 
85396 
85398 
85400 
85401 
85535 
85539 
85541 
85543 
85545 
85551 
85553 
85555 
85557 
85559 
85561 
85563 
85565 
85567 
85569 
85571 
85573 
85575 
85577 
85579 
85581 
85583 
85585 
85587 
85589 
85591 
85593 
85595 
85597 
85599 
85601 
85603 
85605 
85607 
85609 
85611 
85613 
85615 
85617 
85619 
85621 
85623 
85625 
85627 
85629 
85631 
85633 
85635 
85637 
85639 
85640 
85770 
85778 
85780 
85782 
85784 
85786 
85790 
85792 
85794 
85796 
85798 
85800 
85802 
85804 
85806 
85808 
85810 
85812 
85814 
85816 
85818 
85820 
85822 
85824 
85826 
85828 
85830 
85832 
85834 
85836 
85838 
85840 
85842 
85844 
85846 
85848 
85850 
85852 
85854 
85856 
85858 
85860 
85862 
85864 
85866 
85868 
85870 
85872 
85874 
85876 
85878 
85879 
86009 
86017 
86019 
86021 
86023 
86025 
86029 
86031 
86033 
86035 
86037 
86039 
86041 
86043 
86045 
86047 
86049 
86051 
86053 
86055 
86057 
86059 
86061 
86063 
86065 
86067 
86069 
86071 
86073 
86075 
86077 
86079 
86081 
86083 
86085 
86087 
86089 
86091 
86093 
86095 
86097 
86099 
86101 
86103 
86105 
86107 
86109 
86111 
86113 
86115 
86117 
86118 
86248 
86252 
86256 
86258 
86260 
86262 
86264 
86268 
86270 
86274 
86276 
86278 
86280 
86282 
86284 
86286 
86288 
86290 
86292 
86294 
86296 
86298 
86300 
86302 
86304 
86306 
86308 
86310 
86312 
86314 
86316 
86318 
86320 
86322 
86324 
86326 
86328 
86330 
86332 
86334 
86336 
86338 
86340 
86342 
86344 
86346 
86348 
86350 
86352 
86354 
86356 
86357 
86487 
86491 
86495 
86497 
86499 
86501 
86503 
86507 
86509 
86511 
86513 
86515 
86517 
86519 
86521 
86523 
86525 
86527 
86529 
86531 
86533 
86535 
86537 
86539 
86541 
86543 
86545 
86547 
86549 
86551 
86553 
86555 
86557 
86559 
86561 
86563 
86565 
86567 
86569 
86571 
86573 
86575 
86577 
86579 
86581 
86583 
86585 
86587 
86589 
86591 
86593 
86595 
86596 
86730 
86736 
86738 
86740 
86742 
86746 
86748 
86750 
86752 
86754 
86756 
86758 
86760 
86762 
86764 
86766 
86768 
86770 
86772 
86774 
86776 
86778 
86780 
86782 
86784 
86786 
86788 
86790 
86792 
86794 
86796 
86798 
86800 
86802 
86804 
86806 
86808 
86810 
86812 
86814 
86816 
86818 
86820 
86822 
86824 
86826 
86828 
86830 
86832 
86834 
86835 
86969 
86975 
86977 
86979 
86981 
86985 
86987 
86989 
86991 
86993 
86995 
86997 
86999 
87001 
87003 
87005 
87007 
87009 
87011 
87013 
87015 
87017 
87019 
87021 
87023 
87025 
87027 
87029 
87031 
87033 
87035 
87037 
87039 
87041 
87043 
87045 
87047 
87049 
87051 
87053 
87055 
87057 
87059 
87061 
87063 
87065 
87067 
87069 
87071 
87073 
87074 
87204 
87212 
87214 
87216 
87218 
87220 
87224 
87226 
87228 
87232 
87234 
87236 
87238 
87240 
87242 
87244 
87246 
87248 
87250 
87252 
87254 
87256 
87258 
87260 
87262 
87264 
87266 
87268 
87270 
87272 
87274 
87276 
87278 
87280 
87282 
87284 
87286 
87288 
87290 
87292 
87294 
87296 
87298 
87300 
87302 
87304 
87306 
87308 
87310 
87312 
87313 
87443 
87447 
87451 
87455 
87457 
87459 
87463 
87465 
87467 
87469 
87471 
87473 
87475 
87477 
87479 
87481 
87483 
87485 
87487 
87489 
87491 
87493 
87495 
87497 
87499 
87501 
87503 
87505 
87507 
87509 
87511 
87513 
87515 
87517 
87519 
87521 
87523 
87525 
87527 
87529 
87531 
87533 
87535 
87537 
87539 
87541 
87543 
87545 
87547 
87549 
87551 
87552 
87682 
87686 
87690 
87692 
87694 
87696 
87698 
87702 
87704 
87706 
87708 
87712 
87714 
87716 
87718 
87720 
87722 
87724 
87726 
87728 
87730 
87732 
87734 
87736 
87738 
87740 
87742 
87744 
87746 
87748 
87750 
87752 
87754 
87756 
87758 
87760 
87762 
87764 
87766 
87768 
87770 
87772 
87774 
87776 
87778 
87780 
87782 
87784 
87786 
87788 
87790 
87791 
87921 
87925 
87929 
87933 
87935 
87937 
87941 
87943 
87945 
87947 
87949 
87951 
87953 
87955 
87957 
87959 
87961 
87963 
87965 
87967 
87969 
87971 
87973 
87975 
87977 
87979 
87981 
87983 
87985 
87987 
87989 
87991 
87993 
87995 
87997 
87999 
88001 
88003 
88005 
88007 
88009 
88011 
88013 
88015 
88017 
88019 
88021 
88023 
88025 
88027 
88029 
88030 
88160 
88164 
88170 
88172 
88174 
88176 
88180 
88182 
88184 
88186 
88188 
88190 
88192 
88194 
88196 
88198 
88200 
88202 
88204 
88206 
88208 
88210 
88212 
88214 
88216 
88218 
88220 
88222 
88224 
88226 
88228 
88230 
88232 
88234 
88236 
88238 
88240 
88242 
88244 
88246 
88248 
88250 
88252 
88254 
88256 
88258 
88260 
88262 
88264 
88266 
88268 
88269 
88403 
88409 
88411 
88413 
88415 
88419 
88421 
88423 
88425 
88427 
88429 
88431 
88433 
88435 
88437 
88439 
88441 
88443 
88445 
88447 
88449 
88451 
88453 
88455 
88457 
88459 
88461 
88463 
88465 
88467 
88469 
88471 
88473 
88475 
88477 
88479 
88481 
88483 
88485 
88487 
88489 
88491 
88493 
88495 
88497 
88499 
88501 
88503 
88505 
88507 
88508 
88638 
88642 
88648 
88650 
88652 
88654 
88658 
88660 
88662 
88664 
88666 
88668 
88670 
88672 
88674 
88676 
88678 
88680 
88682 
88684 
88686 
88688 
88690 
88692 
88694 
88696 
88698 
88700 
88702 
88704 
88706 
88708 
88710 
88712 
88714 
88716 
88718 
88720 
88722 
88724 
88726 
88728 
88730 
88732 
88734 
88736 
88738 
88740 
88742 
88744 
88746 
88747 
88877 
88885 
88887 
88889 
88893 
88897 
88899 
88901 
88903 
88905 
88907 
88909 
88911 
88913 
88915 
88917 
88919 
88921 
88923 
88925 
88927 
88929 
88931 
88933 
88935 
88937 
88939 
88941 
88943 
88945 
88947 
88949 
88951 
88953 
88955 
88957 
88959 
88961 
88963 
88965 
88967 
88969 
88971 
88973 
88975 
88977 
88979 
88981 
88983 
88985 
88986 
89116 
89120 
89126 
89128 
89130 
89132 
89136 
89138 
89140 
89142 
89144 
89146 
89148 
89150 
89152 
89154 
89156 
89158 
89160 
89162 
89164 
89168 
89170 
89172 
89174 
89176 
89178 
89180 
89182 
89184 
89186 
89188 
89190 
89192 
89194 
89196 
89198 
89200 
89202 
89204 
89206 
89208 
89210 
89212 
89214 
89216 
89218 
89220 
89222 
89224 
89225 
89359 
89365 
89367 
89369 
89371 
89375 
89377 
89379 
89381 
89383 
89385 
89387 
89389 
89391 
89393 
89395 
89397 
89399 
89401 
89403 
89405 
89407 
89409 
89411 
89413 
89415 
89417 
89419 
89421 
89423 
89425 
89427 
89429 
89431 
89433 
89435 
89437 
89439 
89441 
89443 
89445 
89447 
89449 
89451 
89453 
89455 
89457 
89459 
89461 
89463 
89464 
89596 
89602 
89604 
89608 
89612 
89614 
89616 
89618 
89620 
89622 
89624 
89626 
89628 
89630 
89632 
89634 
89636 
89638 
89640 
89642 
89644 
89646 
89648 
89650 
89652 
89654 
89656 
89658 
89660 
89662 
89664 
89666 
89668 
89670 
89672 
89674 
89676 
89678 
89680 
89682 
89684 
89686 
89688 
89690 
89692 
89694 
89696 
89698 
89700 
89702 
89703 
89837 
89843 
89845 
89847 
89851 
89853 
89855 
89859 
89861 
89863 
89865 
89867 
89869 
89871 
89873 
89875 
89877 
89879 
89881 
89883 
89885 
89887 
89889 
89891 
89893 
89895 
89897 
89899 
89901 
89903 
89905 
89907 
89909 
89911 
89913 
89915 
89917 
89919 
89921 
89923 
89925 
89927 
89929 
89931 
89933 
89935 
89937 
89939 
89941 
89942 
90076 
90082 
90084 
90086 
90090 
90094 
90096 
90098 
90100 
90102 
90104 
90106 
90108 
90110 
90112 
90114 
90116 
90118 
90120 
90122 
90124 
90126 
90128 
90130 
90132 
90134 
90136 
90138 
90140 
90142 
90144 
90146 
90148 
90150 
90152 
90154 
90156 
90158 
90160 
90162 
90164 
90166 
90168 
90170 
90172 
90174 
90176 
90178 
90180 
90181 
90315 
90321 
90323 
90325 
90329 
90333 
90335 
90337 
90339 
90341 
90343 
90345 
90347 
90349 
90351 
90353 
90355 
90357 
90359 
90361 
90363 
90365 
90367 
90369 
90371 
90373 
90375 
90377 
90379 
90381 
90383 
90385 
90387 
90389 
90391 
90393 
90395 
90397 
90399 
90401 
90403 
90405 
90407 
90409 
90411 
90413 
90415 
90417 
90419 
90420 
90552 
90554 
90558 
90560 
90562 
90564 
90568 
90570 
90572 
90574 
90576 
90578 
90580 
90582 
90584 
90586 
90588 
90590 
90592 
90594 
90596 
90598 
90600 
90602 
90604 
90606 
90608 
90610 
90612 
90614 
90616 
90618 
90620 
90622 
90624 
90626 
90628 
90630 
90632 
90634 
90636 
90638 
90640 
90642 
90644 
90646 
90648 
90650 
90652 
90654 
90656 
90658 
90659 
90787 
90791 
90797 
90801 
90803 
90807 
90809 
90811 
90813 
90815 
90817 
90819 
90821 
90823 
90825 
90827 
90829 
90831 
90833 
90835 
90837 
90839 
90841 
90843 
90845 
90847 
90849 
90851 
90853 
90855 
90857 
90859 
90861 
90863 
90865 
90867 
90869 
90871 
90873 
90875 
90877 
90879 
90881 
90883 
90885 
90887 
90889 
90891 
90893 
90895 
90897 
90898 
91026 
91030 
91036 
91038 
91042 
91046 
91048 
91050 
91052 
91054 
91056 
91058 
91060 
91062 
91064 
91066 
91068 
91070 
91072 
91074 
91076 
91078 
91080 
91082 
91084 
91086 
91088 
91090 
91092 
91094 
91096 
91098 
91100 
91102 
91104 
91106 
91108 
91110 
91112 
91114 
91116 
91118 
91120 
91122 
91124 
91126 
91128 
91130 
91132 
91134 
91136 
91137 
91265 
91269 
91275 
91277 
91281 
91285 
91287 
91289 
91291 
91293 
91295 
91297 
91299 
91301 
91303 
91305 
91307 
91309 
91311 
91313 
91315 
91317 
91319 
91321 
91323 
91325 
91327 
91329 
91331 
91333 
91335 
91337 
91339 
91341 
91343 
91345 
91347 
91349 
91351 
91353 
91355 
91357 
91359 
91361 
91363 
91365 
91367 
91369 
91371 
91373 
91375 
91376 
91510 
91514 
91518 
91520 
91524 
91526 
91528 
91530 
91532 
91534 
91536 
91538 
91540 
91542 
91544 
91546 
91548 
91550 
91552 
91554 
91556 
91558 
91560 
91562 
91564 
91566 
91568 
91570 
91572 
91574 
91576 
91578 
91580 
91582 
91584 
91586 
91588 
91590 
91592 
91594 
91596 
91598 
91600 
91602 
91604 
91606 
91608 
91610 
91612 
91614 
91615 
91749 
91755 
91757 
91759 
91763 
91765 
91767 
91769 
91771 
91773 
91775 
91777 
91779 
91781 
91783 
91785 
91787 
91789 
91791 
91795 
91797 
91799 
91801 
91803 
91805 
91807 
91809 
91811 
91813 
91815 
91817 
91819 
91821 
91823 
91825 
91827 
91829 
91831 
91833 
91835 
91837 
91839 
91841 
91843 
91845 
91847 
91849 
91851 
91853 
91854 
91988 
91992 
91996 
91998 
92002 
92004 
92006 
92008 
92010 
92012 
92014 
92016 
92018 
92020 
92022 
92024 
92026 
92028 
92030 
92032 
92034 
92036 
92038 
92040 
92042 
92044 
92046 
92048 
92050 
92052 
92054 
92056 
92058 
92060 
92062 
92064 
92066 
92068 
92070 
92072 
92074 
92076 
92078 
92080 
92082 
92084 
92086 
92088 
92090 
92092 
92093 
92227 
92233 
92235 
92237 
92241 
92243 
92245 
92247 
92249 
92251 
92253 
92255 
92257 
92259 
92261 
92263 
92265 
92267 
92269 
92271 
92273 
92275 
92277 
92279 
92281 
92283 
92285 
92289 
92291 
92293 
92295 
92297 
92299 
92301 
92303 
92305 
92307 
92309 
92311 
92313 
92315 
92317 
92319 
92321 
92323 
92325 
92327 
92329 
92331 
92332 
92460 
92464 
92466 
92470 
92472 
92474 
92476 
92480 
92482 
92484 
92486 
92490 
92492 
92494 
92496 
92498 
92500 
92502 
92504 
92506 
92508 
92510 
92512 
92514 
92516 
92518 
92520 
92522 
92524 
92526 
92528 
92530 
92532 
92534 
92536 
92538 
92540 
92542 
92544 
92546 
92548 
92550 
92552 
92554 
92556 
92558 
92560 
92562 
92564 
92566 
92568 
92570 
92571 
92705 
92711 
92713 
92715 
92719 
92721 
92723 
92725 
92727 
92729 
92731 
92733 
92735 
92737 
92739 
92741 
92743 
92745 
92747 
92749 
92751 
92753 
92755 
92757 
92759 
92761 
92763 
92765 
92767 
92769 
92771 
92773 
92775 
92777 
92779 
92781 
92783 
92785 
92787 
92789 
92791 
92793 
92795 
92797 
92799 
92801 
92803 
92805 
92807 
92809 
92810 
92944 
92948 
92950 
92954 
92958 
92960 
92962 
92964 
92966 
92968 
92970 
92972 
92974 
92976 
92978 
92980 
92982 
92984 
92986 
92988 
92990 
92992 
92994 
92996 
92998 
93000 
93002 
93004 
93006 
93008 
93010 
93012 
93014 
93016 
93018 
93020 
93022 
93024 
93026 
93028 
93030 
93032 
93034 
93036 
93038 
93040 
93042 
93044 
93046 
93048 
93049 
93177 
93181 
93183 
93189 
93191 
93193 
93197 
93199 
93201 
93203 
93205 
93207 
93209 
93211 
93213 
93215 
93217 
93219 
93221 
93223 
93225 
93227 
93229 
93231 
93233 
93235 
93237 
93239 
93241 
93243 
93245 
93247 
93249 
93251 
93253 
93255 
93257 
93259 
93261 
93263 
93265 
93267 
93269 
93271 
93273 
93275 
93277 
93279 
93281 
93283 
93285 
93287 
93288 
93420 
93426 
93428 
93430 
93432 
93436 
93438 
93442 
93444 
93446 
93448 
93450 
93452 
93454 
93456 
93458 
93460 
93462 
93464 
93466 
93468 
93470 
93472 
93474 
93476 
93478 
93480 
93482 
93484 
93486 
93488 
93490 
93492 
93494 
93496 
93498 
93500 
93502 
93504 
93506 
93508 
93510 
93512 
93514 
93516 
93518 
93520 
93522 
93524 
93526 
93527 
93655 
93659 
93661 
93665 
93669 
93671 
93675 
93677 
93679 
93681 
93683 
93685 
93687 
93689 
93691 
93693 
93695 
93697 
93699 
93701 
93703 
93705 
93707 
93709 
93711 
93713 
93715 
93717 
93719 
93721 
93723 
93725 
93727 
93729 
93731 
93733 
93735 
93737 
93739 
93741 
93743 
93745 
93747 
93749 
93751 
93753 
93755 
93757 
93759 
93761 
93763 
93765 
93766 
93894 
93898 
93900 
93904 
93906 
93908 
93910 
93914 
93916 
93918 
93920 
93922 
93924 
93926 
93928 
93930 
93932 
93934 
93936 
93938 
93940 
93942 
93944 
93946 
93948 
93950 
93952 
93954 
93956 
93958 
93960 
93962 
93964 
93966 
93968 
93970 
93972 
93974 
93976 
93978 
93980 
93982 
93984 
93986 
93988 
93990 
93992 
93994 
93996 
93998 
94000 
94002 
94004 
94005 
94137 
94139 
94143 
94145 
94147 
94149 
94153 
94155 
94157 
94159 
94161 
94163 
94165 
94167 
94169 
94171 
94173 
94175 
94177 
94179 
94181 
94183 
94185 
94187 
94189 
94191 
94193 
94195 
94197 
94199 
94201 
94203 
94205 
94207 
94209 
94211 
94213 
94215 
94217 
94219 
94221 
94223 
94225 
94227 
94229 
94231 
94233 
94235 
94237 
94239 
94241 
94243 
94244 
94376 
94382 
94384 
94386 
94388 
94392 
94394 
94398 
94400 
94402 
94404 
94406 
94408 
94410 
94412 
94414 
94416 
94418 
94420 
94422 
94424 
94426 
94428 
94430 
94432 
94434 
94436 
94438 
94440 
94442 
94444 
94446 
94448 
94450 
94452 
94454 
94456 
94458 
94460 
94462 
94464 
94466 
94468 
94470 
94472 
94474 
94476 
94478 
94480 
94482 
94483 
94611 
94615 
94617 
94623 
94625 
94627 
94631 
94633 
94635 
94637 
94639 
94641 
94643 
94645 
94647 
94649 
94651 
94653 
94655 
94657 
94659 
94661 
94663 
94665 
94667 
94669 
94671 
94673 
94675 
94677 
94679 
94681 
94683 
94685 
94687 
94689 
94691 
94693 
94695 
94697 
94699 
94701 
94703 
94705 
94707 
94709 
94711 
94713 
94715 
94717 
94719 
94721 
94722 
94854 
94856 
94860 
94862 
94864 
94866 
94870 
94872 
94874 
94876 
94878 
94880 
94882 
94884 
94886 
94888 
94890 
94892 
94894 
94896 
94898 
94900 
94902 
94904 
94906 
94908 
94910 
94912 
94914 
94916 
94918 
94920 
94922 
94924 
94926 
94928 
94930 
94932 
94934 
94936 
94938 
94940 
94942 
94944 
94946 
94948 
94950 
94952 
94954 
94956 
94958 
94960 
94961 
95109 
95111 
95115 
95117 
95119 
95123 
95125 
95127 
95129 
95131 
95133 
95135 
95137 
95139 
95141 
95143 
95145 
95147 
95149 
95151 
95153 
95155 
95157 
95159 
95161 
95163 
95165 
95167 
95169 
95171 
95173 
95175 
95177 
95179 
95181 
95183 
95185 
95187 
95189 
95191 
95193 
95195 
95197 
95199 
95200 
95350 
95354 
95356 
95358 
95360 
95364 
95366 
95368 
95370 
95372 
95374 
95376 
95378 
95380 
95382 
95384 
95386 
95388 
95390 
95392 
95394 
95396 
95398 
95400 
95402 
95404 
95406 
95408 
95410 
95412 
95414 
95416 
95418 
95420 
95422 
95424 
95426 
95428 
95430 
95432 
95434 
95436 
95438 
95439 
95581 
95587 
95591 
95593 
95595 
95597 
95601 
95603 
95605 
95607 
95609 
95611 
95613 
95615 
95617 
95619 
95621 
95623 
95625 
95627 
95629 
95631 
95633 
95635 
95637 
95639 
95641 
95643 
95645 
95647 
95649 
95651 
95653 
95655 
95657 
95659 
95661 
95663 
95665 
95667 
95669 
95671 
95673 
95675 
95677 
95678 
95820 
95826 
95828 
95832 
95834 
95836 
95838 
95842 
95844 
95846 
95848 
95850 
95852 
95854 
95856 
95858 
95860 
95862 
95864 
95866 
95868 
95870 
95872 
95874 
95876 
95878 
95880 
95882 
95884 
95886 
95888 
95890 
95892 
95894 
95896 
95898 
95900 
95902 
95904 
95906 
95908 
95910 
95912 
95914 
95916 
95917 
96059 
96067 
96069 
96073 
96075 
96077 
96079 
96081 
96083 
96085 
96087 
96089 
96093 
96095 
96097 
96099 
96101 
96103 
96105 
96107 
96109 
96111 
96113 
96115 
96117 
96119 
96121 
96123 
96125 
96127 
96129 
96131 
96133 
96135 
96137 
96139 
96141 
96143 
96145 
96147 
96149 
96151 
96153 
96155 
96156 
96322 
96326 
96330 
96332 
96334 
96336 
96340 
96342 
96344 
96346 
96348 
96350 
96352 
96354 
96356 
96358 
96360 
96362 
96364 
96366 
96368 
96370 
96372 
96374 
96376 
96378 
96380 
96382 
96384 
96386 
96388 
96390 
96392 
96394 
96395 
96535 
96543 
96547 
96549 
96551 
96553 
96555 
96559 
96561 
96563 
96565 
96567 
96569 
96571 
96573 
96575 
96577 
96579 
96581 
96583 
96585 
96587 
96589 
96591 
96593 
96595 
96597 
96599 
96601 
96603 
96605 
96607 
96609 
96611 
96613 
96615 
96617 
96619 
96621 
96623 
96625 
96627 
96629 
96631 
96633 
96634 
96772 
96778 
96782 
96784 
96788 
96790 
96792 
96794 
96796 
96798 
96800 
96802 
96804 
96806 
96808 
96810 
96812 
96814 
96816 
96818 
96820 
96822 
96824 
96826 
96828 
96832 
96834 
96836 
96838 
96840 
96842 
96844 
96846 
96848 
96850 
96852 
96854 
96856 
96858 
96860 
96862 
96864 
96866 
96868 
96870 
96872 
96873 
97015 
97023 
97025 
97027 
97029 
97031 
97035 
97037 
97039 
97041 
97043 
97045 
97047 
97049 
97051 
97053 
97055 
97057 
97059 
97061 
97063 
97065 
97067 
97069 
97071 
97073 
97075 
97077 
97079 
97081 
97083 
97085 
97087 
97089 
97091 
97093 
97095 
97097 
97099 
97101 
97103 
97105 
97107 
97109 
97111 
97112 
97252 
97256 
97260 
97262 
97264 
97268 
97270 
97272 
97274 
97276 
97278 
97280 
97282 
97284 
97286 
97288 
97290 
97292 
97294 
97296 
97298 
97300 
97302 
97304 
97306 
97308 
97310 
97312 
97314 
97316 
97318 
97320 
97322 
97324 
97326 
97328 
97330 
97332 
97334 
97336 
97338 
97340 
97342 
97344 
97346 
97348 
97350 
97351 
97479 
97483 
97485 
97489 
97491 
97493 
97499 
97501 
97503 
97505 
97507 
97509 
97511 
97513 
97515 
97517 
97519 
97521 
97523 
97525 
97527 
97529 
97531 
97533 
97535 
97537 
97539 
97541 
97543 
97545 
97547 
97549 
97551 
97553 
97555 
97557 
97559 
97561 
97563 
97565 
97567 
97569 
97571 
97573 
97575 
97577 
97579 
97581 
97583 
97585 
97587 
97589 
97590 
97722 
97724 
97728 
97730 
97732 
97734 
97738 
97740 
97742 
97744 
97746 
97748 
97750 
97752 
97754 
97756 
97758 
97760 
97762 
97764 
97766 
97768 
97770 
97772 
97774 
97776 
97778 
97780 
97782 
97784 
97786 
97788 
97790 
97792 
97794 
97796 
97798 
97800 
97802 
97804 
97806 
97808 
97810 
97812 
97814 
97816 
97818 
97820 
97822 
97824 
97826 
97828 
97829 
97957 
97963 
97967 
97969 
97971 
97973 
97977 
97979 
97981 
97983 
97985 
97987 
97989 
97991 
97993 
97995 
97997 
97999 
98001 
98003 
98005 
98007 
98009 
98011 
98013 
98015 
98017 
98019 
98021 
98023 
98025 
98027 
98029 
98031 
98033 
98035 
98037 
98039 
98041 
98043 
98045 
98047 
98049 
98051 
98053 
98055 
98057 
98059 
98061 
98063 
98065 
98067 
98068 
98196 
98200 
98202 
98206 
98208 
98210 
98212 
98216 
98220 
98222 
98224 
98226 
98228 
98230 
98232 
98234 
98236 
98238 
98240 
98242 
98244 
98246 
98248 
98250 
98252 
98254 
98256 
98258 
98260 
98262 
98264 
98266 
98268 
98270 
98272 
98274 
98276 
98278 
98280 
98282 
98284 
98286 
98288 
98290 
98292 
98294 
98296 
98298 
98300 
98302 
98304 
98306 
98307 
98435 
98441 
98445 
98447 
98449 
98451 
98455 
98457 
98459 
98461 
98463 
98465 
98467 
98469 
98471 
98473 
98475 
98477 
98479 
98481 
98483 
98485 
98487 
98489 
98491 
98493 
98495 
98497 
98499 
98501 
98503 
98505 
98507 
98509 
98511 
98513 
98515 
98517 
98519 
98521 
98523 
98525 
98527 
98529 
98531 
98533 
98535 
98537 
98539 
98541 
98543 
98545 
98546 
98674 
98678 
98684 
98686 
98688 
98690 
98694 
98696 
98698 
98700 
98702 
98704 
98706 
98708 
98710 
98712 
98714 
98716 
98718 
98720 
98722 
98724 
98726 
98728 
98730 
98732 
98734 
98736 
98738 
98740 
98742 
98744 
98746 
98748 
98750 
98752 
98754 
98756 
98758 
98760 
98762 
98764 
98766 
98768 
98770 
98772 
98774 
98776 
98778 
98780 
98782 
98784 
98785 
98913 
98917 
98919 
98923 
98925 
98927 
98929 
98933 
98935 
98937 
98939 
98941 
98943 
98945 
98947 
98949 
98951 
98953 
98955 
98957 
98959 
98961 
98963 
98965 
98967 
98969 
98971 
98973 
98975 
98977 
98979 
98981 
98983 
98985 
98987 
98989 
98991 
98993 
98995 
98997 
98999 
99001 
99003 
99005 
99007 
99009 
99011 
99013 
99015 
99017 
99019 
99021 
99023 
99024 
99152 
99156 
99158 
99162 
99164 
99166 
99168 
99172 
99174 
99176 
99178 
99180 
99182 
99184 
99186 
99188 
99190 
99192 
99194 
99196 
99198 
99200 
99202 
99204 
99206 
99208 
99210 
99212 
99214 
99216 
99218 
99220 
99222 
99224 
99226 
99228 
99230 
99232 
99234 
99236 
99238 
99240 
99242 
99244 
99246 
99248 
99250 
99252 
99254 
99256 
99258 
99260 
99262 
99263 
99391 
99395 
99401 
99403 
99405 
99407 
99411 
99413 
99415 
99417 
99419 
99421 
99423 
99425 
99427 
99429 
99431 
99433 
99435 
99437 
99439 
99441 
99443 
99445 
99447 
99449 
99451 
99453 
99455 
99457 
99459 
99461 
99463 
99465 
99467 
99469 
99471 
99473 
99475 
99477 
99479 
99481 
99483 
99485 
99487 
99489 
99491 
99493 
99495 
99497 
99499 
99501 
99502 
99630 
99634 
99636 
99640 
99642 
99644 
99646 
99650 
99652 
99654 
99656 
99658 
99660 
99662 
99664 
99666 
99668 
99670 
99672 
99674 
99676 
99678 
99680 
99682 
99684 
99686 
99688 
99690 
99692 
99694 
99696 
99698 
99700 
99702 
99704 
99706 
99708 
99710 
99712 
99714 
99716 
99718 
99720 
99722 
99724 
99726 
99728 
99730 
99732 
99734 
99736 
99738 
99740 
99741 
100600 
100602 
100603 
100605 
100606 
100607 
100608 
100610 
100611 
100612 
100613 
100614 
100615 
100616 
100617 
100618 
100619 
100620 
100621 
100622 
100623 
100624 
100625 
100626 
100627 
100628 
100629 
100630 
100631 
100632 
100633 
100634 
100635 
100636 
100637 
100638 
100639 
100640 
100641 
100642 
100643 
100644 
100645 
100646 
100647 
100648 
100649 
100650 
100651 
100652 
100653 
100654 
100655 
100656 
100720 
100722 
100723 
100725 
100726 
100727 
100728 
100730 
100731 
100732 
100733 
100734 
100735 
100736 
100737 
100738 
100739 
100740 
100741 
100742 
100743 
100744 
100745 
100746 
100747 
100748 
100749 
100750 
100751 
100752 
100753 
100754 
100755 
100756 
100757 
100758 
100759 
100760 
100761 
100762 
100763 
100764 
100765 
100766 
100767 
100768 
100769 
100770 
100771 
100772 
100773 
100774 
100775 
100776 
100903 
100904 
100907 
100908 
100909 
100910 
100913 
100914 
100915 
100916 
100917 
100918 
100919 
100920 
100923 
100924 
100925 
100926 
100927 
100928 
100929 
100930 
100931 
100932 
100933 
100934 
100935 
100936 
100937 
100938 
100939 
100940 
100941 
100942 
100943 
100944 
100945 
100946 
100947 
100948 
100949 
100950 
100951 
100952 
100953 
100954 
100955 
100956 
100957 
100958 
100959 
100960 
100961 
100962 
100963 
100964 
100965 
100966 
100967 
100968 
100969 
100970 
100971 
100972 
100973 
100974 
100975 
100976 
100977 
100978 
100979 
100980 
100981 
100982 
100983 
100984 
100985 
100986 
100987 
100988 
100989 
100990 
100991 
100992 
100993 
100994 
100995 
100996 
100997 
100998 
100999 
101000 
101001 
101002 
101003 
101004 
101005 
101006 
101007 
101008 
101009 
101010 
101011 
101012 
101013 
101014 
101015 
101016 
101143 
101144 
101147 
101148 
101149 
101150 
101153 
101154 
101155 
101156 
101157 
101158 
101159 
101160 
101163 
101164 
101165 
101166 
101167 
101168 
101169 
101170 
101171 
101172 
101173 
101174 
101175 
101176 
101177 
101178 
101179 
101180 
101181 
101182 
101183 
101184 
101185 
101186 
101187 
101188 
101189 
101190 
101191 
101192 
101193 
101194 
101195 
101196 
101197 
101198 
101199 
101200 
101201 
101202 
101203 
101204 
101205 
101206 
101207 
101208 
101209 
101210 
101211 
101212 
101213 
101214 
101215 
101216 
101217 
101218 
101219 
101220 
101221 
101222 
101223 
101224 
101225 
101226 
101227 
101228 
101229 
101230 
101231 
101232 
101233 
101234 
101235 
101236 
101237 
101238 
101239 
101240 
101241 
101242 
101243 
101244 
101245 
101246 
101247 
101248 
101249 
101250 
101251 
101252 
101253 
101254 
101255 
101256 
101383 
101384 
101387 
101388 
101389 
101390 
101393 
101394 
101395 
101396 
101397 
101398 
101399 
101400 
101403 
101404 
101405 
101406 
101407 
101408 
101409 
101410 
101411 
101412 
101413 
101414 
101415 
101416 
101417 
101418 
101419 
101420 
101421 
101422 
101423 
101424 
101425 
101426 
101427 
101428 
101429 
101430 
101431 
101432 
101433 
101434 
101435 
101436 
101437 
101438 
101439 
101440 
101441 
101442 
101443 
101444 
101445 
101446 
101447 
101448 
101449 
101450 
101451 
101452 
101453 
101454 
101455 
101456 
101457 
101458 
101459 
101460 
101461 
101462 
101463 
101464 
101465 
101466 
101467 
101468 
101469 
101470 
101471 
101472 
101473 
101474 
101475 
101476 
101477 
101478 
101479 
101480 
101481 
101482 
101483 
101484 
101485 
101486 
101487 
101488 
101489 
101490 
101491 
101492 
101493 
101494 
101495 
101496 
101623 
101624 
101627 
101628 
101629 
101630 
101633 
101634 
101635 
101636 
101637 
101638 
101639 
101640 
101643 
101644 
101645 
101646 
101647 
101648 
101649 
101650 
101651 
101652 
101653 
101654 
101655 
101656 
101657 
101658 
101659 
101660 
101661 
101662 
101663 
101664 
101665 
101666 
101667 
101668 
101669 
101670 
101671 
101672 
101673 
101674 
101675 
101676 
101677 
101678 
101679 
101680 
101681 
101682 
101683 
101684 
101685 
101686 
101687 
101688 
101689 
101690 
101691 
101692 
101693 
101694 
101695 
101696 
101697 
101698 
101699 
101700 
101701 
101702 
101703 
101704 
101705 
101706 
101707 
101708 
101709 
101710 
101711 
101712 
101713 
101714 
101715 
101716 
101717 
101718 
101719 
101720 
101721 
101722 
101723 
101724 
101725 
101726 
101727 
101728 
101729 
101730 
101731 
101732 
101733 
101734 
101735 
101736 
101863 
101864 
101867 
101868 
101869 
101870 
101873 
101874 
101875 
101876 
101877 
101878 
101879 
101880 
101883 
101884 
101885 
101886 
101887 
101888 
101889 
101890 
101891 
101892 
101893 
101894 
101895 
101896 
101897 
101898 
101899 
101900 
101901 
101902 
101903 
101904 
101905 
101906 
101907 
101908 
101909 
101910 
101911 
101912 
101913 
101914 
101915 
101916 
101917 
101918 
101919 
101920 
101921 
101922 
101923 
101924 
101925 
101926 
101927 
101928 
101929 
101930 
101931 
101932 
101933 
101934 
101935 
101936 
101937 
101938 
101939 
101940 
101941 
101942 
101943 
101944 
101945 
101946 
101947 
101948 
101949 
101950 
101951 
101952 
101953 
101954 
101955 
101956 
101957 
101958 
101959 
101960 
101961 
101962 
101963 
101964 
101965 
101966 
101967 
101968 
101969 
101970 
101971 
101972 
101973 
101974 
101975 
101976 
102103 
102104 
102107 
102108 
102109 
102110 
102113 
102114 
102115 
102116 
102117 
102118 
102119 
102120 
102123 
102124 
102125 
102126 
102127 
102128 
102129 
102130 
102131 
102132 
102133 
102134 
102135 
102136 
102137 
102138 
102139 
102140 
102141 
102142 
102143 
102144 
102145 
102146 
102147 
102148 
102149 
102150 
102151 
102152 
102153 
102154 
102155 
102156 
102157 
102158 
102159 
102160 
102161 
102162 
102163 
102164 
102165 
102166 
102167 
102168 
102169 
102170 
102171 
102172 
102173 
102174 
102175 
102176 
102177 
102178 
102179 
102180 
102181 
102182 
102183 
102184 
102185 
102186 
102187 
102188 
102189 
102190 
102191 
102192 
102193 
102194 
102195 
102196 
102197 
102198 
102199 
102200 
102201 
102202 
102203 
102204 
102205 
102206 
102207 
102208 
102209 
102210 
102211 
102212 
102213 
102214 
102215 
102216 
102343 
102344 
102347 
102348 
102349 
102350 
102353 
102354 
102355 
102356 
102357 
102358 
102359 
102360 
102363 
102364 
102365 
102366 
102367 
102368 
102369 
102370 
102371 
102372 
102373 
102374 
102375 
102376 
102377 
102378 
102379 
102380 
102381 
102382 
102383 
102384 
102385 
102386 
102387 
102388 
102389 
102390 
102391 
102392 
102393 
102394 
102395 
102396 
102397 
102398 
102399 
102400 
102401 
102402 
102403 
102404 
102405 
102406 
102407 
102408 
102409 
102410 
102411 
102412 
102413 
102414 
102415 
102416 
102417 
102418 
102419 
102420 
102421 
102422 
102423 
102424 
102425 
102426 
102427 
102428 
102429 
102430 
102431 
102432 
102433 
102434 
102435 
102436 
102437 
102438 
102439 
102440 
102441 
102442 
102443 
102444 
102445 
102446 
102447 
102448 
102449 
102450 
102451 
102452 
102453 
102454 
102455 
102456 
102583 
102584 
102587 
102588 
102589 
102590 
102593 
102594 
102595 
102596 
102597 
102598 
102599 
102600 
102603 
102604 
102605 
102606 
102607 
102608 
102609 
102610 
102611 
102612 
102613 
102614 
102615 
102616 
102617 
102618 
102619 
102620 
102621 
102622 
102623 
102624 
102625 
102626 
102627 
102628 
102629 
102630 
102631 
102632 
102633 
102634 
102635 
102636 
102637 
102638 
102639 
102640 
102641 
102642 
102643 
102644 
102645 
102646 
102647 
102648 
102649 
102650 
102651 
102652 
102653 
102654 
102655 
102656 
102657 
102658 
102659 
102660 
102661 
102662 
102663 
102664 
102665 
102666 
102667 
102668 
102669 
102670 
102671 
102672 
102673 
102674 
102675 
102676 
102677 
102678 
102679 
102680 
102681 
102682 
102683 
102684 
102685 
102686 
102687 
102688 
102689 
102690 
102691 
102692 
102693 
102694 
102695 
102696 
102823 
102824 
102827 
102828 
102829 
102830 
102833 
102834 
102835 
102836 
102837 
102838 
102839 
102840 
102843 
102844 
102845 
102846 
102847 
102848 
102849 
102850 
102851 
102852 
102853 
102854 
102855 
102856 
102857 
102858 
102859 
102860 
102861 
102862 
102863 
102864 
102865 
102866 
102867 
102868 
102869 
102870 
102871 
102872 
102873 
102874 
102875 
102876 
102877 
102878 
102879 
102880 
102881 
102882 
102883 
102884 
102885 
102886 
102887 
102888 
102889 
102890 
102891 
102892 
102893 
102894 
102895 
102896 
102897 
102898 
102899 
102900 
102901 
102902 
102903 
102904 
102905 
102906 
102907 
102908 
102909 
102910 
102911 
102912 
102913 
102914 
102915 
102916 
102917 
102918 
102919 
102920 
102921 
102922 
102923 
102924 
102925 
102926 
102927 
102928 
102929 
102930 
102931 
102932 
102933 
102934 
102935 
102936 
103063 
103064 
103067 
103068 
103069 
103070 
103073 
103074 
103075 
103076 
103077 
103078 
103079 
103080 
103083 
103084 
103085 
103086 
103087 
103088 
103089 
103090 
103091 
103092 
103093 
103094 
103095 
103096 
103097 
103098 
103099 
103100 
103101 
103102 
103103 
103104 
103105 
103106 
103107 
103108 
103109 
103110 
103111 
103112 
103113 
103114 
103115 
103116 
103117 
103118 
103119 
103120 
103121 
103122 
103123 
103124 
103125 
103126 
103127 
103128 
103129 
103130 
103131 
103132 
103133 
103134 
103135 
103136 
103137 
103138 
103139 
103140 
103141 
103142 
103143 
103144 
103145 
103146 
103147 
103148 
103149 
103150 
103151 
103152 
103153 
103154 
103155 
103156 
103157 
103158 
103159 
103160 
103161 
103162 
103163 
103164 
103165 
103166 
103167 
103168 
103169 
103170 
103171 
103172 
103173 
103174 
103175 
103176 
103303 
103304 
103307 
103308 
103309 
103310 
103313 
103314 
103315 
103316 
103317 
103318 
103319 
103320 
103323 
103324 
103325 
103326 
103327 
103328 
103329 
103330 
103331 
103332 
103333 
103334 
103335 
103336 
103337 
103338 
103339 
103340 
103341 
103342 
103343 
103344 
103345 
103346 
103347 
103348 
103349 
103350 
103351 
103352 
103353 
103354 
103355 
103356 
103357 
103358 
103359 
103360 
103361 
103362 
103363 
103364 
103365 
103366 
103367 
103368 
103369 
103370 
103371 
103372 
103373 
103374 
103375 
103376 
103377 
103378 
103379 
103380 
103381 
103382 
103383 
103384 
103385 
103386 
103387 
103388 
103389 
103390 
103391 
103392 
103393 
103394 
103395 
103396 
103397 
103398 
103399 
103400 
103401 
103402 
103403 
103404 
103405 
103406 
103407 
103408 
103409 
103410 
103411 
103412 
103413 
103414 
103415 
103416 
103543 
103544 
103547 
103548 
103549 
103550 
103553 
103554 
103555 
103556 
103557 
103558 
103559 
103560 
103563 
103564 
103565 
103566 
103567 
103568 
103569 
103570 
103571 
103572 
103573 
103574 
103575 
103576 
103577 
103578 
103579 
103580 
103581 
103582 
103583 
103584 
103585 
103586 
103587 
103588 
103589 
103590 
103591 
103592 
103593 
103594 
103595 
103596 
103597 
103598 
103599 
103600 
103601 
103602 
103603 
103604 
103605 
103606 
103607 
103608 
103609 
103610 
103611 
103612 
103613 
103614 
103615 
103616 
103617 
103618 
103619 
103620 
103621 
103622 
103623 
103624 
103625 
103626 
103627 
103628 
103629 
103630 
103631 
103632 
103633 
103634 
103635 
103636 
103637 
103638 
103639 
103640 
103641 
103642 
103643 
103644 
103645 
103646 
103647 
103648 
103649 
103650 
103651 
103652 
103653 
103654 
103655 
103656 
103783 
103784 
103787 
103788 
103789 
103790 
103793 
103794 
103795 
103796 
103797 
103798 
103799 
103800 
103803 
103804 
103805 
103806 
103807 
103808 
103809 
103810 
103811 
103812 
103813 
103814 
103815 
103816 
103817 
103818 
103819 
103820 
103821 
103822 
103823 
103824 
103825 
103826 
103827 
103828 
103829 
103830 
103831 
103832 
103833 
103834 
103835 
103836 
103837 
103838 
103839 
103840 
103841 
103842 
103843 
103844 
103845 
103846 
103847 
103848 
103849 
103850 
103851 
103852 
103853 
103854 
103855 
103856 
103857 
103858 
103859 
103860 
103861 
103862 
103863 
103864 
103865 
103866 
103867 
103868 
103869 
103870 
103871 
103872 
103873 
103874 
103875 
103876 
103877 
103878 
103879 
103880 
103881 
103882 
103883 
103884 
103885 
103886 
103887 
103888 
103889 
103890 
103891 
103892 
103893 
103894 
103895 
103896 
104023 
104024 
104027 
104028 
104029 
104030 
104033 
104034 
104035 
104036 
104037 
104038 
104039 
104040 
104043 
104044 
104045 
104046 
104047 
104048 
104049 
104050 
104051 
104052 
104053 
104054 
104055 
104056 
104057 
104058 
104059 
104060 
104061 
104062 
104063 
104064 
104065 
104066 
104067 
104068 
104069 
104070 
104071 
104072 
104073 
104074 
104075 
104076 
104077 
104078 
104079 
104080 
104081 
104082 
104083 
104084 
104085 
104086 
104087 
104088 
104089 
104090 
104091 
104092 
104093 
104094 
104095 
104096 
104097 
104098 
104099 
104100 
104101 
104102 
104103 
104104 
104105 
104106 
104107 
104108 
104109 
104110 
104111 
104112 
104113 
104114 
104115 
104116 
104117 
104118 
104119 
104120 
104121 
104122 
104123 
104124 
104125 
104126 
104127 
104128 
104129 
104130 
104131 
104132 
104133 
104134 
104135 
104136 
104263 
104264 
104267 
104268 
104269 
104270 
104273 
104274 
104275 
104276 
104277 
104278 
104279 
104280 
104283 
104284 
104285 
104286 
104287 
104288 
104289 
104290 
104291 
104292 
104293 
104294 
104295 
104296 
104297 
104298 
104299 
104300 
104301 
104302 
104303 
104304 
104305 
104306 
104307 
104308 
104309 
104310 
104311 
104312 
104313 
104314 
104315 
104316 
104317 
104318 
104319 
104320 
104321 
104322 
104323 
104324 
104325 
104326 
104327 
104328 
104329 
104330 
104331 
104332 
104333 
104334 
104335 
104336 
104337 
104338 
104339 
104340 
104341 
104342 
104343 
104344 
104345 
104346 
104347 
104348 
104349 
104350 
104351 
104352 
104353 
104354 
104355 
104356 
104357 
104358 
104359 
104360 
104361 
104362 
104363 
104364 
104365 
104366 
104367 
104368 
104369 
104370 
104371 
104372 
104373 
104374 
104375 
104376 
104503 
104504 
104507 
104508 
104509 
104510 
104513 
104514 
104515 
104516 
104517 
104518 
104519 
104520 
104523 
104524 
104525 
104526 
104527 
104528 
104529 
104530 
104531 
104532 
104533 
104534 
104535 
104536 
104537 
104538 
104539 
104540 
104541 
104542 
104543 
104544 
104545 
104546 
104547 
104548 
104549 
104550 
104551 
104552 
104553 
104554 
104555 
104556 
104557 
104558 
104559 
104560 
104561 
104562 
104563 
104564 
104565 
104566 
104567 
104568 
104569 
104570 
104571 
104572 
104573 
104574 
104575 
104576 
104577 
104578 
104579 
104580 
104581 
104582 
104583 
104584 
104585 
104586 
104587 
104588 
104589 
104590 
104591 
104592 
104593 
104594 
104595 
104596 
104597 
104598 
104599 
104600 
104601 
104602 
104603 
104604 
104605 
104606 
104607 
104608 
104609 
104610 
104611 
104612 
104613 
104614 
104615 
104616 
104743 
104744 
104747 
104748 
104749 
104750 
104753 
104754 
104755 
104756 
104757 
104758 
104759 
104760 
104763 
104764 
104765 
104766 
104767 
104768 
104769 
104770 
104771 
104772 
104773 
104774 
104775 
104776 
104777 
104778 
104779 
104780 
104781 
104782 
104783 
104784 
104785 
104786 
104787 
104788 
104789 
104790 
104791 
104792 
104793 
104794 
104795 
104796 
104797 
104798 
104799 
104800 
104801 
104802 
104803 
104804 
104805 
104806 
104807 
104808 
104809 
104810 
104811 
104812 
104813 
104814 
104815 
104816 
104817 
104818 
104819 
104820 
104821 
104822 
104823 
104824 
104825 
104826 
104827 
104828 
104829 
104830 
104831 
104832 
104833 
104834 
104835 
104836 
104837 
104838 
104839 
104840 
104841 
104842 
104843 
104844 
104845 
104846 
104847 
104848 
104849 
104850 
104851 
104852 
104853 
104854 
104855 
104856 
104983 
104984 
104987 
104988 
104989 
104990 
104993 
104994 
104995 
104996 
104997 
104998 
104999 
105000 
105003 
105004 
105005 
105006 
105007 
105008 
105009 
105010 
105011 
105012 
105013 
105014 
105015 
105016 
105017 
105018 
105019 
105020 
105021 
105022 
105023 
105024 
105025 
105026 
105027 
105028 
105029 
105030 
105031 
105032 
105033 
105034 
105035 
105036 
105037 
105038 
105039 
105040 
105041 
105042 
105043 
105044 
105045 
105046 
105047 
105048 
105049 
105050 
105051 
105052 
105053 
105054 
105055 
105056 
105057 
105058 
105059 
105060 
105061 
105062 
105063 
105064 
105065 
105066 
105067 
105068 
105069 
105070 
105071 
105072 
105073 
105074 
105075 
105076 
105077 
105078 
105079 
105080 
105081 
105082 
105083 
105084 
105085 
105086 
105087 
105088 
105089 
105090 
105091 
105092 
105093 
105094 
105095 
105096 
105223 
105224 
105227 
105228 
105229 
105230 
105233 
105234 
105235 
105236 
105237 
105238 
105239 
105240 
105243 
105244 
105245 
105246 
105247 
105248 
105249 
105250 
105251 
105252 
105253 
105254 
105255 
105256 
105257 
105258 
105259 
105260 
105261 
105262 
105263 
105264 
105265 
105266 
105267 
105268 
105269 
105270 
105271 
105272 
105273 
105274 
105275 
105276 
105277 
105278 
105279 
105280 
105281 
105282 
105283 
105284 
105285 
105286 
105287 
105288 
105289 
105290 
105291 
105292 
105293 
105294 
105295 
105296 
105297 
105298 
105299 
105300 
105301 
105302 
105303 
105304 
105305 
105306 
105307 
105308 
105309 
105310 
105311 
105312 
105313 
105314 
105315 
105316 
105317 
105318 
105319 
105320 
105321 
105322 
105323 
105324 
105325 
105326 
105327 
105328 
105329 
105330 
105331 
105332 
105333 
105334 
105335 
105336 
105463 
105464 
105467 
105468 
105469 
105470 
105473 
105474 
105475 
105476 
105477 
105478 
105479 
105480 
105483 
105484 
105485 
105486 
105487 
105488 
105489 
105490 
105491 
105492 
105493 
105494 
105495 
105496 
105497 
105498 
105499 
105500 
105501 
105502 
105503 
105504 
105505 
105506 
105507 
105508 
105509 
105510 
105511 
105512 
105513 
105514 
105515 
105516 
105517 
105518 
105519 
105520 
105521 
105522 
105523 
105524 
105525 
105526 
105527 
105528 
105529 
105530 
105531 
105532 
105533 
105534 
105535 
105536 
105537 
105538 
105539 
105540 
105541 
105542 
105543 
105544 
105545 
105546 
105547 
105548 
105549 
105550 
105551 
105552 
105553 
105554 
105555 
105556 
105557 
105558 
105559 
105560 
105561 
105562 
105563 
105564 
105565 
105566 
105567 
105568 
105569 
105570 
105571 
105572 
105573 
105574 
105575 
105576 
105703 
105704 
105707 
105708 
105709 
105710 
105713 
105714 
105715 
105716 
105717 
105718 
105719 
105720 
105723 
105724 
105725 
105726 
105727 
105728 
105729 
105730 
105731 
105732 
105733 
105734 
105735 
105736 
105737 
105738 
105739 
105740 
105741 
105742 
105743 
105744 
105745 
105746 
105747 
105748 
105749 
105750 
105751 
105752 
105753 
105754 
105755 
105756 
105757 
105758 
105759 
105760 
105761 
105762 
105763 
105764 
105765 
105766 
105767 
105768 
105769 
105770 
105771 
105772 
105773 
105774 
105775 
105776 
105777 
105778 
105779 
105780 
105781 
105782 
105783 
105784 
105785 
105786 
105787 
105788 
105789 
105790 
105791 
105792 
105793 
105794 
105795 
105796 
105797 
105798 
105799 
105800 
105801 
105802 
105803 
105804 
105805 
105806 
105807 
105808 
105809 
105810 
105811 
105812 
105813 
105814 
105815 
105816 
105943 
105944 
105947 
105948 
105949 
105950 
105953 
105954 
105955 
105956 
105957 
105958 
105959 
105960 
105963 
105964 
105965 
105966 
105967 
105968 
105969 
105970 
105971 
105972 
105973 
105974 
105975 
105976 
105977 
105978 
105979 
105980 
105981 
105982 
105983 
105984 
105985 
105986 
105987 
105988 
105989 
105990 
105991 
105992 
105993 
105994 
105995 
105996 
105997 
105998 
105999 
106000 
106001 
106002 
106003 
106004 
106005 
106006 
106007 
106008 
106009 
106010 
106011 
106012 
106013 
106014 
106015 
106016 
106017 
106018 
106019 
106020 
106021 
106022 
106023 
106024 
106025 
106026 
106027 
106028 
106029 
106030 
106031 
106032 
106033 
106034 
106035 
106036 
106037 
106038 
106039 
106040 
106041 
106042 
106043 
106044 
106045 
106046 
106047 
106048 
106049 
106050 
106051 
106052 
106053 
106054 
106055 
106056 
106183 
106184 
106187 
106188 
106189 
106190 
106193 
106194 
106195 
106196 
106197 
106198 
106199 
106200 
106203 
106204 
106205 
106206 
106207 
106208 
106209 
106210 
106211 
106212 
106213 
106214 
106215 
106216 
106217 
106218 
106219 
106220 
106221 
106222 
106223 
106224 
106225 
106226 
106227 
106228 
106229 
106230 
106231 
106232 
106233 
106234 
106235 
106236 
106237 
106238 
106239 
106240 
106241 
106242 
106243 
106244 
106245 
106246 
106247 
106248 
106249 
106250 
106251 
106252 
106253 
106254 
106255 
106256 
106257 
106258 
106259 
106260 
106261 
106262 
106263 
106264 
106265 
106266 
106267 
106268 
106269 
106270 
106271 
106272 
106273 
106274 
106275 
106276 
106277 
106278 
106279 
106280 
106281 
106282 
106283 
106284 
106285 
106286 
106287 
106288 
106289 
106290 
106291 
106292 
106293 
106294 
106295 
106296 
106423 
106424 
106427 
106428 
106429 
106430 
106433 
106434 
106435 
106436 
106437 
106438 
106439 
106440 
106443 
106444 
106445 
106446 
106447 
106448 
106449 
106450 
106451 
106452 
106453 
106454 
106455 
106456 
106457 
106458 
106459 
106460 
106461 
106462 
106463 
106464 
106465 
106466 
106467 
106468 
106469 
106470 
106471 
106472 
106473 
106474 
106475 
106476 
106477 
106478 
106479 
106480 
106481 
106482 
106483 
106484 
106485 
106486 
106487 
106488 
106489 
106490 
106491 
106492 
106493 
106494 
106495 
106496 
106497 
106498 
106499 
106500 
106501 
106502 
106503 
106504 
106505 
106506 
106507 
106508 
106509 
106510 
106511 
106512 
106513 
106514 
106515 
106516 
106517 
106518 
106519 
106520 
106521 
106522 
106523 
106524 
106525 
106526 
106527 
106528 
106529 
106530 
106531 
106532 
106533 
106534 
106535 
106536 
106663 
106664 
106667 
106668 
106669 
106670 
106673 
106674 
106675 
106676 
106677 
106678 
106679 
106680 
106683 
106684 
106685 
106686 
106687 
106688 
106689 
106690 
106691 
106692 
106693 
106694 
106695 
106696 
106697 
106698 
106699 
106700 
106701 
106702 
106703 
106704 
106705 
106706 
106707 
106708 
106709 
106710 
106711 
106712 
106713 
106714 
106715 
106716 
106717 
106718 
106719 
106720 
106721 
106722 
106723 
106724 
106725 
106726 
106727 
106728 
106729 
106730 
106731 
106732 
106733 
106734 
106735 
106736 
106737 
106738 
106739 
106740 
106741 
106742 
106743 
106744 
106745 
106746 
106747 
106748 
106749 
106750 
106751 
106752 
106753 
106754 
106755 
106756 
106757 
106758 
106759 
106760 
106761 
106762 
106763 
106764 
106765 
106766 
106767 
106768 
106769 
106770 
106771 
106772 
106773 
106774 
106775 
106776 
106903 
106904 
106907 
106908 
106909 
106910 
106913 
106914 
106915 
106916 
106917 
106918 
106919 
106920 
106923 
106924 
106925 
106926 
106927 
106928 
106929 
106930 
106931 
106932 
106933 
106934 
106935 
106936 
106937 
106938 
106939 
106940 
106941 
106942 
106943 
106944 
106945 
106946 
106947 
106948 
106949 
106950 
106951 
106952 
106953 
106954 
106955 
106956 
106957 
106958 
106959 
106960 
106961 
106962 
106963 
106964 
106965 
106966 
106967 
106968 
106969 
106970 
106971 
106972 
106973 
106974 
106975 
106976 
106977 
106978 
106979 
106980 
106981 
106982 
106983 
106984 
106985 
106986 
106987 
106988 
106989 
106990 
106991 
106992 
106993 
106994 
106995 
106996 
106997 
106998 
106999 
107000 
107001 
107002 
107003 
107004 
107005 
107006 
107007 
107008 
107009 
107010 
107011 
107012 
107013 
107014 
107015 
107016 
107143 
107144 
107147 
107148 
107149 
107150 
107153 
107154 
107155 
107156 
107157 
107158 
107159 
107160 
107163 
107164 
107165 
107166 
107167 
107168 
107169 
107170 
107171 
107172 
107173 
107174 
107175 
107176 
107177 
107178 
107179 
107180 
107181 
107182 
107183 
107184 
107185 
107186 
107187 
107188 
107189 
107190 
107191 
107192 
107193 
107194 
107195 
107196 
107197 
107198 
107199 
107200 
107201 
107202 
107203 
107204 
107205 
107206 
107207 
107208 
107209 
107210 
107211 
107212 
107213 
107214 
107215 
107216 
107217 
107218 
107219 
107220 
107221 
107222 
107223 
107224 
107225 
107226 
107227 
107228 
107229 
107230 
107231 
107232 
107233 
107234 
107235 
107236 
107237 
107238 
107239 
107240 
107241 
107242 
107243 
107244 
107245 
107246 
107247 
107248 
107249 
107250 
107251 
107252 
107253 
107254 
107255 
107256 
107383 
107384 
107387 
107388 
107389 
107390 
107393 
107394 
107395 
107396 
107397 
107398 
107399 
107400 
107403 
107404 
107405 
107406 
107407 
107408 
107409 
107410 
107411 
107412 
107413 
107414 
107415 
107416 
107417 
107418 
107419 
107420 
107421 
107422 
107423 
107424 
107425 
107426 
107427 
107428 
107429 
107430 
107431 
107432 
107433 
107434 
107435 
107436 
107437 
107438 
107439 
107440 
107441 
107442 
107443 
107444 
107445 
107446 
107447 
107448 
107449 
107450 
107451 
107452 
107453 
107454 
107455 
107456 
107457 
107458 
107459 
107460 
107461 
107462 
107463 
107464 
107465 
107466 
107467 
107468 
107469 
107470 
107471 
107472 
107473 
107474 
107475 
107476 
107477 
107478 
107479 
107480 
107481 
107482 
107483 
107484 
107485 
107486 
107487 
107488 
107489 
107490 
107491 
107492 
107493 
107494 
107495 
107496 
107623 
107624 
107627 
107628 
107629 
107630 
107633 
107634 
107635 
107636 
107637 
107638 
107639 
107640 
107643 
107644 
107645 
107646 
107647 
107648 
107649 
107650 
107651 
107652 
107653 
107654 
107655 
107656 
107657 
107658 
107659 
107660 
107661 
107662 
107663 
107664 
107665 
107666 
107667 
107668 
107669 
107670 
107671 
107672 
107673 
107674 
107675 
107676 
107677 
107678 
107679 
107680 
107681 
107682 
107683 
107684 
107685 
107686 
107687 
107688 
107689 
107690 
107691 
107692 
107693 
107694 
107695 
107696 
107697 
107698 
107699 
107700 
107701 
107702 
107703 
107704 
107705 
107706 
107707 
107708 
107709 
107710 
107711 
107712 
107713 
107714 
107715 
107716 
107717 
107718 
107719 
107720 
107721 
107722 
107723 
107724 
107725 
107726 
107727 
107728 
107729 
107730 
107731 
107732 
107733 
107734 
107735 
107736 
107863 
107864 
107867 
107868 
107869 
107870 
107873 
107874 
107875 
107876 
107877 
107878 
107879 
107880 
107883 
107884 
107885 
107886 
107887 
107888 
107889 
107890 
107891 
107892 
107893 
107894 
107895 
107896 
107897 
107898 
107899 
107900 
107901 
107902 
107903 
107904 
107905 
107906 
107907 
107908 
107909 
107910 
107911 
107912 
107913 
107914 
107915 
107916 
107917 
107918 
107919 
107920 
107921 
107922 
107923 
107924 
107925 
107926 
107927 
107928 
107929 
107930 
107931 
107932 
107933 
107934 
107935 
107936 
107937 
107938 
107939 
107940 
107941 
107942 
107943 
107944 
107945 
107946 
107947 
107948 
107949 
107950 
107951 
107952 
107953 
107954 
107955 
107956 
107957 
107958 
107959 
107960 
107961 
107962 
107963 
107964 
107965 
107966 
107967 
107968 
107969 
107970 
107971 
107972 
107973 
107974 
107975 
107976 
108103 
108104 
108107 
108108 
108109 
108110 
108113 
108114 
108115 
108116 
108117 
108118 
108119 
108120 
108123 
108124 
108125 
108126 
108127 
108128 
108129 
108130 
108131 
108132 
108133 
108134 
108135 
108136 
108137 
108138 
108139 
108140 
108141 
108142 
108143 
108144 
108145 
108146 
108147 
108148 
108149 
108150 
108151 
108152 
108153 
108154 
108155 
108156 
108157 
108158 
108159 
108160 
108161 
108162 
108163 
108164 
108165 
108166 
108167 
108168 
108169 
108170 
108171 
108172 
108173 
108174 
108175 
108176 
108177 
108178 
108179 
108180 
108181 
108182 
108183 
108184 
108185 
108186 
108187 
108188 
108189 
108190 
108191 
108192 
108193 
108194 
108195 
108196 
108197 
108198 
108199 
108200 
108201 
108202 
108203 
108204 
108205 
108206 
108207 
108208 
108209 
108210 
108211 
108212 
108213 
108214 
108215 
108216 
108343 
108344 
108347 
108348 
108349 
108350 
108353 
108354 
108355 
108356 
108357 
108358 
108359 
108360 
108363 
108364 
108365 
108366 
108367 
108368 
108369 
108370 
108371 
108372 
108373 
108374 
108375 
108376 
108377 
108378 
108379 
108380 
108381 
108382 
108383 
108384 
108385 
108386 
108387 
108388 
108389 
108390 
108391 
108392 
108393 
108394 
108395 
108396 
108397 
108398 
108399 
108400 
108401 
108402 
108403 
108404 
108405 
108406 
108407 
108408 
108409 
108410 
108411 
108412 
108413 
108414 
108415 
108416 
108417 
108418 
108419 
108420 
108421 
108422 
108423 
108424 
108425 
108426 
108427 
108428 
108429 
108430 
108431 
108432 
108433 
108434 
108435 
108436 
108437 
108438 
108439 
108440 
108441 
108442 
108443 
108444 
108445 
108446 
108447 
108448 
108449 
108450 
108451 
108452 
108453 
108454 
108455 
108456 
108583 
108584 
108587 
108588 
108589 
108590 
108593 
108594 
108595 
108596 
108597 
108598 
108599 
108600 
108603 
108604 
108605 
108606 
108607 
108608 
108609 
108610 
108611 
108612 
108613 
108614 
108615 
108616 
108617 
108618 
108619 
108620 
108621 
108622 
108623 
108624 
108625 
108626 
108627 
108628 
108629 
108630 
108631 
108632 
108633 
108634 
108635 
108636 
108637 
108638 
108639 
108640 
108641 
108642 
108643 
108644 
108645 
108646 
108647 
108648 
108649 
108650 
108651 
108652 
108653 
108654 
108655 
108656 
108657 
108658 
108659 
108660 
108661 
108662 
108663 
108664 
108665 
108666 
108667 
108668 
108669 
108670 
108671 
108672 
108673 
108674 
108675 
108676 
108677 
108678 
108679 
108680 
108681 
108682 
108683 
108684 
108685 
108686 
108687 
108688 
108689 
108690 
108691 
108692 
108693 
108694 
108695 
108696 
108823 
108824 
108827 
108828 
108829 
108830 
108833 
108834 
108835 
108836 
108837 
108838 
108839 
108840 
108843 
108844 
108845 
108846 
108847 
108848 
108849 
108850 
108851 
108852 
108853 
108854 
108855 
108856 
108857 
108858 
108859 
108860 
108861 
108862 
108863 
108864 
108865 
108866 
108867 
108868 
108869 
108870 
108871 
108872 
108873 
108874 
108875 
108876 
108877 
108878 
108879 
108880 
108881 
108882 
108883 
108884 
108885 
108886 
108887 
108888 
108889 
108890 
108891 
108892 
108893 
108894 
108895 
108896 
108897 
108898 
108899 
108900 
108901 
108902 
108903 
108904 
108905 
108906 
108907 
108908 
108909 
108910 
108911 
108912 
108913 
108914 
108915 
108916 
108917 
108918 
108919 
108920 
108921 
108922 
108923 
108924 
108925 
108926 
108927 
108928 
108929 
108930 
108931 
108932 
108933 
108934 
108935 
108936 
109063 
109064 
109067 
109068 
109069 
109070 
109073 
109074 
109075 
109076 
109077 
109078 
109079 
109080 
109083 
109084 
109085 
109086 
109087 
109088 
109089 
109090 
109091 
109092 
109093 
109094 
109095 
109096 
109097 
109098 
109099 
109100 
109101 
109102 
109103 
109104 
109105 
109106 
109107 
109108 
109109 
109110 
109111 
109112 
109113 
109114 
109115 
109116 
109117 
109118 
109119 
109120 
109121 
109122 
109123 
109124 
109125 
109126 
109127 
109128 
109129 
109130 
109131 
109132 
109133 
109134 
109135 
109136 
109137 
109138 
109139 
109140 
109141 
109142 
109143 
109144 
109145 
109146 
109147 
109148 
109149 
109150 
109151 
109152 
109153 
109154 
109155 
109156 
109157 
109158 
109159 
109160 
109161 
109162 
109163 
109164 
109165 
109166 
109167 
109168 
109169 
109170 
109171 
109172 
109173 
109174 
109175 
109176 
109303 
109304 
109307 
109308 
109309 
109310 
109313 
109314 
109315 
109316 
109317 
109318 
109319 
109320 
109323 
109324 
109325 
109326 
109327 
109328 
109329 
109330 
109331 
109332 
109333 
109334 
109335 
109336 
109337 
109338 
109339 
109340 
109341 
109342 
109343 
109344 
109345 
109346 
109347 
109348 
109349 
109350 
109351 
109352 
109353 
109354 
109355 
109356 
109357 
109358 
109359 
109360 
109361 
109362 
109363 
109364 
109365 
109366 
109367 
109368 
109369 
109370 
109371 
109372 
109373 
109374 
109375 
109376 
109377 
109378 
109379 
109380 
109381 
109382 
109383 
109384 
109385 
109386 
109387 
109388 
109389 
109390 
109391 
109392 
109393 
109394 
109395 
109396 
109397 
109398 
109399 
109400 
109401 
109402 
109403 
109404 
109405 
109406 
109407 
109408 
109409 
109410 
109411 
109412 
109413 
109414 
109415 
109416 
109543 
109544 
109547 
109548 
109549 
109550 
109553 
109554 
109555 
109556 
109557 
109558 
109559 
109560 
109563 
109564 
109565 
109566 
109567 
109568 
109569 
109570 
109571 
109572 
109573 
109574 
109575 
109576 
109577 
109578 
109579 
109580 
109581 
109582 
109583 
109584 
109585 
109586 
109587 
109588 
109589 
109590 
109591 
109592 
109593 
109594 
109595 
109596 
109597 
109598 
109599 
109600 
109601 
109602 
109603 
109604 
109605 
109606 
109607 
109608 
109609 
109610 
109611 
109612 
109613 
109614 
109615 
109616 
109617 
109618 
109619 
109620 
109621 
109622 
109623 
109624 
109625 
109626 
109627 
109628 
109629 
109630 
109631 
109632 
109633 
109634 
109635 
109636 
109637 
109638 
109639 
109640 
109641 
109642 
109643 
109644 
109645 
109646 
109647 
109648 
109649 
109650 
109651 
109652 
109653 
109654 
109655 
109656 
109783 
109784 
109787 
109788 
109789 
109790 
109793 
109794 
109795 
109796 
109797 
109798 
109799 
109800 
109803 
109804 
109805 
109806 
109807 
109808 
109809 
109810 
109811 
109812 
109813 
109814 
109815 
109816 
109817 
109818 
109819 
109820 
109821 
109822 
109823 
109824 
109825 
109826 
109827 
109828 
109829 
109830 
109831 
109832 
109833 
109834 
109835 
109836 
109837 
109838 
109839 
109840 
109841 
109842 
109843 
109844 
109845 
109846 
109847 
109848 
109849 
109850 
109851 
109852 
109853 
109854 
109855 
109856 
109857 
109858 
109859 
109860 
109861 
109862 
109863 
109864 
109865 
109866 
109867 
109868 
109869 
109870 
109871 
109872 
109873 
109874 
109875 
109876 
109877 
109878 
109879 
109880 
109881 
109882 
109883 
109884 
109885 
109886 
109887 
109888 
109889 
109890 
109891 
109892 
109893 
109894 
109895 
109896 
110023 
110024 
110027 
110028 
110029 
110030 
110033 
110034 
110035 
110036 
110037 
110038 
110039 
110040 
110043 
110044 
110045 
110046 
110047 
110048 
110049 
110050 
110051 
110052 
110053 
110054 
110055 
110056 
110057 
110058 
110059 
110060 
110061 
110062 
110063 
110064 
110065 
110066 
110067 
110068 
110069 
110070 
110071 
110072 
110073 
110074 
110075 
110076 
110077 
110078 
110079 
110080 
110081 
110082 
110083 
110084 
110085 
110086 
110087 
110088 
110089 
110090 
110091 
110092 
110093 
110094 
110095 
110096 
110097 
110098 
110099 
110100 
110101 
110102 
110103 
110104 
110105 
110106 
110107 
110108 
110109 
110110 
110111 
110112 
110113 
110114 
110115 
110116 
110117 
110118 
110119 
110120 
110121 
110122 
110123 
110124 
110125 
110126 
110127 
110128 
110129 
110130 
110131 
110132 
110133 
110134 
110135 
110136 
110263 
110264 
110267 
110268 
110269 
110270 
110273 
110274 
110275 
110276 
110277 
110278 
110279 
110280 
110283 
110284 
110285 
110286 
110287 
110288 
110289 
110290 
110291 
110292 
110293 
110294 
110295 
110296 
110297 
110298 
110299 
110300 
110301 
110302 
110303 
110304 
110305 
110306 
110307 
110308 
110309 
110310 
110311 
110312 
110313 
110314 
110315 
110316 
110317 
110318 
110319 
110320 
110321 
110322 
110323 
110324 
110325 
110326 
110327 
110328 
110329 
110330 
110331 
110332 
110333 
110334 
110335 
110336 
110337 
110338 
110339 
110340 
110341 
110342 
110343 
110344 
110345 
110346 
110347 
110348 
110349 
110350 
110351 
110352 
110353 
110354 
110355 
110356 
110357 
110358 
110359 
110360 
110361 
110362 
110363 
110364 
110365 
110366 
110367 
110368 
110369 
110370 
110371 
110372 
110373 
110374 
110375 
110376 
110503 
110504 
110507 
110508 
110509 
110510 
110513 
110514 
110515 
110516 
110517 
110518 
110519 
110520 
110523 
110524 
110525 
110526 
110527 
110528 
110529 
110530 
110531 
110532 
110533 
110534 
110535 
110536 
110537 
110538 
110539 
110540 
110541 
110542 
110543 
110544 
110545 
110546 
110547 
110548 
110549 
110550 
110551 
110552 
110553 
110554 
110555 
110556 
110557 
110558 
110559 
110560 
110561 
110562 
110563 
110564 
110565 
110566 
110567 
110568 
110569 
110570 
110571 
110572 
110573 
110574 
110575 
110576 
110577 
110578 
110579 
110580 
110581 
110582 
110583 
110584 
110585 
110586 
110587 
110588 
110589 
110590 
110591 
110592 
110593 
110594 
110595 
110596 
110597 
110598 
110599 
110600 
110601 
110602 
110603 
110604 
110605 
110606 
110607 
110608 
110609 
110610 
110611 
110612 
110613 
110614 
110615 
110616 
110743 
110744 
110747 
110748 
110749 
110750 
110753 
110754 
110755 
110756 
110757 
110758 
110759 
110760 
110763 
110764 
110765 
110766 
110767 
110768 
110769 
110770 
110771 
110772 
110773 
110774 
110775 
110776 
110777 
110778 
110779 
110780 
110781 
110782 
110783 
110784 
110785 
110786 
110787 
110788 
110789 
110790 
110791 
110792 
110793 
110794 
110795 
110796 
110797 
110798 
110799 
110800 
110801 
110802 
110803 
110804 
110805 
110806 
110807 
110808 
110809 
110810 
110811 
110812 
110813 
110814 
110815 
110816 
110817 
110818 
110819 
110820 
110821 
110822 
110823 
110824 
110825 
110826 
110827 
110828 
110829 
110830 
110831 
110832 
110833 
110834 
110835 
110836 
110837 
110838 
110839 
110840 
110841 
110842 
110843 
110844 
110845 
110846 
110847 
110848 
110849 
110850 
110851 
110852 
110853 
110854 
110855 
110856 
110983 
110984 
110987 
110988 
110989 
110990 
110993 
110994 
110995 
110996 
110997 
110998 
110999 
111000 
111003 
111004 
111005 
111006 
111007 
111008 
111009 
111010 
111011 
111012 
111013 
111014 
111015 
111016 
111017 
111018 
111019 
111020 
111021 
111022 
111023 
111024 
111025 
111026 
111027 
111028 
111029 
111030 
111031 
111032 
111033 
111034 
111035 
111036 
111037 
111038 
111039 
111040 
111041 
111042 
111043 
111044 
111045 
111046 
111047 
111048 
111049 
111050 
111051 
111052 
111053 
111054 
111055 
111056 
111057 
111058 
111059 
111060 
111061 
111062 
111063 
111064 
111065 
111066 
111067 
111068 
111069 
111070 
111071 
111072 
111073 
111074 
111075 
111076 
111077 
111078 
111079 
111080 
111081 
111082 
111083 
111084 
111085 
111086 
111087 
111088 
111089 
111090 
111091 
111092 
111093 
111094 
111095 
111096 
111235 
111239 
111240 
111245 
111247 
111249 
111251 
111253 
111255 
111257 
111259 
111261 
111263 
111265 
111267 
111269 
111271 
111273 
111275 
111277 
111279 
111281 
111283 
111285 
111287 
111289 
111291 
111293 
111295 
111297 
111299 
111301 
111303 
111305 
111307 
111309 
111311 
111313 
111315 
111317 
111319 
111321 
111323 
111325 
111327 
111329 
111331 
111333 
111335 
111465 
111466 
111469 
111470 
111475 
111476 
111477 
111478 
111479 
111480 
111481 
111482 
111485 
111486 
111487 
111488 
111489 
111490 
111491 
111492 
111493 
111494 
111495 
111496 
111497 
111498 
111499 
111500 
111501 
111502 
111503 
111504 
111505 
111506 
111507 
111508 
111509 
111510 
111511 
111512 
111513 
111514 
111515 
111516 
111517 
111518 
111519 
111520 
111521 
111522 
111523 
111524 
111525 
111526 
111527 
111528 
111529 
111530 
111531 
111532 
111533 
111534 
111535 
111536 
111537 
111538 
111539 
111540 
111541 
111542 
111543 
111544 
111545 
111546 
111547 
111548 
111549 
111550 
111551 
111552 
111553 
111554 
111555 
111556 
111557 
111558 
111559 
111560 
111561 
111562 
111563 
111564 
111565 
111566 
111567 
111568 
111569 
111570 
111571 
111572 
111573 
111574 
111575 
111576 
111705 
111706 
111709 
111710 
111713 
111714 
111715 
111716 
111717 
111718 
111719 
111720 
111721 
111722 
111725 
111726 
111727 
111728 
111729 
111730 
111731 
111732 
111733 
111734 
111735 
111736 
111737 
111738 
111739 
111740 
111741 
111742 
111743 
111744 
111745 
111746 
111747 
111748 
111749 
111750 
111751 
111752 
111753 
111754 
111755 
111756 
111757 
111758 
111759 
111760 
111761 
111762 
111763 
111764 
111765 
111766 
111767 
111768 
111769 
111770 
111771 
111772 
111773 
111774 
111775 
111776 
111777 
111778 
111779 
111780 
111781 
111782 
111783 
111784 
111785 
111786 
111787 
111788 
111789 
111790 
111791 
111792 
111793 
111794 
111795 
111796 
111797 
111798 
111799 
111800 
111801 
111802 
111803 
111804 
111805 
111806 
111807 
111808 
111809 
111810 
111811 
111812 
111813 
111814 
111815 
111816 
111945 
111946 
111949 
111950 
111953 
111954 
111955 
111956 
111957 
111958 
111959 
111960 
111961 
111962 
111965 
111966 
111967 
111968 
111969 
111970 
111971 
111972 
111973 
111974 
111975 
111976 
111977 
111978 
111979 
111980 
111981 
111982 
111983 
111984 
111985 
111986 
111987 
111988 
111989 
111990 
111991 
111992 
111993 
111994 
111995 
111996 
111997 
111998 
111999 
112000 
112001 
112002 
112003 
112004 
112005 
112006 
112007 
112008 
112009 
112010 
112011 
112012 
112013 
112014 
112015 
112016 
112017 
112018 
112019 
112020 
112021 
112022 
112023 
112024 
112025 
112026 
112027 
112028 
112029 
112030 
112031 
112032 
112033 
112034 
112035 
112036 
112037 
112038 
112039 
112040 
112041 
112042 
112043 
112044 
112045 
112046 
112047 
112048 
112049 
112050 
112051 
112052 
112053 
112054 
112055 
112056 
112185 
112186 
112189 
112190 
112193 
112194 
112195 
112196 
112197 
112198 
112199 
112200 
112201 
112202 
112205 
112206 
112207 
112208 
112209 
112210 
112211 
112212 
112213 
112214 
112215 
112216 
112217 
112218 
112219 
112220 
112221 
112222 
112223 
112224 
112225 
112226 
112227 
112228 
112229 
112230 
112231 
112232 
112233 
112234 
112235 
112236 
112237 
112238 
112239 
112240 
112241 
112242 
112243 
112244 
112245 
112246 
112247 
112248 
112249 
112250 
112251 
112252 
112253 
112254 
112255 
112256 
112257 
112258 
112259 
112260 
112261 
112262 
112263 
112264 
112265 
112266 
112267 
112268 
112269 
112270 
112271 
112272 
112273 
112274 
112275 
112276 
112277 
112278 
112279 
112280 
112281 
112282 
112283 
112284 
112285 
112286 
112287 
112288 
112289 
112290 
112291 
112292 
112293 
112294 
112295 
112296 
112425 
112426 
112429 
112430 
112433 
112434 
112435 
112436 
112437 
112438 
112439 
112440 
112441 
112442 
112445 
112446 
112447 
112448 
112449 
112450 
112451 
112452 
112453 
112454 
112455 
112456 
112457 
112458 
112459 
112460 
112461 
112462 
112463 
112464 
112465 
112466 
112467 
112468 
112469 
112470 
112471 
112472 
112473 
112474 
112475 
112476 
112477 
112478 
112479 
112480 
112481 
112482 
112483 
112484 
112485 
112486 
112487 
112488 
112489 
112490 
112491 
112492 
112493 
112494 
112495 
112496 
112497 
112498 
112499 
112500 
112501 
112502 
112503 
112504 
112505 
112506 
112507 
112508 
112509 
112510 
112511 
112512 
112513 
112514 
112515 
112516 
112517 
112518 
112519 
112520 
112521 
112522 
112523 
112524 
112525 
112526 
112527 
112528 
112529 
112530 
112531 
112532 
112533 
112534 
112535 
112536 
112665 
112666 
112669 
112670 
112673 
112674 
112675 
112676 
112677 
112678 
112679 
112680 
112681 
112682 
112685 
112686 
112687 
112688 
112689 
112690 
112691 
112692 
112693 
112694 
112695 
112696 
112697 
112698 
112699 
112700 
112701 
112702 
112703 
112704 
112705 
112706 
112707 
112708 
112709 
112710 
112711 
112712 
112713 
112714 
112715 
112716 
112717 
112718 
112719 
112720 
112721 
112722 
112723 
112724 
112725 
112726 
112727 
112728 
112729 
112730 
112731 
112732 
112733 
112734 
112735 
112736 
112737 
112738 
112739 
112740 
112741 
112742 
112743 
112744 
112745 
112746 
112747 
112748 
112749 
112750 
112751 
112752 
112753 
112754 
112755 
112756 
112757 
112758 
112759 
112760 
112761 
112762 
112763 
112764 
112765 
112766 
112767 
112768 
112769 
112770 
112771 
112772 
112773 
112774 
112775 
112776 
112905 
112906 
112909 
112910 
112913 
112914 
112915 
112916 
112917 
112918 
112919 
112920 
112921 
112922 
112925 
112926 
112927 
112928 
112929 
112930 
112931 
112932 
112933 
112934 
112935 
112936 
112937 
112938 
112939 
112940 
112941 
112942 
112943 
112944 
112945 
112946 
112947 
112948 
112949 
112950 
112951 
112952 
112953 
112954 
112955 
112956 
112957 
112958 
112959 
112960 
112961 
112962 
112963 
112964 
112965 
112966 
112967 
112968 
112969 
112970 
112971 
112972 
112973 
112974 
112975 
112976 
112977 
112978 
112979 
112980 
112981 
112982 
112983 
112984 
112985 
112986 
112987 
112988 
112989 
112990 
112991 
112992 
112993 
112994 
112995 
112996 
112997 
112998 
112999 
113000 
113001 
113002 
113003 
113004 
113005 
113006 
113007 
113008 
113009 
113010 
113011 
113012 
113013 
113014 
113015 
113016 
113145 
113146 
113149 
113150 
113153 
113154 
113155 
113156 
113157 
113158 
113159 
113160 
113161 
113162 
113165 
113166 
113167 
113168 
113169 
113170 
113171 
113172 
113173 
113174 
113175 
113176 
113177 
113178 
113179 
113180 
113181 
113182 
113183 
113184 
113185 
113186 
113187 
113188 
113189 
113190 
113191 
113192 
113193 
113194 
113195 
113196 
113197 
113198 
113199 
113200 
113201 
113202 
113203 
113204 
113205 
113206 
113207 
113208 
113209 
113210 
113211 
113212 
113213 
113214 
113215 
113216 
113217 
113218 
113219 
113220 
113221 
113222 
113223 
113224 
113225 
113226 
113227 
113228 
113229 
113230 
113231 
113232 
113233 
113234 
113235 
113236 
113237 
113238 
113239 
113240 
113241 
113242 
113243 
113244 
113245 
113246 
113247 
113248 
113249 
113250 
113251 
113252 
113253 
113254 
113255 
113256 
113385 
113386 
113389 
113390 
113393 
113394 
113395 
113396 
113397 
113398 
113399 
113400 
113401 
113402 
113405 
113406 
113407 
113408 
113409 
113410 
113411 
113412 
113413 
113414 
113415 
113416 
113417 
113418 
113419 
113420 
113421 
113422 
113423 
113424 
113425 
113426 
113427 
113428 
113429 
113430 
113431 
113432 
113433 
113434 
113435 
113436 
113437 
113438 
113439 
113440 
113441 
113442 
113443 
113444 
113445 
113446 
113447 
113448 
113449 
113450 
113451 
113452 
113453 
113454 
113455 
113456 
113457 
113458 
113459 
113460 
113461 
113462 
113463 
113464 
113465 
113466 
113467 
113468 
113469 
113470 
113471 
113472 
113473 
113474 
113475 
113476 
113477 
113478 
113479 
113480 
113481 
113482 
113483 
113484 
113485 
113486 
113487 
113488 
113489 
113490 
113491 
113492 
113493 
113494 
113495 
113496 
113625 
113626 
113629 
113630 
113633 
113634 
113635 
113636 
113637 
113638 
113639 
113640 
113641 
113642 
113645 
113646 
113647 
113648 
113649 
113650 
113651 
113652 
113653 
113654 
113655 
113656 
113657 
113658 
113659 
113660 
113661 
113662 
113663 
113664 
113665 
113666 
113667 
113668 
113669 
113670 
113671 
113672 
113673 
113674 
113675 
113676 
113677 
113678 
113679 
113680 
113681 
113682 
113683 
113684 
113685 
113686 
113687 
113688 
113689 
113690 
113691 
113692 
113693 
113694 
113695 
113696 
113697 
113698 
113699 
113700 
113701 
113702 
113703 
113704 
113705 
113706 
113707 
113708 
113709 
113710 
113711 
113712 
113713 
113714 
113715 
113716 
113717 
113718 
113719 
113720 
113721 
113722 
113723 
113724 
113725 
113726 
113727 
113728 
113729 
113730 
113731 
113732 
113733 
113734 
113735 
113736 
113865 
113866 
113869 
113870 
113873 
113874 
113875 
113876 
113877 
113878 
113879 
113880 
113881 
113882 
113885 
113886 
113887 
113888 
113889 
113890 
113891 
113892 
113893 
113894 
113895 
113896 
113897 
113898 
113899 
113900 
113901 
113902 
113903 
113904 
113905 
113906 
113907 
113908 
113909 
113910 
113911 
113912 
113913 
113914 
113915 
113916 
113917 
113918 
113919 
113920 
113921 
113922 
113923 
113924 
113925 
113926 
113927 
113928 
113929 
113930 
113931 
113932 
113933 
113934 
113935 
113936 
113937 
113938 
113939 
113940 
113941 
113942 
113943 
113944 
113945 
113946 
113947 
113948 
113949 
113950 
113951 
113952 
113953 
113954 
113955 
113956 
113957 
113958 
113959 
113960 
113961 
113962 
113963 
113964 
113965 
113966 
113967 
113968 
113969 
113970 
113971 
113972 
113973 
113974 
113975 
113976 
114105 
114106 
114109 
114110 
114113 
114114 
114115 
114116 
114117 
114118 
114119 
114120 
114121 
114122 
114125 
114126 
114127 
114128 
114129 
114130 
114131 
114132 
114133 
114134 
114135 
114136 
114137 
114138 
114139 
114140 
114141 
114142 
114143 
114144 
114145 
114146 
114147 
114148 
114149 
114150 
114151 
114152 
114153 
114154 
114155 
114156 
114157 
114158 
114159 
114160 
114161 
114162 
114163 
114164 
114165 
114166 
114167 
114168 
114169 
114170 
114171 
114172 
114173 
114174 
114175 
114176 
114177 
114178 
114179 
114180 
114181 
114182 
114183 
114184 
114185 
114186 
114187 
114188 
114189 
114190 
114191 
114192 
114193 
114194 
114195 
114196 
114197 
114198 
114199 
114200 
114201 
114202 
114203 
114204 
114205 
114206 
114207 
114208 
114209 
114210 
114211 
114212 
114213 
114214 
114215 
114216 
114345 
114346 
114349 
114350 
114353 
114354 
114355 
114356 
114357 
114358 
114359 
114360 
114361 
114362 
114365 
114366 
114367 
114368 
114369 
114370 
114371 
114372 
114373 
114374 
114375 
114376 
114377 
114378 
114379 
114380 
114381 
114382 
114383 
114384 
114385 
114386 
114387 
114388 
114389 
114390 
114391 
114392 
114393 
114394 
114395 
114396 
114397 
114398 
114399 
114400 
114401 
114402 
114403 
114404 
114405 
114406 
114407 
114408 
114409 
114410 
114411 
114412 
114413 
114414 
114415 
114416 
114417 
114418 
114419 
114420 
114421 
114422 
114423 
114424 
114425 
114426 
114427 
114428 
114429 
114430 
114431 
114432 
114433 
114434 
114435 
114436 
114437 
114438 
114439 
114440 
114441 
114442 
114443 
114444 
114445 
114446 
114447 
114448 
114449 
114450 
114451 
114452 
114453 
114454 
114455 
114456 
114585 
114586 
114589 
114590 
114593 
114594 
114595 
114596 
114597 
114598 
114599 
114600 
114601 
114602 
114605 
114606 
114607 
114608 
114609 
114610 
114611 
114612 
114613 
114614 
114615 
114616 
114617 
114618 
114619 
114620 
114621 
114622 
114623 
114624 
114625 
114626 
114627 
114628 
114629 
114630 
114631 
114632 
114633 
114634 
114635 
114636 
114637 
114638 
114639 
114640 
114641 
114642 
114643 
114644 
114645 
114646 
114647 
114648 
114649 
114650 
114651 
114652 
114653 
114654 
114655 
114656 
114657 
114658 
114659 
114660 
114661 
114662 
114663 
114664 
114665 
114666 
114667 
114668 
114669 
114670 
114671 
114672 
114673 
114674 
114675 
114676 
114677 
114678 
114679 
114680 
114681 
114682 
114683 
114684 
114685 
114686 
114687 
114688 
114689 
114690 
114691 
114692 
114693 
114694 
114695 
114696 
114825 
114826 
114829 
114830 
114833 
114834 
114835 
114836 
114837 
114838 
114839 
114840 
114841 
114842 
114845 
114846 
114847 
114848 
114849 
114850 
114851 
114852 
114853 
114854 
114855 
114856 
114857 
114858 
114859 
114860 
114861 
114862 
114863 
114864 
114865 
114866 
114867 
114868 
114869 
114870 
114871 
114872 
114873 
114874 
114875 
114876 
114877 
114878 
114879 
114880 
114881 
114882 
114883 
114884 
114885 
114886 
114887 
114888 
114889 
114890 
114891 
114892 
114893 
114894 
114895 
114896 
114897 
114898 
114899 
114900 
114901 
114902 
114903 
114904 
114905 
114906 
114907 
114908 
114909 
114910 
114911 
114912 
114913 
114914 
114915 
114916 
114917 
114918 
114919 
114920 
114921 
114922 
114923 
114924 
114925 
114926 
114927 
114928 
114929 
114930 
114931 
114932 
114933 
114934 
114935 
114936 
115065 
115066 
115069 
115070 
115073 
115074 
115075 
115076 
115077 
115078 
115079 
115080 
115081 
115082 
115085 
115086 
115087 
115088 
115089 
115090 
115091 
115092 
115093 
115094 
115095 
115096 
115097 
115098 
115099 
115100 
115101 
115102 
115103 
115104 
115105 
115106 
115107 
115108 
115109 
115110 
115111 
115112 
115113 
115114 
115115 
115116 
115117 
115118 
115119 
115120 
115121 
115122 
115123 
115124 
115125 
115126 
115127 
115128 
115129 
115130 
115131 
115132 
115133 
115134 
115135 
115136 
115137 
115138 
115139 
115140 
115141 
115142 
115143 
115144 
115145 
115146 
115147 
115148 
115149 
115150 
115151 
115152 
115153 
115154 
115155 
115156 
115157 
115158 
115159 
115160 
115161 
115162 
115163 
115164 
115165 
115166 
115167 
115168 
115169 
115170 
115171 
115172 
115173 
115174 
115175 
115176 
115309 
115310 
115313 
115314 
115315 
115316 
115317 
115318 
115319 
115320 
115321 
115322 
115325 
115326 
115327 
115328 
115329 
115330 
115331 
115332 
115333 
115334 
115335 
115336 
115337 
115338 
115339 
115340 
115341 
115342 
115343 
115344 
115345 
115346 
115347 
115348 
115349 
115350 
115351 
115352 
115353 
115354 
115355 
115356 
115357 
115358 
115359 
115360 
115361 
115362 
115363 
115364 
115365 
115366 
115367 
115368 
115369 
115370 
115371 
115372 
115373 
115374 
115375 
115376 
115377 
115378 
115379 
115380 
115381 
115382 
115383 
115384 
115385 
115386 
115387 
115388 
115389 
115390 
115391 
115392 
115393 
115394 
115395 
115396 
115397 
115398 
115399 
115400 
115401 
115402 
115403 
115404 
115405 
115406 
115407 
115408 
115409 
115410 
115411 
115412 
115413 
115414 
115415 
115416 
115547 
115548 
115549 
115550 
115553 
115554 
115555 
115556 
115557 
115558 
115559 
115560 
115561 
115562 
115565 
115566 
115567 
115568 
115569 
115570 
115571 
115572 
115573 
115574 
115575 
115576 
115577 
115578 
115579 
115580 
115581 
115582 
115583 
115584 
115585 
115586 
115587 
115588 
115589 
115590 
115591 
115592 
115593 
115594 
115595 
115596 
115597 
115598 
115599 
115600 
115601 
115602 
115603 
115604 
115605 
115606 
115607 
115608 
115609 
115610 
115611 
115612 
115613 
115614 
115615 
115616 
115617 
115618 
115619 
115620 
115621 
115622 
115623 
115624 
115625 
115626 
115627 
115628 
115629 
115630 
115631 
115632 
115633 
115634 
115635 
115636 
115637 
115638 
115639 
115640 
115641 
115642 
115643 
115644 
115645 
115646 
115647 
115648 
115649 
115650 
115651 
115652 
115653 
115654 
115655 
115656 
115787 
115788 
115789 
115790 
115793 
115794 
115795 
115796 
115797 
115798 
115799 
115800 
115805 
115806 
115807 
115808 
115809 
115810 
115811 
115812 
115813 
115814 
115815 
115816 
115817 
115818 
115819 
115820 
115821 
115822 
115823 
115824 
115825 
115826 
115827 
115828 
115829 
115830 
115831 
115832 
115833 
115834 
115835 
115836 
115837 
115838 
115839 
115840 
115841 
115842 
115843 
115844 
115845 
115846 
115847 
115848 
115849 
115850 
115851 
115852 
115853 
115854 
115855 
115856 
115857 
115858 
115859 
115860 
115861 
115862 
115863 
115864 
115865 
115866 
115867 
115868 
115869 
115870 
115871 
115872 
115873 
115874 
115875 
115876 
115877 
115878 
115879 
115880 
115881 
115882 
115883 
115884 
115885 
115886 
115887 
115888 
115889 
115890 
115891 
115892 
115893 
115894 
115895 
115896 
116021 
116022 
116027 
116028 
116029 
116030 
116033 
116034 
116035 
116036 
116037 
116038 
116039 
116040 
116043 
116044 
116045 
116046 
116047 
116048 
116049 
116050 
116051 
116052 
116053 
116054 
116055 
116056 
116057 
116058 
116059 
116060 
116061 
116062 
116063 
116064 
116065 
116066 
116067 
116068 
116069 
116070 
116071 
116072 
116073 
116074 
116075 
116076 
116077 
116078 
116079 
116080 
116081 
116082 
116083 
116084 
116085 
116086 
116087 
116088 
116089 
116090 
116091 
116092 
116093 
116094 
116095 
116096 
116097 
116098 
116099 
116100 
116101 
116102 
116103 
116104 
116105 
116106 
116107 
116108 
116109 
116110 
116111 
116112 
116113 
116114 
116115 
116116 
116117 
116118 
116119 
116120 
116121 
116122 
116123 
116124 
116125 
116126 
116127 
116128 
116129 
116130 
116131 
116132 
116133 
116134 
116135 
116136 
116261 
116262 
116267 
116268 
116269 
116270 
116273 
116274 
116275 
116276 
116277 
116278 
116279 
116280 
116283 
116284 
116285 
116286 
116287 
116288 
116289 
116290 
116291 
116292 
116293 
116294 
116295 
116296 
116297 
116298 
116299 
116300 
116301 
116302 
116303 
116304 
116305 
116306 
116307 
116308 
116309 
116310 
116311 
116312 
116313 
116314 
116315 
116316 
116317 
116318 
116319 
116320 
116321 
116322 
116323 
116324 
116325 
116326 
116327 
116328 
116329 
116330 
116331 
116332 
116333 
116334 
116335 
116336 
116337 
116338 
116339 
116340 
116341 
116342 
116343 
116344 
116345 
116346 
116347 
116348 
116349 
116350 
116351 
116352 
116353 
116354 
116355 
116356 
116357 
116358 
116359 
116360 
116361 
116362 
116363 
116364 
116365 
116366 
116367 
116368 
116369 
116370 
116371 
116372 
116373 
116374 
116375 
116376 
116501 
116502 
116507 
116508 
116509 
116510 
116513 
116514 
116515 
116516 
116517 
116518 
116519 
116520 
116523 
116524 
116525 
116526 
116527 
116528 
116529 
116530 
116531 
116532 
116533 
116534 
116535 
116536 
116537 
116538 
116539 
116540 
116541 
116542 
116543 
116544 
116545 
116546 
116547 
116548 
116549 
116550 
116551 
116552 
116553 
116554 
116555 
116556 
116557 
116558 
116559 
116560 
116561 
116562 
116563 
116564 
116565 
116566 
116567 
116568 
116569 
116570 
116571 
116572 
116573 
116574 
116575 
116576 
116577 
116578 
116579 
116580 
116581 
116582 
116583 
116584 
116585 
116586 
116587 
116588 
116589 
116590 
116591 
116592 
116593 
116594 
116595 
116596 
116597 
116598 
116599 
116600 
116601 
116602 
116603 
116604 
116605 
116606 
116607 
116608 
116609 
116610 
116611 
116612 
116613 
116614 
116615 
116616 
116741 
116742 
116747 
116748 
116749 
116750 
116753 
116754 
116755 
116756 
116757 
116758 
116759 
116760 
116763 
116764 
116765 
116766 
116767 
116768 
116769 
116770 
116771 
116772 
116773 
116774 
116775 
116776 
116777 
116778 
116779 
116780 
116781 
116782 
116783 
116784 
116785 
116786 
116787 
116788 
116789 
116790 
116791 
116792 
116793 
116794 
116795 
116796 
116797 
116798 
116799 
116800 
116801 
116802 
116803 
116804 
116805 
116806 
116807 
116808 
116809 
116810 
116811 
116812 
116813 
116814 
116815 
116816 
116817 
116818 
116819 
116820 
116821 
116822 
116823 
116824 
116825 
116826 
116827 
116828 
116829 
116830 
116831 
116832 
116833 
116834 
116835 
116836 
116837 
116838 
116839 
116840 
116841 
116842 
116843 
116844 
116845 
116846 
116847 
116848 
116849 
116850 
116851 
116852 
116853 
116854 
116855 
116856 
116981 
116982 
116987 
116988 
116989 
116990 
116993 
116994 
116995 
116996 
116997 
116998 
116999 
117000 
117003 
117004 
117005 
117006 
117007 
117008 
117009 
117010 
117011 
117012 
117013 
117014 
117015 
117016 
117017 
117018 
117019 
117020 
117021 
117022 
117023 
117024 
117025 
117026 
117027 
117028 
117029 
117030 
117031 
117032 
117033 
117034 
117035 
117036 
117037 
117038 
117039 
117040 
117041 
117042 
117043 
117044 
117045 
117046 
117047 
117048 
117049 
117050 
117051 
117052 
117053 
117054 
117055 
117056 
117057 
117058 
117059 
117060 
117061 
117062 
117063 
117064 
117065 
117066 
117067 
117068 
117069 
117070 
117071 
117072 
117073 
117074 
117075 
117076 
117077 
117078 
117079 
117080 
117081 
117082 
117083 
117084 
117085 
117086 
117087 
117088 
117089 
117090 
117091 
117092 
117093 
117094 
117095 
117096 
117221 
117222 
117227 
117228 
117229 
117230 
117233 
117234 
117235 
117236 
117237 
117238 
117239 
117240 
117243 
117244 
117245 
117246 
117247 
117248 
117249 
117250 
117251 
117252 
117253 
117254 
117255 
117256 
117257 
117258 
117259 
117260 
117261 
117262 
117263 
117264 
117265 
117266 
117267 
117268 
117269 
117270 
117271 
117272 
117273 
117274 
117275 
117276 
117277 
117278 
117279 
117280 
117281 
117282 
117283 
117284 
117285 
117286 
117287 
117288 
117289 
117290 
117291 
117292 
117293 
117294 
117295 
117296 
117297 
117298 
117299 
117300 
117301 
117302 
117303 
117304 
117305 
117306 
117307 
117308 
117309 
117310 
117311 
117312 
117313 
117314 
117315 
117316 
117317 
117318 
117319 
117320 
117321 
117322 
117323 
117324 
117325 
117326 
117327 
117328 
117329 
117330 
117331 
117332 
117333 
117334 
117335 
117336 
117461 
117462 
117467 
117468 
117469 
117470 
117473 
117474 
117475 
117476 
117477 
117478 
117479 
117480 
117483 
117484 
117485 
117486 
117487 
117488 
117489 
117490 
117491 
117492 
117493 
117494 
117495 
117496 
117497 
117498 
117499 
117500 
117501 
117502 
117503 
117504 
117505 
117506 
117507 
117508 
117509 
117510 
117511 
117512 
117513 
117514 
117515 
117516 
117517 
117518 
117519 
117520 
117521 
117522 
117523 
117524 
117525 
117526 
117527 
117528 
117529 
117530 
117531 
117532 
117533 
117534 
117535 
117536 
117537 
117538 
117539 
117540 
117541 
117542 
117543 
117544 
117545 
117546 
117547 
117548 
117549 
117550 
117551 
117552 
117553 
117554 
117555 
117556 
117557 
117558 
117559 
117560 
117561 
117562 
117563 
117564 
117565 
117566 
117567 
117568 
117569 
117570 
117571 
117572 
117573 
117574 
117575 
117576 
117701 
117702 
117707 
117708 
117709 
117710 
117713 
117714 
117715 
117716 
117717 
117718 
117719 
117720 
117723 
117724 
117725 
117726 
117727 
117728 
117729 
117730 
117731 
117732 
117733 
117734 
117735 
117736 
117737 
117738 
117739 
117740 
117741 
117742 
117743 
117744 
117745 
117746 
117747 
117748 
117749 
117750 
117751 
117752 
117753 
117754 
117755 
117756 
117757 
117758 
117759 
117760 
117761 
117762 
117763 
117764 
117765 
117766 
117767 
117768 
117769 
117770 
117771 
117772 
117773 
117774 
117775 
117776 
117777 
117778 
117779 
117780 
117781 
117782 
117783 
117784 
117785 
117786 
117787 
117788 
117789 
117790 
117791 
117792 
117793 
117794 
117795 
117796 
117797 
117798 
117799 
117800 
117801 
117802 
117803 
117804 
117805 
117806 
117807 
117808 
117809 
117810 
117811 
117812 
117813 
117814 
117815 
117816 
117941 
117942 
117947 
117948 
117949 
117950 
117953 
117954 
117955 
117956 
117957 
117958 
117959 
117960 
117963 
117964 
117965 
117966 
117967 
117968 
117969 
117970 
117971 
117972 
117973 
117974 
117975 
117976 
117977 
117978 
117979 
117980 
117981 
117982 
117983 
117984 
117985 
117986 
117987 
117988 
117989 
117990 
117991 
117992 
117993 
117994 
117995 
117996 
117997 
117998 
117999 
118000 
118001 
118002 
118003 
118004 
118005 
118006 
118007 
118008 
118009 
118010 
118011 
118012 
118013 
118014 
118015 
118016 
118017 
118018 
118019 
118020 
118021 
118022 
118023 
118024 
118025 
118026 
118027 
118028 
118029 
118030 
118031 
118032 
118033 
118034 
118035 
118036 
118037 
118038 
118039 
118040 
118041 
118042 
118043 
118044 
118045 
118046 
118047 
118048 
118049 
118050 
118051 
118052 
118053 
118054 
118055 
118056 
118181 
118182 
118187 
118188 
118189 
118190 
118193 
118194 
118195 
118196 
118197 
118198 
118199 
118200 
118203 
118204 
118205 
118206 
118207 
118208 
118209 
118210 
118211 
118212 
118213 
118214 
118215 
118216 
118217 
118218 
118219 
118220 
118221 
118222 
118223 
118224 
118225 
118226 
118227 
118228 
118229 
118230 
118231 
118232 
118233 
118234 
118235 
118236 
118237 
118238 
118239 
118240 
118241 
118242 
118243 
118244 
118245 
118246 
118247 
118248 
118249 
118250 
118251 
118252 
118253 
118254 
118255 
118256 
118257 
118258 
118259 
118260 
118261 
118262 
118263 
118264 
118265 
118266 
118267 
118268 
118269 
118270 
118271 
118272 
118273 
118274 
118275 
118276 
118277 
118278 
118279 
118280 
118281 
118282 
118283 
118284 
118285 
118286 
118287 
118288 
118289 
118290 
118291 
118292 
118293 
118294 
118295 
118296 
118421 
118422 
118427 
118428 
118429 
118430 
118433 
118434 
118435 
118436 
118437 
118438 
118439 
118440 
118443 
118444 
118445 
118446 
118447 
118448 
118449 
118450 
118451 
118452 
118453 
118454 
118455 
118456 
118457 
118458 
118459 
118460 
118461 
118462 
118463 
118464 
118465 
118466 
118467 
118468 
118469 
118470 
118471 
118472 
118473 
118474 
118475 
118476 
118477 
118478 
118479 
118480 
118481 
118482 
118483 
118484 
118485 
118486 
118487 
118488 
118489 
118490 
118491 
118492 
118493 
118494 
118495 
118496 
118497 
118498 
118499 
118500 
118501 
118502 
118503 
118504 
118505 
118506 
118507 
118508 
118509 
118510 
118511 
118512 
118513 
118514 
118515 
118516 
118517 
118518 
118519 
118520 
118521 
118522 
118523 
118524 
118525 
118526 
118527 
118528 
118529 
118530 
118531 
118532 
118533 
118534 
118535 
118536 
118661 
118662 
118667 
118668 
118669 
118670 
118673 
118674 
118675 
118676 
118677 
118678 
118679 
118680 
118683 
118684 
118685 
118686 
118687 
118688 
118689 
118690 
118691 
118692 
118693 
118694 
118695 
118696 
118697 
118698 
118699 
118700 
118701 
118702 
118703 
118704 
118705 
118706 
118707 
118708 
118709 
118710 
118711 
118712 
118713 
118714 
118715 
118716 
118717 
118718 
118719 
118720 
118721 
118722 
118723 
118724 
118725 
118726 
118727 
118728 
118729 
118730 
118731 
118732 
118733 
118734 
118735 
118736 
118737 
118738 
118739 
118740 
118741 
118742 
118743 
118744 
118745 
118746 
118747 
118748 
118749 
118750 
118751 
118752 
118753 
118754 
118755 
118756 
118757 
118758 
118759 
118760 
118761 
118762 
118763 
118764 
118765 
118766 
118767 
118768 
118769 
118770 
118771 
118772 
118773 
118774 
118775 
118776 
118901 
118902 
118907 
118908 
118909 
118910 
118913 
118914 
118915 
118916 
118917 
118918 
118919 
118920 
118923 
118924 
118925 
118926 
118927 
118928 
118929 
118930 
118931 
118932 
118933 
118934 
118935 
118936 
118937 
118938 
118939 
118940 
118941 
118942 
118943 
118944 
118945 
118946 
118947 
118948 
118949 
118950 
118951 
118952 
118953 
118954 
118955 
118956 
118957 
118958 
118959 
118960 
118961 
118962 
118963 
118964 
118965 
118966 
118967 
118968 
118969 
118970 
118971 
118972 
118973 
118974 
118975 
118976 
118977 
118978 
118979 
118980 
118981 
118982 
118983 
118984 
118985 
118986 
118987 
118988 
118989 
118990 
118991 
118992 
118993 
118994 
118995 
118996 
118997 
118998 
118999 
119000 
119001 
119002 
119003 
119004 
119005 
119006 
119007 
119008 
119009 
119010 
119011 
119012 
119013 
119014 
119015 
119016 
119141 
119142 
119147 
119148 
119149 
119150 
119153 
119154 
119155 
119156 
119157 
119158 
119159 
119160 
119163 
119164 
119165 
119166 
119167 
119168 
119169 
119170 
119171 
119172 
119173 
119174 
119175 
119176 
119177 
119178 
119179 
119180 
119181 
119182 
119183 
119184 
119185 
119186 
119187 
119188 
119189 
119190 
119191 
119192 
119193 
119194 
119195 
119196 
119197 
119198 
119199 
119200 
119201 
119202 
119203 
119204 
119205 
119206 
119207 
119208 
119209 
119210 
119211 
119212 
119213 
119214 
119215 
119216 
119217 
119218 
119219 
119220 
119221 
119222 
119223 
119224 
119225 
119226 
119227 
119228 
119229 
119230 
119231 
119232 
119233 
119234 
119235 
119236 
119237 
119238 
119239 
119240 
119241 
119242 
119243 
119244 
119245 
119246 
119247 
119248 
119249 
119250 
119251 
119252 
119253 
119254 
119255 
119256 
119381 
119382 
119387 
119388 
119389 
119390 
119393 
119394 
119395 
119396 
119397 
119398 
119399 
119400 
119403 
119404 
119405 
119406 
119407 
119408 
119409 
119410 
119411 
119412 
119413 
119414 
119415 
119416 
119417 
119418 
119419 
119420 
119421 
119422 
119423 
119424 
119425 
119426 
119427 
119428 
119429 
119430 
119431 
119432 
119433 
119434 
119435 
119436 
119437 
119438 
119439 
119440 
119441 
119442 
119443 
119444 
119445 
119446 
119447 
119448 
119449 
119450 
119451 
119452 
119453 
119454 
119455 
119456 
119457 
119458 
119459 
119460 
119461 
119462 
119463 
119464 
119465 
119466 
119467 
119468 
119469 
119470 
119471 
119472 
119473 
119474 
119475 
119476 
119477 
119478 
119479 
119480 
119481 
119482 
119483 
119484 
119485 
119486 
119487 
119488 
119489 
119490 
119491 
119492 
119493 
119494 
119495 
119496 
119621 
119622 
119627 
119628 
119629 
119630 
119633 
119634 
119635 
119636 
119637 
119638 
119639 
119640 
119643 
119644 
119645 
119646 
119647 
119648 
119649 
119650 
119651 
119652 
119653 
119654 
119655 
119656 
119657 
119658 
119659 
119660 
119661 
119662 
119663 
119664 
119665 
119666 
119667 
119668 
119669 
119670 
119671 
119672 
119673 
119674 
119675 
119676 
119677 
119678 
119679 
119680 
119681 
119682 
119683 
119684 
119685 
119686 
119687 
119688 
119689 
119690 
119691 
119692 
119693 
119694 
119695 
119696 
119697 
119698 
119699 
119700 
119701 
119702 
119703 
119704 
119705 
119706 
119707 
119708 
119709 
119710 
119711 
119712 
119713 
119714 
119715 
119716 
119717 
119718 
119719 
119720 
119721 
119722 
119723 
119724 
119725 
119726 
119727 
119728 
119729 
119730 
119731 
119732 
119733 
119734 
119735 
119736 
119867 
119868 
119873 
119874 
119875 
119876 
119877 
119878 
119879 
119880 
119883 
119884 
119885 
119886 
119887 
119888 
119889 
119890 
119891 
119892 
119893 
119894 
119895 
119896 
119897 
119898 
119899 
119900 
119901 
119902 
119903 
119904 
119905 
119906 
119907 
119908 
119909 
119910 
119911 
119912 
119913 
119914 
119915 
119916 
119917 
119918 
119919 
119920 
119921 
119922 
119923 
119924 
119925 
119926 
119927 
119928 
119929 
119930 
119931 
119932 
119933 
119934 
119935 
119936 
119937 
119938 
119939 
119940 
119941 
119942 
119943 
119944 
119945 
119946 
119947 
119948 
119949 
119950 
119951 
119952 
119953 
119954 
119955 
119956 
119957 
119958 
119959 
119960 
119961 
119962 
119963 
119964 
119965 
119966 
119967 
119968 
119969 
119970 
119971 
119972 
119973 
119974 
119975 
119976 
120107 
120108 
120111 
120112 
120113 
120114 
120115 
120116 
120117 
120118 
120119 
120120 
120123 
120124 
120125 
120126 
120127 
120128 
120129 
120130 
120131 
120132 
120133 
120134 
120135 
120136 
120137 
120138 
120139 
120140 
120141 
120142 
120143 
120144 
120145 
120146 
120147 
120148 
120149 
120150 
120151 
120152 
120153 
120154 
120155 
120156 
120157 
120158 
120159 
120160 
120161 
120162 
120163 
120164 
120165 
120166 
120167 
120168 
120169 
120170 
120171 
120172 
120173 
120174 
120175 
120176 
120177 
120178 
120179 
120180 
120181 
120182 
120183 
120184 
120185 
120186 
120187 
120188 
120189 
120190 
120191 
120192 
120193 
120194 
120195 
120196 
120197 
120198 
120199 
120200 
120201 
120202 
120203 
120204 
120205 
120206 
120207 
120208 
120209 
120210 
120211 
120212 
120213 
120214 
120215 
120216 
120343 
120344 
120347 
120348 
120351 
120352 
120353 
120354 
120355 
120356 
120357 
120358 
120359 
120360 
120363 
120364 
120365 
120366 
120367 
120368 
120369 
120370 
120371 
120372 
120373 
120374 
120375 
120376 
120377 
120378 
120379 
120380 
120381 
120382 
120383 
120384 
120385 
120386 
120387 
120388 
120389 
120390 
120391 
120392 
120393 
120394 
120395 
120396 
120397 
120398 
120399 
120400 
120401 
120402 
120403 
120404 
120405 
120406 
120407 
120408 
120409 
120410 
120411 
120412 
120413 
120414 
120415 
120416 
120417 
120418 
120419 
120420 
120421 
120422 
120423 
120424 
120425 
120426 
120427 
120428 
120429 
120430 
120431 
120432 
120433 
120434 
120435 
120436 
120437 
120438 
120439 
120440 
120441 
120442 
120443 
120444 
120445 
120446 
120447 
120448 
120449 
120450 
120451 
120452 
120453 
120454 
120455 
120456 
120583 
120584 
120587 
120588 
120591 
120592 
120593 
120594 
120595 
120596 
120597 
120598 
120599 
120600 
120603 
120604 
120605 
120606 
120607 
120608 
120609 
120610 
120611 
120612 
120613 
120614 
120615 
120616 
120617 
120618 
120619 
120620 
120621 
120622 
120623 
120624 
120625 
120626 
120627 
120628 
120629 
120630 
120631 
120632 
120633 
120634 
120635 
120636 
120637 
120638 
120639 
120640 
120641 
120642 
120643 
120644 
120645 
120646 
120647 
120648 
120649 
120650 
120651 
120652 
120653 
120654 
120655 
120656 
120657 
120658 
120659 
120660 
120661 
120662 
120663 
120664 
120665 
120666 
120667 
120668 
120669 
120670 
120671 
120672 
120673 
120674 
120675 
120676 
120677 
120678 
120679 
120680 
120681 
120682 
120683 
120684 
120685 
120686 
120687 
120688 
120689 
120690 
120691 
120692 
120693 
120694 
120695 
120696 
120823 
120824 
120827 
120828 
120831 
120832 
120833 
120834 
120835 
120836 
120837 
120838 
120839 
120840 
120843 
120844 
120845 
120846 
120847 
120848 
120849 
120850 
120851 
120852 
120853 
120854 
120855 
120856 
120857 
120858 
120859 
120860 
120861 
120862 
120863 
120864 
120865 
120866 
120867 
120868 
120869 
120870 
120871 
120872 
120873 
120874 
120875 
120876 
120877 
120878 
120879 
120880 
120881 
120882 
120883 
120884 
120885 
120886 
120887 
120888 
120889 
120890 
120891 
120892 
120893 
120894 
120895 
120896 
120897 
120898 
120899 
120900 
120901 
120902 
120903 
120904 
120905 
120906 
120907 
120908 
120909 
120910 
120911 
120912 
120913 
120914 
120915 
120916 
120917 
120918 
120919 
120920 
120921 
120922 
120923 
120924 
120925 
120926 
120927 
120928 
120929 
120930 
120931 
120932 
120933 
120934 
120935 
120936 
121063 
121064 
121067 
121068 
121071 
121072 
121073 
121074 
121075 
121076 
121077 
121078 
121079 
121080 
121083 
121084 
121085 
121086 
121087 
121088 
121089 
121090 
121091 
121092 
121093 
121094 
121095 
121096 
121097 
121098 
121099 
121100 
121101 
121102 
121103 
121104 
121105 
121106 
121107 
121108 
121109 
121110 
121111 
121112 
121113 
121114 
121115 
121116 
121117 
121118 
121119 
121120 
121121 
121122 
121123 
121124 
121125 
121126 
121127 
121128 
121129 
121130 
121131 
121132 
121133 
121134 
121135 
121136 
121137 
121138 
121139 
121140 
121141 
121142 
121143 
121144 
121145 
121146 
121147 
121148 
121149 
121150 
121151 
121152 
121153 
121154 
121155 
121156 
121157 
121158 
121159 
121160 
121161 
121162 
121163 
121164 
121165 
121166 
121167 
121168 
121169 
121170 
121171 
121172 
121173 
121174 
121175 
121176 
121303 
121304 
121307 
121308 
121311 
121312 
121313 
121314 
121315 
121316 
121317 
121318 
121319 
121320 
121323 
121324 
121325 
121326 
121327 
121328 
121329 
121330 
121331 
121332 
121333 
121334 
121335 
121336 
121337 
121338 
121339 
121340 
121341 
121342 
121343 
121344 
121345 
121346 
121347 
121348 
121349 
121350 
121351 
121352 
121353 
121354 
121355 
121356 
121357 
121358 
121359 
121360 
121361 
121362 
121363 
121364 
121365 
121366 
121367 
121368 
121369 
121370 
121371 
121372 
121373 
121374 
121375 
121376 
121377 
121378 
121379 
121380 
121381 
121382 
121383 
121384 
121385 
121386 
121387 
121388 
121389 
121390 
121391 
121392 
121393 
121394 
121395 
121396 
121397 
121398 
121399 
121400 
121401 
121402 
121403 
121404 
121405 
121406 
121407 
121408 
121409 
121410 
121411 
121412 
121413 
121414 
121415 
121416 
121543 
121544 
121547 
121548 
121551 
121552 
121553 
121554 
121555 
121556 
121557 
121558 
121559 
121560 
121563 
121564 
121565 
121566 
121567 
121568 
121569 
121570 
121571 
121572 
121573 
121574 
121575 
121576 
121577 
121578 
121579 
121580 
121581 
121582 
121583 
121584 
121585 
121586 
121587 
121588 
121589 
121590 
121591 
121592 
121593 
121594 
121595 
121596 
121597 
121598 
121599 
121600 
121601 
121602 
121603 
121604 
121605 
121606 
121607 
121608 
121609 
121610 
121611 
121612 
121613 
121614 
121615 
121616 
121617 
121618 
121619 
121620 
121621 
121622 
121623 
121624 
121625 
121626 
121627 
121628 
121629 
121630 
121631 
121632 
121633 
121634 
121635 
121636 
121637 
121638 
121639 
121640 
121641 
121642 
121643 
121644 
121645 
121646 
121647 
121648 
121649 
121650 
121651 
121652 
121653 
121654 
121655 
121656 
121783 
121784 
121787 
121788 
121791 
121792 
121793 
121794 
121795 
121796 
121797 
121798 
121799 
121800 
121803 
121804 
121805 
121806 
121807 
121808 
121809 
121810 
121811 
121812 
121813 
121814 
121815 
121816 
121817 
121818 
121819 
121820 
121821 
121822 
121823 
121824 
121825 
121826 
121827 
121828 
121829 
121830 
121831 
121832 
121833 
121834 
121835 
121836 
121837 
121838 
121839 
121840 
121841 
121842 
121843 
121844 
121845 
121846 
121847 
121848 
121849 
121850 
121851 
121852 
121853 
121854 
121855 
121856 
121857 
121858 
121859 
121860 
121861 
121862 
121863 
121864 
121865 
121866 
121867 
121868 
121869 
121870 
121871 
121872 
121873 
121874 
121875 
121876 
121877 
121878 
121879 
121880 
121881 
121882 
121883 
121884 
121885 
121886 
121887 
121888 
121889 
121890 
121891 
121892 
121893 
121894 
121895 
121896 
122023 
122024 
122027 
122028 
122031 
122032 
122033 
122034 
122035 
122036 
122037 
122038 
122039 
122040 
122043 
122044 
122045 
122046 
122047 
122048 
122049 
122050 
122051 
122052 
122053 
122054 
122055 
122056 
122057 
122058 
122059 
122060 
122061 
122062 
122063 
122064 
122065 
122066 
122067 
122068 
122069 
122070 
122071 
122072 
122073 
122074 
122075 
122076 
122077 
122078 
122079 
122080 
122081 
122082 
122083 
122084 
122085 
122086 
122087 
122088 
122089 
122090 
122091 
122092 
122093 
122094 
122095 
122096 
122097 
122098 
122099 
122100 
122101 
122102 
122103 
122104 
122105 
122106 
122107 
122108 
122109 
122110 
122111 
122112 
122113 
122114 
122115 
122116 
122117 
122118 
122119 
122120 
122121 
122122 
122123 
122124 
122125 
122126 
122127 
122128 
122129 
122130 
122131 
122132 
122133 
122134 
122135 
122136 
122263 
122264 
122267 
122268 
122273 
122274 
122275 
122276 
122277 
122278 
122279 
122280 
122283 
122284 
122285 
122286 
122287 
122288 
122289 
122290 
122291 
122292 
122293 
122294 
122295 
122296 
122297 
122298 
122299 
122300 
122301 
122302 
122303 
122304 
122305 
122306 
122307 
122308 
122309 
122310 
122311 
122312 
122313 
122314 
122315 
122316 
122317 
122318 
122319 
122320 
122321 
122322 
122323 
122324 
122325 
122326 
122327 
122328 
122329 
122330 
122331 
122332 
122333 
122334 
122335 
122336 
122337 
122338 
122339 
122340 
122341 
122342 
122343 
122344 
122345 
122346 
122347 
122348 
122349 
122350 
122351 
122352 
122353 
122354 
122355 
122356 
122357 
122358 
122359 
122360 
122361 
122362 
122363 
122364 
122365 
122366 
122367 
122368 
122369 
122370 
122371 
122372 
122373 
122374 
122375 
122376 
122503 
122504 
122507 
122508 
122509 
122510 
122513 
122514 
122515 
122516 
122517 
122518 
122519 
122520 
122523 
122524 
122525 
122526 
122527 
122528 
122529 
122530 
122531 
122532 
122533 
122534 
122535 
122536 
122537 
122538 
122539 
122540 
122541 
122542 
122543 
122544 
122545 
122546 
122547 
122548 
122549 
122550 
122551 
122552 
122553 
122554 
122555 
122556 
122557 
122558 
122559 
122560 
122561 
122562 
122563 
122564 
122565 
122566 
122567 
122568 
122569 
122570 
122571 
122572 
122573 
122574 
122575 
122576 
122577 
122578 
122579 
122580 
122581 
122582 
122583 
122584 
122585 
122586 
122587 
122588 
122589 
122590 
122591 
122592 
122593 
122594 
122595 
122596 
122597 
122598 
122599 
122600 
122601 
122602 
122603 
122604 
122605 
122606 
122607 
122608 
122609 
122610 
122611 
122612 
122613 
122614 
122615 
122616 
122743 
122744 
122747 
122748 
122749 
122750 
122753 
122754 
122755 
122756 
122757 
122758 
122759 
122760 
122763 
122764 
122765 
122766 
122767 
122768 
122769 
122770 
122771 
122772 
122773 
122774 
122775 
122776 
122777 
122778 
122779 
122780 
122781 
122782 
122783 
122784 
122785 
122786 
122787 
122788 
122789 
122790 
122791 
122792 
122793 
122794 
122795 
122796 
122797 
122798 
122799 
122800 
122801 
122802 
122803 
122804 
122805 
122806 
122807 
122808 
122809 
122810 
122811 
122812 
122813 
122814 
122815 
122816 
122817 
122818 
122819 
122820 
122821 
122822 
122823 
122824 
122825 
122826 
122827 
122828 
122829 
122830 
122831 
122832 
122833 
122834 
122835 
122836 
122837 
122838 
122839 
122840 
122841 
122842 
122843 
122844 
122845 
122846 
122847 
122848 
122849 
122850 
122851 
122852 
122853 
122854 
122855 
122856 
122983 
122984 
122987 
122988 
122989 
122990 
122993 
122994 
122995 
122996 
122997 
122998 
122999 
123000 
123003 
123004 
123005 
123006 
123007 
123008 
123009 
123010 
123011 
123012 
123013 
123014 
123015 
123016 
123017 
123018 
123019 
123020 
123021 
123022 
123023 
123024 
123025 
123026 
123027 
123028 
123029 
123030 
123031 
123032 
123033 
123034 
123035 
123036 
123037 
123038 
123039 
123040 
123041 
123042 
123043 
123044 
123045 
123046 
123047 
123048 
123049 
123050 
123051 
123052 
123053 
123054 
123055 
123056 
123057 
123058 
123059 
123060 
123061 
123062 
123063 
123064 
123065 
123066 
123067 
123068 
123069 
123070 
123071 
123072 
123073 
123074 
123075 
123076 
123077 
123078 
123079 
123080 
123081 
123082 
123083 
123084 
123085 
123086 
123087 
123088 
123089 
123090 
123091 
123092 
123093 
123094 
123095 
123096 
123223 
123224 
123227 
123228 
123229 
123230 
123233 
123234 
123235 
123236 
123237 
123238 
123239 
123240 
123243 
123244 
123245 
123246 
123247 
123248 
123249 
123250 
123251 
123252 
123253 
123254 
123255 
123256 
123257 
123258 
123259 
123260 
123261 
123262 
123263 
123264 
123265 
123266 
123267 
123268 
123269 
123270 
123271 
123272 
123273 
123274 
123275 
123276 
123277 
123278 
123279 
123280 
123281 
123282 
123283 
123284 
123285 
123286 
123287 
123288 
123289 
123290 
123291 
123292 
123293 
123294 
123295 
123296 
123297 
123298 
123299 
123300 
123301 
123302 
123303 
123304 
123305 
123306 
123307 
123308 
123309 
123310 
123311 
123312 
123313 
123314 
123315 
123316 
123317 
123318 
123319 
123320 
123321 
123322 
123323 
123324 
123325 
123326 
123327 
123328 
123329 
123330 
123331 
123332 
123333 
123334 
123335 
123336 
123463 
123464 
123467 
123468 
123469 
123470 
123473 
123474 
123475 
123476 
123477 
123478 
123479 
123480 
123483 
123484 
123485 
123486 
123487 
123488 
123489 
123490 
123491 
123492 
123493 
123494 
123495 
123496 
123497 
123498 
123499 
123500 
123501 
123502 
123503 
123504 
123505 
123506 
123507 
123508 
123509 
123510 
123511 
123512 
123513 
123514 
123515 
123516 
123517 
123518 
123519 
123520 
123521 
123522 
123523 
123524 
123525 
123526 
123527 
123528 
123529 
123530 
123531 
123532 
123533 
123534 
123535 
123536 
123537 
123538 
123539 
123540 
123541 
123542 
123543 
123544 
123545 
123546 
123547 
123548 
123549 
123550 
123551 
123552 
123553 
123554 
123555 
123556 
123557 
123558 
123559 
123560 
123561 
123562 
123563 
123564 
123565 
123566 
123567 
123568 
123569 
123570 
123571 
123572 
123573 
123574 
123575 
123576 
123703 
123704 
123707 
123708 
123709 
123710 
123713 
123714 
123715 
123716 
123717 
123718 
123719 
123720 
123723 
123724 
123725 
123726 
123727 
123728 
123729 
123730 
123731 
123732 
123733 
123734 
123735 
123736 
123737 
123738 
123739 
123740 
123741 
123742 
123743 
123744 
123745 
123746 
123747 
123748 
123749 
123750 
123751 
123752 
123753 
123754 
123755 
123756 
123757 
123758 
123759 
123760 
123761 
123762 
123763 
123764 
123765 
123766 
123767 
123768 
123769 
123770 
123771 
123772 
123773 
123774 
123775 
123776 
123777 
123778 
123779 
123780 
123781 
123782 
123783 
123784 
123785 
123786 
123787 
123788 
123789 
123790 
123791 
123792 
123793 
123794 
123795 
123796 
123797 
123798 
123799 
123800 
123801 
123802 
123803 
123804 
123805 
123806 
123807 
123808 
123809 
123810 
123811 
123812 
123813 
123814 
123815 
123816 
123943 
123944 
123947 
123948 
123949 
123950 
123953 
123954 
123955 
123956 
123957 
123958 
123959 
123960 
123963 
123964 
123965 
123966 
123967 
123968 
123969 
123970 
123971 
123972 
123973 
123974 
123975 
123976 
123977 
123978 
123979 
123980 
123981 
123982 
123983 
123984 
123985 
123986 
123987 
123988 
123989 
123990 
123991 
123992 
123993 
123994 
123995 
123996 
123997 
123998 
123999 
124000 
124001 
124002 
124003 
124004 
124005 
124006 
124007 
124008 
124009 
124010 
124011 
124012 
124013 
124014 
124015 
124016 
124017 
124018 
124019 
124020 
124021 
124022 
124023 
124024 
124025 
124026 
124027 
124028 
124029 
124030 
124031 
124032 
124033 
124034 
124035 
124036 
124037 
124038 
124039 
124040 
124041 
124042 
124043 
124044 
124045 
124046 
124047 
124048 
124049 
124050 
124051 
124052 
124053 
124054 
124055 
124056 
124183 
124184 
124187 
124188 
124189 
124190 
124193 
124194 
124195 
124196 
124197 
124198 
124199 
124200 
124203 
124204 
124205 
124206 
124207 
124208 
124209 
124210 
124211 
124212 
124213 
124214 
124215 
124216 
124217 
124218 
124219 
124220 
124221 
124222 
124223 
124224 
124225 
124226 
124227 
124228 
124229 
124230 
124231 
124232 
124233 
124234 
124235 
124236 
124237 
124238 
124239 
124240 
124241 
124242 
124243 
124244 
124245 
124246 
124247 
124248 
124249 
124250 
124251 
124252 
124253 
124254 
124255 
124256 
124257 
124258 
124259 
124260 
124261 
124262 
124263 
124264 
124265 
124266 
124267 
124268 
124269 
124270 
124271 
124272 
124273 
124274 
124275 
124276 
124277 
124278 
124279 
124280 
124281 
124282 
124283 
124284 
124285 
124286 
124287 
124288 
124289 
124290 
124291 
124292 
124293 
124294 
124295 
124296 
124423 
124424 
124427 
124428 
124429 
124430 
124433 
124434 
124435 
124436 
124437 
124438 
124439 
124440 
124443 
124444 
124445 
124446 
124447 
124448 
124449 
124450 
124451 
124452 
124453 
124454 
124455 
124456 
124457 
124458 
124459 
124460 
124461 
124462 
124463 
124464 
124465 
124466 
124467 
124468 
124469 
124470 
124471 
124472 
124473 
124474 
124475 
124476 
124477 
124478 
124479 
124480 
124481 
124482 
124483 
124484 
124485 
124486 
124487 
124488 
124489 
124490 
124491 
124492 
124493 
124494 
124495 
124496 
124497 
124498 
124499 
124500 
124501 
124502 
124503 
124504 
124505 
124506 
124507 
124508 
124509 
124510 
124511 
124512 
124513 
124514 
124515 
124516 
124517 
124518 
124519 
124520 
124521 
124522 
124523 
124524 
124525 
124526 
124527 
124528 
124529 
124530 
124531 
124532 
124533 
124534 
124535 
124536 
124663 
124664 
124667 
124668 
124669 
124670 
124673 
124674 
124675 
124676 
124677 
124678 
124679 
124680 
124683 
124684 
124685 
124686 
124687 
124688 
124689 
124690 
124691 
124692 
124693 
124694 
124695 
124696 
124697 
124698 
124699 
124700 
124701 
124702 
124703 
124704 
124705 
124706 
124707 
124708 
124709 
124710 
124711 
124712 
124713 
124714 
124715 
124716 
124717 
124718 
124719 
124720 
124721 
124722 
124723 
124724 
124725 
124726 
124727 
124728 
124729 
124730 
124731 
124732 
124733 
124734 
124735 
124736 
124737 
124738 
124739 
124740 
124741 
124742 
124743 
124744 
124745 
124746 
124747 
124748 
124749 
124750 
124751 
124752 
124753 
124754 
124755 
124756 
124757 
124758 
124759 
124760 
124761 
124762 
124763 
124764 
124765 
124766 
124767 
124768 
124769 
124770 
124771 
124772 
124773 
124774 
124775 
124776 
124903 
124904 
124907 
124908 
124909 
124910 
124913 
124914 
124915 
124916 
124917 
124918 
124919 
124920 
124923 
124924 
124925 
124926 
124927 
124928 
124929 
124930 
124931 
124932 
124933 
124934 
124935 
124936 
124937 
124938 
124939 
124940 
124941 
124942 
124943 
124944 
124945 
124946 
124947 
124948 
124949 
124950 
124951 
124952 
124953 
124954 
124955 
124956 
124957 
124958 
124959 
124960 
124961 
124962 
124963 
124964 
124965 
124966 
124967 
124968 
124969 
124970 
124971 
124972 
124973 
124974 
124975 
124976 
124977 
124978 
124979 
124980 
124981 
124982 
124983 
124984 
124985 
124986 
124987 
124988 
124989 
124990 
124991 
124992 
124993 
124994 
124995 
124996 
124997 
124998 
124999 
125000 
125001 
125002 
125003 
125004 
125005 
125006 
125007 
125008 
125009 
125010 
125011 
125012 
125013 
125014 
125015 
125016 
125143 
125144 
125147 
125148 
125149 
125150 
125153 
125154 
125155 
125156 
125157 
125158 
125159 
125160 
125163 
125164 
125165 
125166 
125167 
125168 
125169 
125170 
125171 
125172 
125173 
125174 
125175 
125176 
125177 
125178 
125179 
125180 
125181 
125182 
125183 
125184 
125185 
125186 
125187 
125188 
125189 
125190 
125191 
125192 
125193 
125194 
125195 
125196 
125197 
125198 
125199 
125200 
125201 
125202 
125203 
125204 
125205 
125206 
125207 
125208 
125209 
125210 
125211 
125212 
125213 
125214 
125215 
125216 
125217 
125218 
125219 
125220 
125221 
125222 
125223 
125224 
125225 
125226 
125227 
125228 
125229 
125230 
125231 
125232 
125233 
125234 
125235 
125236 
125237 
125238 
125239 
125240 
125241 
125242 
125243 
125244 
125245 
125246 
125247 
125248 
125249 
125250 
125251 
125252 
125253 
125254 
125255 
125256 
125383 
125384 
125387 
125388 
125389 
125390 
125393 
125394 
125395 
125396 
125397 
125398 
125399 
125400 
125403 
125404 
125405 
125406 
125407 
125408 
125409 
125410 
125411 
125412 
125413 
125414 
125415 
125416 
125417 
125418 
125419 
125420 
125421 
125422 
125423 
125424 
125425 
125426 
125427 
125428 
125429 
125430 
125431 
125432 
125433 
125434 
125435 
125436 
125437 
125438 
125439 
125440 
125441 
125442 
125443 
125444 
125445 
125446 
125447 
125448 
125449 
125450 
125451 
125452 
125453 
125454 
125455 
125456 
125457 
125458 
125459 
125460 
125461 
125462 
125463 
125464 
125465 
125466 
125467 
125468 
125469 
125470 
125471 
125472 
125473 
125474 
125475 
125476 
125477 
125478 
125479 
125480 
125481 
125482 
125483 
125484 
125485 
125486 
125487 
125488 
125489 
125490 
125491 
125492 
125493 
125494 
125495 
125496 
125623 
125624 
125627 
125628 
125629 
125630 
125633 
125634 
125635 
125636 
125637 
125638 
125639 
125640 
125643 
125644 
125645 
125646 
125647 
125648 
125649 
125650 
125651 
125652 
125653 
125654 
125655 
125656 
125657 
125658 
125659 
125660 
125661 
125662 
125663 
125664 
125665 
125666 
125667 
125668 
125669 
125670 
125671 
125672 
125673 
125674 
125675 
125676 
125677 
125678 
125679 
125680 
125681 
125682 
125683 
125684 
125685 
125686 
125687 
125688 
125689 
125690 
125691 
125692 
125693 
125694 
125695 
125696 
125697 
125698 
125699 
125700 
125701 
125702 
125703 
125704 
125705 
125706 
125707 
125708 
125709 
125710 
125711 
125712 
125713 
125714 
125715 
125716 
125717 
125718 
125719 
125720 
125721 
125722 
125723 
125724 
125725 
125726 
125727 
125728 
125729 
125730 
125731 
125732 
125733 
125734 
125735 
125736 
125863 
125864 
125867 
125868 
125869 
125870 
125873 
125874 
125875 
125876 
125877 
125878 
125879 
125880 
125883 
125884 
125885 
125886 
125887 
125888 
125889 
125890 
125891 
125892 
125893 
125894 
125895 
125896 
125897 
125898 
125899 
125900 
125901 
125902 
125903 
125904 
125905 
125906 
125907 
125908 
125909 
125910 
125911 
125912 
125913 
125914 
125915 
125916 
125917 
125918 
125919 
125920 
125921 
125922 
125923 
125924 
125925 
125926 
125927 
125928 
125929 
125930 
125931 
125932 
125933 
125934 
125935 
125936 
125937 
125938 
125939 
125940 
125941 
125942 
125943 
125944 
125945 
125946 
125947 
125948 
125949 
125950 
125951 
125952 
125953 
125954 
125955 
125956 
125957 
125958 
125959 
125960 
125961 
125962 
125963 
125964 
125965 
125966 
125967 
125968 
125969 
125970 
125971 
125972 
125973 
125974 
125975 
125976 
126103 
126104 
126107 
126108 
126109 
126110 
126113 
126114 
126115 
126116 
126117 
126118 
126119 
126120 
126123 
126124 
126125 
126126 
126127 
126128 
126129 
126130 
126131 
126132 
126133 
126134 
126135 
126136 
126137 
126138 
126139 
126140 
126141 
126142 
126143 
126144 
126145 
126146 
126147 
126148 
126149 
126150 
126151 
126152 
126153 
126154 
126155 
126156 
126157 
126158 
126159 
126160 
126161 
126162 
126163 
126164 
126165 
126166 
126167 
126168 
126169 
126170 
126171 
126172 
126173 
126174 
126175 
126176 
126177 
126178 
126179 
126180 
126181 
126182 
126183 
126184 
126185 
126186 
126187 
126188 
126189 
126190 
126191 
126192 
126193 
126194 
126195 
126196 
126197 
126198 
126199 
126200 
126201 
126202 
126203 
126204 
126205 
126206 
126207 
126208 
126209 
126210 
126211 
126212 
126213 
126214 
126215 
126216 
126343 
126344 
126347 
126348 
126349 
126350 
126353 
126354 
126355 
126356 
126357 
126358 
126359 
126360 
126363 
126364 
126365 
126366 
126367 
126368 
126369 
126370 
126371 
126372 
126373 
126374 
126375 
126376 
126377 
126378 
126379 
126380 
126381 
126382 
126383 
126384 
126385 
126386 
126387 
126388 
126389 
126390 
126391 
126392 
126393 
126394 
126395 
126396 
126397 
126398 
126399 
126400 
126401 
126402 
126403 
126404 
126405 
126406 
126407 
126408 
126409 
126410 
126411 
126412 
126413 
126414 
126415 
126416 
126417 
126418 
126419 
126420 
126421 
126422 
126423 
126424 
126425 
126426 
126427 
126428 
126429 
126430 
126431 
126432 
126433 
126434 
126435 
126436 
126437 
126438 
126439 
126440 
126441 
126442 
126443 
126444 
126445 
126446 
126447 
126448 
126449 
126450 
126451 
126452 
126453 
126454 
126455 
126456 
126583 
126584 
126587 
126588 
126589 
126590 
126593 
126594 
126595 
126596 
126597 
126598 
126599 
126600 
126603 
126604 
126605 
126606 
126607 
126608 
126609 
126610 
126611 
126612 
126613 
126614 
126615 
126616 
126617 
126618 
126619 
126620 
126621 
126622 
126623 
126624 
126625 
126626 
126627 
126628 
126629 
126630 
126631 
126632 
126633 
126634 
126635 
126636 
126637 
126638 
126639 
126640 
126641 
126642 
126643 
126644 
126645 
126646 
126647 
126648 
126649 
126650 
126651 
126652 
126653 
126654 
126655 
126656 
126657 
126658 
126659 
126660 
126661 
126662 
126663 
126664 
126665 
126666 
126667 
126668 
126669 
126670 
126671 
126672 
126673 
126674 
126675 
126676 
126677 
126678 
126679 
126680 
126681 
126682 
126683 
126684 
126685 
126686 
126687 
126688 
126689 
126690 
126691 
126692 
126693 
126694 
126695 
126696 
126823 
126824 
126827 
126828 
126829 
126830 
126833 
126834 
126835 
126836 
126837 
126838 
126839 
126840 
126843 
126844 
126845 
126846 
126847 
126848 
126849 
126850 
126851 
126852 
126853 
126854 
126855 
126856 
126857 
126858 
126859 
126860 
126861 
126862 
126863 
126864 
126865 
126866 
126867 
126868 
126869 
126870 
126871 
126872 
126873 
126874 
126875 
126876 
126877 
126878 
126879 
126880 
126881 
126882 
126883 
126884 
126885 
126886 
126887 
126888 
126889 
126890 
126891 
126892 
126893 
126894 
126895 
126896 
126897 
126898 
126899 
126900 
126901 
126902 
126903 
126904 
126905 
126906 
126907 
126908 
126909 
126910 
126911 
126912 
126913 
126914 
126915 
126916 
126917 
126918 
126919 
126920 
126921 
126922 
126923 
126924 
126925 
126926 
126927 
126928 
126929 
126930 
126931 
126932 
126933 
126934 
126935 
126936 
127063 
127064 
127067 
127068 
127069 
127070 
127073 
127074 
127075 
127076 
127077 
127078 
127079 
127080 
127083 
127084 
127085 
127086 
127087 
127088 
127089 
127090 
127091 
127092 
127093 
127094 
127095 
127096 
127097 
127098 
127099 
127100 
127101 
127102 
127103 
127104 
127105 
127106 
127107 
127108 
127109 
127110 
127111 
127112 
127113 
127114 
127115 
127116 
127117 
127118 
127119 
127120 
127121 
127122 
127123 
127124 
127125 
127126 
127127 
127128 
127129 
127130 
127131 
127132 
127133 
127134 
127135 
127136 
127137 
127138 
127139 
127140 
127141 
127142 
127143 
127144 
127145 
127146 
127147 
127148 
127149 
127150 
127151 
127152 
127153 
127154 
127155 
127156 
127157 
127158 
127159 
127160 
127161 
127162 
127163 
127164 
127165 
127166 
127167 
127168 
127169 
127170 
127171 
127172 
127173 
127174 
127175 
127176 
127303 
127304 
127307 
127308 
127309 
127310 
127313 
127314 
127315 
127316 
127317 
127318 
127319 
127320 
127323 
127324 
127325 
127326 
127327 
127328 
127329 
127330 
127331 
127332 
127333 
127334 
127335 
127336 
127337 
127338 
127339 
127340 
127341 
127342 
127343 
127344 
127345 
127346 
127347 
127348 
127349 
127350 
127351 
127352 
127353 
127354 
127355 
127356 
127357 
127358 
127359 
127360 
127361 
127362 
127363 
127364 
127365 
127366 
127367 
127368 
127369 
127370 
127371 
127372 
127373 
127374 
127375 
127376 
127377 
127378 
127379 
127380 
127381 
127382 
127383 
127384 
127385 
127386 
127387 
127388 
127389 
127390 
127391 
127392 
127393 
127394 
127395 
127396 
127397 
127398 
127399 
127400 
127401 
127402 
127403 
127404 
127405 
127406 
127407 
127408 
127409 
127410 
127411 
127412 
127413 
127414 
127415 
127416 
127543 
127544 
127547 
127548 
127549 
127550 
127553 
127554 
127555 
127556 
127557 
127558 
127559 
127560 
127563 
127564 
127565 
127566 
127567 
127568 
127569 
127570 
127571 
127572 
127573 
127574 
127575 
127576 
127577 
127578 
127579 
127580 
127581 
127582 
127583 
127584 
127585 
127586 
127587 
127588 
127589 
127590 
127591 
127592 
127593 
127594 
127595 
127596 
127597 
127598 
127599 
127600 
127601 
127602 
127603 
127604 
127605 
127606 
127607 
127608 
127609 
127610 
127611 
127612 
127613 
127614 
127615 
127616 
127617 
127618 
127619 
127620 
127621 
127622 
127623 
127624 
127625 
127626 
127627 
127628 
127629 
127630 
127631 
127632 
127633 
127634 
127635 
127636 
127637 
127638 
127639 
127640 
127641 
127642 
127643 
127644 
127645 
127646 
127647 
127648 
127649 
127650 
127651 
127652 
127653 
127654 
127655 
127656 
127783 
127784 
127787 
127788 
127789 
127790 
127793 
127794 
127795 
127796 
127797 
127798 
127799 
127800 
127803 
127804 
127805 
127806 
127807 
127808 
127809 
127810 
127811 
127812 
127813 
127814 
127815 
127816 
127817 
127818 
127819 
127820 
127821 
127822 
127823 
127824 
127825 
127826 
127827 
127828 
127829 
127830 
127831 
127832 
127833 
127834 
127835 
127836 
127837 
127838 
127839 
127840 
127841 
127842 
127843 
127844 
127845 
127846 
127847 
127848 
127849 
127850 
127851 
127852 
127853 
127854 
127855 
127856 
127857 
127858 
127859 
127860 
127861 
127862 
127863 
127864 
127865 
127866 
127867 
127868 
127869 
127870 
127871 
127872 
127873 
127874 
127875 
127876 
127877 
127878 
127879 
127880 
127881 
127882 
127883 
127884 
127885 
127886 
127887 
127888 
127889 
127890 
127891 
127892 
127893 
127894 
127895 
127896 
128023 
128024 
128027 
128028 
128029 
128030 
128033 
128034 
128035 
128036 
128037 
128038 
128039 
128040 
128043 
128044 
128045 
128046 
128047 
128048 
128049 
128050 
128051 
128052 
128053 
128054 
128055 
128056 
128057 
128058 
128059 
128060 
128061 
128062 
128063 
128064 
128065 
128066 
128067 
128068 
128069 
128070 
128071 
128072 
128073 
128074 
128075 
128076 
128077 
128078 
128079 
128080 
128081 
128082 
128083 
128084 
128085 
128086 
128087 
128088 
128089 
128090 
128091 
128092 
128093 
128094 
128095 
128096 
128097 
128098 
128099 
128100 
128101 
128102 
128103 
128104 
128105 
128106 
128107 
128108 
128109 
128110 
128111 
128112 
128113 
128114 
128115 
128116 
128117 
128118 
128119 
128120 
128121 
128122 
128123 
128124 
128125 
128126 
128127 
128128 
128129 
128130 
128131 
128132 
128133 
128134 
128135 
128136 
128263 
128264 
128267 
128268 
128269 
128270 
128273 
128274 
128275 
128276 
128277 
128278 
128279 
128280 
128283 
128284 
128285 
128286 
128287 
128288 
128289 
128290 
128291 
128292 
128293 
128294 
128295 
128296 
128297 
128298 
128299 
128300 
128301 
128302 
128303 
128304 
128305 
128306 
128307 
128308 
128309 
128310 
128311 
128312 
128313 
128314 
128315 
128316 
128317 
128318 
128319 
128320 
128321 
128322 
128323 
128324 
128325 
128326 
128327 
128328 
128329 
128330 
128331 
128332 
128333 
128334 
128335 
128336 
128337 
128338 
128339 
128340 
128341 
128342 
128343 
128344 
128345 
128346 
128347 
128348 
128349 
128350 
128351 
128352 
128353 
128354 
128355 
128356 
128357 
128358 
128359 
128360 
128361 
128362 
128363 
128364 
128365 
128366 
128367 
128368 
128369 
128370 
128371 
128372 
128373 
128374 
128375 
128376 
128503 
128504 
128507 
128508 
128509 
128510 
128513 
128514 
128515 
128516 
128517 
128518 
128519 
128520 
128523 
128524 
128525 
128526 
128527 
128528 
128529 
128530 
128531 
128532 
128533 
128534 
128535 
128536 
128537 
128538 
128539 
128540 
128541 
128542 
128543 
128544 
128545 
128546 
128547 
128548 
128549 
128550 
128551 
128552 
128553 
128554 
128555 
128556 
128557 
128558 
128559 
128560 
128561 
128562 
128563 
128564 
128565 
128566 
128567 
128568 
128569 
128570 
128571 
128572 
128573 
128574 
128575 
128576 
128577 
128578 
128579 
128580 
128581 
128582 
128583 
128584 
128585 
128586 
128587 
128588 
128589 
128590 
128591 
128592 
128593 
128594 
128595 
128596 
128597 
128598 
128599 
128600 
128601 
128602 
128603 
128604 
128605 
128606 
128607 
128608 
128609 
128610 
128611 
128612 
128613 
128614 
128615 
128616 
128743 
128744 
128747 
128748 
128749 
128750 
128753 
128754 
128755 
128756 
128757 
128758 
128759 
128760 
128763 
128764 
128765 
128766 
128767 
128768 
128769 
128770 
128771 
128772 
128773 
128774 
128775 
128776 
128777 
128778 
128779 
128780 
128781 
128782 
128783 
128784 
128785 
128786 
128787 
128788 
128789 
128790 
128791 
128792 
128793 
128794 
128795 
128796 
128797 
128798 
128799 
128800 
128801 
128802 
128803 
128804 
128805 
128806 
128807 
128808 
128809 
128810 
128811 
128812 
128813 
128814 
128815 
128816 
128817 
128818 
128819 
128820 
128821 
128822 
128823 
128824 
128825 
128826 
128827 
128828 
128829 
128830 
128831 
128832 
128833 
128834 
128835 
128836 
128837 
128838 
128839 
128840 
128841 
128842 
128843 
128844 
128845 
128846 
128847 
128848 
128849 
128850 
128851 
128852 
128853 
128854 
128855 
128856 
128983 
128984 
128987 
128988 
128989 
128990 
128993 
128994 
128995 
128996 
128997 
128998 
128999 
129000 
129003 
129004 
129005 
129006 
129007 
129008 
129009 
129010 
129011 
129012 
129013 
129014 
129015 
129016 
129017 
129018 
129019 
129020 
129021 
129022 
129023 
129024 
129025 
129026 
129027 
129028 
129029 
129030 
129031 
129032 
129033 
129034 
129035 
129036 
129037 
129038 
129039 
129040 
129041 
129042 
129043 
129044 
129045 
129046 
129047 
129048 
129049 
129050 
129051 
129052 
129053 
129054 
129055 
129056 
129057 
129058 
129059 
129060 
129061 
129062 
129063 
129064 
129065 
129066 
129067 
129068 
129069 
129070 
129071 
129072 
129073 
129074 
129075 
129076 
129077 
129078 
129079 
129080 
129081 
129082 
129083 
129084 
129085 
129086 
129087 
129088 
129089 
129090 
129091 
129092 
129093 
129094 
129095 
129096 
129223 
129224 
129227 
129228 
129229 
129230 
129233 
129234 
129235 
129236 
129237 
129238 
129239 
129240 
129243 
129244 
129245 
129246 
129247 
129248 
129249 
129250 
129251 
129252 
129253 
129254 
129255 
129256 
129257 
129258 
129259 
129260 
129261 
129262 
129263 
129264 
129265 
129266 
129267 
129268 
129269 
129270 
129271 
129272 
129273 
129274 
129275 
129276 
129277 
129278 
129279 
129280 
129281 
129282 
129283 
129284 
129285 
129286 
129287 
129288 
129289 
129290 
129291 
129292 
129293 
129294 
129295 
129296 
129297 
129298 
129299 
129300 
129301 
129302 
129303 
129304 
129305 
129306 
129307 
129308 
129309 
129310 
129311 
129312 
129313 
129314 
129315 
129316 
129317 
129318 
129319 
129320 
129321 
129322 
129323 
129324 
129325 
129326 
129327 
129328 
129329 
129330 
129331 
129332 
129333 
129334 
129335 
129336 
129463 
129464 
129467 
129468 
129469 
129470 
129473 
129474 
129475 
129476 
129477 
129478 
129479 
129480 
129483 
129484 
129485 
129486 
129487 
129488 
129489 
129490 
129491 
129492 
129493 
129494 
129495 
129496 
129497 
129498 
129499 
129500 
129501 
129502 
129503 
129504 
129505 
129506 
129507 
129508 
129509 
129510 
129511 
129512 
129513 
129514 
129515 
129516 
129517 
129518 
129519 
129520 
129521 
129522 
129523 
129524 
129525 
129526 
129527 
129528 
129529 
129530 
129531 
129532 
129533 
129534 
129535 
129536 
129537 
129538 
129539 
129540 
129541 
129542 
129543 
129544 
129545 
129546 
129547 
129548 
129549 
129550 
129551 
129552 
129553 
129554 
129555 
129556 
129557 
129558 
129559 
129560 
129561 
129562 
129563 
129564 
129565 
129566 
129567 
129568 
129569 
129570 
129571 
129572 
129573 
129574 
129575 
129576 
129703 
129704 
129707 
129708 
129709 
129710 
129713 
129714 
129715 
129716 
129717 
129718 
129719 
129720 
129723 
129724 
129725 
129726 
129727 
129728 
129729 
129730 
129731 
129732 
129733 
129734 
129735 
129736 
129737 
129738 
129739 
129740 
129741 
129742 
129743 
129744 
129745 
129746 
129747 
129748 
129749 
129750 
129751 
129752 
129753 
129754 
129755 
129756 
129757 
129758 
129759 
129760 
129761 
129762 
129763 
129764 
129765 
129766 
129767 
129768 
129769 
129770 
129771 
129772 
129773 
129774 
129775 
129776 
129777 
129778 
129779 
129780 
129781 
129782 
129783 
129784 
129785 
129786 
129787 
129788 
129789 
129790 
129791 
129792 
129793 
129794 
129795 
129796 
129797 
129798 
129799 
129800 
129801 
129802 
129803 
129804 
129805 
129806 
129807 
129808 
129809 
129810 
129811 
129812 
129813 
129814 
129815 
129816 
129943 
129944 
129947 
129948 
129949 
129950 
129953 
129954 
129955 
129956 
129957 
129958 
129959 
129960 
129963 
129964 
129965 
129966 
129967 
129968 
129969 
129970 
129971 
129972 
129973 
129974 
129975 
129976 
129977 
129978 
129979 
129980 
129981 
129982 
129983 
129984 
129985 
129986 
129987 
129988 
129989 
129990 
129991 
129992 
129993 
129994 
129995 
129996 
129997 
129998 
129999 
130000 
130001 
130002 
130003 
130004 
130005 
130006 
130007 
130008 
130009 
130010 
130011 
130012 
130013 
130014 
130015 
130016 
130017 
130018 
130019 
130020 
130021 
130022 
130023 
130024 
130025 
130026 
130027 
130028 
130029 
130030 
130031 
130032 
130033 
130034 
130035 
130036 
130037 
130038 
130039 
130040 
130041 
130042 
130043 
130044 
130045 
130046 
130047 
130048 
130049 
130050 
130051 
130052 
130053 
130054 
130055 
130056 
130183 
130184 
130187 
130188 
130189 
130190 
130193 
130194 
130195 
130196 
130197 
130198 
130199 
130200 
130203 
130204 
130205 
130206 
130207 
130208 
130209 
130210 
130211 
130212 
130213 
130214 
130215 
130216 
130217 
130218 
130219 
130220 
130221 
130222 
130223 
130224 
130225 
130226 
130227 
130228 
130229 
130230 
130231 
130232 
130233 
130234 
130235 
130236 
130237 
130238 
130239 
130240 
130241 
130242 
130243 
130244 
130245 
130246 
130247 
130248 
130249 
130250 
130251 
130252 
130253 
130254 
130255 
130256 
130257 
130258 
130259 
130260 
130261 
130262 
130263 
130264 
130265 
130266 
130267 
130268 
130269 
130270 
130271 
130272 
130273 
130274 
130275 
130276 
130277 
130278 
130279 
130280 
130281 
130282 
130283 
130284 
130285 
130286 
130287 
130288 
130289 
130290 
130291 
130292 
130293 
130294 
130295 
130296 
130423 
130424 
130427 
130428 
130429 
130430 
130433 
130434 
130435 
130436 
130437 
130438 
130439 
130440 
130443 
130444 
130445 
130446 
130447 
130448 
130449 
130450 
130451 
130452 
130453 
130454 
130455 
130456 
130457 
130458 
130459 
130460 
130461 
130462 
130463 
130464 
130465 
130466 
130467 
130468 
130469 
130470 
130471 
130472 
130473 
130474 
130475 
130476 
130477 
130478 
130479 
130480 
130481 
130482 
130483 
130484 
130485 
130486 
130487 
130488 
130489 
130490 
130491 
130492 
130493 
130494 
130495 
130496 
130497 
130498 
130499 
130500 
130501 
130502 
130503 
130504 
130505 
130506 
130507 
130508 
130509 
130510 
130511 
130512 
130513 
130514 
130515 
130516 
130517 
130518 
130519 
130520 
130521 
130522 
130523 
130524 
130525 
130526 
130527 
130528 
130529 
130530 
130531 
130532 
130533 
130534 
130535 
130536 
130663 
130664 
130667 
130668 
130669 
130670 
130673 
130674 
130675 
130676 
130677 
130678 
130679 
130680 
130683 
130684 
130685 
130686 
130687 
130688 
130689 
130690 
130691 
130692 
130693 
130694 
130695 
130696 
130697 
130698 
130699 
130700 
130701 
130702 
130703 
130704 
130705 
130706 
130707 
130708 
130709 
130710 
130711 
130712 
130713 
130714 
130715 
130716 
130717 
130718 
130719 
130720 
130721 
130722 
130723 
130724 
130725 
130726 
130727 
130728 
130729 
130730 
130731 
130732 
130733 
130734 
130735 
130736 
130737 
130738 
130739 
130740 
130741 
130742 
130743 
130744 
130745 
130746 
130747 
130748 
130749 
130750 
130751 
130752 
130753 
130754 
130755 
130756 
130757 
130758 
130759 
130760 
130761 
130762 
130763 
130764 
130765 
130766 
130767 
130768 
130769 
130770 
130771 
130772 
130773 
130774 
130775 
130776 
130903 
130904 
130907 
130908 
130909 
130910 
130913 
130914 
130915 
130916 
130917 
130918 
130919 
130920 
130923 
130924 
130925 
130926 
130927 
130928 
130929 
130930 
130931 
130932 
130933 
130934 
130935 
130936 
130937 
130938 
130939 
130940 
130941 
130942 
130943 
130944 
130945 
130946 
130947 
130948 
130949 
130950 
130951 
130952 
130953 
130954 
130955 
130956 
130957 
130958 
130959 
130960 
130961 
130962 
130963 
130964 
130965 
130966 
130967 
130968 
130969 
130970 
130971 
130972 
130973 
130974 
130975 
130976 
130977 
130978 
130979 
130980 
130981 
130982 
130983 
130984 
130985 
130986 
130987 
130988 
130989 
130990 
130991 
130992 
130993 
130994 
130995 
130996 
130997 
130998 
130999 
131000 
131001 
131002 
131003 
131004 
131005 
131006 
131007 
131008 
131009 
131010 
131011 
131012 
131013 
131014 
131015 
131016 
)

// ************************************************************************* //
