/*--------------------------------*- C++ -*----------------------------------*\
  =========                 |
  \\      /  F ield         | OpenFOAM: The Open Source CFD Toolbox
   \\    /   O peration     | Website:  https://openfoam.org
    \\  /    A nd           | Version:  11
     \\/     M anipulation  |
\*---------------------------------------------------------------------------*/
FoamFile
{
    format      ascii;
    class       labelList;
    note        "nPoints:49800  nCells:24651  nFaces:98853  nInternalFaces:49053";
    location    "constant/polyMesh";
    object      neighbour;
}
// * * * * * * * * * * * * * * * * * * * * * * * * * * * * * * * * * * * * * //


49053
(
1
99
24552
2
100
24553
3
101
24554
4
102
24555
5
103
24556
6
104
24557
7
105
24558
8
106
24559
9
107
24560
10
108
24561
11
109
24562
12
110
24563
13
111
24564
14
112
24565
15
113
24566
16
114
24567
17
115
24568
18
116
24569
19
117
24570
20
118
24571
21
119
24572
22
120
24573
23
121
24574
24
122
24575
25
123
24576
26
124
24577
27
125
24578
28
126
24579
29
127
24580
30
128
24581
31
129
24582
32
130
24583
33
131
24584
34
132
24585
35
133
24586
36
134
24587
37
135
24588
38
136
24589
39
137
24590
40
138
24591
41
139
24592
42
140
24593
43
141
24594
44
142
24595
45
143
24596
46
144
24597
47
145
24598
48
146
24599
49
147
24600
50
148
24601
51
149
24602
52
150
24603
53
151
24604
54
152
24605
55
153
24606
56
154
24607
57
155
24608
58
156
24609
59
157
24610
60
158
24611
61
159
24612
62
160
24613
63
161
24614
64
162
24615
65
163
24616
66
164
24617
67
165
24618
68
166
24619
69
167
24620
70
168
24621
71
169
24622
72
170
24623
73
171
24624
74
172
24625
75
173
24626
76
174
24627
77
175
24628
78
176
24629
79
177
24630
80
178
24631
81
179
24632
82
180
24633
83
181
24634
84
182
24635
85
183
24636
86
184
24637
87
185
24638
88
186
24639
89
187
24640
90
188
24641
91
189
24642
92
190
24643
93
191
24644
94
192
24645
95
193
24646
96
194
24647
97
195
24648
98
196
24649
197
24650
100
198
101
199
102
200
103
201
104
202
105
203
106
204
107
205
108
206
109
207
110
208
111
209
112
210
113
211
114
212
115
213
116
214
117
215
118
216
119
217
120
218
121
219
122
220
123
221
124
222
125
223
126
224
127
225
128
226
129
227
130
228
131
229
132
230
133
231
134
232
135
233
136
234
137
235
138
236
139
237
140
238
141
239
142
240
143
241
144
242
145
243
146
244
147
245
148
246
149
247
150
248
151
249
152
250
153
251
154
252
155
253
156
254
157
255
158
256
159
257
160
258
161
259
162
260
163
261
164
262
165
263
166
264
167
265
168
266
169
267
170
268
171
269
172
270
173
271
174
272
175
273
176
274
177
275
178
276
179
277
180
278
181
279
182
280
183
281
184
282
185
283
186
284
187
285
188
286
189
287
190
288
191
289
192
290
193
291
194
292
195
293
196
294
197
295
296
199
297
200
298
201
299
202
300
203
301
204
302
205
303
206
304
207
305
208
306
209
307
210
308
211
309
212
310
213
311
214
312
215
313
216
314
217
315
218
316
219
317
220
318
221
319
222
320
223
321
224
322
225
323
226
324
227
325
228
326
229
327
230
328
231
329
232
330
233
331
234
332
235
333
236
334
237
335
238
336
239
337
240
338
241
339
242
340
243
341
244
342
245
343
246
344
247
345
248
346
249
347
250
348
251
349
252
350
253
351
254
352
255
353
256
354
257
355
258
356
259
357
260
358
261
359
262
360
263
361
264
362
265
363
266
364
267
365
268
366
269
367
270
368
271
369
272
370
273
371
274
372
275
373
276
374
277
375
278
376
279
377
280
378
281
379
282
380
283
381
284
382
285
383
286
384
287
385
288
386
289
387
290
388
291
389
292
390
293
391
294
392
295
393
296
394
395
298
396
299
397
300
398
301
399
302
400
303
401
304
402
305
403
306
404
307
405
308
406
309
407
310
408
311
409
312
410
313
411
314
412
315
413
316
414
317
415
318
416
319
417
320
418
321
419
322
420
323
421
324
422
325
423
326
424
327
425
328
426
329
427
330
428
331
429
332
430
333
431
334
432
335
433
336
434
337
435
338
436
339
437
340
438
341
439
342
440
343
441
344
442
345
443
346
444
347
445
348
446
349
447
350
448
351
449
352
450
353
451
354
452
355
453
356
454
357
455
358
456
359
457
360
458
361
459
362
460
363
461
364
462
365
463
366
464
367
465
368
466
369
467
370
468
371
469
372
470
373
471
374
472
375
473
376
474
377
475
378
476
379
477
380
478
381
479
382
480
383
481
384
482
385
483
386
484
387
485
388
486
389
487
390
488
391
489
392
490
393
491
394
492
395
493
494
397
495
398
496
399
497
400
498
401
499
402
500
403
501
404
502
405
503
406
504
407
505
408
506
409
507
410
508
411
509
412
510
413
511
414
512
415
513
416
514
417
515
418
516
419
517
420
518
421
519
422
520
423
521
424
522
425
523
426
524
427
525
428
526
429
527
430
528
431
529
432
530
433
531
434
532
435
533
436
534
437
535
438
536
439
537
440
538
441
539
442
540
443
541
444
542
445
543
446
544
447
545
448
546
449
547
450
548
451
549
452
550
453
551
454
552
455
553
456
554
457
555
458
556
459
557
460
558
461
559
462
560
463
561
464
562
465
563
466
564
467
565
468
566
469
567
470
568
471
569
472
570
473
571
474
572
475
573
476
574
477
575
478
576
479
577
480
578
481
579
482
580
483
581
484
582
485
583
486
584
487
585
488
586
489
587
490
588
491
589
492
590
493
591
494
592
593
496
594
497
595
498
596
499
597
500
598
501
599
502
600
503
601
504
602
505
603
506
604
507
605
508
606
509
607
510
608
511
609
512
610
513
611
514
612
515
613
516
614
517
615
518
616
519
617
520
618
521
619
522
620
523
621
524
622
525
623
526
624
527
625
528
626
529
627
530
628
531
629
532
630
533
631
534
632
535
633
536
634
537
635
538
636
539
637
540
638
541
639
542
640
543
641
544
642
545
643
546
644
547
645
548
646
549
647
550
648
551
649
552
650
553
651
554
652
555
653
556
654
557
655
558
656
559
657
560
658
561
659
562
660
563
661
564
662
565
663
566
664
567
665
568
666
569
667
570
668
571
669
572
670
573
671
574
672
575
673
576
674
577
675
578
676
579
677
580
678
581
679
582
680
583
681
584
682
585
683
586
684
587
685
588
686
589
687
590
688
591
689
592
690
593
691
692
595
693
596
694
597
695
598
696
599
697
600
698
601
699
602
700
603
701
604
702
605
703
606
704
607
705
608
706
609
707
610
708
611
709
612
710
613
711
614
712
615
713
616
714
617
715
618
716
619
717
620
718
621
719
622
720
623
721
624
722
625
723
626
724
627
725
628
726
629
727
630
728
631
729
632
730
633
731
634
732
635
733
636
734
637
735
638
736
639
737
640
738
641
739
642
740
643
741
644
742
645
743
646
744
647
745
648
746
649
747
650
748
651
749
652
750
653
751
654
752
655
753
656
754
657
755
658
756
659
757
660
758
661
759
662
760
663
761
664
762
665
763
666
764
667
765
668
766
669
767
670
768
671
769
672
770
673
771
674
772
675
773
676
774
677
775
678
776
679
777
680
778
681
779
682
780
683
781
684
782
685
783
686
784
687
785
688
786
689
787
690
788
691
789
692
790
791
694
792
695
793
696
794
697
795
698
796
699
797
700
798
701
799
702
800
703
801
704
802
705
803
706
804
707
805
708
806
709
807
710
808
711
809
712
810
713
811
714
812
715
813
716
814
717
815
718
816
719
817
720
818
721
819
722
820
723
821
724
822
725
823
726
824
727
825
728
826
729
827
730
828
731
829
732
830
733
831
734
832
735
833
736
834
737
835
738
836
739
837
740
838
741
839
742
840
743
841
744
842
745
843
746
844
747
845
748
846
749
847
750
848
751
849
752
850
753
851
754
852
755
853
756
854
757
855
758
856
759
857
760
858
761
859
762
860
763
861
764
862
765
863
766
864
767
865
768
866
769
867
770
868
771
869
772
870
773
871
774
872
775
873
776
874
777
875
778
876
779
877
780
878
781
879
782
880
783
881
784
882
785
883
786
884
787
885
788
886
789
887
790
888
791
889
890
793
891
794
892
795
893
796
894
797
895
798
896
799
897
800
898
801
899
802
900
803
901
804
902
805
903
806
904
807
905
808
906
809
907
810
908
811
909
812
910
813
911
814
912
815
913
816
914
817
915
818
916
819
917
820
918
821
919
822
920
823
921
824
922
825
923
826
924
827
925
828
926
829
927
830
928
831
929
832
930
833
931
834
932
835
933
836
934
837
935
838
936
839
937
840
938
841
939
842
940
843
941
844
942
845
943
846
944
847
945
848
946
849
947
850
948
851
949
852
950
853
951
854
952
855
953
856
954
857
955
858
956
859
957
860
958
861
959
862
960
863
961
864
962
865
963
866
964
867
965
868
966
869
967
870
968
871
969
872
970
873
971
874
972
875
973
876
974
877
975
878
976
879
977
880
978
881
979
882
980
883
981
884
982
885
983
886
984
887
985
888
986
889
987
890
988
989
892
990
893
991
894
992
895
993
896
994
897
995
898
996
899
997
900
998
901
999
902
1000
903
1001
904
1002
905
1003
906
1004
907
1005
908
1006
909
1007
910
1008
911
1009
912
1010
913
1011
914
1012
915
1013
916
1014
917
1015
918
1016
919
1017
920
1018
921
1019
922
1020
923
1021
924
1022
925
1023
926
1024
927
1025
928
1026
929
1027
930
1028
931
1029
932
1030
933
1031
934
1032
935
1033
936
1034
937
1035
938
1036
939
1037
940
1038
941
1039
942
1040
943
1041
944
1042
945
1043
946
1044
947
1045
948
1046
949
1047
950
1048
951
1049
952
1050
953
1051
954
1052
955
1053
956
1054
957
1055
958
1056
959
1057
960
1058
961
1059
962
1060
963
1061
964
1062
965
1063
966
1064
967
1065
968
1066
969
1067
970
1068
971
1069
972
1070
973
1071
974
1072
975
1073
976
1074
977
1075
978
1076
979
1077
980
1078
981
1079
982
1080
983
1081
984
1082
985
1083
986
1084
987
1085
988
1086
989
1087
1088
991
1089
992
1090
993
1091
994
1092
995
1093
996
1094
997
1095
998
1096
999
1097
1000
1098
1001
1099
1002
1100
1003
1101
1004
1102
1005
1103
1006
1104
1007
1105
1008
1106
1009
1107
1010
1108
1011
1109
1012
1110
1013
1111
1014
1112
1015
1113
1016
1114
1017
1115
1018
1116
1019
1117
1020
1118
1021
1119
1022
1120
1023
1121
1024
1122
1025
1123
1026
1124
1027
1125
1028
1126
1029
1127
1030
1128
1031
1129
1032
1130
1033
1131
1034
1132
1035
1133
1036
1134
1037
1135
1038
1136
1039
1137
1040
1138
1041
1139
1042
1140
1043
1141
1044
1142
1045
1143
1046
1144
1047
1145
1048
1146
1049
1147
1050
1148
1051
1149
1052
1150
1053
1151
1054
1152
1055
1153
1056
1154
1057
1155
1058
1156
1059
1157
1060
1158
1061
1159
1062
1160
1063
1161
1064
1162
1065
1163
1066
1164
1067
1165
1068
1166
1069
1167
1070
1168
1071
1169
1072
1170
1073
1171
1074
1172
1075
1173
1076
1174
1077
1175
1078
1176
1079
1177
1080
1178
1081
1179
1082
1180
1083
1181
1084
1182
1085
1183
1086
1184
1087
1185
1088
1186
1187
1090
1188
1091
1189
1092
1190
1093
1191
1094
1192
1095
1193
1096
1194
1097
1195
1098
1196
1099
1197
1100
1198
1101
1199
1102
1200
1103
1201
1104
1202
1105
1203
1106
1204
1107
1205
1108
1206
1109
1207
1110
1208
1111
1209
1112
1210
1113
1211
1114
1212
1115
1213
1116
1214
1117
1215
1118
1216
1119
1217
1120
1218
1121
1219
1122
1220
1123
1221
1124
1222
1125
1223
1126
1224
1127
1225
1128
1226
1129
1227
1130
1228
1131
1229
1132
1230
1133
1231
1134
1232
1135
1233
1136
1234
1137
1235
1138
1236
1139
1237
1140
1238
1141
1239
1142
1240
1143
1241
1144
1242
1145
1243
1146
1244
1147
1245
1148
1246
1149
1247
1150
1248
1151
1249
1152
1250
1153
1251
1154
1252
1155
1253
1156
1254
1157
1255
1158
1256
1159
1257
1160
1258
1161
1259
1162
1260
1163
1261
1164
1262
1165
1263
1166
1264
1167
1265
1168
1266
1169
1267
1170
1268
1171
1269
1172
1270
1173
1271
1174
1272
1175
1273
1176
1274
1177
1275
1178
1276
1179
1277
1180
1278
1181
1279
1182
1280
1183
1281
1184
1282
1185
1283
1186
1284
1187
1285
1286
1189
1287
1190
1288
1191
1289
1192
1290
1193
1291
1194
1292
1195
1293
1196
1294
1197
1295
1198
1296
1199
1297
1200
1298
1201
1299
1202
1300
1203
1301
1204
1302
1205
1303
1206
1304
1207
1305
1208
1306
1209
1307
1210
1308
1211
1309
1212
1310
1213
1311
1214
1312
1215
1313
1216
1314
1217
1315
1218
1316
1219
1317
1220
1318
1221
1319
1222
1320
1223
1321
1224
1322
1225
1323
1226
1324
1227
1325
1228
1326
1229
1327
1230
1328
1231
1329
1232
1330
1233
1331
1234
1332
1235
1333
1236
1334
1237
1335
1238
1336
1239
1337
1240
1338
1241
1339
1242
1340
1243
1341
1244
1342
1245
1343
1246
1344
1247
1345
1248
1346
1249
1347
1250
1348
1251
1349
1252
1350
1253
1351
1254
1352
1255
1353
1256
1354
1257
1355
1258
1356
1259
1357
1260
1358
1261
1359
1262
1360
1263
1361
1264
1362
1265
1363
1266
1364
1267
1365
1268
1366
1269
1367
1270
1368
1271
1369
1272
1370
1273
1371
1274
1372
1275
1373
1276
1374
1277
1375
1278
1376
1279
1377
1280
1378
1281
1379
1282
1380
1283
1381
1284
1382
1285
1383
1286
1384
1385
1288
1386
1289
1387
1290
1388
1291
1389
1292
1390
1293
1391
1294
1392
1295
1393
1296
1394
1297
1395
1298
1396
1299
1397
1300
1398
1301
1399
1302
1400
1303
1401
1304
1402
1305
1403
1306
1404
1307
1405
1308
1406
1309
1407
1310
1408
1311
1409
1312
1410
1313
1411
1314
1412
1315
1413
1316
1414
1317
1415
1318
1416
1319
1417
1320
1418
1321
1419
1322
1420
1323
1421
1324
1422
1325
1423
1326
1424
1327
1425
1328
1426
1329
1427
1330
1428
1331
1429
1332
1430
1333
1431
1334
1432
1335
1433
1336
1434
1337
1435
1338
1436
1339
1437
1340
1438
1341
1439
1342
1440
1343
1441
1344
1442
1345
1443
1346
1444
1347
1445
1348
1446
1349
1447
1350
1448
1351
1449
1352
1450
1353
1451
1354
1452
1355
1453
1356
1454
1357
1455
1358
1456
1359
1457
1360
1458
1361
1459
1362
1460
1363
1461
1364
1462
1365
1463
1366
1464
1367
1465
1368
1466
1369
1467
1370
1468
1371
1469
1372
1470
1373
1471
1374
1472
1375
1473
1376
1474
1377
1475
1378
1476
1379
1477
1380
1478
1381
1479
1382
1480
1383
1481
1384
1482
1385
1483
1484
1387
1485
1388
1486
1389
1487
1390
1488
1391
1489
1392
1490
1393
1491
1394
1492
1395
1493
1396
1494
1397
1495
1398
1496
1399
1497
1400
1498
1401
1499
1402
1500
1403
1501
1404
1502
1405
1503
1406
1504
1407
1505
1408
1506
1409
1507
1410
1508
1411
1509
1412
1510
1413
1511
1414
1512
1415
1513
1416
1514
1417
1515
1418
1516
1419
1517
1420
1518
1421
1519
1422
1520
1423
1521
1424
1522
1425
1523
1426
1524
1427
1525
1428
1526
1429
1527
1430
1528
1431
1529
1432
1530
1433
1531
1434
1532
1435
1533
1436
1534
1437
1535
1438
1536
1439
1537
1440
1538
1441
1539
1442
1540
1443
1541
1444
1542
1445
1543
1446
1544
1447
1545
1448
1546
1449
1547
1450
1548
1451
1549
1452
1550
1453
1551
1454
1552
1455
1553
1456
1554
1457
1555
1458
1556
1459
1557
1460
1558
1461
1559
1462
1560
1463
1561
1464
1562
1465
1563
1466
1564
1467
1565
1468
1566
1469
1567
1470
1568
1471
1569
1472
1570
1473
1571
1474
1572
1475
1573
1476
1574
1477
1575
1478
1576
1479
1577
1480
1578
1481
1579
1482
1580
1483
1581
1484
1582
1583
1486
1584
1487
1585
1488
1586
1489
1587
1490
1588
1491
1589
1492
1590
1493
1591
1494
1592
1495
1593
1496
1594
1497
1595
1498
1596
1499
1597
1500
1598
1501
1599
1502
1600
1503
1601
1504
1602
1505
1603
1506
1604
1507
1605
1508
1606
1509
1607
1510
1608
1511
1609
1512
1610
1513
1611
1514
1612
1515
1613
1516
1614
1517
1615
1518
1616
1519
1617
1520
1618
1521
1619
1522
1620
1523
1621
1524
1622
1525
1623
1526
1624
1527
1625
1528
1626
1529
1627
1530
1628
1531
1629
1532
1630
1533
1631
1534
1632
1535
1633
1536
1634
1537
1635
1538
1636
1539
1637
1540
1638
1541
1639
1542
1640
1543
1641
1544
1642
1545
1643
1546
1644
1547
1645
1548
1646
1549
1647
1550
1648
1551
1649
1552
1650
1553
1651
1554
1652
1555
1653
1556
1654
1557
1655
1558
1656
1559
1657
1560
1658
1561
1659
1562
1660
1563
1661
1564
1662
1565
1663
1566
1664
1567
1665
1568
1666
1569
1667
1570
1668
1571
1669
1572
1670
1573
1671
1574
1672
1575
1673
1576
1674
1577
1675
1578
1676
1579
1677
1580
1678
1581
1679
1582
1680
1583
1681
1682
1585
1683
1586
1684
1587
1685
1588
1686
1589
1687
1590
1688
1591
1689
1592
1690
1593
1691
1594
1692
1595
1693
1596
1694
1597
1695
1598
1696
1599
1697
1600
1698
1601
1699
1602
1700
1603
1701
1604
1702
1605
1703
1606
1704
1607
1705
1608
1706
1609
1707
1610
1708
1611
1709
1612
1710
1613
1711
1614
1712
1615
1713
1616
1714
1617
1715
1618
1716
1619
1717
1620
1718
1621
1719
1622
1720
1623
1721
1624
1722
1625
1723
1626
1724
1627
1725
1628
1726
1629
1727
1630
1728
1631
1729
1632
1730
1633
1731
1634
1732
1635
1733
1636
1734
1637
1735
1638
1736
1639
1737
1640
1738
1641
1739
1642
1740
1643
1741
1644
1742
1645
1743
1646
1744
1647
1745
1648
1746
1649
1747
1650
1748
1651
1749
1652
1750
1653
1751
1654
1752
1655
1753
1656
1754
1657
1755
1658
1756
1659
1757
1660
1758
1661
1759
1662
1760
1663
1761
1664
1762
1665
1763
1666
1764
1667
1765
1668
1766
1669
1767
1670
1768
1671
1769
1672
1770
1673
1771
1674
1772
1675
1773
1676
1774
1677
1775
1678
1776
1679
1777
1680
1778
1681
1779
1682
1780
1781
1684
1782
1685
1783
1686
1784
1687
1785
1688
1786
1689
1787
1690
1788
1691
1789
1692
1790
1693
1791
1694
1792
1695
1793
1696
1794
1697
1795
1698
1796
1699
1797
1700
1798
1701
1799
1702
1800
1703
1801
1704
1802
1705
1803
1706
1804
1707
1805
1708
1806
1709
1807
1710
1808
1711
1809
1712
1810
1713
1811
1714
1812
1715
1813
1716
1814
1717
1815
1718
1816
1719
1817
1720
1818
1721
1819
1722
1820
1723
1821
1724
1822
1725
1823
1726
1824
1727
1825
1728
1826
1729
1827
1730
1828
1731
1829
1732
1830
1733
1831
1734
1832
1735
1833
1736
1834
1737
1835
1738
1836
1739
1837
1740
1838
1741
1839
1742
1840
1743
1841
1744
1842
1745
1843
1746
1844
1747
1845
1748
1846
1749
1847
1750
1848
1751
1849
1752
1850
1753
1851
1754
1852
1755
1853
1756
1854
1757
1855
1758
1856
1759
1857
1760
1858
1761
1859
1762
1860
1763
1861
1764
1862
1765
1863
1766
1864
1767
1865
1768
1866
1769
1867
1770
1868
1771
1869
1772
1870
1773
1871
1774
1872
1775
1873
1776
1874
1777
1875
1778
1876
1779
1877
1780
1878
1781
1879
1880
1783
1881
1784
1882
1785
1883
1786
1884
1787
1885
1788
1886
1789
1887
1790
1888
1791
1889
1792
1890
1793
1891
1794
1892
1795
1893
1796
1894
1797
1895
1798
1896
1799
1897
1800
1898
1801
1899
1802
1900
1803
1901
1804
1902
1805
1903
1806
1904
1807
1905
1808
1906
1809
1907
1810
1908
1811
1909
1812
1910
1813
1911
1814
1912
1815
1913
1816
1914
1817
1915
1818
1916
1819
1917
1820
1918
1821
1919
1822
1920
1823
1921
1824
1922
1825
1923
1826
1924
1827
1925
1828
1926
1829
1927
1830
1928
1831
1929
1832
1930
1833
1931
1834
1932
1835
1933
1836
1934
1837
1935
1838
1936
1839
1937
1840
1938
1841
1939
1842
1940
1843
1941
1844
1942
1845
1943
1846
1944
1847
1945
1848
1946
1849
1947
1850
1948
1851
1949
1852
1950
1853
1951
1854
1952
1855
1953
1856
1954
1857
1955
1858
1956
1859
1957
1860
1958
1861
1959
1862
1960
1863
1961
1864
1962
1865
1963
1866
1964
1867
1965
1868
1966
1869
1967
1870
1968
1871
1969
1872
1970
1873
1971
1874
1972
1875
1973
1876
1974
1877
1975
1878
1976
1879
1977
1880
1978
1979
1882
1980
1883
1981
1884
1982
1885
1983
1886
1984
1887
1985
1888
1986
1889
1987
1890
1988
1891
1989
1892
1990
1893
1991
1894
1992
1895
1993
1896
1994
1897
1995
1898
1996
1899
1997
1900
1998
1901
1999
1902
2000
1903
2001
1904
2002
1905
2003
1906
2004
1907
2005
1908
2006
1909
2007
1910
2008
1911
2009
1912
2010
1913
2011
1914
2012
1915
2013
1916
2014
1917
2015
1918
2016
1919
2017
1920
2018
1921
2019
1922
2020
1923
2021
1924
2022
1925
2023
1926
2024
1927
2025
1928
2026
1929
2027
1930
2028
1931
2029
1932
2030
1933
2031
1934
2032
1935
2033
1936
2034
1937
2035
1938
2036
1939
2037
1940
2038
1941
2039
1942
2040
1943
2041
1944
2042
1945
2043
1946
2044
1947
2045
1948
2046
1949
2047
1950
2048
1951
2049
1952
2050
1953
2051
1954
2052
1955
2053
1956
2054
1957
2055
1958
2056
1959
2057
1960
2058
1961
2059
1962
2060
1963
2061
1964
2062
1965
2063
1966
2064
1967
2065
1968
2066
1969
2067
1970
2068
1971
2069
1972
2070
1973
2071
1974
2072
1975
2073
1976
2074
1977
2075
1978
2076
1979
2077
2078
1981
2079
1982
2080
1983
2081
1984
2082
1985
2083
1986
2084
1987
2085
1988
2086
1989
2087
1990
2088
1991
2089
1992
2090
1993
2091
1994
2092
1995
2093
1996
2094
1997
2095
1998
2096
1999
2097
2000
2098
2001
2099
2002
2100
2003
2101
2004
2102
2005
2103
2006
2104
2007
2105
2008
2106
2009
2107
2010
2108
2011
2109
2012
2110
2013
2111
2014
2112
2015
2113
2016
2114
2017
2115
2018
2116
2019
2117
2020
2118
2021
2119
2022
2120
2023
2121
2024
2122
2025
2123
2026
2124
2027
2125
2028
2126
2029
2127
2030
2128
2031
2129
2032
2130
2033
2131
2034
2132
2035
2133
2036
2134
2037
2135
2038
2136
2039
2137
2040
2138
2041
2139
2042
2140
2043
2141
2044
2142
2045
2143
2046
2144
2047
2145
2048
2146
2049
2147
2050
2148
2051
2149
2052
2150
2053
2151
2054
2152
2055
2153
2056
2154
2057
2155
2058
2156
2059
2157
2060
2158
2061
2159
2062
2160
2063
2161
2064
2162
2065
2163
2066
2164
2067
2165
2068
2166
2069
2167
2070
2168
2071
2169
2072
2170
2073
2171
2074
2172
2075
2173
2076
2174
2077
2175
2078
2176
2177
2080
2178
2081
2179
2082
2180
2083
2181
2084
2182
2085
2183
2086
2184
2087
2185
2088
2186
2089
2187
2090
2188
2091
2189
2092
2190
2093
2191
2094
2192
2095
2193
2096
2194
2097
2195
2098
2196
2099
2197
2100
2198
2101
2199
2102
2200
2103
2201
2104
2202
2105
2203
2106
2204
2107
2205
2108
2206
2109
2207
2110
2208
2111
2209
2112
2210
2113
2211
2114
2212
2115
2213
2116
2214
2117
2215
2118
2216
2119
2217
2120
2218
2121
2219
2122
2220
2123
2221
2124
2222
2125
2223
2126
2224
2127
2225
2128
2226
2129
2227
2130
2228
2131
2229
2132
2230
2133
2231
2134
2232
2135
2233
2136
2234
2137
2235
2138
2236
2139
2237
2140
2238
2141
2239
2142
2240
2143
2241
2144
2242
2145
2243
2146
2244
2147
2245
2148
2246
2149
2247
2150
2248
2151
2249
2152
2250
2153
2251
2154
2252
2155
2253
2156
2254
2157
2255
2158
2256
2159
2257
2160
2258
2161
2259
2162
2260
2163
2261
2164
2262
2165
2263
2166
2264
2167
2265
2168
2266
2169
2267
2170
2268
2171
2269
2172
2270
2173
2271
2174
2272
2175
2273
2176
2274
2177
2275
2276
2179
2277
2180
2278
2181
2279
2182
2280
2183
2281
2184
2282
2185
2283
2186
2284
2187
2285
2188
2286
2189
2287
2190
2288
2191
2289
2192
2290
2193
2291
2194
2292
2195
2293
2196
2294
2197
2295
2198
2296
2199
2297
2200
2298
2201
2299
2202
2300
2203
2301
2204
2302
2205
2303
2206
2304
2207
2305
2208
2306
2209
2307
2210
2308
2211
2309
2212
2310
2213
2311
2214
2312
2215
2313
2216
2314
2217
2315
2218
2316
2219
2317
2220
2318
2221
2319
2222
2320
2223
2321
2224
2322
2225
2323
2226
2324
2227
2325
2228
2326
2229
2327
2230
2328
2231
2329
2232
2330
2233
2331
2234
2332
2235
2333
2236
2334
2237
2335
2238
2336
2239
2337
2240
2338
2241
2339
2242
2340
2243
2341
2244
2342
2245
2343
2246
2344
2247
2345
2248
2346
2249
2347
2250
2348
2251
2349
2252
2350
2253
2351
2254
2352
2255
2353
2256
2354
2257
2355
2258
2356
2259
2357
2260
2358
2261
2359
2262
2360
2263
2361
2264
2362
2265
2363
2266
2364
2267
2365
2268
2366
2269
2367
2270
2368
2271
2369
2272
2370
2273
2371
2274
2372
2275
2373
2276
2374
2375
2278
2376
2279
2377
2280
2378
2281
2379
2282
2380
2283
2381
2284
2382
2285
2383
2286
2384
2287
2385
2288
2386
2289
2387
2290
2388
2291
2389
2292
2390
2293
2391
2294
2392
2295
2393
2296
2394
2297
2395
2298
2396
2299
2397
2300
2398
2301
2399
2302
2400
2303
2401
2304
2402
2305
2403
2306
2404
2307
2405
2308
2406
2309
2407
2310
2408
2311
2409
2312
2410
2313
2411
2314
2412
2315
2413
2316
2414
2317
2415
2318
2416
2319
2417
2320
2418
2321
2419
2322
2420
2323
2421
2324
2422
2325
2423
2326
2424
2327
2425
2328
2426
2329
2427
2330
2428
2331
2429
2332
2430
2333
2431
2334
2432
2335
2433
2336
2434
2337
2435
2338
2436
2339
2437
2340
2438
2341
2439
2342
2440
2343
2441
2344
2442
2345
2443
2346
2444
2347
2445
2348
2446
2349
2447
2350
2448
2351
2449
2352
2450
2353
2451
2354
2452
2355
2453
2356
2454
2357
2455
2358
2456
2359
2457
2360
2458
2361
2459
2362
2460
2363
2461
2364
2462
2365
2463
2366
2464
2367
2465
2368
2466
2369
2467
2370
2468
2371
2469
2372
2470
2373
2471
2374
2472
2375
2473
2474
2377
2475
2378
2476
2379
2477
2380
2478
2381
2479
2382
2480
2383
2481
2384
2482
2385
2483
2386
2484
2387
2485
2388
2486
2389
2487
2390
2488
2391
2489
2392
2490
2393
2491
2394
2492
2395
2493
2396
2494
2397
2495
2398
2496
2399
2497
2400
2498
2401
2499
2402
2500
2403
2501
2404
2502
2405
2503
2406
2504
2407
2505
2408
2506
2409
2507
2410
2508
2411
2509
2412
2510
2413
2511
2414
2512
2415
2513
2416
2514
2417
2515
2418
2516
2419
2517
2420
2518
2421
2519
2422
2520
2423
2521
2424
2522
2425
2523
2426
2524
2427
2525
2428
2526
2429
2527
2430
2528
2431
2529
2432
2530
2433
2531
2434
2532
2435
2533
2436
2534
2437
2535
2438
2536
2439
2537
2440
2538
2441
2539
2442
2540
2443
2541
2444
2542
2445
2543
2446
2544
2447
2545
2448
2546
2449
2547
2450
2548
2451
2549
2452
2550
2453
2551
2454
2552
2455
2553
2456
2554
2457
2555
2458
2556
2459
2557
2460
2558
2461
2559
2462
2560
2463
2561
2464
2562
2465
2563
2466
2564
2467
2565
2468
2566
2469
2567
2470
2568
2471
2569
2472
2570
2473
2571
2474
2572
2573
2476
2574
2477
2575
2478
2576
2479
2577
2480
2578
2481
2579
2482
2580
2483
2581
2484
2582
2485
2583
2486
2584
2487
2585
2488
2586
2489
2587
2490
2588
2491
2589
2492
2590
2493
2591
2494
2592
2495
2593
2496
2594
2497
2595
2498
2596
2499
2597
2500
2598
2501
2599
2502
2600
2503
2601
2504
2602
2505
2603
2506
2604
2507
2605
2508
2606
2509
2607
2510
2608
2511
2609
2512
2610
2513
2611
2514
2612
2515
2613
2516
2614
2517
2615
2518
2616
2519
2617
2520
2618
2521
2619
2522
2620
2523
2621
2524
2622
2525
2623
2526
2624
2527
2625
2528
2626
2529
2627
2530
2628
2531
2629
2532
2630
2533
2631
2534
2632
2535
2633
2536
2634
2537
2635
2538
2636
2539
2637
2540
2638
2541
2639
2542
2640
2543
2641
2544
2642
2545
2643
2546
2644
2547
2645
2548
2646
2549
2647
2550
2648
2551
2649
2552
2650
2553
2651
2554
2652
2555
2653
2556
2654
2557
2655
2558
2656
2559
2657
2560
2658
2561
2659
2562
2660
2563
2661
2564
2662
2565
2663
2566
2664
2567
2665
2568
2666
2569
2667
2570
2668
2571
2669
2572
2670
2573
2671
2672
2575
2673
2576
2674
2577
2675
2578
2676
2579
2677
2580
2678
2581
2679
2582
2680
2583
2681
2584
2682
2585
2683
2586
2684
2587
2685
2588
2686
2589
2687
2590
2688
2591
2689
2592
2690
2593
2691
2594
2692
2595
2693
2596
2694
2597
2695
2598
2696
2599
2697
2600
2698
2601
2699
2602
2700
2603
2701
2604
2702
2605
2703
2606
2704
2607
2705
2608
2706
2609
2707
2610
2708
2611
2709
2612
2710
2613
2711
2614
2712
2615
2713
2616
2714
2617
2715
2618
2716
2619
2717
2620
2718
2621
2719
2622
2720
2623
2721
2624
2722
2625
2723
2626
2724
2627
2725
2628
2726
2629
2727
2630
2728
2631
2729
2632
2730
2633
2731
2634
2732
2635
2733
2636
2734
2637
2735
2638
2736
2639
2737
2640
2738
2641
2739
2642
2740
2643
2741
2644
2742
2645
2743
2646
2744
2647
2745
2648
2746
2649
2747
2650
2748
2651
2749
2652
2750
2653
2751
2654
2752
2655
2753
2656
2754
2657
2755
2658
2756
2659
2757
2660
2758
2661
2759
2662
2760
2663
2761
2664
2762
2665
2763
2666
2764
2667
2765
2668
2766
2669
2767
2670
2768
2671
2769
2672
2770
2771
2674
2772
2675
2773
2676
2774
2677
2775
2678
2776
2679
2777
2680
2778
2681
2779
2682
2780
2683
2781
2684
2782
2685
2783
2686
2784
2687
2785
2688
2786
2689
2787
2690
2788
2691
2789
2692
2790
2693
2791
2694
2792
2695
2793
2696
2794
2697
2795
2698
2796
2699
2797
2700
2798
2701
2799
2702
2800
2703
2801
2704
2802
2705
2803
2706
2804
2707
2805
2708
2806
2709
2807
2710
2808
2711
2809
2712
2810
2713
2811
2714
2812
2715
2813
2716
2814
2717
2815
2718
2816
2719
2817
2720
2818
2721
2819
2722
2820
2723
2821
2724
2822
2725
2823
2726
2824
2727
2825
2728
2826
2729
2827
2730
2828
2731
2829
2732
2830
2733
2831
2734
2832
2735
2833
2736
2834
2737
2835
2738
2836
2739
2837
2740
2838
2741
2839
2742
2840
2743
2841
2744
2842
2745
2843
2746
2844
2747
2845
2748
2846
2749
2847
2750
2848
2751
2849
2752
2850
2753
2851
2754
2852
2755
2853
2756
2854
2757
2855
2758
2856
2759
2857
2760
2858
2761
2859
2762
2860
2763
2861
2764
2862
2765
2863
2766
2864
2767
2865
2768
2866
2769
2867
2770
2868
2771
2869
2870
2773
2871
2774
2872
2775
2873
2776
2874
2777
2875
2778
2876
2779
2877
2780
2878
2781
2879
2782
2880
2783
2881
2784
2882
2785
2883
2786
2884
2787
2885
2788
2886
2789
2887
2790
2888
2791
2889
2792
2890
2793
2891
2794
2892
2795
2893
2796
2894
2797
2895
2798
2896
2799
2897
2800
2898
2801
2899
2802
2900
2803
2901
2804
2902
2805
2903
2806
2904
2807
2905
2808
2906
2809
2907
2810
2908
2811
2909
2812
2910
2813
2911
2814
2912
2815
2913
2816
2914
2817
2915
2818
2916
2819
2917
2820
2918
2821
2919
2822
2920
2823
2921
2824
2922
2825
2923
2826
2924
2827
2925
2828
2926
2829
2927
2830
2928
2831
2929
2832
2930
2833
2931
2834
2932
2835
2933
2836
2934
2837
2935
2838
2936
2839
2937
2840
2938
2841
2939
2842
2940
2843
2941
2844
2942
2845
2943
2846
2944
2847
2945
2848
2946
2849
2947
2850
2948
2851
2949
2852
2950
2853
2951
2854
2952
2855
2953
2856
2954
2857
2955
2858
2956
2859
2957
2860
2958
2861
2959
2862
2960
2863
2961
2864
2962
2865
2963
2866
2964
2867
2965
2868
2966
2869
2967
2870
2968
2969
2872
2970
2873
2971
2874
2972
2875
2973
2876
2974
2877
2975
2878
2976
2879
2977
2880
2978
2881
2979
2882
2980
2883
2981
2884
2982
2885
2983
2886
2984
2887
2985
2888
2986
2889
2987
2890
2988
2891
2989
2892
2990
2893
2991
2894
2992
2895
2993
2896
2994
2897
2995
2898
2996
2899
2997
2900
2998
2901
2999
2902
3000
2903
3001
2904
3002
2905
3003
2906
3004
2907
3005
2908
3006
2909
3007
2910
3008
2911
3009
2912
3010
2913
3011
2914
3012
2915
3013
2916
3014
2917
3015
2918
3016
2919
3017
2920
3018
2921
3019
2922
3020
2923
3021
2924
3022
2925
3023
2926
3024
2927
3025
2928
3026
2929
3027
2930
3028
2931
3029
2932
3030
2933
3031
2934
3032
2935
3033
2936
3034
2937
3035
2938
3036
2939
3037
2940
3038
2941
3039
2942
3040
2943
3041
2944
3042
2945
3043
2946
3044
2947
3045
2948
3046
2949
3047
2950
3048
2951
3049
2952
3050
2953
3051
2954
3052
2955
3053
2956
3054
2957
3055
2958
3056
2959
3057
2960
3058
2961
3059
2962
3060
2963
3061
2964
3062
2965
3063
2966
3064
2967
3065
2968
3066
2969
3067
3068
2971
3069
2972
3070
2973
3071
2974
3072
2975
3073
2976
3074
2977
3075
2978
3076
2979
3077
2980
3078
2981
3079
2982
3080
2983
3081
2984
3082
2985
3083
2986
3084
2987
3085
2988
3086
2989
3087
2990
3088
2991
3089
2992
3090
2993
3091
2994
3092
2995
3093
2996
3094
2997
3095
2998
3096
2999
3097
3000
3098
3001
3099
3002
3100
3003
3101
3004
3102
3005
3103
3006
3104
3007
3105
3008
3106
3009
3107
3010
3108
3011
3109
3012
3110
3013
3111
3014
3112
3015
3113
3016
3114
3017
3115
3018
3116
3019
3117
3020
3118
3021
3119
3022
3120
3023
3121
3024
3122
3025
3123
3026
3124
3027
3125
3028
3126
3029
3127
3030
3128
3031
3129
3032
3130
3033
3131
3034
3132
3035
3133
3036
3134
3037
3135
3038
3136
3039
3137
3040
3138
3041
3139
3042
3140
3043
3141
3044
3142
3045
3143
3046
3144
3047
3145
3048
3146
3049
3147
3050
3148
3051
3149
3052
3150
3053
3151
3054
3152
3055
3153
3056
3154
3057
3155
3058
3156
3059
3157
3060
3158
3061
3159
3062
3160
3063
3161
3064
3162
3065
3163
3066
3164
3067
3165
3068
3166
3167
3070
3168
3071
3169
3072
3170
3073
3171
3074
3172
3075
3173
3076
3174
3077
3175
3078
3176
3079
3177
3080
3178
3081
3179
3082
3180
3083
3181
3084
3182
3085
3183
3086
3184
3087
3185
3088
3186
3089
3187
3090
3188
3091
3189
3092
3190
3093
3191
3094
3192
3095
3193
3096
3194
3097
3195
3098
3196
3099
3197
3100
3198
3101
3199
3102
3200
3103
3201
3104
3202
3105
3203
3106
3204
3107
3205
3108
3206
3109
3207
3110
3208
3111
3209
3112
3210
3113
3211
3114
3212
3115
3213
3116
3214
3117
3215
3118
3216
3119
3217
3120
3218
3121
3219
3122
3220
3123
3221
3124
3222
3125
3223
3126
3224
3127
3225
3128
3226
3129
3227
3130
3228
3131
3229
3132
3230
3133
3231
3134
3232
3135
3233
3136
3234
3137
3235
3138
3236
3139
3237
3140
3238
3141
3239
3142
3240
3143
3241
3144
3242
3145
3243
3146
3244
3147
3245
3148
3246
3149
3247
3150
3248
3151
3249
3152
3250
3153
3251
3154
3252
3155
3253
3156
3254
3157
3255
3158
3256
3159
3257
3160
3258
3161
3259
3162
3260
3163
3261
3164
3262
3165
3263
3166
3264
3167
3265
3266
3169
3267
3170
3268
3171
3269
3172
3270
3173
3271
3174
3272
3175
3273
3176
3274
3177
3275
3178
3276
3179
3277
3180
3278
3181
3279
3182
3280
3183
3281
3184
3282
3185
3283
3186
3284
3187
3285
3188
3286
3189
3287
3190
3288
3191
3289
3192
3290
3193
3291
3194
3292
3195
3293
3196
3294
3197
3295
3198
3296
3199
3297
3200
3298
3201
3299
3202
3300
3203
3301
3204
3302
3205
3303
3206
3304
3207
3305
3208
3306
3209
3307
3210
3308
3211
3309
3212
3310
3213
3311
3214
3312
3215
3313
3216
3314
3217
3315
3218
3316
3219
3317
3220
3318
3221
3319
3222
3320
3223
3321
3224
3322
3225
3323
3226
3324
3227
3325
3228
3326
3229
3327
3230
3328
3231
3329
3232
3330
3233
3331
3234
3332
3235
3333
3236
3334
3237
3335
3238
3336
3239
3337
3240
3338
3241
3339
3242
3340
3243
3341
3244
3342
3245
3343
3246
3344
3247
3345
3248
3346
3249
3347
3250
3348
3251
3349
3252
3350
3253
3351
3254
3352
3255
3353
3256
3354
3257
3355
3258
3356
3259
3357
3260
3358
3261
3359
3262
3360
3263
3361
3264
3362
3265
3363
3266
3364
3365
3268
3366
3269
3367
3270
3368
3271
3369
3272
3370
3273
3371
3274
3372
3275
3373
3276
3374
3277
3375
3278
3376
3279
3377
3280
3378
3281
3379
3282
3380
3283
3381
3284
3382
3285
3383
3286
3384
3287
3385
3288
3386
3289
3387
3290
3388
3291
3389
3292
3390
3293
3391
3294
3392
3295
3393
3296
3394
3297
3395
3298
3396
3299
3397
3300
3398
3301
3399
3302
3400
3303
3401
3304
3402
3305
3403
3306
3404
3307
3405
3308
3406
3309
3407
3310
3408
3311
3409
3312
3410
3313
3411
3314
3412
3315
3413
3316
3414
3317
3415
3318
3416
3319
3417
3320
3418
3321
3419
3322
3420
3323
3421
3324
3422
3325
3423
3326
3424
3327
3425
3328
3426
3329
3427
3330
3428
3331
3429
3332
3430
3333
3431
3334
3432
3335
3433
3336
3434
3337
3435
3338
3436
3339
3437
3340
3438
3341
3439
3342
3440
3343
3441
3344
3442
3345
3443
3346
3444
3347
3445
3348
3446
3349
3447
3350
3448
3351
3449
3352
3450
3353
3451
3354
3452
3355
3453
3356
3454
3357
3455
3358
3456
3359
3457
3360
3458
3361
3459
3362
3460
3363
3461
3364
3462
3365
3463
3464
3367
3465
3368
3466
3369
3467
3370
3468
3371
3469
3372
3470
3373
3471
3374
3472
3375
3473
3376
3474
3377
3475
3378
3476
3379
3477
3380
3478
3381
3479
3382
3480
3383
3481
3384
3482
3385
3483
3386
3484
3387
3485
3388
3486
3389
3487
3390
3488
3391
3489
3392
3490
3393
3491
3394
3492
3395
3493
3396
3494
3397
3495
3398
3496
3399
3497
3400
3498
3401
3499
3402
3500
3403
3501
3404
3502
3405
3503
3406
3504
3407
3505
3408
3506
3409
3507
3410
3508
3411
3509
3412
3510
3413
3511
3414
3512
3415
3513
3416
3514
3417
3515
3418
3516
3419
3517
3420
3518
3421
3519
3422
3520
3423
3521
3424
3522
3425
3523
3426
3524
3427
3525
3428
3526
3429
3527
3430
3528
3431
3529
3432
3530
3433
3531
3434
3532
3435
3533
3436
3534
3437
3535
3438
3536
3439
3537
3440
3538
3441
3539
3442
3540
3443
3541
3444
3542
3445
3543
3446
3544
3447
3545
3448
3546
3449
3547
3450
3548
3451
3549
3452
3550
3453
3551
3454
3552
3455
3553
3456
3554
3457
3555
3458
3556
3459
3557
3460
3558
3461
3559
3462
3560
3463
3561
3464
3562
3563
3466
3564
3467
3565
3468
3566
3469
3567
3470
3568
3471
3569
3472
3570
3473
3571
3474
3572
3475
3573
3476
3574
3477
3575
3478
3576
3479
3577
3480
3578
3481
3579
3482
3580
3483
3581
3484
3582
3485
3583
3486
3584
3487
3585
3488
3586
3489
3587
3490
3588
3491
3589
3492
3590
3493
3591
3494
3592
3495
3593
3496
3594
3497
3595
3498
3596
3499
3597
3500
3598
3501
3599
3502
3600
3503
3601
3504
3602
3505
3603
3506
3604
3507
3605
3508
3606
3509
3607
3510
3608
3511
3609
3512
3610
3513
3611
3514
3612
3515
3613
3516
3614
3517
3615
3518
3616
3519
3617
3520
3618
3521
3619
3522
3620
3523
3621
3524
3622
3525
3623
3526
3624
3527
3625
3528
3626
3529
3627
3530
3628
3531
3629
3532
3630
3533
3631
3534
3632
3535
3633
3536
3634
3537
3635
3538
3636
3539
3637
3540
3638
3541
3639
3542
3640
3543
3641
3544
3642
3545
3643
3546
3644
3547
3645
3548
3646
3549
3647
3550
3648
3551
3649
3552
3650
3553
3651
3554
3652
3555
3653
3556
3654
3557
3655
3558
3656
3559
3657
3560
3658
3561
3659
3562
3660
3563
3661
3662
3565
3663
3566
3664
3567
3665
3568
3666
3569
3667
3570
3668
3571
3669
3572
3670
3573
3671
3574
3672
3575
3673
3576
3674
3577
3675
3578
3676
3579
3677
3580
3678
3581
3679
3582
3680
3583
3681
3584
3682
3585
3683
3586
3684
3587
3685
3588
3686
3589
3687
3590
3688
3591
3689
3592
3690
3593
3691
3594
3692
3595
3693
3596
3694
3597
3695
3598
3696
3599
3697
3600
3698
3601
3699
3602
3700
3603
3701
3604
3702
3605
3703
3606
3704
3607
3705
3608
3706
3609
3707
3610
3708
3611
3709
3612
3710
3613
3711
3614
3712
3615
3713
3616
3714
3617
3715
3618
3716
3619
3717
3620
3718
3621
3719
3622
3720
3623
3721
3624
3722
3625
3723
3626
3724
3627
3725
3628
3726
3629
3727
3630
3728
3631
3729
3632
3730
3633
3731
3634
3732
3635
3733
3636
3734
3637
3735
3638
3736
3639
3737
3640
3738
3641
3739
3642
3740
3643
3741
3644
3742
3645
3743
3646
3744
3647
3745
3648
3746
3649
3747
3650
3748
3651
3749
3652
3750
3653
3751
3654
3752
3655
3753
3656
3754
3657
3755
3658
3756
3659
3757
3660
3758
3661
3759
3662
3760
3761
3664
3762
3665
3763
3666
3764
3667
3765
3668
3766
3669
3767
3670
3768
3671
3769
3672
3770
3673
3771
3674
3772
3675
3773
3676
3774
3677
3775
3678
3776
3679
3777
3680
3778
3681
3779
3682
3780
3683
3781
3684
3782
3685
3783
3686
3784
3687
3785
3688
3786
3689
3787
3690
3788
3691
3789
3692
3790
3693
3791
3694
3792
3695
3793
3696
3794
3697
3795
3698
3796
3699
3797
3700
3798
3701
3799
3702
3800
3703
3801
3704
3802
3705
3803
3706
3804
3707
3805
3708
3806
3709
3807
3710
3808
3711
3809
3712
3810
3713
3811
3714
3812
3715
3813
3716
3814
3717
3815
3718
3816
3719
3817
3720
3818
3721
3819
3722
3820
3723
3821
3724
3822
3725
3823
3726
3824
3727
3825
3728
3826
3729
3827
3730
3828
3731
3829
3732
3830
3733
3831
3734
3832
3735
3833
3736
3834
3737
3835
3738
3836
3739
3837
3740
3838
3741
3839
3742
3840
3743
3841
3744
3842
3745
3843
3746
3844
3747
3845
3748
3846
3749
3847
3750
3848
3751
3849
3752
3850
3753
3851
3754
3852
3755
3853
3756
3854
3757
3855
3758
3856
3759
3857
3760
3858
3761
3859
3860
3763
3861
3764
3862
3765
3863
3766
3864
3767
3865
3768
3866
3769
3867
3770
3868
3771
3869
3772
3870
3773
3871
3774
3872
3775
3873
3776
3874
3777
3875
3778
3876
3779
3877
3780
3878
3781
3879
3782
3880
3783
3881
3784
3882
3785
3883
3786
3884
3787
3885
3788
3886
3789
3887
3790
3888
3791
3889
3792
3890
3793
3891
3794
3892
3795
3893
3796
3894
3797
3895
3798
3896
3799
3897
3800
3898
3801
3899
3802
3900
3803
3901
3804
3902
3805
3903
3806
3904
3807
3905
3808
3906
3809
3907
3810
3908
3811
3909
3812
3910
3813
3911
3814
3912
3815
3913
3816
3914
3817
3915
3818
3916
3819
3917
3820
3918
3821
3919
3822
3920
3823
3921
3824
3922
3825
3923
3826
3924
3827
3925
3828
3926
3829
3927
3830
3928
3831
3929
3832
3930
3833
3931
3834
3932
3835
3933
3836
3934
3837
3935
3838
3936
3839
3937
3840
3938
3841
3939
3842
3940
3843
3941
3844
3942
3845
3943
3846
3944
3847
3945
3848
3946
3849
3947
3850
3948
3851
3949
3852
3950
3853
3951
3854
3952
3855
3953
3856
3954
3857
3955
3858
3956
3859
3957
3860
3958
3959
3862
3960
3863
3961
3864
3962
3865
3963
3866
3964
3867
3965
3868
3966
3869
3967
3870
3968
3871
3969
3872
3970
3873
3971
3874
3972
3875
3973
3876
3974
3877
3975
3878
3976
3879
3977
3880
3978
3881
3979
3882
3980
3883
3981
3884
3982
3885
3983
3886
3984
3887
3985
3888
3986
3889
3987
3890
3988
3891
3989
3892
3990
3893
3991
3894
3992
3895
3993
3896
3994
3897
3995
3898
3996
3899
3997
3900
3998
3901
3999
3902
4000
3903
4001
3904
4002
3905
4003
3906
4004
3907
4005
3908
4006
3909
4007
3910
4008
3911
4009
3912
4010
3913
4011
3914
4012
3915
4013
3916
4014
3917
4015
3918
4016
3919
4017
3920
4018
3921
4019
3922
4020
3923
4021
3924
4022
3925
4023
3926
4024
3927
4025
3928
4026
3929
4027
3930
4028
3931
4029
3932
4030
3933
4031
3934
4032
3935
4033
3936
4034
3937
4035
3938
4036
3939
4037
3940
4038
3941
4039
3942
4040
3943
4041
3944
4042
3945
4043
3946
4044
3947
4045
3948
4046
3949
4047
3950
4048
3951
4049
3952
4050
3953
4051
3954
4052
3955
4053
3956
4054
3957
4055
3958
4056
3959
4057
4058
3961
4059
3962
4060
3963
4061
3964
4062
3965
4063
3966
4064
3967
4065
3968
4066
3969
4067
3970
4068
3971
4069
3972
4070
3973
4071
3974
4072
3975
4073
3976
4074
3977
4075
3978
4076
3979
4077
3980
4078
3981
4079
3982
4080
3983
4081
3984
4082
3985
4083
3986
4084
3987
4085
3988
4086
3989
4087
3990
4088
3991
4089
3992
4090
3993
4091
3994
4092
3995
4093
3996
4094
3997
4095
3998
4096
3999
4097
4000
4098
4001
4099
4002
4100
4003
4101
4004
4102
4005
4103
4006
4104
4007
4105
4008
4106
4009
4107
4010
4108
4011
4109
4012
4110
4013
4111
4014
4112
4015
4113
4016
4114
4017
4115
4018
4116
4019
4117
4020
4118
4021
4119
4022
4120
4023
4121
4024
4122
4025
4123
4026
4124
4027
4125
4028
4126
4029
4127
4030
4128
4031
4129
4032
4130
4033
4131
4034
4132
4035
4133
4036
4134
4037
4135
4038
4136
4039
4137
4040
4138
4041
4139
4042
4140
4043
4141
4044
4142
4045
4143
4046
4144
4047
4145
4048
4146
4049
4147
4050
4148
4051
4149
4052
4150
4053
4151
4054
4152
4055
4153
4056
4154
4057
4155
4058
4156
4157
4060
4158
4061
4159
4062
4160
4063
4161
4064
4162
4065
4163
4066
4164
4067
4165
4068
4166
4069
4167
4070
4168
4071
4169
4072
4170
4073
4171
4074
4172
4075
4173
4076
4174
4077
4175
4078
4176
4079
4177
4080
4178
4081
4179
4082
4180
4083
4181
4084
4182
4085
4183
4086
4184
4087
4185
4088
4186
4089
4187
4090
4188
4091
4189
4092
4190
4093
4191
4094
4192
4095
4193
4096
4194
4097
4195
4098
4196
4099
4197
4100
4198
4101
4199
4102
4200
4103
4201
4104
4202
4105
4203
4106
4204
4107
4205
4108
4206
4109
4207
4110
4208
4111
4209
4112
4210
4113
4211
4114
4212
4115
4213
4116
4214
4117
4215
4118
4216
4119
4217
4120
4218
4121
4219
4122
4220
4123
4221
4124
4222
4125
4223
4126
4224
4127
4225
4128
4226
4129
4227
4130
4228
4131
4229
4132
4230
4133
4231
4134
4232
4135
4233
4136
4234
4137
4235
4138
4236
4139
4237
4140
4238
4141
4239
4142
4240
4143
4241
4144
4242
4145
4243
4146
4244
4147
4245
4148
4246
4149
4247
4150
4248
4151
4249
4152
4250
4153
4251
4154
4252
4155
4253
4156
4254
4157
4255
4256
4159
4257
4160
4258
4161
4259
4162
4260
4163
4261
4164
4262
4165
4263
4166
4264
4167
4265
4168
4266
4169
4267
4170
4268
4171
4269
4172
4270
4173
4271
4174
4272
4175
4273
4176
4274
4177
4275
4178
4276
4179
4277
4180
4278
4181
4279
4182
4280
4183
4281
4184
4282
4185
4283
4186
4284
4187
4285
4188
4286
4189
4287
4190
4288
4191
4289
4192
4290
4193
4291
4194
4292
4195
4293
4196
4294
4197
4295
4198
4296
4199
4297
4200
4298
4201
4299
4202
4300
4203
4301
4204
4302
4205
4303
4206
4304
4207
4305
4208
4306
4209
4307
4210
4308
4211
4309
4212
4310
4213
4311
4214
4312
4215
4313
4216
4314
4217
4315
4218
4316
4219
4317
4220
4318
4221
4319
4222
4320
4223
4321
4224
4322
4225
4323
4226
4324
4227
4325
4228
4326
4229
4327
4230
4328
4231
4329
4232
4330
4233
4331
4234
4332
4235
4333
4236
4334
4237
4335
4238
4336
4239
4337
4240
4338
4241
4339
4242
4340
4243
4341
4244
4342
4245
4343
4246
4344
4247
4345
4248
4346
4249
4347
4250
4348
4251
4349
4252
4350
4253
4351
4254
4352
4255
4353
4256
4354
4355
4258
4356
4259
4357
4260
4358
4261
4359
4262
4360
4263
4361
4264
4362
4265
4363
4266
4364
4267
4365
4268
4366
4269
4367
4270
4368
4271
4369
4272
4370
4273
4371
4274
4372
4275
4373
4276
4374
4277
4375
4278
4376
4279
4377
4280
4378
4281
4379
4282
4380
4283
4381
4284
4382
4285
4383
4286
4384
4287
4385
4288
4386
4289
4387
4290
4388
4291
4389
4292
4390
4293
4391
4294
4392
4295
4393
4296
4394
4297
4395
4298
4396
4299
4397
4300
4398
4301
4399
4302
4400
4303
4401
4304
4402
4305
4403
4306
4404
4307
4405
4308
4406
4309
4407
4310
4408
4311
4409
4312
4410
4313
4411
4314
4412
4315
4413
4316
4414
4317
4415
4318
4416
4319
4417
4320
4418
4321
4419
4322
4420
4323
4421
4324
4422
4325
4423
4326
4424
4327
4425
4328
4426
4329
4427
4330
4428
4331
4429
4332
4430
4333
4431
4334
4432
4335
4433
4336
4434
4337
4435
4338
4436
4339
4437
4340
4438
4341
4439
4342
4440
4343
4441
4344
4442
4345
4443
4346
4444
4347
4445
4348
4446
4349
4447
4350
4448
4351
4449
4352
4450
4353
4451
4354
4452
4355
4453
4454
4357
4455
4358
4456
4359
4457
4360
4458
4361
4459
4362
4460
4363
4461
4364
4462
4365
4463
4366
4464
4367
4465
4368
4466
4369
4467
4370
4468
4371
4469
4372
4470
4373
4471
4374
4472
4375
4473
4376
4474
4377
4475
4378
4476
4379
4477
4380
4478
4381
4479
4382
4480
4383
4481
4384
4482
4385
4483
4386
4484
4387
4485
4388
4486
4389
4487
4390
4488
4391
4489
4392
4490
4393
4491
4394
4492
4395
4493
4396
4494
4397
4495
4398
4496
4399
4497
4400
4498
4401
4499
4402
4500
4403
4501
4404
4502
4405
4503
4406
4504
4407
4505
4408
4506
4409
4507
4410
4508
4411
4509
4412
4510
4413
4511
4414
4512
4415
4513
4416
4514
4417
4515
4418
4516
4419
4517
4420
4518
4421
4519
4422
4520
4423
4521
4424
4522
4425
4523
4426
4524
4427
4525
4428
4526
4429
4527
4430
4528
4431
4529
4432
4530
4433
4531
4434
4532
4435
4533
4436
4534
4437
4535
4438
4536
4439
4537
4440
4538
4441
4539
4442
4540
4443
4541
4444
4542
4445
4543
4446
4544
4447
4545
4448
4546
4449
4547
4450
4548
4451
4549
4452
4550
4453
4551
4454
4552
4553
4456
4554
4457
4555
4458
4556
4459
4557
4460
4558
4461
4559
4462
4560
4463
4561
4464
4562
4465
4563
4466
4564
4467
4565
4468
4566
4469
4567
4470
4568
4471
4569
4472
4570
4473
4571
4474
4572
4475
4573
4476
4574
4477
4575
4478
4576
4479
4577
4480
4578
4481
4579
4482
4580
4483
4581
4484
4582
4485
4583
4486
4584
4487
4585
4488
4586
4489
4587
4490
4588
4491
4589
4492
4590
4493
4591
4494
4592
4495
4593
4496
4594
4497
4595
4498
4596
4499
4597
4500
4598
4501
4599
4502
4600
4503
4601
4504
4602
4505
4603
4506
4604
4507
4605
4508
4606
4509
4607
4510
4608
4511
4609
4512
4610
4513
4611
4514
4612
4515
4613
4516
4614
4517
4615
4518
4616
4519
4617
4520
4618
4521
4619
4522
4620
4523
4621
4524
4622
4525
4623
4526
4624
4527
4625
4528
4626
4529
4627
4530
4628
4531
4629
4532
4630
4533
4631
4534
4632
4535
4633
4536
4634
4537
4635
4538
4636
4539
4637
4540
4638
4541
4639
4542
4640
4543
4641
4544
4642
4545
4643
4546
4644
4547
4645
4548
4646
4549
4647
4550
4648
4551
4649
4552
4650
4553
4651
4652
4555
4653
4556
4654
4557
4655
4558
4656
4559
4657
4560
4658
4561
4659
4562
4660
4563
4661
4564
4662
4565
4663
4566
4664
4567
4665
4568
4666
4569
4667
4570
4668
4571
4669
4572
4670
4573
4671
4574
4672
4575
4673
4576
4674
4577
4675
4578
4676
4579
4677
4580
4678
4581
4679
4582
4680
4583
4681
4584
4682
4585
4683
4586
4684
4587
4685
4588
4686
4589
4687
4590
4688
4591
4689
4592
4690
4593
4691
4594
4692
4595
4693
4596
4694
4597
4695
4598
4696
4599
4697
4600
4698
4601
4699
4602
4700
4603
4701
4604
4702
4605
4703
4606
4704
4607
4705
4608
4706
4609
4707
4610
4708
4611
4709
4612
4710
4613
4711
4614
4712
4615
4713
4616
4714
4617
4715
4618
4716
4619
4717
4620
4718
4621
4719
4622
4720
4623
4721
4624
4722
4625
4723
4626
4724
4627
4725
4628
4726
4629
4727
4630
4728
4631
4729
4632
4730
4633
4731
4634
4732
4635
4733
4636
4734
4637
4735
4638
4736
4639
4737
4640
4738
4641
4739
4642
4740
4643
4741
4644
4742
4645
4743
4646
4744
4647
4745
4648
4746
4649
4747
4650
4748
4651
4749
4652
4750
4751
4654
4752
4655
4753
4656
4754
4657
4755
4658
4756
4659
4757
4660
4758
4661
4759
4662
4760
4663
4761
4664
4762
4665
4763
4666
4764
4667
4765
4668
4766
4669
4767
4670
4768
4671
4769
4672
4770
4673
4771
4674
4772
4675
4773
4676
4774
4677
4775
4678
4776
4679
4777
4680
4778
4681
4779
4682
4780
4683
4781
4684
4782
4685
4783
4686
4784
4687
4785
4688
4786
4689
4787
4690
4788
4691
4789
4692
4790
4693
4791
4694
4792
4695
4793
4696
4794
4697
4795
4698
4796
4699
4797
4700
4798
4701
4799
4702
4800
4703
4801
4704
4802
4705
4803
4706
4804
4707
4805
4708
4806
4709
4807
4710
4808
4711
4809
4712
4810
4713
4811
4714
4812
4715
4813
4716
4814
4717
4815
4718
4816
4719
4817
4720
4818
4721
4819
4722
4820
4723
4821
4724
4822
4725
4823
4726
4824
4727
4825
4728
4826
4729
4827
4730
4828
4731
4829
4732
4830
4733
4831
4734
4832
4735
4833
4736
4834
4737
4835
4738
4836
4739
4837
4740
4838
4741
4839
4742
4840
4743
4841
4744
4842
4745
4843
4746
4844
4747
4845
4748
4846
4749
4847
4750
4848
4751
4849
4850
4753
4851
4754
4852
4755
4853
4756
4854
4757
4855
4758
4856
4759
4857
4760
4858
4761
4859
4762
4860
4763
4861
4764
4862
4765
4863
4766
4864
4767
4865
4768
4866
4769
4867
4770
4868
4771
4869
4772
4870
4773
4871
4774
4872
4775
4873
4776
4874
4777
4875
4778
4876
4779
4877
4780
4878
4781
4879
4782
4880
4783
4881
4784
4882
4785
4883
4786
4884
4787
4885
4788
4886
4789
4887
4790
4888
4791
4889
4792
4890
4793
4891
4794
4892
4795
4893
4796
4894
4797
4895
4798
4896
4799
4897
4800
4898
4801
4899
4802
4900
4803
4901
4804
4902
4805
4903
4806
4904
4807
4905
4808
4906
4809
4907
4810
4908
4811
4909
4812
4910
4813
4911
4814
4912
4815
4913
4816
4914
4817
4915
4818
4916
4819
4917
4820
4918
4821
4919
4822
4920
4823
4921
4824
4922
4825
4923
4826
4924
4827
4925
4828
4926
4829
4927
4830
4928
4831
4929
4832
4930
4833
4931
4834
4932
4835
4933
4836
4934
4837
4935
4838
4936
4839
4937
4840
4938
4841
4939
4842
4940
4843
4941
4844
4942
4845
4943
4846
4944
4847
4945
4848
4946
4849
4947
4850
4948
4949
4852
4950
4853
4951
4854
4952
4855
4953
4856
4954
4857
4955
4858
4956
4859
4957
4860
4958
4861
4959
4862
4960
4863
4961
4864
4962
4865
4963
4866
4964
4867
4965
4868
4966
4869
4967
4870
4968
4871
4969
4872
4970
4873
4971
4874
4972
4875
4973
4876
4974
4877
4975
4878
4976
4879
4977
4880
4978
4881
4979
4882
4980
4883
4981
4884
4982
4885
4983
4886
4984
4887
4985
4888
4986
4889
4987
4890
4988
4891
4989
4892
4990
4893
4991
4894
4992
4895
4993
4896
4994
4897
4995
4898
4996
4899
4997
4900
4998
4901
4999
4902
5000
4903
5001
4904
5002
4905
5003
4906
5004
4907
5005
4908
5006
4909
5007
4910
5008
4911
5009
4912
5010
4913
5011
4914
5012
4915
5013
4916
5014
4917
5015
4918
5016
4919
5017
4920
5018
4921
5019
4922
5020
4923
5021
4924
5022
4925
5023
4926
5024
4927
5025
4928
5026
4929
5027
4930
5028
4931
5029
4932
5030
4933
5031
4934
5032
4935
5033
4936
5034
4937
5035
4938
5036
4939
5037
4940
5038
4941
5039
4942
5040
4943
5041
4944
5042
4945
5043
4946
5044
4947
5045
4948
5046
4949
5047
5048
4951
5049
4952
5050
4953
5051
4954
5052
4955
5053
4956
5054
4957
5055
4958
5056
4959
5057
4960
5058
4961
5059
4962
5060
4963
5061
4964
5062
4965
5063
4966
5064
4967
5065
4968
5066
4969
5067
4970
5068
4971
5069
4972
5070
4973
5071
4974
5072
4975
5073
4976
5074
4977
5075
4978
5076
4979
5077
4980
5078
4981
5079
4982
5080
4983
5081
4984
5082
4985
5083
4986
5084
4987
5085
4988
5086
4989
5087
4990
5088
4991
5089
4992
5090
4993
5091
4994
5092
4995
5093
4996
5094
4997
5095
4998
5096
4999
5097
5000
5098
5001
5099
5002
5100
5003
5101
5004
5102
5005
5103
5006
5104
5007
5105
5008
5106
5009
5107
5010
5108
5011
5109
5012
5110
5013
5111
5014
5112
5015
5113
5016
5114
5017
5115
5018
5116
5019
5117
5020
5118
5021
5119
5022
5120
5023
5121
5024
5122
5025
5123
5026
5124
5027
5125
5028
5126
5029
5127
5030
5128
5031
5129
5032
5130
5033
5131
5034
5132
5035
5133
5036
5134
5037
5135
5038
5136
5039
5137
5040
5138
5041
5139
5042
5140
5043
5141
5044
5142
5045
5143
5046
5144
5047
5145
5048
5146
5147
5050
5148
5051
5149
5052
5150
5053
5151
5054
5152
5055
5153
5056
5154
5057
5155
5058
5156
5059
5157
5060
5158
5061
5159
5062
5160
5063
5161
5064
5162
5065
5163
5066
5164
5067
5165
5068
5166
5069
5167
5070
5168
5071
5169
5072
5170
5073
5171
5074
5172
5075
5173
5076
5174
5077
5175
5078
5176
5079
5177
5080
5178
5081
5179
5082
5180
5083
5181
5084
5182
5085
5183
5086
5184
5087
5185
5088
5186
5089
5187
5090
5188
5091
5189
5092
5190
5093
5191
5094
5192
5095
5193
5096
5194
5097
5195
5098
5196
5099
5197
5100
5198
5101
5199
5102
5200
5103
5201
5104
5202
5105
5203
5106
5204
5107
5205
5108
5206
5109
5207
5110
5208
5111
5209
5112
5210
5113
5211
5114
5212
5115
5213
5116
5214
5117
5215
5118
5216
5119
5217
5120
5218
5121
5219
5122
5220
5123
5221
5124
5222
5125
5223
5126
5224
5127
5225
5128
5226
5129
5227
5130
5228
5131
5229
5132
5230
5133
5231
5134
5232
5135
5233
5136
5234
5137
5235
5138
5236
5139
5237
5140
5238
5141
5239
5142
5240
5143
5241
5144
5242
5145
5243
5146
5244
5147
5245
5246
5149
5247
5150
5248
5151
5249
5152
5250
5153
5251
5154
5252
5155
5253
5156
5254
5157
5255
5158
5256
5159
5257
5160
5258
5161
5259
5162
5260
5163
5261
5164
5262
5165
5263
5166
5264
5167
5265
5168
5266
5169
5267
5170
5268
5171
5269
5172
5270
5173
5271
5174
5272
5175
5273
5176
5274
5177
5275
5178
5276
5179
5277
5180
5278
5181
5279
5182
5280
5183
5281
5184
5282
5185
5283
5186
5284
5187
5285
5188
5286
5189
5287
5190
5288
5191
5289
5192
5290
5193
5291
5194
5292
5195
5293
5196
5294
5197
5295
5198
5296
5199
5297
5200
5298
5201
5299
5202
5300
5203
5301
5204
5302
5205
5303
5206
5304
5207
5305
5208
5306
5209
5307
5210
5308
5211
5309
5212
5310
5213
5311
5214
5312
5215
5313
5216
5314
5217
5315
5218
5316
5219
5317
5220
5318
5221
5319
5222
5320
5223
5321
5224
5322
5225
5323
5226
5324
5227
5325
5228
5326
5229
5327
5230
5328
5231
5329
5232
5330
5233
5331
5234
5332
5235
5333
5236
5334
5237
5335
5238
5336
5239
5337
5240
5338
5241
5339
5242
5340
5243
5341
5244
5342
5245
5343
5246
5344
5345
5248
5346
5249
5347
5250
5348
5251
5349
5252
5350
5253
5351
5254
5352
5255
5353
5256
5354
5257
5355
5258
5356
5259
5357
5260
5358
5261
5359
5262
5360
5263
5361
5264
5362
5265
5363
5266
5364
5267
5365
5268
5366
5269
5367
5270
5368
5271
5369
5272
5370
5273
5371
5274
5372
5275
5373
5276
5374
5277
5375
5278
5376
5279
5377
5280
5378
5281
5379
5282
5380
5283
5381
5284
5382
5285
5383
5286
5384
5287
5385
5288
5386
5289
5387
5290
5388
5291
5389
5292
5390
5293
5391
5294
5392
5295
5393
5296
5394
5297
5395
5298
5396
5299
5397
5300
5398
5301
5399
5302
5400
5303
5401
5304
5402
5305
5403
5306
5404
5307
5405
5308
5406
5309
5407
5310
5408
5311
5409
5312
5410
5313
5411
5314
5412
5315
5413
5316
5414
5317
5415
5318
5416
5319
5417
5320
5418
5321
5419
5322
5420
5323
5421
5324
5422
5325
5423
5326
5424
5327
5425
5328
5426
5329
5427
5330
5428
5331
5429
5332
5430
5333
5431
5334
5432
5335
5433
5336
5434
5337
5435
5338
5436
5339
5437
5340
5438
5341
5439
5342
5440
5343
5441
5344
5442
5345
5443
5444
5347
5445
5348
5446
5349
5447
5350
5448
5351
5449
5352
5450
5353
5451
5354
5452
5355
5453
5356
5454
5357
5455
5358
5456
5359
5457
5360
5458
5361
5459
5362
5460
5363
5461
5364
5462
5365
5463
5366
5464
5367
5465
5368
5466
5369
5467
5370
5468
5371
5469
5372
5470
5373
5471
5374
5472
5375
5473
5376
5474
5377
5475
5378
5476
5379
5477
5380
5478
5381
5479
5382
5480
5383
5481
5384
5482
5385
5483
5386
5484
5387
5485
5388
5486
5389
5487
5390
5488
5391
5489
5392
5490
5393
5491
5394
5492
5395
5493
5396
5494
5397
5495
5398
5496
5399
5497
5400
5498
5401
5499
5402
5500
5403
5501
5404
5502
5405
5503
5406
5504
5407
5505
5408
5506
5409
5507
5410
5508
5411
5509
5412
5510
5413
5511
5414
5512
5415
5513
5416
5514
5417
5515
5418
5516
5419
5517
5420
5518
5421
5519
5422
5520
5423
5521
5424
5522
5425
5523
5426
5524
5427
5525
5428
5526
5429
5527
5430
5528
5431
5529
5432
5530
5433
5531
5434
5532
5435
5533
5436
5534
5437
5535
5438
5536
5439
5537
5440
5538
5441
5539
5442
5540
5443
5541
5444
5542
5543
5446
5544
5447
5545
5448
5546
5449
5547
5450
5548
5451
5549
5452
5550
5453
5551
5454
5552
5455
5553
5456
5554
5457
5555
5458
5556
5459
5557
5460
5558
5461
5559
5462
5560
5463
5561
5464
5562
5465
5563
5466
5564
5467
5565
5468
5566
5469
5567
5470
5568
5471
5569
5472
5570
5473
5571
5474
5572
5475
5573
5476
5574
5477
5575
5478
5576
5479
5577
5480
5578
5481
5579
5482
5580
5483
5581
5484
5582
5485
5583
5486
5584
5487
5585
5488
5586
5489
5587
5490
5588
5491
5589
5492
5590
5493
5591
5494
5592
5495
5593
5496
5594
5497
5595
5498
5596
5499
5597
5500
5598
5501
5599
5502
5600
5503
5601
5504
5602
5505
5603
5506
5604
5507
5605
5508
5606
5509
5607
5510
5608
5511
5609
5512
5610
5513
5611
5514
5612
5515
5613
5516
5614
5517
5615
5518
5616
5519
5617
5520
5618
5521
5619
5522
5620
5523
5621
5524
5622
5525
5623
5526
5624
5527
5625
5528
5626
5529
5627
5530
5628
5531
5629
5532
5630
5533
5631
5534
5632
5535
5633
5536
5634
5537
5635
5538
5636
5539
5637
5540
5638
5541
5639
5542
5640
5543
5641
5642
5545
5643
5546
5644
5547
5645
5548
5646
5549
5647
5550
5648
5551
5649
5552
5650
5553
5651
5554
5652
5555
5653
5556
5654
5557
5655
5558
5656
5559
5657
5560
5658
5561
5659
5562
5660
5563
5661
5564
5662
5565
5663
5566
5664
5567
5665
5568
5666
5569
5667
5570
5668
5571
5669
5572
5670
5573
5671
5574
5672
5575
5673
5576
5674
5577
5675
5578
5676
5579
5677
5580
5678
5581
5679
5582
5680
5583
5681
5584
5682
5585
5683
5586
5684
5587
5685
5588
5686
5589
5687
5590
5688
5591
5689
5592
5690
5593
5691
5594
5692
5595
5693
5596
5694
5597
5695
5598
5696
5599
5697
5600
5698
5601
5699
5602
5700
5603
5701
5604
5702
5605
5703
5606
5704
5607
5705
5608
5706
5609
5707
5610
5708
5611
5709
5612
5710
5613
5711
5614
5712
5615
5713
5616
5714
5617
5715
5618
5716
5619
5717
5620
5718
5621
5719
5622
5720
5623
5721
5624
5722
5625
5723
5626
5724
5627
5725
5628
5726
5629
5727
5630
5728
5631
5729
5632
5730
5633
5731
5634
5732
5635
5733
5636
5734
5637
5735
5638
5736
5639
5737
5640
5738
5641
5739
5642
5740
5741
5644
5742
5645
5743
5646
5744
5647
5745
5648
5746
5649
5747
5650
5748
5651
5749
5652
5750
5653
5751
5654
5752
5655
5753
5656
5754
5657
5755
5658
5756
5659
5757
5660
5758
5661
5759
5662
5760
5663
5761
5664
5762
5665
5763
5666
5764
5667
5765
5668
5766
5669
5767
5670
5768
5671
5769
5672
5770
5673
5771
5674
5772
5675
5773
5676
5774
5677
5775
5678
5776
5679
5777
5680
5778
5681
5779
5682
5780
5683
5781
5684
5782
5685
5783
5686
5784
5687
5785
5688
5786
5689
5787
5690
5788
5691
5789
5692
5790
5693
5791
5694
5792
5695
5793
5696
5794
5697
5795
5698
5796
5699
5797
5700
5798
5701
5799
5702
5800
5703
5801
5704
5802
5705
5803
5706
5804
5707
5805
5708
5806
5709
5807
5710
5808
5711
5809
5712
5810
5713
5811
5714
5812
5715
5813
5716
5814
5717
5815
5718
5816
5719
5817
5720
5818
5721
5819
5722
5820
5723
5821
5724
5822
5725
5823
5726
5824
5727
5825
5728
5826
5729
5827
5730
5828
5731
5829
5732
5830
5733
5831
5734
5832
5735
5833
5736
5834
5737
5835
5738
5836
5739
5837
5740
5838
5741
5839
5840
5743
5841
5744
5842
5745
5843
5746
5844
5747
5845
5748
5846
5749
5847
5750
5848
5751
5849
5752
5850
5753
5851
5754
5852
5755
5853
5756
5854
5757
5855
5758
5856
5759
5857
5760
5858
5761
5859
5762
5860
5763
5861
5764
5862
5765
5863
5766
5864
5767
5865
5768
5866
5769
5867
5770
5868
5771
5869
5772
5870
5773
5871
5774
5872
5775
5873
5776
5874
5777
5875
5778
5876
5779
5877
5780
5878
5781
5879
5782
5880
5783
5881
5784
5882
5785
5883
5786
5884
5787
5885
5788
5886
5789
5887
5790
5888
5791
5889
5792
5890
5793
5891
5794
5892
5795
5893
5796
5894
5797
5895
5798
5896
5799
5897
5800
5898
5801
5899
5802
5900
5803
5901
5804
5902
5805
5903
5806
5904
5807
5905
5808
5906
5809
5907
5810
5908
5811
5909
5812
5910
5813
5911
5814
5912
5815
5913
5816
5914
5817
5915
5818
5916
5819
5917
5820
5918
5821
5919
5822
5920
5823
5921
5824
5922
5825
5923
5826
5924
5827
5925
5828
5926
5829
5927
5830
5928
5831
5929
5832
5930
5833
5931
5834
5932
5835
5933
5836
5934
5837
5935
5838
5936
5839
5937
5840
5938
5939
5842
5940
5843
5941
5844
5942
5845
5943
5846
5944
5847
5945
5848
5946
5849
5947
5850
5948
5851
5949
5852
5950
5853
5951
5854
5952
5855
5953
5856
5954
5857
5955
5858
5956
5859
5957
5860
5958
5861
5959
5862
5960
5863
5961
5864
5962
5865
5963
5866
5964
5867
5965
5868
5966
5869
5967
5870
5968
5871
5969
5872
5970
5873
5971
5874
5972
5875
5973
5876
5974
5877
5975
5878
5976
5879
5977
5880
5978
5881
5979
5882
5980
5883
5981
5884
5982
5885
5983
5886
5984
5887
5985
5888
5986
5889
5987
5890
5988
5891
5989
5892
5990
5893
5991
5894
5992
5895
5993
5896
5994
5897
5995
5898
5996
5899
5997
5900
5998
5901
5999
5902
6000
5903
6001
5904
6002
5905
6003
5906
6004
5907
6005
5908
6006
5909
6007
5910
6008
5911
6009
5912
6010
5913
6011
5914
6012
5915
6013
5916
6014
5917
6015
5918
6016
5919
6017
5920
6018
5921
6019
5922
6020
5923
6021
5924
6022
5925
6023
5926
6024
5927
6025
5928
6026
5929
6027
5930
6028
5931
6029
5932
6030
5933
6031
5934
6032
5935
6033
5936
6034
5937
6035
5938
6036
5939
6037
6038
5941
6039
5942
6040
5943
6041
5944
6042
5945
6043
5946
6044
5947
6045
5948
6046
5949
6047
5950
6048
5951
6049
5952
6050
5953
6051
5954
6052
5955
6053
5956
6054
5957
6055
5958
6056
5959
6057
5960
6058
5961
6059
5962
6060
5963
6061
5964
6062
5965
6063
5966
6064
5967
6065
5968
6066
5969
6067
5970
6068
5971
6069
5972
6070
5973
6071
5974
6072
5975
6073
5976
6074
5977
6075
5978
6076
5979
6077
5980
6078
5981
6079
5982
6080
5983
6081
5984
6082
5985
6083
5986
6084
5987
6085
5988
6086
5989
6087
5990
6088
5991
6089
5992
6090
5993
6091
5994
6092
5995
6093
5996
6094
5997
6095
5998
6096
5999
6097
6000
6098
6001
6099
6002
6100
6003
6101
6004
6102
6005
6103
6006
6104
6007
6105
6008
6106
6009
6107
6010
6108
6011
6109
6012
6110
6013
6111
6014
6112
6015
6113
6016
6114
6017
6115
6018
6116
6019
6117
6020
6118
6021
6119
6022
6120
6023
6121
6024
6122
6025
6123
6026
6124
6027
6125
6028
6126
6029
6127
6030
6128
6031
6129
6032
6130
6033
6131
6034
6132
6035
6133
6036
6134
6037
6135
6038
6136
6137
6040
6138
6041
6139
6042
6140
6043
6141
6044
6142
6045
6143
6046
6144
6047
6145
6048
6146
6049
6147
6050
6148
6051
6149
6052
6150
6053
6151
6054
6152
6055
6153
6056
6154
6057
6155
6058
6156
6059
6157
6060
6158
6061
6159
6062
6160
6063
6161
6064
6162
6065
6163
6066
6164
6067
6165
6068
6166
6069
6167
6070
6168
6071
6169
6072
6170
6073
6171
6074
6172
6075
6173
6076
6174
6077
6175
6078
6176
6079
6177
6080
6178
6081
6179
6082
6180
6083
6181
6084
6182
6085
6183
6086
6184
6087
6185
6088
6186
6089
6187
6090
6188
6091
6189
6092
6190
6093
6191
6094
6192
6095
6193
6096
6194
6097
6195
6098
6196
6099
6197
6100
6198
6101
6199
6102
6200
6103
6201
6104
6202
6105
6203
6106
6204
6107
6205
6108
6206
6109
6207
6110
6208
6111
6209
6112
6210
6113
6211
6114
6212
6115
6213
6116
6214
6117
6215
6118
6216
6119
6217
6120
6218
6121
6219
6122
6220
6123
6221
6124
6222
6125
6223
6126
6224
6127
6225
6128
6226
6129
6227
6130
6228
6131
6229
6132
6230
6133
6231
6134
6232
6135
6233
6136
6234
6137
6235
6236
6139
6237
6140
6238
6141
6239
6142
6240
6143
6241
6144
6242
6145
6243
6146
6244
6147
6245
6148
6246
6149
6247
6150
6248
6151
6249
6152
6250
6153
6251
6154
6252
6155
6253
6156
6254
6157
6255
6158
6256
6159
6257
6160
6258
6161
6259
6162
6260
6163
6261
6164
6262
6165
6263
6166
6264
6167
6265
6168
6266
6169
6267
6170
6268
6171
6269
6172
6270
6173
6271
6174
6272
6175
6273
6176
6274
6177
6275
6178
6276
6179
6277
6180
6278
6181
6279
6182
6280
6183
6281
6184
6282
6185
6283
6186
6284
6187
6285
6188
6286
6189
6287
6190
6288
6191
6289
6192
6290
6193
6291
6194
6292
6195
6293
6196
6294
6197
6295
6198
6296
6199
6297
6200
6298
6201
6299
6202
6300
6203
6301
6204
6302
6205
6303
6206
6304
6207
6305
6208
6306
6209
6307
6210
6308
6211
6309
6212
6310
6213
6311
6214
6312
6215
6313
6216
6314
6217
6315
6218
6316
6219
6317
6220
6318
6221
6319
6222
6320
6223
6321
6224
6322
6225
6323
6226
6324
6227
6325
6228
6326
6229
6327
6230
6328
6231
6329
6232
6330
6233
6331
6234
6332
6235
6333
6236
6334
6335
6238
6336
6239
6337
6240
6338
6241
6339
6242
6340
6243
6341
6244
6342
6245
6343
6246
6344
6247
6345
6248
6346
6249
6347
6250
6348
6251
6349
6252
6350
6253
6351
6254
6352
6255
6353
6256
6354
6257
6355
6258
6356
6259
6357
6260
6358
6261
6359
6262
6360
6263
6361
6264
6362
6265
6363
6266
6364
6267
6365
6268
6366
6269
6367
6270
6368
6271
6369
6272
6370
6273
6371
6274
6372
6275
6373
6276
6374
6277
6375
6278
6376
6279
6377
6280
6378
6281
6379
6282
6380
6283
6381
6284
6382
6285
6383
6286
6384
6287
6385
6288
6386
6289
6387
6290
6388
6291
6389
6292
6390
6293
6391
6294
6392
6295
6393
6296
6394
6297
6395
6298
6396
6299
6397
6300
6398
6301
6399
6302
6400
6303
6401
6304
6402
6305
6403
6306
6404
6307
6405
6308
6406
6309
6407
6310
6408
6311
6409
6312
6410
6313
6411
6314
6412
6315
6413
6316
6414
6317
6415
6318
6416
6319
6417
6320
6418
6321
6419
6322
6420
6323
6421
6324
6422
6325
6423
6326
6424
6327
6425
6328
6426
6329
6427
6330
6428
6331
6429
6332
6430
6333
6431
6334
6432
6335
6433
6434
6337
6435
6338
6436
6339
6437
6340
6438
6341
6439
6342
6440
6343
6441
6344
6442
6345
6443
6346
6444
6347
6445
6348
6446
6349
6447
6350
6448
6351
6449
6352
6450
6353
6451
6354
6452
6355
6453
6356
6454
6357
6455
6358
6456
6359
6457
6360
6458
6361
6459
6362
6460
6363
6461
6364
6462
6365
6463
6366
6464
6367
6465
6368
6466
6369
6467
6370
6468
6371
6469
6372
6470
6373
6471
6374
6472
6375
6473
6376
6474
6377
6475
6378
6476
6379
6477
6380
6478
6381
6479
6382
6480
6383
6481
6384
6482
6385
6483
6386
6484
6387
6485
6388
6486
6389
6487
6390
6488
6391
6489
6392
6490
6393
6491
6394
6492
6395
6493
6396
6494
6397
6495
6398
6496
6399
6497
6400
6498
6401
6499
6402
6500
6403
6501
6404
6502
6405
6503
6406
6504
6407
6505
6408
6506
6409
6507
6410
6508
6411
6509
6412
6510
6413
6511
6414
6512
6415
6513
6416
6514
6417
6515
6418
6516
6419
6517
6420
6518
6421
6519
6422
6520
6423
6521
6424
6522
6425
6523
6426
6524
6427
6525
6428
6526
6429
6527
6430
6528
6431
6529
6432
6530
6433
6531
6434
6532
6533
6436
6534
6437
6535
6438
6536
6439
6537
6440
6538
6441
6539
6442
6540
6443
6541
6444
6542
6445
6543
6446
6544
6447
6545
6448
6546
6449
6547
6450
6548
6451
6549
6452
6550
6453
6551
6454
6552
6455
6553
6456
6554
6457
6555
6458
6556
6459
6557
6460
6558
6461
6559
6462
6560
6463
6561
6464
6562
6465
6563
6466
6564
6467
6565
6468
6566
6469
6567
6470
6568
6471
6569
6472
6570
6473
6571
6474
6572
6475
6573
6476
6574
6477
6575
6478
6576
6479
6577
6480
6578
6481
6579
6482
6580
6483
6581
6484
6582
6485
6583
6486
6584
6487
6585
6488
6586
6489
6587
6490
6588
6491
6589
6492
6590
6493
6591
6494
6592
6495
6593
6496
6594
6497
6595
6498
6596
6499
6597
6500
6598
6501
6599
6502
6600
6503
6601
6504
6602
6505
6603
6506
6604
6507
6605
6508
6606
6509
6607
6510
6608
6511
6609
6512
6610
6513
6611
6514
6612
6515
6613
6516
6614
6517
6615
6518
6616
6519
6617
6520
6618
6521
6619
6522
6620
6523
6621
6524
6622
6525
6623
6526
6624
6527
6625
6528
6626
6529
6627
6530
6628
6531
6629
6532
6630
6533
6631
6632
6535
6633
6536
6634
6537
6635
6538
6636
6539
6637
6540
6638
6541
6639
6542
6640
6543
6641
6544
6642
6545
6643
6546
6644
6547
6645
6548
6646
6549
6647
6550
6648
6551
6649
6552
6650
6553
6651
6554
6652
6555
6653
6556
6654
6557
6655
6558
6656
6559
6657
6560
6658
6561
6659
6562
6660
6563
6661
6564
6662
6565
6663
6566
6664
6567
6665
6568
6666
6569
6667
6570
6668
6571
6669
6572
6670
6573
6671
6574
6672
6575
6673
6576
6674
6577
6675
6578
6676
6579
6677
6580
6678
6581
6679
6582
6680
6583
6681
6584
6682
6585
6683
6586
6684
6587
6685
6588
6686
6589
6687
6590
6688
6591
6689
6592
6690
6593
6691
6594
6692
6595
6693
6596
6694
6597
6695
6598
6696
6599
6697
6600
6698
6601
6699
6602
6700
6603
6701
6604
6702
6605
6703
6606
6704
6607
6705
6608
6706
6609
6707
6610
6708
6611
6709
6612
6710
6613
6711
6614
6712
6615
6713
6616
6714
6617
6715
6618
6716
6619
6717
6620
6718
6621
6719
6622
6720
6623
6721
6624
6722
6625
6723
6626
6724
6627
6725
6628
6726
6629
6727
6630
6728
6631
6729
6632
6730
6731
6634
6732
6635
6733
6636
6734
6637
6735
6638
6736
6639
6737
6640
6738
6641
6739
6642
6740
6643
6741
6644
6742
6645
6743
6646
6744
6647
6745
6648
6746
6649
6747
6650
6748
6651
6749
6652
6750
6653
6751
6654
6752
6655
6753
6656
6754
6657
6755
6658
6756
6659
6757
6660
6758
6661
6759
6662
6760
6663
6761
6664
6762
6665
6763
6666
6764
6667
6765
6668
6766
6669
6767
6670
6768
6671
6769
6672
6770
6673
6771
6674
6772
6675
6773
6676
6774
6677
6775
6678
6776
6679
6777
6680
6778
6681
6779
6682
6780
6683
6781
6684
6782
6685
6783
6686
6784
6687
6785
6688
6786
6689
6787
6690
6788
6691
6789
6692
6790
6693
6791
6694
6792
6695
6793
6696
6794
6697
6795
6698
6796
6699
6797
6700
6798
6701
6799
6702
6800
6703
6801
6704
6802
6705
6803
6706
6804
6707
6805
6708
6806
6709
6807
6710
6808
6711
6809
6712
6810
6713
6811
6714
6812
6715
6813
6716
6814
6717
6815
6718
6816
6719
6817
6720
6818
6721
6819
6722
6820
6723
6821
6724
6822
6725
6823
6726
6824
6727
6825
6728
6826
6729
6827
6730
6828
6731
6829
6830
6733
6831
6734
6832
6735
6833
6736
6834
6737
6835
6738
6836
6739
6837
6740
6838
6741
6839
6742
6840
6743
6841
6744
6842
6745
6843
6746
6844
6747
6845
6748
6846
6749
6847
6750
6848
6751
6849
6752
6850
6753
6851
6754
6852
6755
6853
6756
6854
6757
6855
6758
6856
6759
6857
6760
6858
6761
6859
6762
6860
6763
6861
6764
6862
6765
6863
6766
6864
6767
6865
6768
6866
6769
6867
6770
6868
6771
6869
6772
6870
6773
6871
6774
6872
6775
6873
6776
6874
6777
6875
6778
6876
6779
6877
6780
6878
6781
6879
6782
6880
6783
6881
6784
6882
6785
6883
6786
6884
6787
6885
6788
6886
6789
6887
6790
6888
6791
6889
6792
6890
6793
6891
6794
6892
6795
6893
6796
6894
6797
6895
6798
6896
6799
6897
6800
6898
6801
6899
6802
6900
6803
6901
6804
6902
6805
6903
6806
6904
6807
6905
6808
6906
6809
6907
6810
6908
6811
6909
6812
6910
6813
6911
6814
6912
6815
6913
6816
6914
6817
6915
6818
6916
6819
6917
6820
6918
6821
6919
6822
6920
6823
6921
6824
6922
6825
6923
6826
6924
6827
6925
6828
6926
6829
6927
6830
6928
6929
6832
6930
6833
6931
6834
6932
6835
6933
6836
6934
6837
6935
6838
6936
6839
6937
6840
6938
6841
6939
6842
6940
6843
6941
6844
6942
6845
6943
6846
6944
6847
6945
6848
6946
6849
6947
6850
6948
6851
6949
6852
6950
6853
6951
6854
6952
6855
6953
6856
6954
6857
6955
6858
6956
6859
6957
6860
6958
6861
6959
6862
6960
6863
6961
6864
6962
6865
6963
6866
6964
6867
6965
6868
6966
6869
6967
6870
6968
6871
6969
6872
6970
6873
6971
6874
6972
6875
6973
6876
6974
6877
6975
6878
6976
6879
6977
6880
6978
6881
6979
6882
6980
6883
6981
6884
6982
6885
6983
6886
6984
6887
6985
6888
6986
6889
6987
6890
6988
6891
6989
6892
6990
6893
6991
6894
6992
6895
6993
6896
6994
6897
6995
6898
6996
6899
6997
6900
6998
6901
6999
6902
7000
6903
7001
6904
7002
6905
7003
6906
7004
6907
7005
6908
7006
6909
7007
6910
7008
6911
7009
6912
7010
6913
7011
6914
7012
6915
7013
6916
7014
6917
7015
6918
7016
6919
7017
6920
7018
6921
7019
6922
7020
6923
7021
6924
7022
6925
7023
6926
7024
6927
7025
6928
7026
6929
7027
7028
6931
7029
6932
7030
6933
7031
6934
7032
6935
7033
6936
7034
6937
7035
6938
7036
6939
7037
6940
7038
6941
7039
6942
7040
6943
7041
6944
7042
6945
7043
6946
7044
6947
7045
6948
7046
6949
7047
6950
7048
6951
7049
6952
7050
6953
7051
6954
7052
6955
7053
6956
7054
6957
7055
6958
7056
6959
7057
6960
7058
6961
7059
6962
7060
6963
7061
6964
7062
6965
7063
6966
7064
6967
7065
6968
7066
6969
7067
6970
7068
6971
7069
6972
7070
6973
7071
6974
7072
6975
7073
6976
7074
6977
7075
6978
7076
6979
7077
6980
7078
6981
7079
6982
7080
6983
7081
6984
7082
6985
7083
6986
7084
6987
7085
6988
7086
6989
7087
6990
7088
6991
7089
6992
7090
6993
7091
6994
7092
6995
7093
6996
7094
6997
7095
6998
7096
6999
7097
7000
7098
7001
7099
7002
7100
7003
7101
7004
7102
7005
7103
7006
7104
7007
7105
7008
7106
7009
7107
7010
7108
7011
7109
7012
7110
7013
7111
7014
7112
7015
7113
7016
7114
7017
7115
7018
7116
7019
7117
7020
7118
7021
7119
7022
7120
7023
7121
7024
7122
7025
7123
7026
7124
7027
7125
7028
7126
7127
7030
7128
7031
7129
7032
7130
7033
7131
7034
7132
7035
7133
7036
7134
7037
7135
7038
7136
7039
7137
7040
7138
7041
7139
7042
7140
7043
7141
7044
7142
7045
7143
7046
7144
7047
7145
7048
7146
7049
7147
7050
7148
7051
7149
7052
7150
7053
7151
7054
7152
7055
7153
7056
7154
7057
7155
7058
7156
7059
7157
7060
7158
7061
7159
7062
7160
7063
7161
7064
7162
7065
7163
7066
7164
7067
7165
7068
7166
7069
7167
7070
7168
7071
7169
7072
7170
7073
7171
7074
7172
7075
7173
7076
7174
7077
7175
7078
7176
7079
7177
7080
7178
7081
7179
7082
7180
7083
7181
7084
7182
7085
7183
7086
7184
7087
7185
7088
7186
7089
7187
7090
7188
7091
7189
7092
7190
7093
7191
7094
7192
7095
7193
7096
7194
7097
7195
7098
7196
7099
7197
7100
7198
7101
7199
7102
7200
7103
7201
7104
7202
7105
7203
7106
7204
7107
7205
7108
7206
7109
7207
7110
7208
7111
7209
7112
7210
7113
7211
7114
7212
7115
7213
7116
7214
7117
7215
7118
7216
7119
7217
7120
7218
7121
7219
7122
7220
7123
7221
7124
7222
7125
7223
7126
7224
7127
7225
7226
7129
7227
7130
7228
7131
7229
7132
7230
7133
7231
7134
7232
7135
7233
7136
7234
7137
7235
7138
7236
7139
7237
7140
7238
7141
7239
7142
7240
7143
7241
7144
7242
7145
7243
7146
7244
7147
7245
7148
7246
7149
7247
7150
7248
7151
7249
7152
7250
7153
7251
7154
7252
7155
7253
7156
7254
7157
7255
7158
7256
7159
7257
7160
7258
7161
7259
7162
7260
7163
7261
7164
7262
7165
7263
7166
7264
7167
7265
7168
7266
7169
7267
7170
7268
7171
7269
7172
7270
7173
7271
7174
7272
7175
7273
7176
7274
7177
7275
7178
7276
7179
7277
7180
7278
7181
7279
7182
7280
7183
7281
7184
7282
7185
7283
7186
7284
7187
7285
7188
7286
7189
7287
7190
7288
7191
7289
7192
7290
7193
7291
7194
7292
7195
7293
7196
7294
7197
7295
7198
7296
7199
7297
7200
7298
7201
7299
7202
7300
7203
7301
7204
7302
7205
7303
7206
7304
7207
7305
7208
7306
7209
7307
7210
7308
7211
7309
7212
7310
7213
7311
7214
7312
7215
7313
7216
7314
7217
7315
7218
7316
7219
7317
7220
7318
7221
7319
7222
7320
7223
7321
7224
7322
7225
7323
7226
7324
7325
7228
7326
7229
7327
7230
7328
7231
7329
7232
7330
7233
7331
7234
7332
7235
7333
7236
7334
7237
7335
7238
7336
7239
7337
7240
7338
7241
7339
7242
7340
7243
7341
7244
7342
7245
7343
7246
7344
7247
7345
7248
7346
7249
7347
7250
7348
7251
7349
7252
7350
7253
7351
7254
7352
7255
7353
7256
7354
7257
7355
7258
7356
7259
7357
7260
7358
7261
7359
7262
7360
7263
7361
7264
7362
7265
7363
7266
7364
7267
7365
7268
7366
7269
7367
7270
7368
7271
7369
7272
7370
7273
7371
7274
7372
7275
7373
7276
7374
7277
7375
7278
7376
7279
7377
7280
7378
7281
7379
7282
7380
7283
7381
7284
7382
7285
7383
7286
7384
7287
7385
7288
7386
7289
7387
7290
7388
7291
7389
7292
7390
7293
7391
7294
7392
7295
7393
7296
7394
7297
7395
7298
7396
7299
7397
7300
7398
7301
7399
7302
7400
7303
7401
7304
7402
7305
7403
7306
7404
7307
7405
7308
7406
7309
7407
7310
7408
7311
7409
7312
7410
7313
7411
7314
7412
7315
7413
7316
7414
7317
7415
7318
7416
7319
7417
7320
7418
7321
7419
7322
7420
7323
7421
7324
7422
7325
7423
7424
7327
7425
7328
7426
7329
7427
7330
7428
7331
7429
7332
7430
7333
7431
7334
7432
7335
7433
7336
7434
7337
7435
7338
7436
7339
7437
7340
7438
7341
7439
7342
7440
7343
7441
7344
7442
7345
7443
7346
7444
7347
7445
7348
7446
7349
7447
7350
7448
7351
7449
7352
7450
7353
7451
7354
7452
7355
7453
7356
7454
7357
7455
7358
7456
7359
7457
7360
7458
7361
7459
7362
7460
7363
7461
7364
7462
7365
7463
7366
7464
7367
7465
7368
7466
7369
7467
7370
7468
7371
7469
7372
7470
7373
7471
7374
7472
7375
7473
7376
7474
7377
7475
7378
7476
7379
7477
7380
7478
7381
7479
7382
7480
7383
7481
7384
7482
7385
7483
7386
7484
7387
7485
7388
7486
7389
7487
7390
7488
7391
7489
7392
7490
7393
7491
7394
7492
7395
7493
7396
7494
7397
7495
7398
7496
7399
7497
7400
7498
7401
7499
7402
7500
7403
7501
7404
7502
7405
7503
7406
7504
7407
7505
7408
7506
7409
7507
7410
7508
7411
7509
7412
7510
7413
7511
7414
7512
7415
7513
7416
7514
7417
7515
7418
7516
7419
7517
7420
7518
7421
7519
7422
7520
7423
7521
7424
7522
7523
7426
7524
7427
7525
7428
7526
7429
7527
7430
7528
7431
7529
7432
7530
7433
7531
7434
7532
7435
7533
7436
7534
7437
7535
7438
7536
7439
7537
7440
7538
7441
7539
7442
7540
7443
7541
7444
7542
7445
7543
7446
7544
7447
7545
7448
7546
7449
7547
7450
7548
7451
7549
7452
7550
7453
7551
7454
7552
7455
7553
7456
7554
7457
7555
7458
7556
7459
7557
7460
7558
7461
7559
7462
7560
7463
7561
7464
7562
7465
7563
7466
7564
7467
7565
7468
7566
7469
7567
7470
7568
7471
7569
7472
7570
7473
7571
7474
7572
7475
7573
7476
7574
7477
7575
7478
7576
7479
7577
7480
7578
7481
7579
7482
7580
7483
7581
7484
7582
7485
7583
7486
7584
7487
7585
7488
7586
7489
7587
7490
7588
7491
7589
7492
7590
7493
7591
7494
7592
7495
7593
7496
7594
7497
7595
7498
7596
7499
7597
7500
7598
7501
7599
7502
7600
7503
7601
7504
7602
7505
7603
7506
7604
7507
7605
7508
7606
7509
7607
7510
7608
7511
7609
7512
7610
7513
7611
7514
7612
7515
7613
7516
7614
7517
7615
7518
7616
7519
7617
7520
7618
7521
7619
7522
7620
7523
7621
7622
7525
7623
7526
7624
7527
7625
7528
7626
7529
7627
7530
7628
7531
7629
7532
7630
7533
7631
7534
7632
7535
7633
7536
7634
7537
7635
7538
7636
7539
7637
7540
7638
7541
7639
7542
7640
7543
7641
7544
7642
7545
7643
7546
7644
7547
7645
7548
7646
7549
7647
7550
7648
7551
7649
7552
7650
7553
7651
7554
7652
7555
7653
7556
7654
7557
7655
7558
7656
7559
7657
7560
7658
7561
7659
7562
7660
7563
7661
7564
7662
7565
7663
7566
7664
7567
7665
7568
7666
7569
7667
7570
7668
7571
7669
7572
7670
7573
7671
7574
7672
7575
7673
7576
7674
7577
7675
7578
7676
7579
7677
7580
7678
7581
7679
7582
7680
7583
7681
7584
7682
7585
7683
7586
7684
7587
7685
7588
7686
7589
7687
7590
7688
7591
7689
7592
7690
7593
7691
7594
7692
7595
7693
7596
7694
7597
7695
7598
7696
7599
7697
7600
7698
7601
7699
7602
7700
7603
7701
7604
7702
7605
7703
7606
7704
7607
7705
7608
7706
7609
7707
7610
7708
7611
7709
7612
7710
7613
7711
7614
7712
7615
7713
7616
7714
7617
7715
7618
7716
7619
7717
7620
7718
7621
7719
7622
7720
7721
7624
7722
7625
7723
7626
7724
7627
7725
7628
7726
7629
7727
7630
7728
7631
7729
7632
7730
7633
7731
7634
7732
7635
7733
7636
7734
7637
7735
7638
7736
7639
7737
7640
7738
7641
7739
7642
7740
7643
7741
7644
7742
7645
7743
7646
7744
7647
7745
7648
7746
7649
7747
7650
7748
7651
7749
7652
7750
7653
7751
7654
7752
7655
7753
7656
7754
7657
7755
7658
7756
7659
7757
7660
7758
7661
7759
7662
7760
7663
7761
7664
7762
7665
7763
7666
7764
7667
7765
7668
7766
7669
7767
7670
7768
7671
7769
7672
7770
7673
7771
7674
7772
7675
7773
7676
7774
7677
7775
7678
7776
7679
7777
7680
7778
7681
7779
7682
7780
7683
7781
7684
7782
7685
7783
7686
7784
7687
7785
7688
7786
7689
7787
7690
7788
7691
7789
7692
7790
7693
7791
7694
7792
7695
7793
7696
7794
7697
7795
7698
7796
7699
7797
7700
7798
7701
7799
7702
7800
7703
7801
7704
7802
7705
7803
7706
7804
7707
7805
7708
7806
7709
7807
7710
7808
7711
7809
7712
7810
7713
7811
7714
7812
7715
7813
7716
7814
7717
7815
7718
7816
7719
7817
7720
7818
7721
7819
7820
7723
7821
7724
7822
7725
7823
7726
7824
7727
7825
7728
7826
7729
7827
7730
7828
7731
7829
7732
7830
7733
7831
7734
7832
7735
7833
7736
7834
7737
7835
7738
7836
7739
7837
7740
7838
7741
7839
7742
7840
7743
7841
7744
7842
7745
7843
7746
7844
7747
7845
7748
7846
7749
7847
7750
7848
7751
7849
7752
7850
7753
7851
7754
7852
7755
7853
7756
7854
7757
7855
7758
7856
7759
7857
7760
7858
7761
7859
7762
7860
7763
7861
7764
7862
7765
7863
7766
7864
7767
7865
7768
7866
7769
7867
7770
7868
7771
7869
7772
7870
7773
7871
7774
7872
7775
7873
7776
7874
7777
7875
7778
7876
7779
7877
7780
7878
7781
7879
7782
7880
7783
7881
7784
7882
7785
7883
7786
7884
7787
7885
7788
7886
7789
7887
7790
7888
7791
7889
7792
7890
7793
7891
7794
7892
7795
7893
7796
7894
7797
7895
7798
7896
7799
7897
7800
7898
7801
7899
7802
7900
7803
7901
7804
7902
7805
7903
7806
7904
7807
7905
7808
7906
7809
7907
7810
7908
7811
7909
7812
7910
7813
7911
7814
7912
7815
7913
7816
7914
7817
7915
7818
7916
7819
7917
7820
7918
7919
7822
7920
7823
7921
7824
7922
7825
7923
7826
7924
7827
7925
7828
7926
7829
7927
7830
7928
7831
7929
7832
7930
7833
7931
7834
7932
7835
7933
7836
7934
7837
7935
7838
7936
7839
7937
7840
7938
7841
7939
7842
7940
7843
7941
7844
7942
7845
7943
7846
7944
7847
7945
7848
7946
7849
7947
7850
7948
7851
7949
7852
7950
7853
7951
7854
7952
7855
7953
7856
7954
7857
7955
7858
7956
7859
7957
7860
7958
7861
7959
7862
7960
7863
7961
7864
7962
7865
7963
7866
7964
7867
7965
7868
7966
7869
7967
7870
7968
7871
7969
7872
7970
7873
7971
7874
7972
7875
7973
7876
7974
7877
7975
7878
7976
7879
7977
7880
7978
7881
7979
7882
7980
7883
7981
7884
7982
7885
7983
7886
7984
7887
7985
7888
7986
7889
7987
7890
7988
7891
7989
7892
7990
7893
7991
7894
7992
7895
7993
7896
7994
7897
7995
7898
7996
7899
7997
7900
7998
7901
7999
7902
8000
7903
8001
7904
8002
7905
8003
7906
8004
7907
8005
7908
8006
7909
8007
7910
8008
7911
8009
7912
8010
7913
8011
7914
8012
7915
8013
7916
8014
7917
8015
7918
8016
7919
8017
8018
7921
8019
7922
8020
7923
8021
7924
8022
7925
8023
7926
8024
7927
8025
7928
8026
7929
8027
7930
8028
7931
8029
7932
8030
7933
8031
7934
8032
7935
8033
7936
8034
7937
8035
7938
8036
7939
8037
7940
8038
7941
8039
7942
8040
7943
8041
7944
8042
7945
8043
7946
8044
7947
8045
7948
8046
7949
8047
7950
8048
7951
8049
7952
8050
7953
8051
7954
8052
7955
8053
7956
8054
7957
8055
7958
8056
7959
8057
7960
8058
7961
8059
7962
8060
7963
8061
7964
8062
7965
8063
7966
8064
7967
8065
7968
8066
7969
8067
7970
8068
7971
8069
7972
8070
7973
8071
7974
8072
7975
8073
7976
8074
7977
8075
7978
8076
7979
8077
7980
8078
7981
8079
7982
8080
7983
8081
7984
8082
7985
8083
7986
8084
7987
8085
7988
8086
7989
8087
7990
8088
7991
8089
7992
8090
7993
8091
7994
8092
7995
8093
7996
8094
7997
8095
7998
8096
7999
8097
8000
8098
8001
8099
8002
8100
8003
8101
8004
8102
8005
8103
8006
8104
8007
8105
8008
8106
8009
8107
8010
8108
8011
8109
8012
8110
8013
8111
8014
8112
8015
8113
8016
8114
8017
8115
8018
8116
8117
8020
8118
8021
8119
8022
8120
8023
8121
8024
8122
8025
8123
8026
8124
8027
8125
8028
8126
8029
8127
8030
8128
8031
8129
8032
8130
8033
8131
8034
8132
8035
8133
8036
8134
8037
8135
8038
8136
8039
8137
8040
8138
8041
8139
8042
8140
8043
8141
8044
8142
8045
8143
8046
8144
8047
8145
8048
8146
8049
8147
8050
8148
8051
8149
8052
8150
8053
8151
8054
8152
8055
8153
8056
8154
8057
8155
8058
8156
8059
8157
8060
8158
8061
8159
8062
8160
8063
8161
8064
8162
8065
8163
8066
8164
8067
8165
8068
8166
8069
8167
8070
8168
8071
8169
8072
8170
8073
8171
8074
8172
8075
8173
8076
8174
8077
8175
8078
8176
8079
8177
8080
8178
8081
8179
8082
8180
8083
8181
8084
8182
8085
8183
8086
8184
8087
8185
8088
8186
8089
8187
8090
8188
8091
8189
8092
8190
8093
8191
8094
8192
8095
8193
8096
8194
8097
8195
8098
8196
8099
8197
8100
8198
8101
8199
8102
8200
8103
8201
8104
8202
8105
8203
8106
8204
8107
8205
8108
8206
8109
8207
8110
8208
8111
8209
8112
8210
8113
8211
8114
8212
8115
8213
8116
8214
8117
8215
8216
8119
8217
8120
8218
8121
8219
8122
8220
8123
8221
8124
8222
8125
8223
8126
8224
8127
8225
8128
8226
8129
8227
8130
8228
8131
8229
8132
8230
8133
8231
8134
8232
8135
8233
8136
8234
8137
8235
8138
8236
8139
8237
8140
8238
8141
8239
8142
8240
8143
8241
8144
8242
8145
8243
8146
8244
8147
8245
8148
8246
8149
8247
8150
8248
8151
8249
8152
8250
8153
8251
8154
8252
8155
8253
8156
8254
8157
8255
8158
8256
8159
8257
8160
8258
8161
8259
8162
8260
8163
8261
8164
8262
8165
8263
8166
8264
8167
8265
8168
8266
8169
8267
8170
8268
8171
8269
8172
8270
8173
8271
8174
8272
8175
8273
8176
8274
8177
8275
8178
8276
8179
8277
8180
8278
8181
8279
8182
8280
8183
8281
8184
8282
8185
8283
8186
8284
8187
8285
8188
8286
8189
8287
8190
8288
8191
8289
8192
8290
8193
8291
8194
8292
8195
8293
8196
8294
8197
8295
8198
8296
8199
8297
8200
8298
8201
8299
8202
8300
8203
8301
8204
8302
8205
8303
8206
8304
8207
8305
8208
8306
8209
8307
8210
8308
8211
8309
8212
8310
8213
8311
8214
8312
8215
8313
8216
8314
8315
8218
8316
8219
8317
8220
8318
8221
8319
8222
8320
8223
8321
8224
8322
8225
8323
8226
8324
8227
8325
8228
8326
8229
8327
8230
8328
8231
8329
8232
8330
8233
8331
8234
8332
8235
8333
8236
8334
8237
8335
8238
8336
8239
8337
8240
8338
8241
8339
8242
8340
8243
8341
8244
8342
8245
8343
8246
8344
8247
8345
8248
8346
8249
8347
8250
8348
8251
8349
8252
8350
8253
8351
8254
8352
8255
8353
8256
8354
8257
8355
8258
8356
8259
8357
8260
8358
8261
8359
8262
8360
8263
8361
8264
8362
8265
8363
8266
8364
8267
8365
8268
8366
8269
8367
8270
8368
8271
8369
8272
8370
8273
8371
8274
8372
8275
8373
8276
8374
8277
8375
8278
8376
8279
8377
8280
8378
8281
8379
8282
8380
8283
8381
8284
8382
8285
8383
8286
8384
8287
8385
8288
8386
8289
8387
8290
8388
8291
8389
8292
8390
8293
8391
8294
8392
8295
8393
8296
8394
8297
8395
8298
8396
8299
8397
8300
8398
8301
8399
8302
8400
8303
8401
8304
8402
8305
8403
8306
8404
8307
8405
8308
8406
8309
8407
8310
8408
8311
8409
8312
8410
8313
8411
8314
8412
8315
8413
8414
8317
8415
8318
8416
8319
8417
8320
8418
8321
8419
8322
8420
8323
8421
8324
8422
8325
8423
8326
8424
8327
8425
8328
8426
8329
8427
8330
8428
8331
8429
8332
8430
8333
8431
8334
8432
8335
8433
8336
8434
8337
8435
8338
8436
8339
8437
8340
8438
8341
8439
8342
8440
8343
8441
8344
8442
8345
8443
8346
8444
8347
8445
8348
8446
8349
8447
8350
8448
8351
8449
8352
8450
8353
8451
8354
8452
8355
8453
8356
8454
8357
8455
8358
8456
8359
8457
8360
8458
8361
8459
8362
8460
8363
8461
8364
8462
8365
8463
8366
8464
8367
8465
8368
8466
8369
8467
8370
8468
8371
8469
8372
8470
8373
8471
8374
8472
8375
8473
8376
8474
8377
8475
8378
8476
8379
8477
8380
8478
8381
8479
8382
8480
8383
8481
8384
8482
8385
8483
8386
8484
8387
8485
8388
8486
8389
8487
8390
8488
8391
8489
8392
8490
8393
8491
8394
8492
8395
8493
8396
8494
8397
8495
8398
8496
8399
8497
8400
8498
8401
8499
8402
8500
8403
8501
8404
8502
8405
8503
8406
8504
8407
8505
8408
8506
8409
8507
8410
8508
8411
8509
8412
8510
8413
8511
8414
8512
8513
8416
8514
8417
8515
8418
8516
8419
8517
8420
8518
8421
8519
8422
8520
8423
8521
8424
8522
8425
8523
8426
8524
8427
8525
8428
8526
8429
8527
8430
8528
8431
8529
8432
8530
8433
8531
8434
8532
8435
8533
8436
8534
8437
8535
8438
8536
8439
8537
8440
8538
8441
8539
8442
8540
8443
8541
8444
8542
8445
8543
8446
8544
8447
8545
8448
8546
8449
8547
8450
8548
8451
8549
8452
8550
8453
8551
8454
8552
8455
8553
8456
8554
8457
8555
8458
8556
8459
8557
8460
8558
8461
8559
8462
8560
8463
8561
8464
8562
8465
8563
8466
8564
8467
8565
8468
8566
8469
8567
8470
8568
8471
8569
8472
8570
8473
8571
8474
8572
8475
8573
8476
8574
8477
8575
8478
8576
8479
8577
8480
8578
8481
8579
8482
8580
8483
8581
8484
8582
8485
8583
8486
8584
8487
8585
8488
8586
8489
8587
8490
8588
8491
8589
8492
8590
8493
8591
8494
8592
8495
8593
8496
8594
8497
8595
8498
8596
8499
8597
8500
8598
8501
8599
8502
8600
8503
8601
8504
8602
8505
8603
8506
8604
8507
8605
8508
8606
8509
8607
8510
8608
8511
8609
8512
8610
8513
8611
8612
8515
8613
8516
8614
8517
8615
8518
8616
8519
8617
8520
8618
8521
8619
8522
8620
8523
8621
8524
8622
8525
8623
8526
8624
8527
8625
8528
8626
8529
8627
8530
8628
8531
8629
8532
8630
8533
8631
8534
8632
8535
8633
8536
8634
8537
8635
8538
8636
8539
8637
8540
8638
8541
8639
8542
8640
8543
8641
8544
8642
8545
8643
8546
8644
8547
8645
8548
8646
8549
8647
8550
8648
8551
8649
8552
8650
8553
8651
8554
8652
8555
8653
8556
8654
8557
8655
8558
8656
8559
8657
8560
8658
8561
8659
8562
8660
8563
8661
8564
8662
8565
8663
8566
8664
8567
8665
8568
8666
8569
8667
8570
8668
8571
8669
8572
8670
8573
8671
8574
8672
8575
8673
8576
8674
8577
8675
8578
8676
8579
8677
8580
8678
8581
8679
8582
8680
8583
8681
8584
8682
8585
8683
8586
8684
8587
8685
8588
8686
8589
8687
8590
8688
8591
8689
8592
8690
8593
8691
8594
8692
8595
8693
8596
8694
8597
8695
8598
8696
8599
8697
8600
8698
8601
8699
8602
8700
8603
8701
8604
8702
8605
8703
8606
8704
8607
8705
8608
8706
8609
8707
8610
8708
8611
8709
8612
8710
8711
8614
8712
8615
8713
8616
8714
8617
8715
8618
8716
8619
8717
8620
8718
8621
8719
8622
8720
8623
8721
8624
8722
8625
8723
8626
8724
8627
8725
8628
8726
8629
8727
8630
8728
8631
8729
8632
8730
8633
8731
8634
8732
8635
8733
8636
8734
8637
8735
8638
8736
8639
8737
8640
8738
8641
8739
8642
8740
8643
8741
8644
8742
8645
8743
8646
8744
8647
8745
8648
8746
8649
8747
8650
8748
8651
8749
8652
8750
8653
8751
8654
8752
8655
8753
8656
8754
8657
8755
8658
8756
8659
8757
8660
8758
8661
8759
8662
8760
8663
8761
8664
8762
8665
8763
8666
8764
8667
8765
8668
8766
8669
8767
8670
8768
8671
8769
8672
8770
8673
8771
8674
8772
8675
8773
8676
8774
8677
8775
8678
8776
8679
8777
8680
8778
8681
8779
8682
8780
8683
8781
8684
8782
8685
8783
8686
8784
8687
8785
8688
8786
8689
8787
8690
8788
8691
8789
8692
8790
8693
8791
8694
8792
8695
8793
8696
8794
8697
8795
8698
8796
8699
8797
8700
8798
8701
8799
8702
8800
8703
8801
8704
8802
8705
8803
8706
8804
8707
8805
8708
8806
8709
8807
8710
8808
8711
8809
8810
8713
8811
8714
8812
8715
8813
8716
8814
8717
8815
8718
8816
8719
8817
8720
8818
8721
8819
8722
8820
8723
8821
8724
8822
8725
8823
8726
8824
8727
8825
8728
8826
8729
8827
8730
8828
8731
8829
8732
8830
8733
8831
8734
8832
8735
8833
8736
8834
8737
8835
8738
8836
8739
8837
8740
8838
8741
8839
8742
8840
8743
8841
8744
8842
8745
8843
8746
8844
8747
8845
8748
8846
8749
8847
8750
8848
8751
8849
8752
8850
8753
8851
8754
8852
8755
8853
8756
8854
8757
8855
8758
8856
8759
8857
8760
8858
8761
8859
8762
8860
8763
8861
8764
8862
8765
8863
8766
8864
8767
8865
8768
8866
8769
8867
8770
8868
8771
8869
8772
8870
8773
8871
8774
8872
8775
8873
8776
8874
8777
8875
8778
8876
8779
8877
8780
8878
8781
8879
8782
8880
8783
8881
8784
8882
8785
8883
8786
8884
8787
8885
8788
8886
8789
8887
8790
8888
8791
8889
8792
8890
8793
8891
8794
8892
8795
8893
8796
8894
8797
8895
8798
8896
8799
8897
8800
8898
8801
8899
8802
8900
8803
8901
8804
8902
8805
8903
8806
8904
8807
8905
8808
8906
8809
8907
8810
8908
8909
8812
8910
8813
8911
8814
8912
8815
8913
8816
8914
8817
8915
8818
8916
8819
8917
8820
8918
8821
8919
8822
8920
8823
8921
8824
8922
8825
8923
8826
8924
8827
8925
8828
8926
8829
8927
8830
8928
8831
8929
8832
8930
8833
8931
8834
8932
8835
8933
8836
8934
8837
8935
8838
8936
8839
8937
8840
8938
8841
8939
8842
8940
8843
8941
8844
8942
8845
8943
8846
8944
8847
8945
8848
8946
8849
8947
8850
8948
8851
8949
8852
8950
8853
8951
8854
8952
8855
8953
8856
8954
8857
8955
8858
8956
8859
8957
8860
8958
8861
8959
8862
8960
8863
8961
8864
8962
8865
8963
8866
8964
8867
8965
8868
8966
8869
8967
8870
8968
8871
8969
8872
8970
8873
8971
8874
8972
8875
8973
8876
8974
8877
8975
8878
8976
8879
8977
8880
8978
8881
8979
8882
8980
8883
8981
8884
8982
8885
8983
8886
8984
8887
8985
8888
8986
8889
8987
8890
8988
8891
8989
8892
8990
8893
8991
8894
8992
8895
8993
8896
8994
8897
8995
8898
8996
8899
8997
8900
8998
8901
8999
8902
9000
8903
9001
8904
9002
8905
9003
8906
9004
8907
9005
8908
9006
8909
9007
9008
8911
9009
8912
9010
8913
9011
8914
9012
8915
9013
8916
9014
8917
9015
8918
9016
8919
9017
8920
9018
8921
9019
8922
9020
8923
9021
8924
9022
8925
9023
8926
9024
8927
9025
8928
9026
8929
9027
8930
9028
8931
9029
8932
9030
8933
9031
8934
9032
8935
9033
8936
9034
8937
9035
8938
9036
8939
9037
8940
9038
8941
9039
8942
9040
8943
9041
8944
9042
8945
9043
8946
9044
8947
9045
8948
9046
8949
9047
8950
9048
8951
9049
8952
9050
8953
9051
8954
9052
8955
9053
8956
9054
8957
9055
8958
9056
8959
9057
8960
9058
8961
9059
8962
9060
8963
9061
8964
9062
8965
9063
8966
9064
8967
9065
8968
9066
8969
9067
8970
9068
8971
9069
8972
9070
8973
9071
8974
9072
8975
9073
8976
9074
8977
9075
8978
9076
8979
9077
8980
9078
8981
9079
8982
9080
8983
9081
8984
9082
8985
9083
8986
9084
8987
9085
8988
9086
8989
9087
8990
9088
8991
9089
8992
9090
8993
9091
8994
9092
8995
9093
8996
9094
8997
9095
8998
9096
8999
9097
9000
9098
9001
9099
9002
9100
9003
9101
9004
9102
9005
9103
9006
9104
9007
9105
9008
9106
9107
9010
9108
9011
9109
9012
9110
9013
9111
9014
9112
9015
9113
9016
9114
9017
9115
9018
9116
9019
9117
9020
9118
9021
9119
9022
9120
9023
9121
9024
9122
9025
9123
9026
9124
9027
9125
9028
9126
9029
9127
9030
9128
9031
9129
9032
9130
9033
9131
9034
9132
9035
9133
9036
9134
9037
9135
9038
9136
9039
9137
9040
9138
9041
9139
9042
9140
9043
9141
9044
9142
9045
9143
9046
9144
9047
9145
9048
9146
9049
9147
9050
9148
9051
9149
9052
9150
9053
9151
9054
9152
9055
9153
9056
9154
9057
9155
9058
9156
9059
9157
9060
9158
9061
9159
9062
9160
9063
9161
9064
9162
9065
9163
9066
9164
9067
9165
9068
9166
9069
9167
9070
9168
9071
9169
9072
9170
9073
9171
9074
9172
9075
9173
9076
9174
9077
9175
9078
9176
9079
9177
9080
9178
9081
9179
9082
9180
9083
9181
9084
9182
9085
9183
9086
9184
9087
9185
9088
9186
9089
9187
9090
9188
9091
9189
9092
9190
9093
9191
9094
9192
9095
9193
9096
9194
9097
9195
9098
9196
9099
9197
9100
9198
9101
9199
9102
9200
9103
9201
9104
9202
9105
9203
9106
9204
9107
9205
9206
9109
9207
9110
9208
9111
9209
9112
9210
9113
9211
9114
9212
9115
9213
9116
9214
9117
9215
9118
9216
9119
9217
9120
9218
9121
9219
9122
9220
9123
9221
9124
9222
9125
9223
9126
9224
9127
9225
9128
9226
9129
9227
9130
9228
9131
9229
9132
9230
9133
9231
9134
9232
9135
9233
9136
9234
9137
9235
9138
9236
9139
9237
9140
9238
9141
9239
9142
9240
9143
9241
9144
9242
9145
9243
9146
9244
9147
9245
9148
9246
9149
9247
9150
9248
9151
9249
9152
9250
9153
9251
9154
9252
9155
9253
9156
9254
9157
9255
9158
9256
9159
9257
9160
9258
9161
9259
9162
9260
9163
9261
9164
9262
9165
9263
9166
9264
9167
9265
9168
9266
9169
9267
9170
9268
9171
9269
9172
9270
9173
9271
9174
9272
9175
9273
9176
9274
9177
9275
9178
9276
9179
9277
9180
9278
9181
9279
9182
9280
9183
9281
9184
9282
9185
9283
9186
9284
9187
9285
9188
9286
9189
9287
9190
9288
9191
9289
9192
9290
9193
9291
9194
9292
9195
9293
9196
9294
9197
9295
9198
9296
9199
9297
9200
9298
9201
9299
9202
9300
9203
9301
9204
9302
9205
9303
9206
9304
9305
9208
9306
9209
9307
9210
9308
9211
9309
9212
9310
9213
9311
9214
9312
9215
9313
9216
9314
9217
9315
9218
9316
9219
9317
9220
9318
9221
9319
9222
9320
9223
9321
9224
9322
9225
9323
9226
9324
9227
9325
9228
9326
9229
9327
9230
9328
9231
9329
9232
9330
9233
9331
9234
9332
9235
9333
9236
9334
9237
9335
9238
9336
9239
9337
9240
9338
9241
9339
9242
9340
9243
9341
9244
9342
9245
9343
9246
9344
9247
9345
9248
9346
9249
9347
9250
9348
9251
9349
9252
9350
9253
9351
9254
9352
9255
9353
9256
9354
9257
9355
9258
9356
9259
9357
9260
9358
9261
9359
9262
9360
9263
9361
9264
9362
9265
9363
9266
9364
9267
9365
9268
9366
9269
9367
9270
9368
9271
9369
9272
9370
9273
9371
9274
9372
9275
9373
9276
9374
9277
9375
9278
9376
9279
9377
9280
9378
9281
9379
9282
9380
9283
9381
9284
9382
9285
9383
9286
9384
9287
9385
9288
9386
9289
9387
9290
9388
9291
9389
9292
9390
9293
9391
9294
9392
9295
9393
9296
9394
9297
9395
9298
9396
9299
9397
9300
9398
9301
9399
9302
9400
9303
9401
9304
9402
9305
9403
9404
9307
9405
9308
9406
9309
9407
9310
9408
9311
9409
9312
9410
9313
9411
9314
9412
9315
9413
9316
9414
9317
9415
9318
9416
9319
9417
9320
9418
9321
9419
9322
9420
9323
9421
9324
9422
9325
9423
9326
9424
9327
9425
9328
9426
9329
9427
9330
9428
9331
9429
9332
9430
9333
9431
9334
9432
9335
9433
9336
9434
9337
9435
9338
9436
9339
9437
9340
9438
9341
9439
9342
9440
9343
9441
9344
9442
9345
9443
9346
9444
9347
9445
9348
9446
9349
9447
9350
9448
9351
9449
9352
9450
9353
9451
9354
9452
9355
9453
9356
9454
9357
9455
9358
9456
9359
9457
9360
9458
9361
9459
9362
9460
9363
9461
9364
9462
9365
9463
9366
9464
9367
9465
9368
9466
9369
9467
9370
9468
9371
9469
9372
9470
9373
9471
9374
9472
9375
9473
9376
9474
9377
9475
9378
9476
9379
9477
9380
9478
9381
9479
9382
9480
9383
9481
9384
9482
9385
9483
9386
9484
9387
9485
9388
9486
9389
9487
9390
9488
9391
9489
9392
9490
9393
9491
9394
9492
9395
9493
9396
9494
9397
9495
9398
9496
9399
9497
9400
9498
9401
9499
9402
9500
9403
9501
9404
9502
9503
9406
9504
9407
9505
9408
9506
9409
9507
9410
9508
9411
9509
9412
9510
9413
9511
9414
9512
9415
9513
9416
9514
9417
9515
9418
9516
9419
9517
9420
9518
9421
9519
9422
9520
9423
9521
9424
9522
9425
9523
9426
9524
9427
9525
9428
9526
9429
9527
9430
9528
9431
9529
9432
9530
9433
9531
9434
9532
9435
9533
9436
9534
9437
9535
9438
9536
9439
9537
9440
9538
9441
9539
9442
9540
9443
9541
9444
9542
9445
9543
9446
9544
9447
9545
9448
9546
9449
9547
9450
9548
9451
9549
9452
9550
9453
9551
9454
9552
9455
9553
9456
9554
9457
9555
9458
9556
9459
9557
9460
9558
9461
9559
9462
9560
9463
9561
9464
9562
9465
9563
9466
9564
9467
9565
9468
9566
9469
9567
9470
9568
9471
9569
9472
9570
9473
9571
9474
9572
9475
9573
9476
9574
9477
9575
9478
9576
9479
9577
9480
9578
9481
9579
9482
9580
9483
9581
9484
9582
9485
9583
9486
9584
9487
9585
9488
9586
9489
9587
9490
9588
9491
9589
9492
9590
9493
9591
9494
9592
9495
9593
9496
9594
9497
9595
9498
9596
9499
9597
9500
9598
9501
9599
9502
9600
9503
9601
9602
9505
9603
9506
9604
9507
9605
9508
9606
9509
9607
9510
9608
9511
9609
9512
9610
9513
9611
9514
9612
9515
9613
9516
9614
9517
9615
9518
9616
9519
9617
9520
9618
9521
9619
9522
9620
9523
9621
9524
9622
9525
9623
9526
9624
9527
9625
9528
9626
9529
9627
9530
9628
9531
9629
9532
9630
9533
9631
9534
9632
9535
9633
9536
9634
9537
9635
9538
9636
9539
9637
9540
9638
9541
9639
9542
9640
9543
9641
9544
9642
9545
9643
9546
9644
9547
9645
9548
9646
9549
9647
9550
9648
9551
9649
9552
9650
9553
9651
9554
9652
9555
9653
9556
9654
9557
9655
9558
9656
9559
9657
9560
9658
9561
9659
9562
9660
9563
9661
9564
9662
9565
9663
9566
9664
9567
9665
9568
9666
9569
9667
9570
9668
9571
9669
9572
9670
9573
9671
9574
9672
9575
9673
9576
9674
9577
9675
9578
9676
9579
9677
9580
9678
9581
9679
9582
9680
9583
9681
9584
9682
9585
9683
9586
9684
9587
9685
9588
9686
9589
9687
9590
9688
9591
9689
9592
9690
9593
9691
9594
9692
9595
9693
9596
9694
9597
9695
9598
9696
9599
9697
9600
9698
9601
9699
9602
9700
9701
9604
9702
9605
9703
9606
9704
9607
9705
9608
9706
9609
9707
9610
9708
9611
9709
9612
9710
9613
9711
9614
9712
9615
9713
9616
9714
9617
9715
9618
9716
9619
9717
9620
9718
9621
9719
9622
9720
9623
9721
9624
9722
9625
9723
9626
9724
9627
9725
9628
9726
9629
9727
9630
9728
9631
9729
9632
9730
9633
9731
9634
9732
9635
9733
9636
9734
9637
9735
9638
9736
9639
9737
9640
9738
9641
9739
9642
9740
9643
9741
9644
9742
9645
9743
9646
9744
9647
9745
9648
9746
9649
9747
9650
9748
9651
9749
9652
9750
9653
9751
9654
9752
9655
9753
9656
9754
9657
9755
9658
9756
9659
9757
9660
9758
9661
9759
9662
9760
9663
9761
9664
9762
9665
9763
9666
9764
9667
9765
9668
9766
9669
9767
9670
9768
9671
9769
9672
9770
9673
9771
9674
9772
9675
9773
9676
9774
9677
9775
9678
9776
9679
9777
9680
9778
9681
9779
9682
9780
9683
9781
9684
9782
9685
9783
9686
9784
9687
9785
9688
9786
9689
9787
9690
9788
9691
9789
9692
9790
9693
9791
9694
9792
9695
9793
9696
9794
9697
9795
9698
9796
9699
9797
9700
9798
9701
9799
9800
9703
9801
9704
9802
9705
9803
9706
9804
9707
9805
9708
9806
9709
9807
9710
9808
9711
9809
9712
9810
9713
9811
9714
9812
9715
9813
9716
9814
9717
9815
9718
9816
9719
9817
9720
9818
9721
9819
9722
9820
9723
9821
9724
9822
9725
9823
9726
9824
9727
9825
9728
9826
9729
9827
9730
9828
9731
9829
9732
9830
9733
9831
9734
9832
9735
9833
9736
9834
9737
9835
9738
9836
9739
9837
9740
9838
9741
9839
9742
9840
9743
9841
9744
9842
9745
9843
9746
9844
9747
9845
9748
9846
9749
9847
9750
9848
9751
9849
9752
9850
9753
9851
9754
9852
9755
9853
9756
9854
9757
9855
9758
9856
9759
9857
9760
9858
9761
9859
9762
9860
9763
9861
9764
9862
9765
9863
9766
9864
9767
9865
9768
9866
9769
9867
9770
9868
9771
9869
9772
9870
9773
9871
9774
9872
9775
9873
9776
9874
9777
9875
9778
9876
9779
9877
9780
9878
9781
9879
9782
9880
9783
9881
9784
9882
9785
9883
9786
9884
9787
9885
9788
9886
9789
9887
9790
9888
9791
9889
9792
9890
9793
9891
9794
9892
9795
9893
9796
9894
9797
9895
9798
9896
9799
9897
9800
9898
9899
9802
9900
9803
9901
9804
9902
9805
9903
9806
9904
9807
9905
9808
9906
9809
9907
9810
9908
9811
9909
9812
9910
9813
9911
9814
9912
9815
9913
9816
9914
9817
9915
9818
9916
9819
9917
9820
9918
9821
9919
9822
9920
9823
9921
9824
9922
9825
9923
9826
9924
9827
9925
9828
9926
9829
9927
9830
9928
9831
9929
9832
9930
9833
9931
9834
9932
9835
9933
9836
9934
9837
9935
9838
9936
9839
9937
9840
9938
9841
9939
9842
9940
9843
9941
9844
9942
9845
9943
9846
9944
9847
9945
9848
9946
9849
9947
9850
9948
9851
9949
9852
9950
9853
9951
9854
9952
9855
9953
9856
9954
9857
9955
9858
9956
9859
9957
9860
9958
9861
9959
9862
9960
9863
9961
9864
9962
9865
9963
9866
9964
9867
9965
9868
9966
9869
9967
9870
9968
9871
9969
9872
9970
9873
9971
9874
9972
9875
9973
9876
9974
9877
9975
9878
9976
9879
9977
9880
9978
9881
9979
9882
9980
9883
9981
9884
9982
9885
9983
9886
9984
9887
9985
9888
9986
9889
9987
9890
9988
9891
9989
9892
9990
9893
9991
9894
9992
9895
9993
9896
9994
9897
9995
9898
9996
9899
9997
9998
9901
9999
9902
10000
9903
10001
9904
10002
9905
10003
9906
10004
9907
10005
9908
10006
9909
10007
9910
10008
9911
10009
9912
10010
9913
10011
9914
10012
9915
10013
9916
10014
9917
10015
9918
10016
9919
10017
9920
10018
9921
10019
9922
10020
9923
10021
9924
10022
9925
10023
9926
10024
9927
10025
9928
10026
9929
10027
9930
10028
9931
10029
9932
10030
9933
10031
9934
10032
9935
10033
9936
10034
9937
10035
9938
10036
9939
10037
9940
10038
9941
10039
9942
10040
9943
10041
9944
10042
9945
10043
9946
10044
9947
10045
9948
10046
9949
10047
9950
10048
9951
10049
9952
10050
9953
10051
9954
10052
9955
10053
9956
10054
9957
10055
9958
10056
9959
10057
9960
10058
9961
10059
9962
10060
9963
10061
9964
10062
9965
10063
9966
10064
9967
10065
9968
10066
9969
10067
9970
10068
9971
10069
9972
10070
9973
10071
9974
10072
9975
10073
9976
10074
9977
10075
9978
10076
9979
10077
9980
10078
9981
10079
9982
10080
9983
10081
9984
10082
9985
10083
9986
10084
9987
10085
9988
10086
9989
10087
9990
10088
9991
10089
9992
10090
9993
10091
9994
10092
9995
10093
9996
10094
9997
10095
9998
10096
10097
10000
10098
10001
10099
10002
10100
10003
10101
10004
10102
10005
10103
10006
10104
10007
10105
10008
10106
10009
10107
10010
10108
10011
10109
10012
10110
10013
10111
10014
10112
10015
10113
10016
10114
10017
10115
10018
10116
10019
10117
10020
10118
10021
10119
10022
10120
10023
10121
10024
10122
10025
10123
10026
10124
10027
10125
10028
10126
10029
10127
10030
10128
10031
10129
10032
10130
10033
10131
10034
10132
10035
10133
10036
10134
10037
10135
10038
10136
10039
10137
10040
10138
10041
10139
10042
10140
10043
10141
10044
10142
10045
10143
10046
10144
10047
10145
10048
10146
10049
10147
10050
10148
10051
10149
10052
10150
10053
10151
10054
10152
10055
10153
10056
10154
10057
10155
10058
10156
10059
10157
10060
10158
10061
10159
10062
10160
10063
10161
10064
10162
10065
10163
10066
10164
10067
10165
10068
10166
10069
10167
10070
10168
10071
10169
10072
10170
10073
10171
10074
10172
10075
10173
10076
10174
10077
10175
10078
10176
10079
10177
10080
10178
10081
10179
10082
10180
10083
10181
10084
10182
10085
10183
10086
10184
10087
10185
10088
10186
10089
10187
10090
10188
10091
10189
10092
10190
10093
10191
10094
10192
10095
10193
10096
10194
10097
10195
10196
10099
10197
10100
10198
10101
10199
10102
10200
10103
10201
10104
10202
10105
10203
10106
10204
10107
10205
10108
10206
10109
10207
10110
10208
10111
10209
10112
10210
10113
10211
10114
10212
10115
10213
10116
10214
10117
10215
10118
10216
10119
10217
10120
10218
10121
10219
10122
10220
10123
10221
10124
10222
10125
10223
10126
10224
10127
10225
10128
10226
10129
10227
10130
10228
10131
10229
10132
10230
10133
10231
10134
10232
10135
10233
10136
10234
10137
10235
10138
10236
10139
10237
10140
10238
10141
10239
10142
10240
10143
10241
10144
10242
10145
10243
10146
10244
10147
10245
10148
10246
10149
10247
10150
10248
10151
10249
10152
10250
10153
10251
10154
10252
10155
10253
10156
10254
10157
10255
10158
10256
10159
10257
10160
10258
10161
10259
10162
10260
10163
10261
10164
10262
10165
10263
10166
10264
10167
10265
10168
10266
10169
10267
10170
10268
10171
10269
10172
10270
10173
10271
10174
10272
10175
10273
10176
10274
10177
10275
10178
10276
10179
10277
10180
10278
10181
10279
10182
10280
10183
10281
10184
10282
10185
10283
10186
10284
10187
10285
10188
10286
10189
10287
10190
10288
10191
10289
10192
10290
10193
10291
10194
10292
10195
10293
10196
10294
10295
10198
10296
10199
10297
10200
10298
10201
10299
10202
10300
10203
10301
10204
10302
10205
10303
10206
10304
10207
10305
10208
10306
10209
10307
10210
10308
10211
10309
10212
10310
10213
10311
10214
10312
10215
10313
10216
10314
10217
10315
10218
10316
10219
10317
10220
10318
10221
10319
10222
10320
10223
10321
10224
10322
10225
10323
10226
10324
10227
10325
10228
10326
10229
10327
10230
10328
10231
10329
10232
10330
10233
10331
10234
10332
10235
10333
10236
10334
10237
10335
10238
10336
10239
10337
10240
10338
10241
10339
10242
10340
10243
10341
10244
10342
10245
10343
10246
10344
10247
10345
10248
10346
10249
10347
10250
10348
10251
10349
10252
10350
10253
10351
10254
10352
10255
10353
10256
10354
10257
10355
10258
10356
10259
10357
10260
10358
10261
10359
10262
10360
10263
10361
10264
10362
10265
10363
10266
10364
10267
10365
10268
10366
10269
10367
10270
10368
10271
10369
10272
10370
10273
10371
10274
10372
10275
10373
10276
10374
10277
10375
10278
10376
10279
10377
10280
10378
10281
10379
10282
10380
10283
10381
10284
10382
10285
10383
10286
10384
10287
10385
10288
10386
10289
10387
10290
10388
10291
10389
10292
10390
10293
10391
10294
10392
10295
10393
10394
10297
10395
10298
10396
10299
10397
10300
10398
10301
10399
10302
10400
10303
10401
10304
10402
10305
10403
10306
10404
10307
10405
10308
10406
10309
10407
10310
10408
10311
10409
10312
10410
10313
10411
10314
10412
10315
10413
10316
10414
10317
10415
10318
10416
10319
10417
10320
10418
10321
10419
10322
10420
10323
10421
10324
10422
10325
10423
10326
10424
10327
10425
10328
10426
10329
10427
10330
10428
10331
10429
10332
10430
10333
10431
10334
10432
10335
10433
10336
10434
10337
10435
10338
10436
10339
10437
10340
10438
10341
10439
10342
10440
10343
10441
10344
10442
10345
10443
10346
10444
10347
10445
10348
10446
10349
10447
10350
10448
10351
10449
10352
10450
10353
10451
10354
10452
10355
10453
10356
10454
10357
10455
10358
10456
10359
10457
10360
10458
10361
10459
10362
10460
10363
10461
10364
10462
10365
10463
10366
10464
10367
10465
10368
10466
10369
10467
10370
10468
10371
10469
10372
10470
10373
10471
10374
10472
10375
10473
10376
10474
10377
10475
10378
10476
10379
10477
10380
10478
10381
10479
10382
10480
10383
10481
10384
10482
10385
10483
10386
10484
10387
10485
10388
10486
10389
10487
10390
10488
10391
10489
10392
10490
10393
10491
10394
10492
10493
10396
10494
10397
10495
10398
10496
10399
10497
10400
10498
10401
10499
10402
10500
10403
10501
10404
10502
10405
10503
10406
10504
10407
10505
10408
10506
10409
10507
10410
10508
10411
10509
10412
10510
10413
10511
10414
10512
10415
10513
10416
10514
10417
10515
10418
10516
10419
10517
10420
10518
10421
10519
10422
10520
10423
10521
10424
10522
10425
10523
10426
10524
10427
10525
10428
10526
10429
10527
10430
10528
10431
10529
10432
10530
10433
10531
10434
10532
10435
10533
10436
10534
10437
10535
10438
10536
10439
10537
10440
10538
10441
10539
10442
10540
10443
10541
10444
10542
10445
10543
10446
10544
10447
10545
10448
10546
10449
10547
10450
10548
10451
10549
10452
10550
10453
10551
10454
10552
10455
10553
10456
10554
10457
10555
10458
10556
10459
10557
10460
10558
10461
10559
10462
10560
10463
10561
10464
10562
10465
10563
10466
10564
10467
10565
10468
10566
10469
10567
10470
10568
10471
10569
10472
10570
10473
10571
10474
10572
10475
10573
10476
10574
10477
10575
10478
10576
10479
10577
10480
10578
10481
10579
10482
10580
10483
10581
10484
10582
10485
10583
10486
10584
10487
10585
10488
10586
10489
10587
10490
10588
10491
10589
10492
10590
10493
10591
10592
10495
10593
10496
10594
10497
10595
10498
10596
10499
10597
10500
10598
10501
10599
10502
10600
10503
10601
10504
10602
10505
10603
10506
10604
10507
10605
10508
10606
10509
10607
10510
10608
10511
10609
10512
10610
10513
10611
10514
10612
10515
10613
10516
10614
10517
10615
10518
10616
10519
10617
10520
10618
10521
10619
10522
10620
10523
10621
10524
10622
10525
10623
10526
10624
10527
10625
10528
10626
10529
10627
10530
10628
10531
10629
10532
10630
10533
10631
10534
10632
10535
10633
10536
10634
10537
10635
10538
10636
10539
10637
10540
10638
10541
10639
10542
10640
10543
10641
10544
10642
10545
10643
10546
10644
10547
10645
10548
10646
10549
10647
10550
10648
10551
10649
10552
10650
10553
10651
10554
10652
10555
10653
10556
10654
10557
10655
10558
10656
10559
10657
10560
10658
10561
10659
10562
10660
10563
10661
10564
10662
10565
10663
10566
10664
10567
10665
10568
10666
10569
10667
10570
10668
10571
10669
10572
10670
10573
10671
10574
10672
10575
10673
10576
10674
10577
10675
10578
10676
10579
10677
10580
10678
10581
10679
10582
10680
10583
10681
10584
10682
10585
10683
10586
10684
10587
10685
10588
10686
10589
10687
10590
10688
10591
10689
10592
10690
10691
10594
10692
10595
10693
10596
10694
10597
10695
10598
10696
10599
10697
10600
10698
10601
10699
10602
10700
10603
10701
10604
10702
10605
10703
10606
10704
10607
10705
10608
10706
10609
10707
10610
10708
10611
10709
10612
10710
10613
10711
10614
10712
10615
10713
10616
10714
10617
10715
10618
10716
10619
10717
10620
10718
10621
10719
10622
10720
10623
10721
10624
10722
10625
10723
10626
10724
10627
10725
10628
10726
10629
10727
10630
10728
10631
10729
10632
10730
10633
10731
10634
10732
10635
10733
10636
10734
10637
10735
10638
10736
10639
10737
10640
10738
10641
10739
10642
10740
10643
10741
10644
10742
10645
10743
10646
10744
10647
10745
10648
10746
10649
10747
10650
10748
10651
10749
10652
10750
10653
10751
10654
10752
10655
10753
10656
10754
10657
10755
10658
10756
10659
10757
10660
10758
10661
10759
10662
10760
10663
10761
10664
10762
10665
10763
10666
10764
10667
10765
10668
10766
10669
10767
10670
10768
10671
10769
10672
10770
10673
10771
10674
10772
10675
10773
10676
10774
10677
10775
10678
10776
10679
10777
10680
10778
10681
10779
10682
10780
10683
10781
10684
10782
10685
10783
10686
10784
10687
10785
10688
10786
10689
10787
10690
10788
10691
10789
10790
10693
10791
10694
10792
10695
10793
10696
10794
10697
10795
10698
10796
10699
10797
10700
10798
10701
10799
10702
10800
10703
10801
10704
10802
10705
10803
10706
10804
10707
10805
10708
10806
10709
10807
10710
10808
10711
10809
10712
10810
10713
10811
10714
10812
10715
10813
10716
10814
10717
10815
10718
10816
10719
10817
10720
10818
10721
10819
10722
10820
10723
10821
10724
10822
10725
10823
10726
10824
10727
10825
10728
10826
10729
10827
10730
10828
10731
10829
10732
10830
10733
10831
10734
10832
10735
10833
10736
10834
10737
10835
10738
10836
10739
10837
10740
10838
10741
10839
10742
10840
10743
10841
10744
10842
10745
10843
10746
10844
10747
10845
10748
10846
10749
10847
10750
10848
10751
10849
10752
10850
10753
10851
10754
10852
10755
10853
10756
10854
10757
10855
10758
10856
10759
10857
10760
10858
10761
10859
10762
10860
10763
10861
10764
10862
10765
10863
10766
10864
10767
10865
10768
10866
10769
10867
10770
10868
10771
10869
10772
10870
10773
10871
10774
10872
10775
10873
10776
10874
10777
10875
10778
10876
10779
10877
10780
10878
10781
10879
10782
10880
10783
10881
10784
10882
10785
10883
10786
10884
10787
10885
10788
10886
10789
10887
10790
10888
10889
10792
10890
10793
10891
10794
10892
10795
10893
10796
10894
10797
10895
10798
10896
10799
10897
10800
10898
10801
10899
10802
10900
10803
10901
10804
10902
10805
10903
10806
10904
10807
10905
10808
10906
10809
10907
10810
10908
10811
10909
10812
10910
10813
10911
10814
10912
10815
10913
10816
10914
10817
10915
10818
10916
10819
10917
10820
10918
10821
10919
10822
10920
10823
10921
10824
10922
10825
10923
10826
10924
10827
10925
10828
10926
10829
10927
10830
10928
10831
10929
10832
10930
10833
10931
10834
10932
10835
10933
10836
10934
10837
10935
10838
10936
10839
10937
10840
10938
10841
10939
10842
10940
10843
10941
10844
10942
10845
10943
10846
10944
10847
10945
10848
10946
10849
10947
10850
10948
10851
10949
10852
10950
10853
10951
10854
10952
10855
10953
10856
10954
10857
10955
10858
10956
10859
10957
10860
10958
10861
10959
10862
10960
10863
10961
10864
10962
10865
10963
10866
10964
10867
10965
10868
10966
10869
10967
10870
10968
10871
10969
10872
10970
10873
10971
10874
10972
10875
10973
10876
10974
10877
10975
10878
10976
10879
10977
10880
10978
10881
10979
10882
10980
10883
10981
10884
10982
10885
10983
10886
10984
10887
10985
10888
10986
10889
10987
10988
10891
10989
10892
10990
10893
10991
10894
10992
10895
10993
10896
10994
10897
10995
10898
10996
10899
10997
10900
10998
10901
10999
10902
11000
10903
11001
10904
11002
10905
11003
10906
11004
10907
11005
10908
11006
10909
11007
10910
11008
10911
11009
10912
11010
10913
11011
10914
11012
10915
11013
10916
11014
10917
11015
10918
11016
10919
11017
10920
11018
10921
11019
10922
11020
10923
11021
10924
11022
10925
11023
10926
11024
10927
11025
10928
11026
10929
11027
10930
11028
10931
11029
10932
11030
10933
11031
10934
11032
10935
11033
10936
11034
10937
11035
10938
11036
10939
11037
10940
11038
10941
11039
10942
11040
10943
11041
10944
11042
10945
11043
10946
11044
10947
11045
10948
11046
10949
11047
10950
11048
10951
11049
10952
11050
10953
11051
10954
11052
10955
11053
10956
11054
10957
11055
10958
11056
10959
11057
10960
11058
10961
11059
10962
11060
10963
11061
10964
11062
10965
11063
10966
11064
10967
11065
10968
11066
10969
11067
10970
11068
10971
11069
10972
11070
10973
11071
10974
11072
10975
11073
10976
11074
10977
11075
10978
11076
10979
11077
10980
11078
10981
11079
10982
11080
10983
11081
10984
11082
10985
11083
10986
11084
10987
11085
10988
11086
11087
10990
11088
10991
11089
10992
11090
10993
11091
10994
11092
10995
11093
10996
11094
10997
11095
10998
11096
10999
11097
11000
11098
11001
11099
11002
11100
11003
11101
11004
11102
11005
11103
11006
11104
11007
11105
11008
11106
11009
11107
11010
11108
11011
11109
11012
11110
11013
11111
11014
11112
11015
11113
11016
11114
11017
11115
11018
11116
11019
11117
11020
11118
11021
11119
11022
11120
11023
11121
11024
11122
11025
11123
11026
11124
11027
11125
11028
11126
11029
11127
11030
11128
11031
11129
11032
11130
11033
11131
11034
11132
11035
11133
11036
11134
11037
11135
11038
11136
11039
11137
11040
11138
11041
11139
11042
11140
11043
11141
11044
11142
11045
11143
11046
11144
11047
11145
11048
11146
11049
11147
11050
11148
11051
11149
11052
11150
11053
11151
11054
11152
11055
11153
11056
11154
11057
11155
11058
11156
11059
11157
11060
11158
11061
11159
11062
11160
11063
11161
11064
11162
11065
11163
11066
11164
11067
11165
11068
11166
11069
11167
11070
11168
11071
11169
11072
11170
11073
11171
11074
11172
11075
11173
11076
11174
11077
11175
11078
11176
11079
11177
11080
11178
11081
11179
11082
11180
11083
11181
11084
11182
11085
11183
11086
11184
11087
11185
11186
11089
11187
11090
11188
11091
11189
11092
11190
11093
11191
11094
11192
11095
11193
11096
11194
11097
11195
11098
11196
11099
11197
11100
11198
11101
11199
11102
11200
11103
11201
11104
11202
11105
11203
11106
11204
11107
11205
11108
11206
11109
11207
11110
11208
11111
11209
11112
11210
11113
11211
11114
11212
11115
11213
11116
11214
11117
11215
11118
11216
11119
11217
11120
11218
11121
11219
11122
11220
11123
11221
11124
11222
11125
11223
11126
11224
11127
11225
11128
11226
11129
11227
11130
11228
11131
11229
11132
11230
11133
11231
11134
11232
11135
11233
11136
11234
11137
11235
11138
11236
11139
11237
11140
11238
11141
11239
11142
11240
11143
11241
11144
11242
11145
11243
11146
11244
11147
11245
11148
11246
11149
11247
11150
11248
11151
11249
11152
11250
11153
11251
11154
11252
11155
11253
11156
11254
11157
11255
11158
11256
11159
11257
11160
11258
11161
11259
11162
11260
11163
11261
11164
11262
11165
11263
11166
11264
11167
11265
11168
11266
11169
11267
11170
11268
11171
11269
11172
11270
11173
11271
11174
11272
11175
11273
11176
11274
11177
11275
11178
11276
11179
11277
11180
11278
11181
11279
11182
11280
11183
11281
11184
11282
11185
11283
11186
11284
11285
11188
11286
11189
11287
11190
11288
11191
11289
11192
11290
11193
11291
11194
11292
11195
11293
11196
11294
11197
11295
11198
11296
11199
11297
11200
11298
11201
11299
11202
11300
11203
11301
11204
11302
11205
11303
11206
11304
11207
11305
11208
11306
11209
11307
11210
11308
11211
11309
11212
11310
11213
11311
11214
11312
11215
11313
11216
11314
11217
11315
11218
11316
11219
11317
11220
11318
11221
11319
11222
11320
11223
11321
11224
11322
11225
11323
11226
11324
11227
11325
11228
11326
11229
11327
11230
11328
11231
11329
11232
11330
11233
11331
11234
11332
11235
11333
11236
11334
11237
11335
11238
11336
11239
11337
11240
11338
11241
11339
11242
11340
11243
11341
11244
11342
11245
11343
11246
11344
11247
11345
11248
11346
11249
11347
11250
11348
11251
11349
11252
11350
11253
11351
11254
11352
11255
11353
11256
11354
11257
11355
11258
11356
11259
11357
11260
11358
11261
11359
11262
11360
11263
11361
11264
11362
11265
11363
11266
11364
11267
11365
11268
11366
11269
11367
11270
11368
11271
11369
11272
11370
11273
11371
11274
11372
11275
11373
11276
11374
11277
11375
11278
11376
11279
11377
11280
11378
11281
11379
11282
11380
11283
11381
11284
11382
11285
11383
11384
11287
11385
11288
11386
11289
11387
11290
11388
11291
11389
11292
11390
11293
11391
11294
11392
11295
11393
11296
11394
11297
11395
11298
11396
11299
11397
11300
11398
11301
11399
11302
11400
11303
11401
11304
11402
11305
11403
11306
11404
11307
11405
11308
11406
11309
11407
11310
11408
11311
11409
11312
11410
11313
11411
11314
11412
11315
11413
11316
11414
11317
11415
11318
11416
11319
11417
11320
11418
11321
11419
11322
11420
11323
11421
11324
11422
11325
11423
11326
11424
11327
11425
11328
11426
11329
11427
11330
11428
11331
11429
11332
11430
11333
11431
11334
11432
11335
11433
11336
11434
11337
11435
11338
11436
11339
11437
11340
11438
11341
11439
11342
11440
11343
11441
11344
11442
11345
11443
11346
11444
11347
11445
11348
11446
11349
11447
11350
11448
11351
11449
11352
11450
11353
11451
11354
11452
11355
11453
11356
11454
11357
11455
11358
11456
11359
11457
11360
11458
11361
11459
11362
11460
11363
11461
11364
11462
11365
11463
11366
11464
11367
11465
11368
11466
11369
11467
11370
11468
11371
11469
11372
11470
11373
11471
11374
11472
11375
11473
11376
11474
11377
11475
11378
11476
11379
11477
11380
11478
11381
11479
11382
11480
11383
11481
11384
11482
11483
11386
11484
11387
11485
11388
11486
11389
11487
11390
11488
11391
11489
11392
11490
11393
11491
11394
11492
11395
11493
11396
11494
11397
11495
11398
11496
11399
11497
11400
11498
11401
11499
11402
11500
11403
11501
11404
11502
11405
11503
11406
11504
11407
11505
11408
11506
11409
11507
11410
11508
11411
11509
11412
11510
11413
11511
11414
11512
11415
11513
11416
11514
11417
11515
11418
11516
11419
11517
11420
11518
11421
11519
11422
11520
11423
11521
11424
11522
11425
11523
11426
11524
11427
11525
11428
11526
11429
11527
11430
11528
11431
11529
11432
11530
11433
11531
11434
11532
11435
11533
11436
11534
11437
11535
11438
11536
11439
11537
11440
11538
11441
11539
11442
11540
11443
11541
11444
11542
11445
11543
11446
11544
11447
11545
11448
11546
11449
11547
11450
11548
11451
11549
11452
11550
11453
11551
11454
11552
11455
11553
11456
11554
11457
11555
11458
11556
11459
11557
11460
11558
11461
11559
11462
11560
11463
11561
11464
11562
11465
11563
11466
11564
11467
11565
11468
11566
11469
11567
11470
11568
11471
11569
11472
11570
11473
11571
11474
11572
11475
11573
11476
11574
11477
11575
11478
11576
11479
11577
11480
11578
11481
11579
11482
11580
11483
11581
11582
11485
11583
11486
11584
11487
11585
11488
11586
11489
11587
11490
11588
11491
11589
11492
11590
11493
11591
11494
11592
11495
11593
11496
11594
11497
11595
11498
11596
11499
11597
11500
11598
11501
11599
11502
11600
11503
11601
11504
11602
11505
11603
11506
11604
11507
11605
11508
11606
11509
11607
11510
11608
11511
11609
11512
11610
11513
11611
11514
11612
11515
11613
11516
11614
11517
11615
11518
11616
11519
11617
11520
11618
11521
11619
11522
11620
11523
11621
11524
11622
11525
11623
11526
11624
11527
11625
11528
11626
11529
11627
11530
11628
11531
11629
11532
11630
11533
11631
11534
11632
11535
11633
11536
11634
11537
11635
11538
11636
11539
11637
11540
11638
11541
11639
11542
11640
11543
11641
11544
11642
11545
11643
11546
11644
11547
11645
11548
11646
11549
11647
11550
11648
11551
11649
11552
11650
11553
11651
11554
11652
11555
11653
11556
11654
11557
11655
11558
11656
11559
11657
11560
11658
11561
11659
11562
11660
11563
11661
11564
11662
11565
11663
11566
11664
11567
11665
11568
11666
11569
11667
11570
11668
11571
11669
11572
11670
11573
11671
11574
11672
11575
11673
11576
11674
11577
11675
11578
11676
11579
11677
11580
11678
11581
11679
11582
11680
11681
11584
11682
11585
11683
11586
11684
11587
11685
11588
11686
11589
11687
11590
11688
11591
11689
11592
11690
11593
11691
11594
11692
11595
11693
11596
11694
11597
11695
11598
11696
11599
11697
11600
11698
11601
11699
11602
11700
11603
11701
11604
11702
11605
11703
11606
11704
11607
11705
11608
11706
11609
11707
11610
11708
11611
11709
11612
11710
11613
11711
11614
11712
11615
11713
11616
11714
11617
11715
11618
11716
11619
11717
11620
11718
11621
11719
11622
11720
11623
11721
11624
11722
11625
11723
11626
11724
11627
11725
11628
11726
11629
11727
11630
11728
11631
11729
11632
11730
11633
11731
11634
11732
11635
11733
11636
11734
11637
11735
11638
11736
11639
11737
11640
11738
11641
11739
11642
11740
11643
11741
11644
11742
11645
11743
11646
11744
11647
11745
11648
11746
11649
11747
11650
11748
11651
11749
11652
11750
11653
11751
11654
11752
11655
11753
11656
11754
11657
11755
11658
11756
11659
11757
11660
11758
11661
11759
11662
11760
11663
11761
11664
11762
11665
11763
11666
11764
11667
11765
11668
11766
11669
11767
11670
11768
11671
11769
11672
11770
11673
11771
11674
11772
11675
11773
11676
11774
11677
11775
11678
11776
11679
11777
11680
11778
11681
11779
11780
11683
11781
11684
11782
11685
11783
11686
11784
11687
11785
11688
11786
11689
11787
11690
11788
11691
11789
11692
11790
11693
11791
11694
11792
11695
11793
11696
11794
11697
11795
11698
11796
11699
11797
11700
11798
11701
11799
11702
11800
11703
11801
11704
11802
11705
11803
11706
11804
11707
11805
11708
11806
11709
11807
11710
11808
11711
11809
11712
11810
11713
11811
11714
11812
11715
11813
11716
11814
11717
11815
11718
11816
11719
11817
11720
11818
11721
11819
11722
11820
11723
11821
11724
11822
11725
11823
11726
11824
11727
11825
11728
11826
11729
11827
11730
11828
11731
11829
11732
11830
11733
11831
11734
11832
11735
11833
11736
11834
11737
11835
11738
11836
11739
11837
11740
11838
11741
11839
11742
11840
11743
11841
11744
11842
11745
11843
11746
11844
11747
11845
11748
11846
11749
11847
11750
11848
11751
11849
11752
11850
11753
11851
11754
11852
11755
11853
11756
11854
11757
11855
11758
11856
11759
11857
11760
11858
11761
11859
11762
11860
11763
11861
11764
11862
11765
11863
11766
11864
11767
11865
11768
11866
11769
11867
11770
11868
11771
11869
11772
11870
11773
11871
11774
11872
11775
11873
11776
11874
11777
11875
11778
11876
11779
11877
11780
11878
11879
11782
11880
11783
11881
11784
11882
11785
11883
11786
11884
11787
11885
11788
11886
11789
11887
11790
11888
11791
11889
11792
11890
11793
11891
11794
11892
11795
11893
11796
11894
11797
11895
11798
11896
11799
11897
11800
11898
11801
11899
11802
11900
11803
11901
11804
11902
11805
11903
11806
11904
11807
11905
11808
11906
11809
11907
11810
11908
11811
11909
11812
11910
11813
11911
11814
11912
11815
11913
11816
11914
11817
11915
11818
11916
11819
11917
11820
11918
11821
11919
11822
11920
11823
11921
11824
11922
11825
11923
11826
11924
11827
11925
11828
11926
11829
11927
11830
11928
11831
11929
11832
11930
11833
11931
11834
11932
11835
11933
11836
11934
11837
11935
11838
11936
11839
11937
11840
11938
11841
11939
11842
11940
11843
11941
11844
11942
11845
11943
11846
11944
11847
11945
11848
11946
11849
11947
11850
11948
11851
11949
11852
11950
11853
11951
11854
11952
11855
11953
11856
11954
11857
11955
11858
11956
11859
11957
11860
11958
11861
11959
11862
11960
11863
11961
11864
11962
11865
11963
11866
11964
11867
11965
11868
11966
11869
11967
11870
11968
11871
11969
11872
11970
11873
11971
11874
11972
11875
11973
11876
11974
11877
11975
11878
11976
11879
11977
11978
11881
11979
11882
11980
11883
11981
11884
11982
11885
11983
11886
11984
11887
11985
11888
11986
11889
11987
11890
11988
11891
11989
11892
11990
11893
11991
11894
11992
11895
11993
11896
11994
11897
11995
11898
11996
11899
11997
11900
11998
11901
11999
11902
12000
11903
12001
11904
12002
11905
12003
11906
12004
11907
12005
11908
12006
11909
12007
11910
12008
11911
12009
11912
12010
11913
12011
11914
12012
11915
12013
11916
12014
11917
12015
11918
12016
11919
12017
11920
12018
11921
12019
11922
12020
11923
12021
11924
12022
11925
12023
11926
12024
11927
12025
11928
12026
11929
12027
11930
12028
11931
12029
11932
12030
11933
12031
11934
12032
11935
12033
11936
12034
11937
12035
11938
12036
11939
12037
11940
12038
11941
12039
11942
12040
11943
12041
11944
12042
11945
12043
11946
12044
11947
12045
11948
12046
11949
12047
11950
12048
11951
12049
11952
12050
11953
12051
11954
12052
11955
12053
11956
12054
11957
12055
11958
12056
11959
12057
11960
12058
11961
12059
11962
12060
11963
12061
11964
12062
11965
12063
11966
12064
11967
12065
11968
12066
11969
12067
11970
12068
11971
12069
11972
12070
11973
12071
11974
12072
11975
12073
11976
12074
11977
12075
11978
12076
12077
11980
12078
11981
12079
11982
12080
11983
12081
11984
12082
11985
12083
11986
12084
11987
12085
11988
12086
11989
12087
11990
12088
11991
12089
11992
12090
11993
12091
11994
12092
11995
12093
11996
12094
11997
12095
11998
12096
11999
12097
12000
12098
12001
12099
12002
12100
12003
12101
12004
12102
12005
12103
12006
12104
12007
12105
12008
12106
12009
12107
12010
12108
12011
12109
12012
12110
12013
12111
12014
12112
12015
12113
12016
12114
12017
12115
12018
12116
12019
12117
12020
12118
12021
12119
12022
12120
12023
12121
12024
12122
12025
12123
12026
12124
12027
12125
12028
12126
12029
12127
12030
12128
12031
12129
12032
12130
12033
12131
12034
12132
12035
12133
12036
12134
12037
12135
12038
12136
12039
12137
12040
12138
12041
12139
12042
12140
12043
12141
12044
12142
12045
12143
12046
12144
12047
12145
12048
12146
12049
12147
12050
12148
12051
12149
12052
12150
12053
12151
12054
12152
12055
12153
12056
12154
12057
12155
12058
12156
12059
12157
12060
12158
12061
12159
12062
12160
12063
12161
12064
12162
12065
12163
12066
12164
12067
12165
12068
12166
12069
12167
12070
12168
12071
12169
12072
12170
12073
12171
12074
12172
12075
12173
12076
12174
12077
12175
12176
12079
12177
12080
12178
12081
12179
12082
12180
12083
12181
12084
12182
12085
12183
12086
12184
12087
12185
12088
12186
12089
12187
12090
12188
12091
12189
12092
12190
12093
12191
12094
12192
12095
12193
12096
12194
12097
12195
12098
12196
12099
12197
12100
12198
12101
12199
12102
12200
12103
12201
12104
12202
12105
12203
12106
12204
12107
12205
12108
12206
12109
12207
12110
12208
12111
12209
12112
12210
12113
12211
12114
12212
12115
12213
12116
12214
12117
12215
12118
12216
12119
12217
12120
12218
12121
12219
12122
12220
12123
12221
12124
12222
12125
12223
12126
12224
12127
12225
12128
12226
12129
12227
12130
12228
12131
12229
12132
12230
12133
12231
12134
12232
12135
12233
12136
12234
12137
12235
12138
12236
12139
12237
12140
12238
12141
12239
12142
12240
12143
12241
12144
12242
12145
12243
12146
12244
12147
12245
12148
12246
12149
12247
12150
12248
12151
12249
12152
12250
12153
12251
12154
12252
12155
12253
12156
12254
12157
12255
12158
12256
12159
12257
12160
12258
12161
12259
12162
12260
12163
12261
12164
12262
12165
12263
12166
12264
12167
12265
12168
12266
12169
12267
12170
12268
12171
12269
12172
12270
12173
12271
12174
12272
12175
12273
12176
12274
12275
12178
12276
12179
12277
12180
12278
12181
12279
12182
12280
12183
12281
12184
12282
12185
12283
12186
12284
12187
12285
12188
12286
12189
12287
12190
12288
12191
12289
12192
12290
12193
12291
12194
12292
12195
12293
12196
12294
12197
12295
12198
12296
12199
12297
12200
12298
12201
12299
12202
12300
12203
12301
12204
12302
12205
12303
12206
12304
12207
12305
12208
12306
12209
12307
12210
12308
12211
12309
12212
12310
12213
12311
12214
12312
12215
12313
12216
12314
12217
12315
12218
12316
12219
12317
12220
12318
12221
12319
12222
12320
12223
12321
12224
12322
12225
12323
12226
12324
12227
12325
12228
12326
12229
12327
12230
12328
12231
12329
12232
12330
12233
12331
12234
12332
12235
12333
12236
12334
12237
12335
12238
12336
12239
12337
12240
12338
12241
12339
12242
12340
12243
12341
12244
12342
12245
12343
12246
12344
12247
12345
12248
12346
12249
12347
12250
12348
12251
12349
12252
12350
12253
12351
12254
12352
12255
12353
12256
12354
12257
12355
12258
12356
12259
12357
12260
12358
12261
12359
12262
12360
12263
12361
12264
12362
12265
12363
12266
12364
12267
12365
12268
12366
12269
12367
12270
12368
12271
12369
12272
12370
12273
12371
12274
12372
12275
12373
12374
12277
12375
12278
12376
12279
12377
12280
12378
12281
12379
12282
12380
12283
12381
12284
12382
12285
12383
12286
12384
12287
12385
12288
12386
12289
12387
12290
12388
12291
12389
12292
12390
12293
12391
12294
12392
12295
12393
12296
12394
12297
12395
12298
12396
12299
12397
12300
12398
12301
12399
12302
12400
12303
12401
12304
12402
12305
12403
12306
12404
12307
12405
12308
12406
12309
12407
12310
12408
12311
12409
12312
12410
12313
12411
12314
12412
12315
12413
12316
12414
12317
12415
12318
12416
12319
12417
12320
12418
12321
12419
12322
12420
12323
12421
12324
12422
12325
12423
12326
12424
12327
12425
12328
12426
12329
12427
12330
12428
12331
12429
12332
12430
12333
12431
12334
12432
12335
12433
12336
12434
12337
12435
12338
12436
12339
12437
12340
12438
12341
12439
12342
12440
12343
12441
12344
12442
12345
12443
12346
12444
12347
12445
12348
12446
12349
12447
12350
12448
12351
12449
12352
12450
12353
12451
12354
12452
12355
12453
12356
12454
12357
12455
12358
12456
12359
12457
12360
12458
12361
12459
12362
12460
12363
12461
12364
12462
12365
12463
12366
12464
12367
12465
12368
12466
12369
12467
12370
12468
12371
12469
12372
12470
12373
12471
12374
12472
12473
12376
12474
12377
12475
12378
12476
12379
12477
12380
12478
12381
12479
12382
12480
12383
12481
12384
12482
12385
12483
12386
12484
12387
12485
12388
12486
12389
12487
12390
12488
12391
12489
12392
12490
12393
12491
12394
12492
12395
12493
12396
12494
12397
12495
12398
12496
12399
12497
12400
12498
12401
12499
12402
12500
12403
12501
12404
12502
12405
12503
12406
12504
12407
12505
12408
12506
12409
12507
12410
12508
12411
12509
12412
12510
12413
12511
12414
12512
12415
12513
12416
12514
12417
12515
12418
12516
12419
12517
12420
12518
12421
12519
12422
12520
12423
12521
12424
12522
12425
12523
12426
12524
12427
12525
12428
12526
12429
12527
12430
12528
12431
12529
12432
12530
12433
12531
12434
12532
12435
12533
12436
12534
12437
12535
12438
12536
12439
12537
12440
12538
12441
12539
12442
12540
12443
12541
12444
12542
12445
12543
12446
12544
12447
12545
12448
12546
12449
12547
12450
12548
12451
12549
12452
12550
12453
12551
12454
12552
12455
12553
12456
12554
12457
12555
12458
12556
12459
12557
12460
12558
12461
12559
12462
12560
12463
12561
12464
12562
12465
12563
12466
12564
12467
12565
12468
12566
12469
12567
12470
12568
12471
12569
12472
12570
12473
12571
12572
12475
12573
12476
12574
12477
12575
12478
12576
12479
12577
12480
12578
12481
12579
12482
12580
12483
12581
12484
12582
12485
12583
12486
12584
12487
12585
12488
12586
12489
12587
12490
12588
12491
12589
12492
12590
12493
12591
12494
12592
12495
12593
12496
12594
12497
12595
12498
12596
12499
12597
12500
12598
12501
12599
12502
12600
12503
12601
12504
12602
12505
12603
12506
12604
12507
12605
12508
12606
12509
12607
12510
12608
12511
12609
12512
12610
12513
12611
12514
12612
12515
12613
12516
12614
12517
12615
12518
12616
12519
12617
12520
12618
12521
12619
12522
12620
12523
12621
12524
12622
12525
12623
12526
12624
12527
12625
12528
12626
12529
12627
12530
12628
12531
12629
12532
12630
12533
12631
12534
12632
12535
12633
12536
12634
12537
12635
12538
12636
12539
12637
12540
12638
12541
12639
12542
12640
12543
12641
12544
12642
12545
12643
12546
12644
12547
12645
12548
12646
12549
12647
12550
12648
12551
12649
12552
12650
12553
12651
12554
12652
12555
12653
12556
12654
12557
12655
12558
12656
12559
12657
12560
12658
12561
12659
12562
12660
12563
12661
12564
12662
12565
12663
12566
12664
12567
12665
12568
12666
12569
12667
12570
12668
12571
12669
12572
12670
12671
12574
12672
12575
12673
12576
12674
12577
12675
12578
12676
12579
12677
12580
12678
12581
12679
12582
12680
12583
12681
12584
12682
12585
12683
12586
12684
12587
12685
12588
12686
12589
12687
12590
12688
12591
12689
12592
12690
12593
12691
12594
12692
12595
12693
12596
12694
12597
12695
12598
12696
12599
12697
12600
12698
12601
12699
12602
12700
12603
12701
12604
12702
12605
12703
12606
12704
12607
12705
12608
12706
12609
12707
12610
12708
12611
12709
12612
12710
12613
12711
12614
12712
12615
12713
12616
12714
12617
12715
12618
12716
12619
12717
12620
12718
12621
12719
12622
12720
12623
12721
12624
12722
12625
12723
12626
12724
12627
12725
12628
12726
12629
12727
12630
12728
12631
12729
12632
12730
12633
12731
12634
12732
12635
12733
12636
12734
12637
12735
12638
12736
12639
12737
12640
12738
12641
12739
12642
12740
12643
12741
12644
12742
12645
12743
12646
12744
12647
12745
12648
12746
12649
12747
12650
12748
12651
12749
12652
12750
12653
12751
12654
12752
12655
12753
12656
12754
12657
12755
12658
12756
12659
12757
12660
12758
12661
12759
12662
12760
12663
12761
12664
12762
12665
12763
12666
12764
12667
12765
12668
12766
12669
12767
12670
12768
12671
12769
12770
12673
12771
12674
12772
12675
12773
12676
12774
12677
12775
12678
12776
12679
12777
12680
12778
12681
12779
12682
12780
12683
12781
12684
12782
12685
12783
12686
12784
12687
12785
12688
12786
12689
12787
12690
12788
12691
12789
12692
12790
12693
12791
12694
12792
12695
12793
12696
12794
12697
12795
12698
12796
12699
12797
12700
12798
12701
12799
12702
12800
12703
12801
12704
12802
12705
12803
12706
12804
12707
12805
12708
12806
12709
12807
12710
12808
12711
12809
12712
12810
12713
12811
12714
12812
12715
12813
12716
12814
12717
12815
12718
12816
12719
12817
12720
12818
12721
12819
12722
12820
12723
12821
12724
12822
12725
12823
12726
12824
12727
12825
12728
12826
12729
12827
12730
12828
12731
12829
12732
12830
12733
12831
12734
12832
12735
12833
12736
12834
12737
12835
12738
12836
12739
12837
12740
12838
12741
12839
12742
12840
12743
12841
12744
12842
12745
12843
12746
12844
12747
12845
12748
12846
12749
12847
12750
12848
12751
12849
12752
12850
12753
12851
12754
12852
12755
12853
12756
12854
12757
12855
12758
12856
12759
12857
12760
12858
12761
12859
12762
12860
12763
12861
12764
12862
12765
12863
12766
12864
12767
12865
12768
12866
12769
12867
12770
12868
12869
12772
12870
12773
12871
12774
12872
12775
12873
12776
12874
12777
12875
12778
12876
12779
12877
12780
12878
12781
12879
12782
12880
12783
12881
12784
12882
12785
12883
12786
12884
12787
12885
12788
12886
12789
12887
12790
12888
12791
12889
12792
12890
12793
12891
12794
12892
12795
12893
12796
12894
12797
12895
12798
12896
12799
12897
12800
12898
12801
12899
12802
12900
12803
12901
12804
12902
12805
12903
12806
12904
12807
12905
12808
12906
12809
12907
12810
12908
12811
12909
12812
12910
12813
12911
12814
12912
12815
12913
12816
12914
12817
12915
12818
12916
12819
12917
12820
12918
12821
12919
12822
12920
12823
12921
12824
12922
12825
12923
12826
12924
12827
12925
12828
12926
12829
12927
12830
12928
12831
12929
12832
12930
12833
12931
12834
12932
12835
12933
12836
12934
12837
12935
12838
12936
12839
12937
12840
12938
12841
12939
12842
12940
12843
12941
12844
12942
12845
12943
12846
12944
12847
12945
12848
12946
12849
12947
12850
12948
12851
12949
12852
12950
12853
12951
12854
12952
12855
12953
12856
12954
12857
12955
12858
12956
12859
12957
12860
12958
12861
12959
12862
12960
12863
12961
12864
12962
12865
12963
12866
12964
12867
12965
12868
12966
12869
12967
12968
12871
12969
12872
12970
12873
12971
12874
12972
12875
12973
12876
12974
12877
12975
12878
12976
12879
12977
12880
12978
12881
12979
12882
12980
12883
12981
12884
12982
12885
12983
12886
12984
12887
12985
12888
12986
12889
12987
12890
12988
12891
12989
12892
12990
12893
12991
12894
12992
12895
12993
12896
12994
12897
12995
12898
12996
12899
12997
12900
12998
12901
12999
12902
13000
12903
13001
12904
13002
12905
13003
12906
13004
12907
13005
12908
13006
12909
13007
12910
13008
12911
13009
12912
13010
12913
13011
12914
13012
12915
13013
12916
13014
12917
13015
12918
13016
12919
13017
12920
13018
12921
13019
12922
13020
12923
13021
12924
13022
12925
13023
12926
13024
12927
13025
12928
13026
12929
13027
12930
13028
12931
13029
12932
13030
12933
13031
12934
13032
12935
13033
12936
13034
12937
13035
12938
13036
12939
13037
12940
13038
12941
13039
12942
13040
12943
13041
12944
13042
12945
13043
12946
13044
12947
13045
12948
13046
12949
13047
12950
13048
12951
13049
12952
13050
12953
13051
12954
13052
12955
13053
12956
13054
12957
13055
12958
13056
12959
13057
12960
13058
12961
13059
12962
13060
12963
13061
12964
13062
12965
13063
12966
13064
12967
13065
12968
13066
13067
12970
13068
12971
13069
12972
13070
12973
13071
12974
13072
12975
13073
12976
13074
12977
13075
12978
13076
12979
13077
12980
13078
12981
13079
12982
13080
12983
13081
12984
13082
12985
13083
12986
13084
12987
13085
12988
13086
12989
13087
12990
13088
12991
13089
12992
13090
12993
13091
12994
13092
12995
13093
12996
13094
12997
13095
12998
13096
12999
13097
13000
13098
13001
13099
13002
13100
13003
13101
13004
13102
13005
13103
13006
13104
13007
13105
13008
13106
13009
13107
13010
13108
13011
13109
13012
13110
13013
13111
13014
13112
13015
13113
13016
13114
13017
13115
13018
13116
13019
13117
13020
13118
13021
13119
13022
13120
13023
13121
13024
13122
13025
13123
13026
13124
13027
13125
13028
13126
13029
13127
13030
13128
13031
13129
13032
13130
13033
13131
13034
13132
13035
13133
13036
13134
13037
13135
13038
13136
13039
13137
13040
13138
13041
13139
13042
13140
13043
13141
13044
13142
13045
13143
13046
13144
13047
13145
13048
13146
13049
13147
13050
13148
13051
13149
13052
13150
13053
13151
13054
13152
13055
13153
13056
13154
13057
13155
13058
13156
13059
13157
13060
13158
13061
13159
13062
13160
13063
13161
13064
13162
13065
13163
13066
13164
13067
13165
13166
13069
13167
13070
13168
13071
13169
13072
13170
13073
13171
13074
13172
13075
13173
13076
13174
13077
13175
13078
13176
13079
13177
13080
13178
13081
13179
13082
13180
13083
13181
13084
13182
13085
13183
13086
13184
13087
13185
13088
13186
13089
13187
13090
13188
13091
13189
13092
13190
13093
13191
13094
13192
13095
13193
13096
13194
13097
13195
13098
13196
13099
13197
13100
13198
13101
13199
13102
13200
13103
13201
13104
13202
13105
13203
13106
13204
13107
13205
13108
13206
13109
13207
13110
13208
13111
13209
13112
13210
13113
13211
13114
13212
13115
13213
13116
13214
13117
13215
13118
13216
13119
13217
13120
13218
13121
13219
13122
13220
13123
13221
13124
13222
13125
13223
13126
13224
13127
13225
13128
13226
13129
13227
13130
13228
13131
13229
13132
13230
13133
13231
13134
13232
13135
13233
13136
13234
13137
13235
13138
13236
13139
13237
13140
13238
13141
13239
13142
13240
13143
13241
13144
13242
13145
13243
13146
13244
13147
13245
13148
13246
13149
13247
13150
13248
13151
13249
13152
13250
13153
13251
13154
13252
13155
13253
13156
13254
13157
13255
13158
13256
13159
13257
13160
13258
13161
13259
13162
13260
13163
13261
13164
13262
13165
13263
13166
13264
13265
13168
13266
13169
13267
13170
13268
13171
13269
13172
13270
13173
13271
13174
13272
13175
13273
13176
13274
13177
13275
13178
13276
13179
13277
13180
13278
13181
13279
13182
13280
13183
13281
13184
13282
13185
13283
13186
13284
13187
13285
13188
13286
13189
13287
13190
13288
13191
13289
13192
13290
13193
13291
13194
13292
13195
13293
13196
13294
13197
13295
13198
13296
13199
13297
13200
13298
13201
13299
13202
13300
13203
13301
13204
13302
13205
13303
13206
13304
13207
13305
13208
13306
13209
13307
13210
13308
13211
13309
13212
13310
13213
13311
13214
13312
13215
13313
13216
13314
13217
13315
13218
13316
13219
13317
13220
13318
13221
13319
13222
13320
13223
13321
13224
13322
13225
13323
13226
13324
13227
13325
13228
13326
13229
13327
13230
13328
13231
13329
13232
13330
13233
13331
13234
13332
13235
13333
13236
13334
13237
13335
13238
13336
13239
13337
13240
13338
13241
13339
13242
13340
13243
13341
13244
13342
13245
13343
13246
13344
13247
13345
13248
13346
13249
13347
13250
13348
13251
13349
13252
13350
13253
13351
13254
13352
13255
13353
13256
13354
13257
13355
13258
13356
13259
13357
13260
13358
13261
13359
13262
13360
13263
13361
13264
13362
13265
13363
13364
13267
13365
13268
13366
13269
13367
13270
13368
13271
13369
13272
13370
13273
13371
13274
13372
13275
13373
13276
13374
13277
13375
13278
13376
13279
13377
13280
13378
13281
13379
13282
13380
13283
13381
13284
13382
13285
13383
13286
13384
13287
13385
13288
13386
13289
13387
13290
13388
13291
13389
13292
13390
13293
13391
13294
13392
13295
13393
13296
13394
13297
13395
13298
13396
13299
13397
13300
13398
13301
13399
13302
13400
13303
13401
13304
13402
13305
13403
13306
13404
13307
13405
13308
13406
13309
13407
13310
13408
13311
13409
13312
13410
13313
13411
13314
13412
13315
13413
13316
13414
13317
13415
13318
13416
13319
13417
13320
13418
13321
13419
13322
13420
13323
13421
13324
13422
13325
13423
13326
13424
13327
13425
13328
13426
13329
13427
13330
13428
13331
13429
13332
13430
13333
13431
13334
13432
13335
13433
13336
13434
13337
13435
13338
13436
13339
13437
13340
13438
13341
13439
13342
13440
13343
13441
13344
13442
13345
13443
13346
13444
13347
13445
13348
13446
13349
13447
13350
13448
13351
13449
13352
13450
13353
13451
13354
13452
13355
13453
13356
13454
13357
13455
13358
13456
13359
13457
13360
13458
13361
13459
13362
13460
13363
13461
13364
13462
13463
13366
13464
13367
13465
13368
13466
13369
13467
13370
13468
13371
13469
13372
13470
13373
13471
13374
13472
13375
13473
13376
13474
13377
13475
13378
13476
13379
13477
13380
13478
13381
13479
13382
13480
13383
13481
13384
13482
13385
13483
13386
13484
13387
13485
13388
13486
13389
13487
13390
13488
13391
13489
13392
13490
13393
13491
13394
13492
13395
13493
13396
13494
13397
13495
13398
13496
13399
13497
13400
13498
13401
13499
13402
13500
13403
13501
13404
13502
13405
13503
13406
13504
13407
13505
13408
13506
13409
13507
13410
13508
13411
13509
13412
13510
13413
13511
13414
13512
13415
13513
13416
13514
13417
13515
13418
13516
13419
13517
13420
13518
13421
13519
13422
13520
13423
13521
13424
13522
13425
13523
13426
13524
13427
13525
13428
13526
13429
13527
13430
13528
13431
13529
13432
13530
13433
13531
13434
13532
13435
13533
13436
13534
13437
13535
13438
13536
13439
13537
13440
13538
13441
13539
13442
13540
13443
13541
13444
13542
13445
13543
13446
13544
13447
13545
13448
13546
13449
13547
13450
13548
13451
13549
13452
13550
13453
13551
13454
13552
13455
13553
13456
13554
13457
13555
13458
13556
13459
13557
13460
13558
13461
13559
13462
13560
13463
13561
13562
13465
13563
13466
13564
13467
13565
13468
13566
13469
13567
13470
13568
13471
13569
13472
13570
13473
13571
13474
13572
13475
13573
13476
13574
13477
13575
13478
13576
13479
13577
13480
13578
13481
13579
13482
13580
13483
13581
13484
13582
13485
13583
13486
13584
13487
13585
13488
13586
13489
13587
13490
13588
13491
13589
13492
13590
13493
13591
13494
13592
13495
13593
13496
13594
13497
13595
13498
13596
13499
13597
13500
13598
13501
13599
13502
13600
13503
13601
13504
13602
13505
13603
13506
13604
13507
13605
13508
13606
13509
13607
13510
13608
13511
13609
13512
13610
13513
13611
13514
13612
13515
13613
13516
13614
13517
13615
13518
13616
13519
13617
13520
13618
13521
13619
13522
13620
13523
13621
13524
13622
13525
13623
13526
13624
13527
13625
13528
13626
13529
13627
13530
13628
13531
13629
13532
13630
13533
13631
13534
13632
13535
13633
13536
13634
13537
13635
13538
13636
13539
13637
13540
13638
13541
13639
13542
13640
13543
13641
13544
13642
13545
13643
13546
13644
13547
13645
13548
13646
13549
13647
13550
13648
13551
13649
13552
13650
13553
13651
13554
13652
13555
13653
13556
13654
13557
13655
13558
13656
13559
13657
13560
13658
13561
13659
13562
13660
13661
13564
13662
13565
13663
13566
13664
13567
13665
13568
13666
13569
13667
13570
13668
13571
13669
13572
13670
13573
13671
13574
13672
13575
13673
13576
13674
13577
13675
13578
13676
13579
13677
13580
13678
13581
13679
13582
13680
13583
13681
13584
13682
13585
13683
13586
13684
13587
13685
13588
13686
13589
13687
13590
13688
13591
13689
13592
13690
13593
13691
13594
13692
13595
13693
13596
13694
13597
13695
13598
13696
13599
13697
13600
13698
13601
13699
13602
13700
13603
13701
13604
13702
13605
13703
13606
13704
13607
13705
13608
13706
13609
13707
13610
13708
13611
13709
13612
13710
13613
13711
13614
13712
13615
13713
13616
13714
13617
13715
13618
13716
13619
13717
13620
13718
13621
13719
13622
13720
13623
13721
13624
13722
13625
13723
13626
13724
13627
13725
13628
13726
13629
13727
13630
13728
13631
13729
13632
13730
13633
13731
13634
13732
13635
13733
13636
13734
13637
13735
13638
13736
13639
13737
13640
13738
13641
13739
13642
13740
13643
13741
13644
13742
13645
13743
13646
13744
13647
13745
13648
13746
13649
13747
13650
13748
13651
13749
13652
13750
13653
13751
13654
13752
13655
13753
13656
13754
13657
13755
13658
13756
13659
13757
13660
13758
13661
13759
13760
13663
13761
13664
13762
13665
13763
13666
13764
13667
13765
13668
13766
13669
13767
13670
13768
13671
13769
13672
13770
13673
13771
13674
13772
13675
13773
13676
13774
13677
13775
13678
13776
13679
13777
13680
13778
13681
13779
13682
13780
13683
13781
13684
13782
13685
13783
13686
13784
13687
13785
13688
13786
13689
13787
13690
13788
13691
13789
13692
13790
13693
13791
13694
13792
13695
13793
13696
13794
13697
13795
13698
13796
13699
13797
13700
13798
13701
13799
13702
13800
13703
13801
13704
13802
13705
13803
13706
13804
13707
13805
13708
13806
13709
13807
13710
13808
13711
13809
13712
13810
13713
13811
13714
13812
13715
13813
13716
13814
13717
13815
13718
13816
13719
13817
13720
13818
13721
13819
13722
13820
13723
13821
13724
13822
13725
13823
13726
13824
13727
13825
13728
13826
13729
13827
13730
13828
13731
13829
13732
13830
13733
13831
13734
13832
13735
13833
13736
13834
13737
13835
13738
13836
13739
13837
13740
13838
13741
13839
13742
13840
13743
13841
13744
13842
13745
13843
13746
13844
13747
13845
13748
13846
13749
13847
13750
13848
13751
13849
13752
13850
13753
13851
13754
13852
13755
13853
13756
13854
13757
13855
13758
13856
13759
13857
13760
13858
13859
13762
13860
13763
13861
13764
13862
13765
13863
13766
13864
13767
13865
13768
13866
13769
13867
13770
13868
13771
13869
13772
13870
13773
13871
13774
13872
13775
13873
13776
13874
13777
13875
13778
13876
13779
13877
13780
13878
13781
13879
13782
13880
13783
13881
13784
13882
13785
13883
13786
13884
13787
13885
13788
13886
13789
13887
13790
13888
13791
13889
13792
13890
13793
13891
13794
13892
13795
13893
13796
13894
13797
13895
13798
13896
13799
13897
13800
13898
13801
13899
13802
13900
13803
13901
13804
13902
13805
13903
13806
13904
13807
13905
13808
13906
13809
13907
13810
13908
13811
13909
13812
13910
13813
13911
13814
13912
13815
13913
13816
13914
13817
13915
13818
13916
13819
13917
13820
13918
13821
13919
13822
13920
13823
13921
13824
13922
13825
13923
13826
13924
13827
13925
13828
13926
13829
13927
13830
13928
13831
13929
13832
13930
13833
13931
13834
13932
13835
13933
13836
13934
13837
13935
13838
13936
13839
13937
13840
13938
13841
13939
13842
13940
13843
13941
13844
13942
13845
13943
13846
13944
13847
13945
13848
13946
13849
13947
13850
13948
13851
13949
13852
13950
13853
13951
13854
13952
13855
13953
13856
13954
13857
13955
13858
13956
13859
13957
13958
13861
13959
13862
13960
13863
13961
13864
13962
13865
13963
13866
13964
13867
13965
13868
13966
13869
13967
13870
13968
13871
13969
13872
13970
13873
13971
13874
13972
13875
13973
13876
13974
13877
13975
13878
13976
13879
13977
13880
13978
13881
13979
13882
13980
13883
13981
13884
13982
13885
13983
13886
13984
13887
13985
13888
13986
13889
13987
13890
13988
13891
13989
13892
13990
13893
13991
13894
13992
13895
13993
13896
13994
13897
13995
13898
13996
13899
13997
13900
13998
13901
13999
13902
14000
13903
14001
13904
14002
13905
14003
13906
14004
13907
14005
13908
14006
13909
14007
13910
14008
13911
14009
13912
14010
13913
14011
13914
14012
13915
14013
13916
14014
13917
14015
13918
14016
13919
14017
13920
14018
13921
14019
13922
14020
13923
14021
13924
14022
13925
14023
13926
14024
13927
14025
13928
14026
13929
14027
13930
14028
13931
14029
13932
14030
13933
14031
13934
14032
13935
14033
13936
14034
13937
14035
13938
14036
13939
14037
13940
14038
13941
14039
13942
14040
13943
14041
13944
14042
13945
14043
13946
14044
13947
14045
13948
14046
13949
14047
13950
14048
13951
14049
13952
14050
13953
14051
13954
14052
13955
14053
13956
14054
13957
14055
13958
14056
14057
13960
14058
13961
14059
13962
14060
13963
14061
13964
14062
13965
14063
13966
14064
13967
14065
13968
14066
13969
14067
13970
14068
13971
14069
13972
14070
13973
14071
13974
14072
13975
14073
13976
14074
13977
14075
13978
14076
13979
14077
13980
14078
13981
14079
13982
14080
13983
14081
13984
14082
13985
14083
13986
14084
13987
14085
13988
14086
13989
14087
13990
14088
13991
14089
13992
14090
13993
14091
13994
14092
13995
14093
13996
14094
13997
14095
13998
14096
13999
14097
14000
14098
14001
14099
14002
14100
14003
14101
14004
14102
14005
14103
14006
14104
14007
14105
14008
14106
14009
14107
14010
14108
14011
14109
14012
14110
14013
14111
14014
14112
14015
14113
14016
14114
14017
14115
14018
14116
14019
14117
14020
14118
14021
14119
14022
14120
14023
14121
14024
14122
14025
14123
14026
14124
14027
14125
14028
14126
14029
14127
14030
14128
14031
14129
14032
14130
14033
14131
14034
14132
14035
14133
14036
14134
14037
14135
14038
14136
14039
14137
14040
14138
14041
14139
14042
14140
14043
14141
14044
14142
14045
14143
14046
14144
14047
14145
14048
14146
14049
14147
14050
14148
14051
14149
14052
14150
14053
14151
14054
14152
14055
14153
14056
14154
14057
14155
14156
14059
14157
14060
14158
14061
14159
14062
14160
14063
14161
14064
14162
14065
14163
14066
14164
14067
14165
14068
14166
14069
14167
14070
14168
14071
14169
14072
14170
14073
14171
14074
14172
14075
14173
14076
14174
14077
14175
14078
14176
14079
14177
14080
14178
14081
14179
14082
14180
14083
14181
14084
14182
14085
14183
14086
14184
14087
14185
14088
14186
14089
14187
14090
14188
14091
14189
14092
14190
14093
14191
14094
14192
14095
14193
14096
14194
14097
14195
14098
14196
14099
14197
14100
14198
14101
14199
14102
14200
14103
14201
14104
14202
14105
14203
14106
14204
14107
14205
14108
14206
14109
14207
14110
14208
14111
14209
14112
14210
14113
14211
14114
14212
14115
14213
14116
14214
14117
14215
14118
14216
14119
14217
14120
14218
14121
14219
14122
14220
14123
14221
14124
14222
14125
14223
14126
14224
14127
14225
14128
14226
14129
14227
14130
14228
14131
14229
14132
14230
14133
14231
14134
14232
14135
14233
14136
14234
14137
14235
14138
14236
14139
14237
14140
14238
14141
14239
14142
14240
14143
14241
14144
14242
14145
14243
14146
14244
14147
14245
14148
14246
14149
14247
14150
14248
14151
14249
14152
14250
14153
14251
14154
14252
14155
14253
14156
14254
14255
14158
14256
14159
14257
14160
14258
14161
14259
14162
14260
14163
14261
14164
14262
14165
14263
14166
14264
14167
14265
14168
14266
14169
14267
14170
14268
14171
14269
14172
14270
14173
14271
14174
14272
14175
14273
14176
14274
14177
14275
14178
14276
14179
14277
14180
14278
14181
14279
14182
14280
14183
14281
14184
14282
14185
14283
14186
14284
14187
14285
14188
14286
14189
14287
14190
14288
14191
14289
14192
14290
14193
14291
14194
14292
14195
14293
14196
14294
14197
14295
14198
14296
14199
14297
14200
14298
14201
14299
14202
14300
14203
14301
14204
14302
14205
14303
14206
14304
14207
14305
14208
14306
14209
14307
14210
14308
14211
14309
14212
14310
14213
14311
14214
14312
14215
14313
14216
14314
14217
14315
14218
14316
14219
14317
14220
14318
14221
14319
14222
14320
14223
14321
14224
14322
14225
14323
14226
14324
14227
14325
14228
14326
14229
14327
14230
14328
14231
14329
14232
14330
14233
14331
14234
14332
14235
14333
14236
14334
14237
14335
14238
14336
14239
14337
14240
14338
14241
14339
14242
14340
14243
14341
14244
14342
14245
14343
14246
14344
14247
14345
14248
14346
14249
14347
14250
14348
14251
14349
14252
14350
14253
14351
14254
14352
14255
14353
14354
14257
14355
14258
14356
14259
14357
14260
14358
14261
14359
14262
14360
14263
14361
14264
14362
14265
14363
14266
14364
14267
14365
14268
14366
14269
14367
14270
14368
14271
14369
14272
14370
14273
14371
14274
14372
14275
14373
14276
14374
14277
14375
14278
14376
14279
14377
14280
14378
14281
14379
14282
14380
14283
14381
14284
14382
14285
14383
14286
14384
14287
14385
14288
14386
14289
14387
14290
14388
14291
14389
14292
14390
14293
14391
14294
14392
14295
14393
14296
14394
14297
14395
14298
14396
14299
14397
14300
14398
14301
14399
14302
14400
14303
14401
14304
14402
14305
14403
14306
14404
14307
14405
14308
14406
14309
14407
14310
14408
14311
14409
14312
14410
14313
14411
14314
14412
14315
14413
14316
14414
14317
14415
14318
14416
14319
14417
14320
14418
14321
14419
14322
14420
14323
14421
14324
14422
14325
14423
14326
14424
14327
14425
14328
14426
14329
14427
14330
14428
14331
14429
14332
14430
14333
14431
14334
14432
14335
14433
14336
14434
14337
14435
14338
14436
14339
14437
14340
14438
14341
14439
14342
14440
14343
14441
14344
14442
14345
14443
14346
14444
14347
14445
14348
14446
14349
14447
14350
14448
14351
14449
14352
14450
14353
14451
14354
14452
14453
14356
14454
14357
14455
14358
14456
14359
14457
14360
14458
14361
14459
14362
14460
14363
14461
14364
14462
14365
14463
14366
14464
14367
14465
14368
14466
14369
14467
14370
14468
14371
14469
14372
14470
14373
14471
14374
14472
14375
14473
14376
14474
14377
14475
14378
14476
14379
14477
14380
14478
14381
14479
14382
14480
14383
14481
14384
14482
14385
14483
14386
14484
14387
14485
14388
14486
14389
14487
14390
14488
14391
14489
14392
14490
14393
14491
14394
14492
14395
14493
14396
14494
14397
14495
14398
14496
14399
14497
14400
14498
14401
14499
14402
14500
14403
14501
14404
14502
14405
14503
14406
14504
14407
14505
14408
14506
14409
14507
14410
14508
14411
14509
14412
14510
14413
14511
14414
14512
14415
14513
14416
14514
14417
14515
14418
14516
14419
14517
14420
14518
14421
14519
14422
14520
14423
14521
14424
14522
14425
14523
14426
14524
14427
14525
14428
14526
14429
14527
14430
14528
14431
14529
14432
14530
14433
14531
14434
14532
14435
14533
14436
14534
14437
14535
14438
14536
14439
14537
14440
14538
14441
14539
14442
14540
14443
14541
14444
14542
14445
14543
14446
14544
14447
14545
14448
14546
14449
14547
14450
14548
14451
14549
14452
14550
14453
14551
14552
14455
14553
14456
14554
14457
14555
14458
14556
14459
14557
14460
14558
14461
14559
14462
14560
14463
14561
14464
14562
14465
14563
14466
14564
14467
14565
14468
14566
14469
14567
14470
14568
14471
14569
14472
14570
14473
14571
14474
14572
14475
14573
14476
14574
14477
14575
14478
14576
14479
14577
14480
14578
14481
14579
14482
14580
14483
14581
14484
14582
14485
14583
14486
14584
14487
14585
14488
14586
14489
14587
14490
14588
14491
14589
14492
14590
14493
14591
14494
14592
14495
14593
14496
14594
14497
14595
14498
14596
14499
14597
14500
14598
14501
14599
14502
14600
14503
14601
14504
14602
14505
14603
14506
14604
14507
14605
14508
14606
14509
14607
14510
14608
14511
14609
14512
14610
14513
14611
14514
14612
14515
14613
14516
14614
14517
14615
14518
14616
14519
14617
14520
14618
14521
14619
14522
14620
14523
14621
14524
14622
14525
14623
14526
14624
14527
14625
14528
14626
14529
14627
14530
14628
14531
14629
14532
14630
14533
14631
14534
14632
14535
14633
14536
14634
14537
14635
14538
14636
14539
14637
14540
14638
14541
14639
14542
14640
14543
14641
14544
14642
14545
14643
14546
14644
14547
14645
14548
14646
14549
14647
14550
14648
14551
14649
14552
14650
14651
14554
14652
14555
14653
14556
14654
14557
14655
14558
14656
14559
14657
14560
14658
14561
14659
14562
14660
14563
14661
14564
14662
14565
14663
14566
14664
14567
14665
14568
14666
14569
14667
14570
14668
14571
14669
14572
14670
14573
14671
14574
14672
14575
14673
14576
14674
14577
14675
14578
14676
14579
14677
14580
14678
14581
14679
14582
14680
14583
14681
14584
14682
14585
14683
14586
14684
14587
14685
14588
14686
14589
14687
14590
14688
14591
14689
14592
14690
14593
14691
14594
14692
14595
14693
14596
14694
14597
14695
14598
14696
14599
14697
14600
14698
14601
14699
14602
14700
14603
14701
14604
14702
14605
14703
14606
14704
14607
14705
14608
14706
14609
14707
14610
14708
14611
14709
14612
14710
14613
14711
14614
14712
14615
14713
14616
14714
14617
14715
14618
14716
14619
14717
14620
14718
14621
14719
14622
14720
14623
14721
14624
14722
14625
14723
14626
14724
14627
14725
14628
14726
14629
14727
14630
14728
14631
14729
14632
14730
14633
14731
14634
14732
14635
14733
14636
14734
14637
14735
14638
14736
14639
14737
14640
14738
14641
14739
14642
14740
14643
14741
14644
14742
14645
14743
14646
14744
14647
14745
14648
14746
14649
14747
14650
14748
14651
14749
14750
14653
14751
14654
14752
14655
14753
14656
14754
14657
14755
14658
14756
14659
14757
14660
14758
14661
14759
14662
14760
14663
14761
14664
14762
14665
14763
14666
14764
14667
14765
14668
14766
14669
14767
14670
14768
14671
14769
14672
14770
14673
14771
14674
14772
14675
14773
14676
14774
14677
14775
14678
14776
14679
14777
14680
14778
14681
14779
14682
14780
14683
14781
14684
14782
14685
14783
14686
14784
14687
14785
14688
14786
14689
14787
14690
14788
14691
14789
14692
14790
14693
14791
14694
14792
14695
14793
14696
14794
14697
14795
14698
14796
14699
14797
14700
14798
14701
14799
14702
14800
14703
14801
14704
14802
14705
14803
14706
14804
14707
14805
14708
14806
14709
14807
14710
14808
14711
14809
14712
14810
14713
14811
14714
14812
14715
14813
14716
14814
14717
14815
14718
14816
14719
14817
14720
14818
14721
14819
14722
14820
14723
14821
14724
14822
14725
14823
14726
14824
14727
14825
14728
14826
14729
14827
14730
14828
14731
14829
14732
14830
14733
14831
14734
14832
14735
14833
14736
14834
14737
14835
14738
14836
14739
14837
14740
14838
14741
14839
14742
14840
14743
14841
14744
14842
14745
14843
14746
14844
14747
14845
14748
14846
14749
14847
14750
14848
14849
14752
14850
14753
14851
14754
14852
14755
14853
14756
14854
14757
14855
14758
14856
14759
14857
14760
14858
14761
14859
14762
14860
14763
14861
14764
14862
14765
14863
14766
14864
14767
14865
14768
14866
14769
14867
14770
14868
14771
14869
14772
14870
14773
14871
14774
14872
14775
14873
14776
14874
14777
14875
14778
14876
14779
14877
14780
14878
14781
14879
14782
14880
14783
14881
14784
14882
14785
14883
14786
14884
14787
14885
14788
14886
14789
14887
14790
14888
14791
14889
14792
14890
14793
14891
14794
14892
14795
14893
14796
14894
14797
14895
14798
14896
14799
14897
14800
14898
14801
14899
14802
14900
14803
14901
14804
14902
14805
14903
14806
14904
14807
14905
14808
14906
14809
14907
14810
14908
14811
14909
14812
14910
14813
14911
14814
14912
14815
14913
14816
14914
14817
14915
14818
14916
14819
14917
14820
14918
14821
14919
14822
14920
14823
14921
14824
14922
14825
14923
14826
14924
14827
14925
14828
14926
14829
14927
14830
14928
14831
14929
14832
14930
14833
14931
14834
14932
14835
14933
14836
14934
14837
14935
14838
14936
14839
14937
14840
14938
14841
14939
14842
14940
14843
14941
14844
14942
14845
14943
14846
14944
14847
14945
14848
14946
14849
14947
14948
14851
14949
14852
14950
14853
14951
14854
14952
14855
14953
14856
14954
14857
14955
14858
14956
14859
14957
14860
14958
14861
14959
14862
14960
14863
14961
14864
14962
14865
14963
14866
14964
14867
14965
14868
14966
14869
14967
14870
14968
14871
14969
14872
14970
14873
14971
14874
14972
14875
14973
14876
14974
14877
14975
14878
14976
14879
14977
14880
14978
14881
14979
14882
14980
14883
14981
14884
14982
14885
14983
14886
14984
14887
14985
14888
14986
14889
14987
14890
14988
14891
14989
14892
14990
14893
14991
14894
14992
14895
14993
14896
14994
14897
14995
14898
14996
14899
14997
14900
14998
14901
14999
14902
15000
14903
15001
14904
15002
14905
15003
14906
15004
14907
15005
14908
15006
14909
15007
14910
15008
14911
15009
14912
15010
14913
15011
14914
15012
14915
15013
14916
15014
14917
15015
14918
15016
14919
15017
14920
15018
14921
15019
14922
15020
14923
15021
14924
15022
14925
15023
14926
15024
14927
15025
14928
15026
14929
15027
14930
15028
14931
15029
14932
15030
14933
15031
14934
15032
14935
15033
14936
15034
14937
15035
14938
15036
14939
15037
14940
15038
14941
15039
14942
15040
14943
15041
14944
15042
14945
15043
14946
15044
14947
15045
14948
15046
15047
14950
15048
14951
15049
14952
15050
14953
15051
14954
15052
14955
15053
14956
15054
14957
15055
14958
15056
14959
15057
14960
15058
14961
15059
14962
15060
14963
15061
14964
15062
14965
15063
14966
15064
14967
15065
14968
15066
14969
15067
14970
15068
14971
15069
14972
15070
14973
15071
14974
15072
14975
15073
14976
15074
14977
15075
14978
15076
14979
15077
14980
15078
14981
15079
14982
15080
14983
15081
14984
15082
14985
15083
14986
15084
14987
15085
14988
15086
14989
15087
14990
15088
14991
15089
14992
15090
14993
15091
14994
15092
14995
15093
14996
15094
14997
15095
14998
15096
14999
15097
15000
15098
15001
15099
15002
15100
15003
15101
15004
15102
15005
15103
15006
15104
15007
15105
15008
15106
15009
15107
15010
15108
15011
15109
15012
15110
15013
15111
15014
15112
15015
15113
15016
15114
15017
15115
15018
15116
15019
15117
15020
15118
15021
15119
15022
15120
15023
15121
15024
15122
15025
15123
15026
15124
15027
15125
15028
15126
15029
15127
15030
15128
15031
15129
15032
15130
15033
15131
15034
15132
15035
15133
15036
15134
15037
15135
15038
15136
15039
15137
15040
15138
15041
15139
15042
15140
15043
15141
15044
15142
15045
15143
15046
15144
15047
15145
15146
15049
15147
15050
15148
15051
15149
15052
15150
15053
15151
15054
15152
15055
15153
15056
15154
15057
15155
15058
15156
15059
15157
15060
15158
15061
15159
15062
15160
15063
15161
15064
15162
15065
15163
15066
15164
15067
15165
15068
15166
15069
15167
15070
15168
15071
15169
15072
15170
15073
15171
15074
15172
15075
15173
15076
15174
15077
15175
15078
15176
15079
15177
15080
15178
15081
15179
15082
15180
15083
15181
15084
15182
15085
15183
15086
15184
15087
15185
15088
15186
15089
15187
15090
15188
15091
15189
15092
15190
15093
15191
15094
15192
15095
15193
15096
15194
15097
15195
15098
15196
15099
15197
15100
15198
15101
15199
15102
15200
15103
15201
15104
15202
15105
15203
15106
15204
15107
15205
15108
15206
15109
15207
15110
15208
15111
15209
15112
15210
15113
15211
15114
15212
15115
15213
15116
15214
15117
15215
15118
15216
15119
15217
15120
15218
15121
15219
15122
15220
15123
15221
15124
15222
15125
15223
15126
15224
15127
15225
15128
15226
15129
15227
15130
15228
15131
15229
15132
15230
15133
15231
15134
15232
15135
15233
15136
15234
15137
15235
15138
15236
15139
15237
15140
15238
15141
15239
15142
15240
15143
15241
15144
15242
15145
15243
15146
15244
15245
15148
15246
15149
15247
15150
15248
15151
15249
15152
15250
15153
15251
15154
15252
15155
15253
15156
15254
15157
15255
15158
15256
15159
15257
15160
15258
15161
15259
15162
15260
15163
15261
15164
15262
15165
15263
15166
15264
15167
15265
15168
15266
15169
15267
15170
15268
15171
15269
15172
15270
15173
15271
15174
15272
15175
15273
15176
15274
15177
15275
15178
15276
15179
15277
15180
15278
15181
15279
15182
15280
15183
15281
15184
15282
15185
15283
15186
15284
15187
15285
15188
15286
15189
15287
15190
15288
15191
15289
15192
15290
15193
15291
15194
15292
15195
15293
15196
15294
15197
15295
15198
15296
15199
15297
15200
15298
15201
15299
15202
15300
15203
15301
15204
15302
15205
15303
15206
15304
15207
15305
15208
15306
15209
15307
15210
15308
15211
15309
15212
15310
15213
15311
15214
15312
15215
15313
15216
15314
15217
15315
15218
15316
15219
15317
15220
15318
15221
15319
15222
15320
15223
15321
15224
15322
15225
15323
15226
15324
15227
15325
15228
15326
15229
15327
15230
15328
15231
15329
15232
15330
15233
15331
15234
15332
15235
15333
15236
15334
15237
15335
15238
15336
15239
15337
15240
15338
15241
15339
15242
15340
15243
15341
15244
15342
15245
15343
15344
15247
15345
15248
15346
15249
15347
15250
15348
15251
15349
15252
15350
15253
15351
15254
15352
15255
15353
15256
15354
15257
15355
15258
15356
15259
15357
15260
15358
15261
15359
15262
15360
15263
15361
15264
15362
15265
15363
15266
15364
15267
15365
15268
15366
15269
15367
15270
15368
15271
15369
15272
15370
15273
15371
15274
15372
15275
15373
15276
15374
15277
15375
15278
15376
15279
15377
15280
15378
15281
15379
15282
15380
15283
15381
15284
15382
15285
15383
15286
15384
15287
15385
15288
15386
15289
15387
15290
15388
15291
15389
15292
15390
15293
15391
15294
15392
15295
15393
15296
15394
15297
15395
15298
15396
15299
15397
15300
15398
15301
15399
15302
15400
15303
15401
15304
15402
15305
15403
15306
15404
15307
15405
15308
15406
15309
15407
15310
15408
15311
15409
15312
15410
15313
15411
15314
15412
15315
15413
15316
15414
15317
15415
15318
15416
15319
15417
15320
15418
15321
15419
15322
15420
15323
15421
15324
15422
15325
15423
15326
15424
15327
15425
15328
15426
15329
15427
15330
15428
15331
15429
15332
15430
15333
15431
15334
15432
15335
15433
15336
15434
15337
15435
15338
15436
15339
15437
15340
15438
15341
15439
15342
15440
15343
15441
15344
15442
15443
15346
15444
15347
15445
15348
15446
15349
15447
15350
15448
15351
15449
15352
15450
15353
15451
15354
15452
15355
15453
15356
15454
15357
15455
15358
15456
15359
15457
15360
15458
15361
15459
15362
15460
15363
15461
15364
15462
15365
15463
15366
15464
15367
15465
15368
15466
15369
15467
15370
15468
15371
15469
15372
15470
15373
15471
15374
15472
15375
15473
15376
15474
15377
15475
15378
15476
15379
15477
15380
15478
15381
15479
15382
15480
15383
15481
15384
15482
15385
15483
15386
15484
15387
15485
15388
15486
15389
15487
15390
15488
15391
15489
15392
15490
15393
15491
15394
15492
15395
15493
15396
15494
15397
15495
15398
15496
15399
15497
15400
15498
15401
15499
15402
15500
15403
15501
15404
15502
15405
15503
15406
15504
15407
15505
15408
15506
15409
15507
15410
15508
15411
15509
15412
15510
15413
15511
15414
15512
15415
15513
15416
15514
15417
15515
15418
15516
15419
15517
15420
15518
15421
15519
15422
15520
15423
15521
15424
15522
15425
15523
15426
15524
15427
15525
15428
15526
15429
15527
15430
15528
15431
15529
15432
15530
15433
15531
15434
15532
15435
15533
15436
15534
15437
15535
15438
15536
15439
15537
15440
15538
15441
15539
15442
15540
15443
15541
15542
15445
15543
15446
15544
15447
15545
15448
15546
15449
15547
15450
15548
15451
15549
15452
15550
15453
15551
15454
15552
15455
15553
15456
15554
15457
15555
15458
15556
15459
15557
15460
15558
15461
15559
15462
15560
15463
15561
15464
15562
15465
15563
15466
15564
15467
15565
15468
15566
15469
15567
15470
15568
15471
15569
15472
15570
15473
15571
15474
15572
15475
15573
15476
15574
15477
15575
15478
15576
15479
15577
15480
15578
15481
15579
15482
15580
15483
15581
15484
15582
15485
15583
15486
15584
15487
15585
15488
15586
15489
15587
15490
15588
15491
15589
15492
15590
15493
15591
15494
15592
15495
15593
15496
15594
15497
15595
15498
15596
15499
15597
15500
15598
15501
15599
15502
15600
15503
15601
15504
15602
15505
15603
15506
15604
15507
15605
15508
15606
15509
15607
15510
15608
15511
15609
15512
15610
15513
15611
15514
15612
15515
15613
15516
15614
15517
15615
15518
15616
15519
15617
15520
15618
15521
15619
15522
15620
15523
15621
15524
15622
15525
15623
15526
15624
15527
15625
15528
15626
15529
15627
15530
15628
15531
15629
15532
15630
15533
15631
15534
15632
15535
15633
15536
15634
15537
15635
15538
15636
15539
15637
15540
15638
15541
15639
15542
15640
15641
15544
15642
15545
15643
15546
15644
15547
15645
15548
15646
15549
15647
15550
15648
15551
15649
15552
15650
15553
15651
15554
15652
15555
15653
15556
15654
15557
15655
15558
15656
15559
15657
15560
15658
15561
15659
15562
15660
15563
15661
15564
15662
15565
15663
15566
15664
15567
15665
15568
15666
15569
15667
15570
15668
15571
15669
15572
15670
15573
15671
15574
15672
15575
15673
15576
15674
15577
15675
15578
15676
15579
15677
15580
15678
15581
15679
15582
15680
15583
15681
15584
15682
15585
15683
15586
15684
15587
15685
15588
15686
15589
15687
15590
15688
15591
15689
15592
15690
15593
15691
15594
15692
15595
15693
15596
15694
15597
15695
15598
15696
15599
15697
15600
15698
15601
15699
15602
15700
15603
15701
15604
15702
15605
15703
15606
15704
15607
15705
15608
15706
15609
15707
15610
15708
15611
15709
15612
15710
15613
15711
15614
15712
15615
15713
15616
15714
15617
15715
15618
15716
15619
15717
15620
15718
15621
15719
15622
15720
15623
15721
15624
15722
15625
15723
15626
15724
15627
15725
15628
15726
15629
15727
15630
15728
15631
15729
15632
15730
15633
15731
15634
15732
15635
15733
15636
15734
15637
15735
15638
15736
15639
15737
15640
15738
15641
15739
15740
15643
15741
15644
15742
15645
15743
15646
15744
15647
15745
15648
15746
15649
15747
15650
15748
15651
15749
15652
15750
15653
15751
15654
15752
15655
15753
15656
15754
15657
15755
15658
15756
15659
15757
15660
15758
15661
15759
15662
15760
15663
15761
15664
15762
15665
15763
15666
15764
15667
15765
15668
15766
15669
15767
15670
15768
15671
15769
15672
15770
15673
15771
15674
15772
15675
15773
15676
15774
15677
15775
15678
15776
15679
15777
15680
15778
15681
15779
15682
15780
15683
15781
15684
15782
15685
15783
15686
15784
15687
15785
15688
15786
15689
15787
15690
15788
15691
15789
15692
15790
15693
15791
15694
15792
15695
15793
15696
15794
15697
15795
15698
15796
15699
15797
15700
15798
15701
15799
15702
15800
15703
15801
15704
15802
15705
15803
15706
15804
15707
15805
15708
15806
15709
15807
15710
15808
15711
15809
15712
15810
15713
15811
15714
15812
15715
15813
15716
15814
15717
15815
15718
15816
15719
15817
15720
15818
15721
15819
15722
15820
15723
15821
15724
15822
15725
15823
15726
15824
15727
15825
15728
15826
15729
15827
15730
15828
15731
15829
15732
15830
15733
15831
15734
15832
15735
15833
15736
15834
15737
15835
15738
15836
15739
15837
15740
15838
15839
15742
15840
15743
15841
15744
15842
15745
15843
15746
15844
15747
15845
15748
15846
15749
15847
15750
15848
15751
15849
15752
15850
15753
15851
15754
15852
15755
15853
15756
15854
15757
15855
15758
15856
15759
15857
15760
15858
15761
15859
15762
15860
15763
15861
15764
15862
15765
15863
15766
15864
15767
15865
15768
15866
15769
15867
15770
15868
15771
15869
15772
15870
15773
15871
15774
15872
15775
15873
15776
15874
15777
15875
15778
15876
15779
15877
15780
15878
15781
15879
15782
15880
15783
15881
15784
15882
15785
15883
15786
15884
15787
15885
15788
15886
15789
15887
15790
15888
15791
15889
15792
15890
15793
15891
15794
15892
15795
15893
15796
15894
15797
15895
15798
15896
15799
15897
15800
15898
15801
15899
15802
15900
15803
15901
15804
15902
15805
15903
15806
15904
15807
15905
15808
15906
15809
15907
15810
15908
15811
15909
15812
15910
15813
15911
15814
15912
15815
15913
15816
15914
15817
15915
15818
15916
15819
15917
15820
15918
15821
15919
15822
15920
15823
15921
15824
15922
15825
15923
15826
15924
15827
15925
15828
15926
15829
15927
15830
15928
15831
15929
15832
15930
15833
15931
15834
15932
15835
15933
15836
15934
15837
15935
15838
15936
15839
15937
15938
15841
15939
15842
15940
15843
15941
15844
15942
15845
15943
15846
15944
15847
15945
15848
15946
15849
15947
15850
15948
15851
15949
15852
15950
15853
15951
15854
15952
15855
15953
15856
15954
15857
15955
15858
15956
15859
15957
15860
15958
15861
15959
15862
15960
15863
15961
15864
15962
15865
15963
15866
15964
15867
15965
15868
15966
15869
15967
15870
15968
15871
15969
15872
15970
15873
15971
15874
15972
15875
15973
15876
15974
15877
15975
15878
15976
15879
15977
15880
15978
15881
15979
15882
15980
15883
15981
15884
15982
15885
15983
15886
15984
15887
15985
15888
15986
15889
15987
15890
15988
15891
15989
15892
15990
15893
15991
15894
15992
15895
15993
15896
15994
15897
15995
15898
15996
15899
15997
15900
15998
15901
15999
15902
16000
15903
16001
15904
16002
15905
16003
15906
16004
15907
16005
15908
16006
15909
16007
15910
16008
15911
16009
15912
16010
15913
16011
15914
16012
15915
16013
15916
16014
15917
16015
15918
16016
15919
16017
15920
16018
15921
16019
15922
16020
15923
16021
15924
16022
15925
16023
15926
16024
15927
16025
15928
16026
15929
16027
15930
16028
15931
16029
15932
16030
15933
16031
15934
16032
15935
16033
15936
16034
15937
16035
15938
16036
16037
15940
16038
15941
16039
15942
16040
15943
16041
15944
16042
15945
16043
15946
16044
15947
16045
15948
16046
15949
16047
15950
16048
15951
16049
15952
16050
15953
16051
15954
16052
15955
16053
15956
16054
15957
16055
15958
16056
15959
16057
15960
16058
15961
16059
15962
16060
15963
16061
15964
16062
15965
16063
15966
16064
15967
16065
15968
16066
15969
16067
15970
16068
15971
16069
15972
16070
15973
16071
15974
16072
15975
16073
15976
16074
15977
16075
15978
16076
15979
16077
15980
16078
15981
16079
15982
16080
15983
16081
15984
16082
15985
16083
15986
16084
15987
16085
15988
16086
15989
16087
15990
16088
15991
16089
15992
16090
15993
16091
15994
16092
15995
16093
15996
16094
15997
16095
15998
16096
15999
16097
16000
16098
16001
16099
16002
16100
16003
16101
16004
16102
16005
16103
16006
16104
16007
16105
16008
16106
16009
16107
16010
16108
16011
16109
16012
16110
16013
16111
16014
16112
16015
16113
16016
16114
16017
16115
16018
16116
16019
16117
16020
16118
16021
16119
16022
16120
16023
16121
16024
16122
16025
16123
16026
16124
16027
16125
16028
16126
16029
16127
16030
16128
16031
16129
16032
16130
16033
16131
16034
16132
16035
16133
16036
16134
16037
16135
16136
16039
16137
16040
16138
16041
16139
16042
16140
16043
16141
16044
16142
16045
16143
16046
16144
16047
16145
16048
16146
16049
16147
16050
16148
16051
16149
16052
16150
16053
16151
16054
16152
16055
16153
16056
16154
16057
16155
16058
16156
16059
16157
16060
16158
16061
16159
16062
16160
16063
16161
16064
16162
16065
16163
16066
16164
16067
16165
16068
16166
16069
16167
16070
16168
16071
16169
16072
16170
16073
16171
16074
16172
16075
16173
16076
16174
16077
16175
16078
16176
16079
16177
16080
16178
16081
16179
16082
16180
16083
16181
16084
16182
16085
16183
16086
16184
16087
16185
16088
16186
16089
16187
16090
16188
16091
16189
16092
16190
16093
16191
16094
16192
16095
16193
16096
16194
16097
16195
16098
16196
16099
16197
16100
16198
16101
16199
16102
16200
16103
16201
16104
16202
16105
16203
16106
16204
16107
16205
16108
16206
16109
16207
16110
16208
16111
16209
16112
16210
16113
16211
16114
16212
16115
16213
16116
16214
16117
16215
16118
16216
16119
16217
16120
16218
16121
16219
16122
16220
16123
16221
16124
16222
16125
16223
16126
16224
16127
16225
16128
16226
16129
16227
16130
16228
16131
16229
16132
16230
16133
16231
16134
16232
16135
16233
16136
16234
16235
16138
16236
16139
16237
16140
16238
16141
16239
16142
16240
16143
16241
16144
16242
16145
16243
16146
16244
16147
16245
16148
16246
16149
16247
16150
16248
16151
16249
16152
16250
16153
16251
16154
16252
16155
16253
16156
16254
16157
16255
16158
16256
16159
16257
16160
16258
16161
16259
16162
16260
16163
16261
16164
16262
16165
16263
16166
16264
16167
16265
16168
16266
16169
16267
16170
16268
16171
16269
16172
16270
16173
16271
16174
16272
16175
16273
16176
16274
16177
16275
16178
16276
16179
16277
16180
16278
16181
16279
16182
16280
16183
16281
16184
16282
16185
16283
16186
16284
16187
16285
16188
16286
16189
16287
16190
16288
16191
16289
16192
16290
16193
16291
16194
16292
16195
16293
16196
16294
16197
16295
16198
16296
16199
16297
16200
16298
16201
16299
16202
16300
16203
16301
16204
16302
16205
16303
16206
16304
16207
16305
16208
16306
16209
16307
16210
16308
16211
16309
16212
16310
16213
16311
16214
16312
16215
16313
16216
16314
16217
16315
16218
16316
16219
16317
16220
16318
16221
16319
16222
16320
16223
16321
16224
16322
16225
16323
16226
16324
16227
16325
16228
16326
16229
16327
16230
16328
16231
16329
16232
16330
16233
16331
16234
16332
16235
16333
16334
16237
16335
16238
16336
16239
16337
16240
16338
16241
16339
16242
16340
16243
16341
16244
16342
16245
16343
16246
16344
16247
16345
16248
16346
16249
16347
16250
16348
16251
16349
16252
16350
16253
16351
16254
16352
16255
16353
16256
16354
16257
16355
16258
16356
16259
16357
16260
16358
16261
16359
16262
16360
16263
16361
16264
16362
16265
16363
16266
16364
16267
16365
16268
16366
16269
16367
16270
16368
16271
16369
16272
16370
16273
16371
16274
16372
16275
16373
16276
16374
16277
16375
16278
16376
16279
16377
16280
16378
16281
16379
16282
16380
16283
16381
16284
16382
16285
16383
16286
16384
16287
16385
16288
16386
16289
16387
16290
16388
16291
16389
16292
16390
16293
16391
16294
16392
16295
16393
16296
16394
16297
16395
16298
16396
16299
16397
16300
16398
16301
16399
16302
16400
16303
16401
16304
16402
16305
16403
16306
16404
16307
16405
16308
16406
16309
16407
16310
16408
16311
16409
16312
16410
16313
16411
16314
16412
16315
16413
16316
16414
16317
16415
16318
16416
16319
16417
16320
16418
16321
16419
16322
16420
16323
16421
16324
16422
16325
16423
16326
16424
16327
16425
16328
16426
16329
16427
16330
16428
16331
16429
16332
16430
16333
16431
16334
16432
16433
16336
16434
16337
16435
16338
16436
16339
16437
16340
16438
16341
16439
16342
16440
16343
16441
16344
16442
16345
16443
16346
16444
16347
16445
16348
16446
16349
16447
16350
16448
16351
16449
16352
16450
16353
16451
16354
16452
16355
16453
16356
16454
16357
16455
16358
16456
16359
16457
16360
16458
16361
16459
16362
16460
16363
16461
16364
16462
16365
16463
16366
16464
16367
16465
16368
16466
16369
16467
16370
16468
16371
16469
16372
16470
16373
16471
16374
16472
16375
16473
16376
16474
16377
16475
16378
16476
16379
16477
16380
16478
16381
16479
16382
16480
16383
16481
16384
16482
16385
16483
16386
16484
16387
16485
16388
16486
16389
16487
16390
16488
16391
16489
16392
16490
16393
16491
16394
16492
16395
16493
16396
16494
16397
16495
16398
16496
16399
16497
16400
16498
16401
16499
16402
16500
16403
16501
16404
16502
16405
16503
16406
16504
16407
16505
16408
16506
16409
16507
16410
16508
16411
16509
16412
16510
16413
16511
16414
16512
16415
16513
16416
16514
16417
16515
16418
16516
16419
16517
16420
16518
16421
16519
16422
16520
16423
16521
16424
16522
16425
16523
16426
16524
16427
16525
16428
16526
16429
16527
16430
16528
16431
16529
16432
16530
16433
16531
16532
16435
16533
16436
16534
16437
16535
16438
16536
16439
16537
16440
16538
16441
16539
16442
16540
16443
16541
16444
16542
16445
16543
16446
16544
16447
16545
16448
16546
16449
16547
16450
16548
16451
16549
16452
16550
16453
16551
16454
16552
16455
16553
16456
16554
16457
16555
16458
16556
16459
16557
16460
16558
16461
16559
16462
16560
16463
16561
16464
16562
16465
16563
16466
16564
16467
16565
16468
16566
16469
16567
16470
16568
16471
16569
16472
16570
16473
16571
16474
16572
16475
16573
16476
16574
16477
16575
16478
16576
16479
16577
16480
16578
16481
16579
16482
16580
16483
16581
16484
16582
16485
16583
16486
16584
16487
16585
16488
16586
16489
16587
16490
16588
16491
16589
16492
16590
16493
16591
16494
16592
16495
16593
16496
16594
16497
16595
16498
16596
16499
16597
16500
16598
16501
16599
16502
16600
16503
16601
16504
16602
16505
16603
16506
16604
16507
16605
16508
16606
16509
16607
16510
16608
16511
16609
16512
16610
16513
16611
16514
16612
16515
16613
16516
16614
16517
16615
16518
16616
16519
16617
16520
16618
16521
16619
16522
16620
16523
16621
16524
16622
16525
16623
16526
16624
16527
16625
16528
16626
16529
16627
16530
16628
16531
16629
16532
16630
16631
16534
16632
16535
16633
16536
16634
16537
16635
16538
16636
16539
16637
16540
16638
16541
16639
16542
16640
16543
16641
16544
16642
16545
16643
16546
16644
16547
16645
16548
16646
16549
16647
16550
16648
16551
16649
16552
16650
16553
16651
16554
16652
16555
16653
16556
16654
16557
16655
16558
16656
16559
16657
16560
16658
16561
16659
16562
16660
16563
16661
16564
16662
16565
16663
16566
16664
16567
16665
16568
16666
16569
16667
16570
16668
16571
16669
16572
16670
16573
16671
16574
16672
16575
16673
16576
16674
16577
16675
16578
16676
16579
16677
16580
16678
16581
16679
16582
16680
16583
16681
16584
16682
16585
16683
16586
16684
16587
16685
16588
16686
16589
16687
16590
16688
16591
16689
16592
16690
16593
16691
16594
16692
16595
16693
16596
16694
16597
16695
16598
16696
16599
16697
16600
16698
16601
16699
16602
16700
16603
16701
16604
16702
16605
16703
16606
16704
16607
16705
16608
16706
16609
16707
16610
16708
16611
16709
16612
16710
16613
16711
16614
16712
16615
16713
16616
16714
16617
16715
16618
16716
16619
16717
16620
16718
16621
16719
16622
16720
16623
16721
16624
16722
16625
16723
16626
16724
16627
16725
16628
16726
16629
16727
16630
16728
16631
16729
16730
16633
16731
16634
16732
16635
16733
16636
16734
16637
16735
16638
16736
16639
16737
16640
16738
16641
16739
16642
16740
16643
16741
16644
16742
16645
16743
16646
16744
16647
16745
16648
16746
16649
16747
16650
16748
16651
16749
16652
16750
16653
16751
16654
16752
16655
16753
16656
16754
16657
16755
16658
16756
16659
16757
16660
16758
16661
16759
16662
16760
16663
16761
16664
16762
16665
16763
16666
16764
16667
16765
16668
16766
16669
16767
16670
16768
16671
16769
16672
16770
16673
16771
16674
16772
16675
16773
16676
16774
16677
16775
16678
16776
16679
16777
16680
16778
16681
16779
16682
16780
16683
16781
16684
16782
16685
16783
16686
16784
16687
16785
16688
16786
16689
16787
16690
16788
16691
16789
16692
16790
16693
16791
16694
16792
16695
16793
16696
16794
16697
16795
16698
16796
16699
16797
16700
16798
16701
16799
16702
16800
16703
16801
16704
16802
16705
16803
16706
16804
16707
16805
16708
16806
16709
16807
16710
16808
16711
16809
16712
16810
16713
16811
16714
16812
16715
16813
16716
16814
16717
16815
16718
16816
16719
16817
16720
16818
16721
16819
16722
16820
16723
16821
16724
16822
16725
16823
16726
16824
16727
16825
16728
16826
16729
16827
16730
16828
16829
16732
16830
16733
16831
16734
16832
16735
16833
16736
16834
16737
16835
16738
16836
16739
16837
16740
16838
16741
16839
16742
16840
16743
16841
16744
16842
16745
16843
16746
16844
16747
16845
16748
16846
16749
16847
16750
16848
16751
16849
16752
16850
16753
16851
16754
16852
16755
16853
16756
16854
16757
16855
16758
16856
16759
16857
16760
16858
16761
16859
16762
16860
16763
16861
16764
16862
16765
16863
16766
16864
16767
16865
16768
16866
16769
16867
16770
16868
16771
16869
16772
16870
16773
16871
16774
16872
16775
16873
16776
16874
16777
16875
16778
16876
16779
16877
16780
16878
16781
16879
16782
16880
16783
16881
16784
16882
16785
16883
16786
16884
16787
16885
16788
16886
16789
16887
16790
16888
16791
16889
16792
16890
16793
16891
16794
16892
16795
16893
16796
16894
16797
16895
16798
16896
16799
16897
16800
16898
16801
16899
16802
16900
16803
16901
16804
16902
16805
16903
16806
16904
16807
16905
16808
16906
16809
16907
16810
16908
16811
16909
16812
16910
16813
16911
16814
16912
16815
16913
16816
16914
16817
16915
16818
16916
16819
16917
16820
16918
16821
16919
16822
16920
16823
16921
16824
16922
16825
16923
16826
16924
16827
16925
16828
16926
16829
16927
16928
16831
16929
16832
16930
16833
16931
16834
16932
16835
16933
16836
16934
16837
16935
16838
16936
16839
16937
16840
16938
16841
16939
16842
16940
16843
16941
16844
16942
16845
16943
16846
16944
16847
16945
16848
16946
16849
16947
16850
16948
16851
16949
16852
16950
16853
16951
16854
16952
16855
16953
16856
16954
16857
16955
16858
16956
16859
16957
16860
16958
16861
16959
16862
16960
16863
16961
16864
16962
16865
16963
16866
16964
16867
16965
16868
16966
16869
16967
16870
16968
16871
16969
16872
16970
16873
16971
16874
16972
16875
16973
16876
16974
16877
16975
16878
16976
16879
16977
16880
16978
16881
16979
16882
16980
16883
16981
16884
16982
16885
16983
16886
16984
16887
16985
16888
16986
16889
16987
16890
16988
16891
16989
16892
16990
16893
16991
16894
16992
16895
16993
16896
16994
16897
16995
16898
16996
16899
16997
16900
16998
16901
16999
16902
17000
16903
17001
16904
17002
16905
17003
16906
17004
16907
17005
16908
17006
16909
17007
16910
17008
16911
17009
16912
17010
16913
17011
16914
17012
16915
17013
16916
17014
16917
17015
16918
17016
16919
17017
16920
17018
16921
17019
16922
17020
16923
17021
16924
17022
16925
17023
16926
17024
16927
17025
16928
17026
17027
16930
17028
16931
17029
16932
17030
16933
17031
16934
17032
16935
17033
16936
17034
16937
17035
16938
17036
16939
17037
16940
17038
16941
17039
16942
17040
16943
17041
16944
17042
16945
17043
16946
17044
16947
17045
16948
17046
16949
17047
16950
17048
16951
17049
16952
17050
16953
17051
16954
17052
16955
17053
16956
17054
16957
17055
16958
17056
16959
17057
16960
17058
16961
17059
16962
17060
16963
17061
16964
17062
16965
17063
16966
17064
16967
17065
16968
17066
16969
17067
16970
17068
16971
17069
16972
17070
16973
17071
16974
17072
16975
17073
16976
17074
16977
17075
16978
17076
16979
17077
16980
17078
16981
17079
16982
17080
16983
17081
16984
17082
16985
17083
16986
17084
16987
17085
16988
17086
16989
17087
16990
17088
16991
17089
16992
17090
16993
17091
16994
17092
16995
17093
16996
17094
16997
17095
16998
17096
16999
17097
17000
17098
17001
17099
17002
17100
17003
17101
17004
17102
17005
17103
17006
17104
17007
17105
17008
17106
17009
17107
17010
17108
17011
17109
17012
17110
17013
17111
17014
17112
17015
17113
17016
17114
17017
17115
17018
17116
17019
17117
17020
17118
17021
17119
17022
17120
17023
17121
17024
17122
17025
17123
17026
17124
17027
17125
17126
17029
17127
17030
17128
17031
17129
17032
17130
17033
17131
17034
17132
17035
17133
17036
17134
17037
17135
17038
17136
17039
17137
17040
17138
17041
17139
17042
17140
17043
17141
17044
17142
17045
17143
17046
17144
17047
17145
17048
17146
17049
17147
17050
17148
17051
17149
17052
17150
17053
17151
17054
17152
17055
17153
17056
17154
17057
17155
17058
17156
17059
17157
17060
17158
17061
17159
17062
17160
17063
17161
17064
17162
17065
17163
17066
17164
17067
17165
17068
17166
17069
17167
17070
17168
17071
17169
17072
17170
17073
17171
17074
17172
17075
17173
17076
17174
17077
17175
17078
17176
17079
17177
17080
17178
17081
17179
17082
17180
17083
17181
17084
17182
17085
17183
17086
17184
17087
17185
17088
17186
17089
17187
17090
17188
17091
17189
17092
17190
17093
17191
17094
17192
17095
17193
17096
17194
17097
17195
17098
17196
17099
17197
17100
17198
17101
17199
17102
17200
17103
17201
17104
17202
17105
17203
17106
17204
17107
17205
17108
17206
17109
17207
17110
17208
17111
17209
17112
17210
17113
17211
17114
17212
17115
17213
17116
17214
17117
17215
17118
17216
17119
17217
17120
17218
17121
17219
17122
17220
17123
17221
17124
17222
17125
17223
17126
17224
17225
17128
17226
17129
17227
17130
17228
17131
17229
17132
17230
17133
17231
17134
17232
17135
17233
17136
17234
17137
17235
17138
17236
17139
17237
17140
17238
17141
17239
17142
17240
17143
17241
17144
17242
17145
17243
17146
17244
17147
17245
17148
17246
17149
17247
17150
17248
17151
17249
17152
17250
17153
17251
17154
17252
17155
17253
17156
17254
17157
17255
17158
17256
17159
17257
17160
17258
17161
17259
17162
17260
17163
17261
17164
17262
17165
17263
17166
17264
17167
17265
17168
17266
17169
17267
17170
17268
17171
17269
17172
17270
17173
17271
17174
17272
17175
17273
17176
17274
17177
17275
17178
17276
17179
17277
17180
17278
17181
17279
17182
17280
17183
17281
17184
17282
17185
17283
17186
17284
17187
17285
17188
17286
17189
17287
17190
17288
17191
17289
17192
17290
17193
17291
17194
17292
17195
17293
17196
17294
17197
17295
17198
17296
17199
17297
17200
17298
17201
17299
17202
17300
17203
17301
17204
17302
17205
17303
17206
17304
17207
17305
17208
17306
17209
17307
17210
17308
17211
17309
17212
17310
17213
17311
17214
17312
17215
17313
17216
17314
17217
17315
17218
17316
17219
17317
17220
17318
17221
17319
17222
17320
17223
17321
17224
17322
17225
17323
17324
17227
17325
17228
17326
17229
17327
17230
17328
17231
17329
17232
17330
17233
17331
17234
17332
17235
17333
17236
17334
17237
17335
17238
17336
17239
17337
17240
17338
17241
17339
17242
17340
17243
17341
17244
17342
17245
17343
17246
17344
17247
17345
17248
17346
17249
17347
17250
17348
17251
17349
17252
17350
17253
17351
17254
17352
17255
17353
17256
17354
17257
17355
17258
17356
17259
17357
17260
17358
17261
17359
17262
17360
17263
17361
17264
17362
17265
17363
17266
17364
17267
17365
17268
17366
17269
17367
17270
17368
17271
17369
17272
17370
17273
17371
17274
17372
17275
17373
17276
17374
17277
17375
17278
17376
17279
17377
17280
17378
17281
17379
17282
17380
17283
17381
17284
17382
17285
17383
17286
17384
17287
17385
17288
17386
17289
17387
17290
17388
17291
17389
17292
17390
17293
17391
17294
17392
17295
17393
17296
17394
17297
17395
17298
17396
17299
17397
17300
17398
17301
17399
17302
17400
17303
17401
17304
17402
17305
17403
17306
17404
17307
17405
17308
17406
17309
17407
17310
17408
17311
17409
17312
17410
17313
17411
17314
17412
17315
17413
17316
17414
17317
17415
17318
17416
17319
17417
17320
17418
17321
17419
17322
17420
17323
17421
17324
17422
17423
17326
17424
17327
17425
17328
17426
17329
17427
17330
17428
17331
17429
17332
17430
17333
17431
17334
17432
17335
17433
17336
17434
17337
17435
17338
17436
17339
17437
17340
17438
17341
17439
17342
17440
17343
17441
17344
17442
17345
17443
17346
17444
17347
17445
17348
17446
17349
17447
17350
17448
17351
17449
17352
17450
17353
17451
17354
17452
17355
17453
17356
17454
17357
17455
17358
17456
17359
17457
17360
17458
17361
17459
17362
17460
17363
17461
17364
17462
17365
17463
17366
17464
17367
17465
17368
17466
17369
17467
17370
17468
17371
17469
17372
17470
17373
17471
17374
17472
17375
17473
17376
17474
17377
17475
17378
17476
17379
17477
17380
17478
17381
17479
17382
17480
17383
17481
17384
17482
17385
17483
17386
17484
17387
17485
17388
17486
17389
17487
17390
17488
17391
17489
17392
17490
17393
17491
17394
17492
17395
17493
17396
17494
17397
17495
17398
17496
17399
17497
17400
17498
17401
17499
17402
17500
17403
17501
17404
17502
17405
17503
17406
17504
17407
17505
17408
17506
17409
17507
17410
17508
17411
17509
17412
17510
17413
17511
17414
17512
17415
17513
17416
17514
17417
17515
17418
17516
17419
17517
17420
17518
17421
17519
17422
17520
17423
17521
17522
17425
17523
17426
17524
17427
17525
17428
17526
17429
17527
17430
17528
17431
17529
17432
17530
17433
17531
17434
17532
17435
17533
17436
17534
17437
17535
17438
17536
17439
17537
17440
17538
17441
17539
17442
17540
17443
17541
17444
17542
17445
17543
17446
17544
17447
17545
17448
17546
17449
17547
17450
17548
17451
17549
17452
17550
17453
17551
17454
17552
17455
17553
17456
17554
17457
17555
17458
17556
17459
17557
17460
17558
17461
17559
17462
17560
17463
17561
17464
17562
17465
17563
17466
17564
17467
17565
17468
17566
17469
17567
17470
17568
17471
17569
17472
17570
17473
17571
17474
17572
17475
17573
17476
17574
17477
17575
17478
17576
17479
17577
17480
17578
17481
17579
17482
17580
17483
17581
17484
17582
17485
17583
17486
17584
17487
17585
17488
17586
17489
17587
17490
17588
17491
17589
17492
17590
17493
17591
17494
17592
17495
17593
17496
17594
17497
17595
17498
17596
17499
17597
17500
17598
17501
17599
17502
17600
17503
17601
17504
17602
17505
17603
17506
17604
17507
17605
17508
17606
17509
17607
17510
17608
17511
17609
17512
17610
17513
17611
17514
17612
17515
17613
17516
17614
17517
17615
17518
17616
17519
17617
17520
17618
17521
17619
17522
17620
17621
17524
17622
17525
17623
17526
17624
17527
17625
17528
17626
17529
17627
17530
17628
17531
17629
17532
17630
17533
17631
17534
17632
17535
17633
17536
17634
17537
17635
17538
17636
17539
17637
17540
17638
17541
17639
17542
17640
17543
17641
17544
17642
17545
17643
17546
17644
17547
17645
17548
17646
17549
17647
17550
17648
17551
17649
17552
17650
17553
17651
17554
17652
17555
17653
17556
17654
17557
17655
17558
17656
17559
17657
17560
17658
17561
17659
17562
17660
17563
17661
17564
17662
17565
17663
17566
17664
17567
17665
17568
17666
17569
17667
17570
17668
17571
17669
17572
17670
17573
17671
17574
17672
17575
17673
17576
17674
17577
17675
17578
17676
17579
17677
17580
17678
17581
17679
17582
17680
17583
17681
17584
17682
17585
17683
17586
17684
17587
17685
17588
17686
17589
17687
17590
17688
17591
17689
17592
17690
17593
17691
17594
17692
17595
17693
17596
17694
17597
17695
17598
17696
17599
17697
17600
17698
17601
17699
17602
17700
17603
17701
17604
17702
17605
17703
17606
17704
17607
17705
17608
17706
17609
17707
17610
17708
17611
17709
17612
17710
17613
17711
17614
17712
17615
17713
17616
17714
17617
17715
17618
17716
17619
17717
17620
17718
17621
17719
17720
17623
17721
17624
17722
17625
17723
17626
17724
17627
17725
17628
17726
17629
17727
17630
17728
17631
17729
17632
17730
17633
17731
17634
17732
17635
17733
17636
17734
17637
17735
17638
17736
17639
17737
17640
17738
17641
17739
17642
17740
17643
17741
17644
17742
17645
17743
17646
17744
17647
17745
17648
17746
17649
17747
17650
17748
17651
17749
17652
17750
17653
17751
17654
17752
17655
17753
17656
17754
17657
17755
17658
17756
17659
17757
17660
17758
17661
17759
17662
17760
17663
17761
17664
17762
17665
17763
17666
17764
17667
17765
17668
17766
17669
17767
17670
17768
17671
17769
17672
17770
17673
17771
17674
17772
17675
17773
17676
17774
17677
17775
17678
17776
17679
17777
17680
17778
17681
17779
17682
17780
17683
17781
17684
17782
17685
17783
17686
17784
17687
17785
17688
17786
17689
17787
17690
17788
17691
17789
17692
17790
17693
17791
17694
17792
17695
17793
17696
17794
17697
17795
17698
17796
17699
17797
17700
17798
17701
17799
17702
17800
17703
17801
17704
17802
17705
17803
17706
17804
17707
17805
17708
17806
17709
17807
17710
17808
17711
17809
17712
17810
17713
17811
17714
17812
17715
17813
17716
17814
17717
17815
17718
17816
17719
17817
17720
17818
17819
17722
17820
17723
17821
17724
17822
17725
17823
17726
17824
17727
17825
17728
17826
17729
17827
17730
17828
17731
17829
17732
17830
17733
17831
17734
17832
17735
17833
17736
17834
17737
17835
17738
17836
17739
17837
17740
17838
17741
17839
17742
17840
17743
17841
17744
17842
17745
17843
17746
17844
17747
17845
17748
17846
17749
17847
17750
17848
17751
17849
17752
17850
17753
17851
17754
17852
17755
17853
17756
17854
17757
17855
17758
17856
17759
17857
17760
17858
17761
17859
17762
17860
17763
17861
17764
17862
17765
17863
17766
17864
17767
17865
17768
17866
17769
17867
17770
17868
17771
17869
17772
17870
17773
17871
17774
17872
17775
17873
17776
17874
17777
17875
17778
17876
17779
17877
17780
17878
17781
17879
17782
17880
17783
17881
17784
17882
17785
17883
17786
17884
17787
17885
17788
17886
17789
17887
17790
17888
17791
17889
17792
17890
17793
17891
17794
17892
17795
17893
17796
17894
17797
17895
17798
17896
17799
17897
17800
17898
17801
17899
17802
17900
17803
17901
17804
17902
17805
17903
17806
17904
17807
17905
17808
17906
17809
17907
17810
17908
17811
17909
17812
17910
17813
17911
17814
17912
17815
17913
17816
17914
17817
17915
17818
17916
17819
17917
17918
17821
17919
17822
17920
17823
17921
17824
17922
17825
17923
17826
17924
17827
17925
17828
17926
17829
17927
17830
17928
17831
17929
17832
17930
17833
17931
17834
17932
17835
17933
17836
17934
17837
17935
17838
17936
17839
17937
17840
17938
17841
17939
17842
17940
17843
17941
17844
17942
17845
17943
17846
17944
17847
17945
17848
17946
17849
17947
17850
17948
17851
17949
17852
17950
17853
17951
17854
17952
17855
17953
17856
17954
17857
17955
17858
17956
17859
17957
17860
17958
17861
17959
17862
17960
17863
17961
17864
17962
17865
17963
17866
17964
17867
17965
17868
17966
17869
17967
17870
17968
17871
17969
17872
17970
17873
17971
17874
17972
17875
17973
17876
17974
17877
17975
17878
17976
17879
17977
17880
17978
17881
17979
17882
17980
17883
17981
17884
17982
17885
17983
17886
17984
17887
17985
17888
17986
17889
17987
17890
17988
17891
17989
17892
17990
17893
17991
17894
17992
17895
17993
17896
17994
17897
17995
17898
17996
17899
17997
17900
17998
17901
17999
17902
18000
17903
18001
17904
18002
17905
18003
17906
18004
17907
18005
17908
18006
17909
18007
17910
18008
17911
18009
17912
18010
17913
18011
17914
18012
17915
18013
17916
18014
17917
18015
17918
18016
18017
17920
18018
17921
18019
17922
18020
17923
18021
17924
18022
17925
18023
17926
18024
17927
18025
17928
18026
17929
18027
17930
18028
17931
18029
17932
18030
17933
18031
17934
18032
17935
18033
17936
18034
17937
18035
17938
18036
17939
18037
17940
18038
17941
18039
17942
18040
17943
18041
17944
18042
17945
18043
17946
18044
17947
18045
17948
18046
17949
18047
17950
18048
17951
18049
17952
18050
17953
18051
17954
18052
17955
18053
17956
18054
17957
18055
17958
18056
17959
18057
17960
18058
17961
18059
17962
18060
17963
18061
17964
18062
17965
18063
17966
18064
17967
18065
17968
18066
17969
18067
17970
18068
17971
18069
17972
18070
17973
18071
17974
18072
17975
18073
17976
18074
17977
18075
17978
18076
17979
18077
17980
18078
17981
18079
17982
18080
17983
18081
17984
18082
17985
18083
17986
18084
17987
18085
17988
18086
17989
18087
17990
18088
17991
18089
17992
18090
17993
18091
17994
18092
17995
18093
17996
18094
17997
18095
17998
18096
17999
18097
18000
18098
18001
18099
18002
18100
18003
18101
18004
18102
18005
18103
18006
18104
18007
18105
18008
18106
18009
18107
18010
18108
18011
18109
18012
18110
18013
18111
18014
18112
18015
18113
18016
18114
18017
18115
18116
18019
18117
18020
18118
18021
18119
18022
18120
18023
18121
18024
18122
18025
18123
18026
18124
18027
18125
18028
18126
18029
18127
18030
18128
18031
18129
18032
18130
18033
18131
18034
18132
18035
18133
18036
18134
18037
18135
18038
18136
18039
18137
18040
18138
18041
18139
18042
18140
18043
18141
18044
18142
18045
18143
18046
18144
18047
18145
18048
18146
18049
18147
18050
18148
18051
18149
18052
18150
18053
18151
18054
18152
18055
18153
18056
18154
18057
18155
18058
18156
18059
18157
18060
18158
18061
18159
18062
18160
18063
18161
18064
18162
18065
18163
18066
18164
18067
18165
18068
18166
18069
18167
18070
18168
18071
18169
18072
18170
18073
18171
18074
18172
18075
18173
18076
18174
18077
18175
18078
18176
18079
18177
18080
18178
18081
18179
18082
18180
18083
18181
18084
18182
18085
18183
18086
18184
18087
18185
18088
18186
18089
18187
18090
18188
18091
18189
18092
18190
18093
18191
18094
18192
18095
18193
18096
18194
18097
18195
18098
18196
18099
18197
18100
18198
18101
18199
18102
18200
18103
18201
18104
18202
18105
18203
18106
18204
18107
18205
18108
18206
18109
18207
18110
18208
18111
18209
18112
18210
18113
18211
18114
18212
18115
18213
18116
18214
18215
18118
18216
18119
18217
18120
18218
18121
18219
18122
18220
18123
18221
18124
18222
18125
18223
18126
18224
18127
18225
18128
18226
18129
18227
18130
18228
18131
18229
18132
18230
18133
18231
18134
18232
18135
18233
18136
18234
18137
18235
18138
18236
18139
18237
18140
18238
18141
18239
18142
18240
18143
18241
18144
18242
18145
18243
18146
18244
18147
18245
18148
18246
18149
18247
18150
18248
18151
18249
18152
18250
18153
18251
18154
18252
18155
18253
18156
18254
18157
18255
18158
18256
18159
18257
18160
18258
18161
18259
18162
18260
18163
18261
18164
18262
18165
18263
18166
18264
18167
18265
18168
18266
18169
18267
18170
18268
18171
18269
18172
18270
18173
18271
18174
18272
18175
18273
18176
18274
18177
18275
18178
18276
18179
18277
18180
18278
18181
18279
18182
18280
18183
18281
18184
18282
18185
18283
18186
18284
18187
18285
18188
18286
18189
18287
18190
18288
18191
18289
18192
18290
18193
18291
18194
18292
18195
18293
18196
18294
18197
18295
18198
18296
18199
18297
18200
18298
18201
18299
18202
18300
18203
18301
18204
18302
18205
18303
18206
18304
18207
18305
18208
18306
18209
18307
18210
18308
18211
18309
18212
18310
18213
18311
18214
18312
18215
18313
18314
18217
18315
18218
18316
18219
18317
18220
18318
18221
18319
18222
18320
18223
18321
18224
18322
18225
18323
18226
18324
18227
18325
18228
18326
18229
18327
18230
18328
18231
18329
18232
18330
18233
18331
18234
18332
18235
18333
18236
18334
18237
18335
18238
18336
18239
18337
18240
18338
18241
18339
18242
18340
18243
18341
18244
18342
18245
18343
18246
18344
18247
18345
18248
18346
18249
18347
18250
18348
18251
18349
18252
18350
18253
18351
18254
18352
18255
18353
18256
18354
18257
18355
18258
18356
18259
18357
18260
18358
18261
18359
18262
18360
18263
18361
18264
18362
18265
18363
18266
18364
18267
18365
18268
18366
18269
18367
18270
18368
18271
18369
18272
18370
18273
18371
18274
18372
18275
18373
18276
18374
18277
18375
18278
18376
18279
18377
18280
18378
18281
18379
18282
18380
18283
18381
18284
18382
18285
18383
18286
18384
18287
18385
18288
18386
18289
18387
18290
18388
18291
18389
18292
18390
18293
18391
18294
18392
18295
18393
18296
18394
18297
18395
18298
18396
18299
18397
18300
18398
18301
18399
18302
18400
18303
18401
18304
18402
18305
18403
18306
18404
18307
18405
18308
18406
18309
18407
18310
18408
18311
18409
18312
18410
18313
18411
18314
18412
18413
18316
18414
18317
18415
18318
18416
18319
18417
18320
18418
18321
18419
18322
18420
18323
18421
18324
18422
18325
18423
18326
18424
18327
18425
18328
18426
18329
18427
18330
18428
18331
18429
18332
18430
18333
18431
18334
18432
18335
18433
18336
18434
18337
18435
18338
18436
18339
18437
18340
18438
18341
18439
18342
18440
18343
18441
18344
18442
18345
18443
18346
18444
18347
18445
18348
18446
18349
18447
18350
18448
18351
18449
18352
18450
18353
18451
18354
18452
18355
18453
18356
18454
18357
18455
18358
18456
18359
18457
18360
18458
18361
18459
18362
18460
18363
18461
18364
18462
18365
18463
18366
18464
18367
18465
18368
18466
18369
18467
18370
18468
18371
18469
18372
18470
18373
18471
18374
18472
18375
18473
18376
18474
18377
18475
18378
18476
18379
18477
18380
18478
18381
18479
18382
18480
18383
18481
18384
18482
18385
18483
18386
18484
18387
18485
18388
18486
18389
18487
18390
18488
18391
18489
18392
18490
18393
18491
18394
18492
18395
18493
18396
18494
18397
18495
18398
18496
18399
18497
18400
18498
18401
18499
18402
18500
18403
18501
18404
18502
18405
18503
18406
18504
18407
18505
18408
18506
18409
18507
18410
18508
18411
18509
18412
18510
18413
18511
18512
18415
18513
18416
18514
18417
18515
18418
18516
18419
18517
18420
18518
18421
18519
18422
18520
18423
18521
18424
18522
18425
18523
18426
18524
18427
18525
18428
18526
18429
18527
18430
18528
18431
18529
18432
18530
18433
18531
18434
18532
18435
18533
18436
18534
18437
18535
18438
18536
18439
18537
18440
18538
18441
18539
18442
18540
18443
18541
18444
18542
18445
18543
18446
18544
18447
18545
18448
18546
18449
18547
18450
18548
18451
18549
18452
18550
18453
18551
18454
18552
18455
18553
18456
18554
18457
18555
18458
18556
18459
18557
18460
18558
18461
18559
18462
18560
18463
18561
18464
18562
18465
18563
18466
18564
18467
18565
18468
18566
18469
18567
18470
18568
18471
18569
18472
18570
18473
18571
18474
18572
18475
18573
18476
18574
18477
18575
18478
18576
18479
18577
18480
18578
18481
18579
18482
18580
18483
18581
18484
18582
18485
18583
18486
18584
18487
18585
18488
18586
18489
18587
18490
18588
18491
18589
18492
18590
18493
18591
18494
18592
18495
18593
18496
18594
18497
18595
18498
18596
18499
18597
18500
18598
18501
18599
18502
18600
18503
18601
18504
18602
18505
18603
18506
18604
18507
18605
18508
18606
18509
18607
18510
18608
18511
18609
18512
18610
18611
18514
18612
18515
18613
18516
18614
18517
18615
18518
18616
18519
18617
18520
18618
18521
18619
18522
18620
18523
18621
18524
18622
18525
18623
18526
18624
18527
18625
18528
18626
18529
18627
18530
18628
18531
18629
18532
18630
18533
18631
18534
18632
18535
18633
18536
18634
18537
18635
18538
18636
18539
18637
18540
18638
18541
18639
18542
18640
18543
18641
18544
18642
18545
18643
18546
18644
18547
18645
18548
18646
18549
18647
18550
18648
18551
18649
18552
18650
18553
18651
18554
18652
18555
18653
18556
18654
18557
18655
18558
18656
18559
18657
18560
18658
18561
18659
18562
18660
18563
18661
18564
18662
18565
18663
18566
18664
18567
18665
18568
18666
18569
18667
18570
18668
18571
18669
18572
18670
18573
18671
18574
18672
18575
18673
18576
18674
18577
18675
18578
18676
18579
18677
18580
18678
18581
18679
18582
18680
18583
18681
18584
18682
18585
18683
18586
18684
18587
18685
18588
18686
18589
18687
18590
18688
18591
18689
18592
18690
18593
18691
18594
18692
18595
18693
18596
18694
18597
18695
18598
18696
18599
18697
18600
18698
18601
18699
18602
18700
18603
18701
18604
18702
18605
18703
18606
18704
18607
18705
18608
18706
18609
18707
18610
18708
18611
18709
18710
18613
18711
18614
18712
18615
18713
18616
18714
18617
18715
18618
18716
18619
18717
18620
18718
18621
18719
18622
18720
18623
18721
18624
18722
18625
18723
18626
18724
18627
18725
18628
18726
18629
18727
18630
18728
18631
18729
18632
18730
18633
18731
18634
18732
18635
18733
18636
18734
18637
18735
18638
18736
18639
18737
18640
18738
18641
18739
18642
18740
18643
18741
18644
18742
18645
18743
18646
18744
18647
18745
18648
18746
18649
18747
18650
18748
18651
18749
18652
18750
18653
18751
18654
18752
18655
18753
18656
18754
18657
18755
18658
18756
18659
18757
18660
18758
18661
18759
18662
18760
18663
18761
18664
18762
18665
18763
18666
18764
18667
18765
18668
18766
18669
18767
18670
18768
18671
18769
18672
18770
18673
18771
18674
18772
18675
18773
18676
18774
18677
18775
18678
18776
18679
18777
18680
18778
18681
18779
18682
18780
18683
18781
18684
18782
18685
18783
18686
18784
18687
18785
18688
18786
18689
18787
18690
18788
18691
18789
18692
18790
18693
18791
18694
18792
18695
18793
18696
18794
18697
18795
18698
18796
18699
18797
18700
18798
18701
18799
18702
18800
18703
18801
18704
18802
18705
18803
18706
18804
18707
18805
18708
18806
18709
18807
18710
18808
18809
18712
18810
18713
18811
18714
18812
18715
18813
18716
18814
18717
18815
18718
18816
18719
18817
18720
18818
18721
18819
18722
18820
18723
18821
18724
18822
18725
18823
18726
18824
18727
18825
18728
18826
18729
18827
18730
18828
18731
18829
18732
18830
18733
18831
18734
18832
18735
18833
18736
18834
18737
18835
18738
18836
18739
18837
18740
18838
18741
18839
18742
18840
18743
18841
18744
18842
18745
18843
18746
18844
18747
18845
18748
18846
18749
18847
18750
18848
18751
18849
18752
18850
18753
18851
18754
18852
18755
18853
18756
18854
18757
18855
18758
18856
18759
18857
18760
18858
18761
18859
18762
18860
18763
18861
18764
18862
18765
18863
18766
18864
18767
18865
18768
18866
18769
18867
18770
18868
18771
18869
18772
18870
18773
18871
18774
18872
18775
18873
18776
18874
18777
18875
18778
18876
18779
18877
18780
18878
18781
18879
18782
18880
18783
18881
18784
18882
18785
18883
18786
18884
18787
18885
18788
18886
18789
18887
18790
18888
18791
18889
18792
18890
18793
18891
18794
18892
18795
18893
18796
18894
18797
18895
18798
18896
18799
18897
18800
18898
18801
18899
18802
18900
18803
18901
18804
18902
18805
18903
18806
18904
18807
18905
18808
18906
18809
18907
18908
18811
18909
18812
18910
18813
18911
18814
18912
18815
18913
18816
18914
18817
18915
18818
18916
18819
18917
18820
18918
18821
18919
18822
18920
18823
18921
18824
18922
18825
18923
18826
18924
18827
18925
18828
18926
18829
18927
18830
18928
18831
18929
18832
18930
18833
18931
18834
18932
18835
18933
18836
18934
18837
18935
18838
18936
18839
18937
18840
18938
18841
18939
18842
18940
18843
18941
18844
18942
18845
18943
18846
18944
18847
18945
18848
18946
18849
18947
18850
18948
18851
18949
18852
18950
18853
18951
18854
18952
18855
18953
18856
18954
18857
18955
18858
18956
18859
18957
18860
18958
18861
18959
18862
18960
18863
18961
18864
18962
18865
18963
18866
18964
18867
18965
18868
18966
18869
18967
18870
18968
18871
18969
18872
18970
18873
18971
18874
18972
18875
18973
18876
18974
18877
18975
18878
18976
18879
18977
18880
18978
18881
18979
18882
18980
18883
18981
18884
18982
18885
18983
18886
18984
18887
18985
18888
18986
18889
18987
18890
18988
18891
18989
18892
18990
18893
18991
18894
18992
18895
18993
18896
18994
18897
18995
18898
18996
18899
18997
18900
18998
18901
18999
18902
19000
18903
19001
18904
19002
18905
19003
18906
19004
18907
19005
18908
19006
19007
18910
19008
18911
19009
18912
19010
18913
19011
18914
19012
18915
19013
18916
19014
18917
19015
18918
19016
18919
19017
18920
19018
18921
19019
18922
19020
18923
19021
18924
19022
18925
19023
18926
19024
18927
19025
18928
19026
18929
19027
18930
19028
18931
19029
18932
19030
18933
19031
18934
19032
18935
19033
18936
19034
18937
19035
18938
19036
18939
19037
18940
19038
18941
19039
18942
19040
18943
19041
18944
19042
18945
19043
18946
19044
18947
19045
18948
19046
18949
19047
18950
19048
18951
19049
18952
19050
18953
19051
18954
19052
18955
19053
18956
19054
18957
19055
18958
19056
18959
19057
18960
19058
18961
19059
18962
19060
18963
19061
18964
19062
18965
19063
18966
19064
18967
19065
18968
19066
18969
19067
18970
19068
18971
19069
18972
19070
18973
19071
18974
19072
18975
19073
18976
19074
18977
19075
18978
19076
18979
19077
18980
19078
18981
19079
18982
19080
18983
19081
18984
19082
18985
19083
18986
19084
18987
19085
18988
19086
18989
19087
18990
19088
18991
19089
18992
19090
18993
19091
18994
19092
18995
19093
18996
19094
18997
19095
18998
19096
18999
19097
19000
19098
19001
19099
19002
19100
19003
19101
19004
19102
19005
19103
19006
19104
19007
19105
19106
19009
19107
19010
19108
19011
19109
19012
19110
19013
19111
19014
19112
19015
19113
19016
19114
19017
19115
19018
19116
19019
19117
19020
19118
19021
19119
19022
19120
19023
19121
19024
19122
19025
19123
19026
19124
19027
19125
19028
19126
19029
19127
19030
19128
19031
19129
19032
19130
19033
19131
19034
19132
19035
19133
19036
19134
19037
19135
19038
19136
19039
19137
19040
19138
19041
19139
19042
19140
19043
19141
19044
19142
19045
19143
19046
19144
19047
19145
19048
19146
19049
19147
19050
19148
19051
19149
19052
19150
19053
19151
19054
19152
19055
19153
19056
19154
19057
19155
19058
19156
19059
19157
19060
19158
19061
19159
19062
19160
19063
19161
19064
19162
19065
19163
19066
19164
19067
19165
19068
19166
19069
19167
19070
19168
19071
19169
19072
19170
19073
19171
19074
19172
19075
19173
19076
19174
19077
19175
19078
19176
19079
19177
19080
19178
19081
19179
19082
19180
19083
19181
19084
19182
19085
19183
19086
19184
19087
19185
19088
19186
19089
19187
19090
19188
19091
19189
19092
19190
19093
19191
19094
19192
19095
19193
19096
19194
19097
19195
19098
19196
19099
19197
19100
19198
19101
19199
19102
19200
19103
19201
19104
19202
19105
19203
19106
19204
19205
19108
19206
19109
19207
19110
19208
19111
19209
19112
19210
19113
19211
19114
19212
19115
19213
19116
19214
19117
19215
19118
19216
19119
19217
19120
19218
19121
19219
19122
19220
19123
19221
19124
19222
19125
19223
19126
19224
19127
19225
19128
19226
19129
19227
19130
19228
19131
19229
19132
19230
19133
19231
19134
19232
19135
19233
19136
19234
19137
19235
19138
19236
19139
19237
19140
19238
19141
19239
19142
19240
19143
19241
19144
19242
19145
19243
19146
19244
19147
19245
19148
19246
19149
19247
19150
19248
19151
19249
19152
19250
19153
19251
19154
19252
19155
19253
19156
19254
19157
19255
19158
19256
19159
19257
19160
19258
19161
19259
19162
19260
19163
19261
19164
19262
19165
19263
19166
19264
19167
19265
19168
19266
19169
19267
19170
19268
19171
19269
19172
19270
19173
19271
19174
19272
19175
19273
19176
19274
19177
19275
19178
19276
19179
19277
19180
19278
19181
19279
19182
19280
19183
19281
19184
19282
19185
19283
19186
19284
19187
19285
19188
19286
19189
19287
19190
19288
19191
19289
19192
19290
19193
19291
19194
19292
19195
19293
19196
19294
19197
19295
19198
19296
19199
19297
19200
19298
19201
19299
19202
19300
19203
19301
19204
19302
19205
19303
19304
19207
19305
19208
19306
19209
19307
19210
19308
19211
19309
19212
19310
19213
19311
19214
19312
19215
19313
19216
19314
19217
19315
19218
19316
19219
19317
19220
19318
19221
19319
19222
19320
19223
19321
19224
19322
19225
19323
19226
19324
19227
19325
19228
19326
19229
19327
19230
19328
19231
19329
19232
19330
19233
19331
19234
19332
19235
19333
19236
19334
19237
19335
19238
19336
19239
19337
19240
19338
19241
19339
19242
19340
19243
19341
19244
19342
19245
19343
19246
19344
19247
19345
19248
19346
19249
19347
19250
19348
19251
19349
19252
19350
19253
19351
19254
19352
19255
19353
19256
19354
19257
19355
19258
19356
19259
19357
19260
19358
19261
19359
19262
19360
19263
19361
19264
19362
19265
19363
19266
19364
19267
19365
19268
19366
19269
19367
19270
19368
19271
19369
19272
19370
19273
19371
19274
19372
19275
19373
19276
19374
19277
19375
19278
19376
19279
19377
19280
19378
19281
19379
19282
19380
19283
19381
19284
19382
19285
19383
19286
19384
19287
19385
19288
19386
19289
19387
19290
19388
19291
19389
19292
19390
19293
19391
19294
19392
19295
19393
19296
19394
19297
19395
19298
19396
19299
19397
19300
19398
19301
19399
19302
19400
19303
19401
19304
19402
19403
19306
19404
19307
19405
19308
19406
19309
19407
19310
19408
19311
19409
19312
19410
19313
19411
19314
19412
19315
19413
19316
19414
19317
19415
19318
19416
19319
19417
19320
19418
19321
19419
19322
19420
19323
19421
19324
19422
19325
19423
19326
19424
19327
19425
19328
19426
19329
19427
19330
19428
19331
19429
19332
19430
19333
19431
19334
19432
19335
19433
19336
19434
19337
19435
19338
19436
19339
19437
19340
19438
19341
19439
19342
19440
19343
19441
19344
19442
19345
19443
19346
19444
19347
19445
19348
19446
19349
19447
19350
19448
19351
19449
19352
19450
19353
19451
19354
19452
19355
19453
19356
19454
19357
19455
19358
19456
19359
19457
19360
19458
19361
19459
19362
19460
19363
19461
19364
19462
19365
19463
19366
19464
19367
19465
19368
19466
19369
19467
19370
19468
19371
19469
19372
19470
19373
19471
19374
19472
19375
19473
19376
19474
19377
19475
19378
19476
19379
19477
19380
19478
19381
19479
19382
19480
19383
19481
19384
19482
19385
19483
19386
19484
19387
19485
19388
19486
19389
19487
19390
19488
19391
19489
19392
19490
19393
19491
19394
19492
19395
19493
19396
19494
19397
19495
19398
19496
19399
19497
19400
19498
19401
19499
19402
19500
19403
19501
19502
19405
19503
19406
19504
19407
19505
19408
19506
19409
19507
19410
19508
19411
19509
19412
19510
19413
19511
19414
19512
19415
19513
19416
19514
19417
19515
19418
19516
19419
19517
19420
19518
19421
19519
19422
19520
19423
19521
19424
19522
19425
19523
19426
19524
19427
19525
19428
19526
19429
19527
19430
19528
19431
19529
19432
19530
19433
19531
19434
19532
19435
19533
19436
19534
19437
19535
19438
19536
19439
19537
19440
19538
19441
19539
19442
19540
19443
19541
19444
19542
19445
19543
19446
19544
19447
19545
19448
19546
19449
19547
19450
19548
19451
19549
19452
19550
19453
19551
19454
19552
19455
19553
19456
19554
19457
19555
19458
19556
19459
19557
19460
19558
19461
19559
19462
19560
19463
19561
19464
19562
19465
19563
19466
19564
19467
19565
19468
19566
19469
19567
19470
19568
19471
19569
19472
19570
19473
19571
19474
19572
19475
19573
19476
19574
19477
19575
19478
19576
19479
19577
19480
19578
19481
19579
19482
19580
19483
19581
19484
19582
19485
19583
19486
19584
19487
19585
19488
19586
19489
19587
19490
19588
19491
19589
19492
19590
19493
19591
19494
19592
19495
19593
19496
19594
19497
19595
19498
19596
19499
19597
19500
19598
19501
19599
19502
19600
19601
19504
19602
19505
19603
19506
19604
19507
19605
19508
19606
19509
19607
19510
19608
19511
19609
19512
19610
19513
19611
19514
19612
19515
19613
19516
19614
19517
19615
19518
19616
19519
19617
19520
19618
19521
19619
19522
19620
19523
19621
19524
19622
19525
19623
19526
19624
19527
19625
19528
19626
19529
19627
19530
19628
19531
19629
19532
19630
19533
19631
19534
19632
19535
19633
19536
19634
19537
19635
19538
19636
19539
19637
19540
19638
19541
19639
19542
19640
19543
19641
19544
19642
19545
19643
19546
19644
19547
19645
19548
19646
19549
19647
19550
19648
19551
19649
19552
19650
19553
19651
19554
19652
19555
19653
19556
19654
19557
19655
19558
19656
19559
19657
19560
19658
19561
19659
19562
19660
19563
19661
19564
19662
19565
19663
19566
19664
19567
19665
19568
19666
19569
19667
19570
19668
19571
19669
19572
19670
19573
19671
19574
19672
19575
19673
19576
19674
19577
19675
19578
19676
19579
19677
19580
19678
19581
19679
19582
19680
19583
19681
19584
19682
19585
19683
19586
19684
19587
19685
19588
19686
19589
19687
19590
19688
19591
19689
19592
19690
19593
19691
19594
19692
19595
19693
19596
19694
19597
19695
19598
19696
19599
19697
19600
19698
19601
19699
19700
19603
19701
19604
19702
19605
19703
19606
19704
19607
19705
19608
19706
19609
19707
19610
19708
19611
19709
19612
19710
19613
19711
19614
19712
19615
19713
19616
19714
19617
19715
19618
19716
19619
19717
19620
19718
19621
19719
19622
19720
19623
19721
19624
19722
19625
19723
19626
19724
19627
19725
19628
19726
19629
19727
19630
19728
19631
19729
19632
19730
19633
19731
19634
19732
19635
19733
19636
19734
19637
19735
19638
19736
19639
19737
19640
19738
19641
19739
19642
19740
19643
19741
19644
19742
19645
19743
19646
19744
19647
19745
19648
19746
19649
19747
19650
19748
19651
19749
19652
19750
19653
19751
19654
19752
19655
19753
19656
19754
19657
19755
19658
19756
19659
19757
19660
19758
19661
19759
19662
19760
19663
19761
19664
19762
19665
19763
19666
19764
19667
19765
19668
19766
19669
19767
19670
19768
19671
19769
19672
19770
19673
19771
19674
19772
19675
19773
19676
19774
19677
19775
19678
19776
19679
19777
19680
19778
19681
19779
19682
19780
19683
19781
19684
19782
19685
19783
19686
19784
19687
19785
19688
19786
19689
19787
19690
19788
19691
19789
19692
19790
19693
19791
19694
19792
19695
19793
19696
19794
19697
19795
19698
19796
19699
19797
19700
19798
19799
19702
19800
19703
19801
19704
19802
19705
19803
19706
19804
19707
19805
19708
19806
19709
19807
19710
19808
19711
19809
19712
19810
19713
19811
19714
19812
19715
19813
19716
19814
19717
19815
19718
19816
19719
19817
19720
19818
19721
19819
19722
19820
19723
19821
19724
19822
19725
19823
19726
19824
19727
19825
19728
19826
19729
19827
19730
19828
19731
19829
19732
19830
19733
19831
19734
19832
19735
19833
19736
19834
19737
19835
19738
19836
19739
19837
19740
19838
19741
19839
19742
19840
19743
19841
19744
19842
19745
19843
19746
19844
19747
19845
19748
19846
19749
19847
19750
19848
19751
19849
19752
19850
19753
19851
19754
19852
19755
19853
19756
19854
19757
19855
19758
19856
19759
19857
19760
19858
19761
19859
19762
19860
19763
19861
19764
19862
19765
19863
19766
19864
19767
19865
19768
19866
19769
19867
19770
19868
19771
19869
19772
19870
19773
19871
19774
19872
19775
19873
19776
19874
19777
19875
19778
19876
19779
19877
19780
19878
19781
19879
19782
19880
19783
19881
19784
19882
19785
19883
19786
19884
19787
19885
19788
19886
19789
19887
19790
19888
19791
19889
19792
19890
19793
19891
19794
19892
19795
19893
19796
19894
19797
19895
19798
19896
19799
19897
19898
19801
19899
19802
19900
19803
19901
19804
19902
19805
19903
19806
19904
19807
19905
19808
19906
19809
19907
19810
19908
19811
19909
19812
19910
19813
19911
19814
19912
19815
19913
19816
19914
19817
19915
19818
19916
19819
19917
19820
19918
19821
19919
19822
19920
19823
19921
19824
19922
19825
19923
19826
19924
19827
19925
19828
19926
19829
19927
19830
19928
19831
19929
19832
19930
19833
19931
19834
19932
19835
19933
19836
19934
19837
19935
19838
19936
19839
19937
19840
19938
19841
19939
19842
19940
19843
19941
19844
19942
19845
19943
19846
19944
19847
19945
19848
19946
19849
19947
19850
19948
19851
19949
19852
19950
19853
19951
19854
19952
19855
19953
19856
19954
19857
19955
19858
19956
19859
19957
19860
19958
19861
19959
19862
19960
19863
19961
19864
19962
19865
19963
19866
19964
19867
19965
19868
19966
19869
19967
19870
19968
19871
19969
19872
19970
19873
19971
19874
19972
19875
19973
19876
19974
19877
19975
19878
19976
19879
19977
19880
19978
19881
19979
19882
19980
19883
19981
19884
19982
19885
19983
19886
19984
19887
19985
19888
19986
19889
19987
19890
19988
19891
19989
19892
19990
19893
19991
19894
19992
19895
19993
19896
19994
19897
19995
19898
19996
19997
19900
19998
19901
19999
19902
20000
19903
20001
19904
20002
19905
20003
19906
20004
19907
20005
19908
20006
19909
20007
19910
20008
19911
20009
19912
20010
19913
20011
19914
20012
19915
20013
19916
20014
19917
20015
19918
20016
19919
20017
19920
20018
19921
20019
19922
20020
19923
20021
19924
20022
19925
20023
19926
20024
19927
20025
19928
20026
19929
20027
19930
20028
19931
20029
19932
20030
19933
20031
19934
20032
19935
20033
19936
20034
19937
20035
19938
20036
19939
20037
19940
20038
19941
20039
19942
20040
19943
20041
19944
20042
19945
20043
19946
20044
19947
20045
19948
20046
19949
20047
19950
20048
19951
20049
19952
20050
19953
20051
19954
20052
19955
20053
19956
20054
19957
20055
19958
20056
19959
20057
19960
20058
19961
20059
19962
20060
19963
20061
19964
20062
19965
20063
19966
20064
19967
20065
19968
20066
19969
20067
19970
20068
19971
20069
19972
20070
19973
20071
19974
20072
19975
20073
19976
20074
19977
20075
19978
20076
19979
20077
19980
20078
19981
20079
19982
20080
19983
20081
19984
20082
19985
20083
19986
20084
19987
20085
19988
20086
19989
20087
19990
20088
19991
20089
19992
20090
19993
20091
19994
20092
19995
20093
19996
20094
19997
20095
20096
19999
20097
20000
20098
20001
20099
20002
20100
20003
20101
20004
20102
20005
20103
20006
20104
20007
20105
20008
20106
20009
20107
20010
20108
20011
20109
20012
20110
20013
20111
20014
20112
20015
20113
20016
20114
20017
20115
20018
20116
20019
20117
20020
20118
20021
20119
20022
20120
20023
20121
20024
20122
20025
20123
20026
20124
20027
20125
20028
20126
20029
20127
20030
20128
20031
20129
20032
20130
20033
20131
20034
20132
20035
20133
20036
20134
20037
20135
20038
20136
20039
20137
20040
20138
20041
20139
20042
20140
20043
20141
20044
20142
20045
20143
20046
20144
20047
20145
20048
20146
20049
20147
20050
20148
20051
20149
20052
20150
20053
20151
20054
20152
20055
20153
20056
20154
20057
20155
20058
20156
20059
20157
20060
20158
20061
20159
20062
20160
20063
20161
20064
20162
20065
20163
20066
20164
20067
20165
20068
20166
20069
20167
20070
20168
20071
20169
20072
20170
20073
20171
20074
20172
20075
20173
20076
20174
20077
20175
20078
20176
20079
20177
20080
20178
20081
20179
20082
20180
20083
20181
20084
20182
20085
20183
20086
20184
20087
20185
20088
20186
20089
20187
20090
20188
20091
20189
20092
20190
20093
20191
20094
20192
20095
20193
20096
20194
20195
20098
20196
20099
20197
20100
20198
20101
20199
20102
20200
20103
20201
20104
20202
20105
20203
20106
20204
20107
20205
20108
20206
20109
20207
20110
20208
20111
20209
20112
20210
20113
20211
20114
20212
20115
20213
20116
20214
20117
20215
20118
20216
20119
20217
20120
20218
20121
20219
20122
20220
20123
20221
20124
20222
20125
20223
20126
20224
20127
20225
20128
20226
20129
20227
20130
20228
20131
20229
20132
20230
20133
20231
20134
20232
20135
20233
20136
20234
20137
20235
20138
20236
20139
20237
20140
20238
20141
20239
20142
20240
20143
20241
20144
20242
20145
20243
20146
20244
20147
20245
20148
20246
20149
20247
20150
20248
20151
20249
20152
20250
20153
20251
20154
20252
20155
20253
20156
20254
20157
20255
20158
20256
20159
20257
20160
20258
20161
20259
20162
20260
20163
20261
20164
20262
20165
20263
20166
20264
20167
20265
20168
20266
20169
20267
20170
20268
20171
20269
20172
20270
20173
20271
20174
20272
20175
20273
20176
20274
20177
20275
20178
20276
20179
20277
20180
20278
20181
20279
20182
20280
20183
20281
20184
20282
20185
20283
20186
20284
20187
20285
20188
20286
20189
20287
20190
20288
20191
20289
20192
20290
20193
20291
20194
20292
20195
20293
20294
20197
20295
20198
20296
20199
20297
20200
20298
20201
20299
20202
20300
20203
20301
20204
20302
20205
20303
20206
20304
20207
20305
20208
20306
20209
20307
20210
20308
20211
20309
20212
20310
20213
20311
20214
20312
20215
20313
20216
20314
20217
20315
20218
20316
20219
20317
20220
20318
20221
20319
20222
20320
20223
20321
20224
20322
20225
20323
20226
20324
20227
20325
20228
20326
20229
20327
20230
20328
20231
20329
20232
20330
20233
20331
20234
20332
20235
20333
20236
20334
20237
20335
20238
20336
20239
20337
20240
20338
20241
20339
20242
20340
20243
20341
20244
20342
20245
20343
20246
20344
20247
20345
20248
20346
20249
20347
20250
20348
20251
20349
20252
20350
20253
20351
20254
20352
20255
20353
20256
20354
20257
20355
20258
20356
20259
20357
20260
20358
20261
20359
20262
20360
20263
20361
20264
20362
20265
20363
20266
20364
20267
20365
20268
20366
20269
20367
20270
20368
20271
20369
20272
20370
20273
20371
20274
20372
20275
20373
20276
20374
20277
20375
20278
20376
20279
20377
20280
20378
20281
20379
20282
20380
20283
20381
20284
20382
20285
20383
20286
20384
20287
20385
20288
20386
20289
20387
20290
20388
20291
20389
20292
20390
20293
20391
20294
20392
20393
20296
20394
20297
20395
20298
20396
20299
20397
20300
20398
20301
20399
20302
20400
20303
20401
20304
20402
20305
20403
20306
20404
20307
20405
20308
20406
20309
20407
20310
20408
20311
20409
20312
20410
20313
20411
20314
20412
20315
20413
20316
20414
20317
20415
20318
20416
20319
20417
20320
20418
20321
20419
20322
20420
20323
20421
20324
20422
20325
20423
20326
20424
20327
20425
20328
20426
20329
20427
20330
20428
20331
20429
20332
20430
20333
20431
20334
20432
20335
20433
20336
20434
20337
20435
20338
20436
20339
20437
20340
20438
20341
20439
20342
20440
20343
20441
20344
20442
20345
20443
20346
20444
20347
20445
20348
20446
20349
20447
20350
20448
20351
20449
20352
20450
20353
20451
20354
20452
20355
20453
20356
20454
20357
20455
20358
20456
20359
20457
20360
20458
20361
20459
20362
20460
20363
20461
20364
20462
20365
20463
20366
20464
20367
20465
20368
20466
20369
20467
20370
20468
20371
20469
20372
20470
20373
20471
20374
20472
20375
20473
20376
20474
20377
20475
20378
20476
20379
20477
20380
20478
20381
20479
20382
20480
20383
20481
20384
20482
20385
20483
20386
20484
20387
20485
20388
20486
20389
20487
20390
20488
20391
20489
20392
20490
20393
20491
20492
20395
20493
20396
20494
20397
20495
20398
20496
20399
20497
20400
20498
20401
20499
20402
20500
20403
20501
20404
20502
20405
20503
20406
20504
20407
20505
20408
20506
20409
20507
20410
20508
20411
20509
20412
20510
20413
20511
20414
20512
20415
20513
20416
20514
20417
20515
20418
20516
20419
20517
20420
20518
20421
20519
20422
20520
20423
20521
20424
20522
20425
20523
20426
20524
20427
20525
20428
20526
20429
20527
20430
20528
20431
20529
20432
20530
20433
20531
20434
20532
20435
20533
20436
20534
20437
20535
20438
20536
20439
20537
20440
20538
20441
20539
20442
20540
20443
20541
20444
20542
20445
20543
20446
20544
20447
20545
20448
20546
20449
20547
20450
20548
20451
20549
20452
20550
20453
20551
20454
20552
20455
20553
20456
20554
20457
20555
20458
20556
20459
20557
20460
20558
20461
20559
20462
20560
20463
20561
20464
20562
20465
20563
20466
20564
20467
20565
20468
20566
20469
20567
20470
20568
20471
20569
20472
20570
20473
20571
20474
20572
20475
20573
20476
20574
20477
20575
20478
20576
20479
20577
20480
20578
20481
20579
20482
20580
20483
20581
20484
20582
20485
20583
20486
20584
20487
20585
20488
20586
20489
20587
20490
20588
20491
20589
20492
20590
20591
20494
20592
20495
20593
20496
20594
20497
20595
20498
20596
20499
20597
20500
20598
20501
20599
20502
20600
20503
20601
20504
20602
20505
20603
20506
20604
20507
20605
20508
20606
20509
20607
20510
20608
20511
20609
20512
20610
20513
20611
20514
20612
20515
20613
20516
20614
20517
20615
20518
20616
20519
20617
20520
20618
20521
20619
20522
20620
20523
20621
20524
20622
20525
20623
20526
20624
20527
20625
20528
20626
20529
20627
20530
20628
20531
20629
20532
20630
20533
20631
20534
20632
20535
20633
20536
20634
20537
20635
20538
20636
20539
20637
20540
20638
20541
20639
20542
20640
20543
20641
20544
20642
20545
20643
20546
20644
20547
20645
20548
20646
20549
20647
20550
20648
20551
20649
20552
20650
20553
20651
20554
20652
20555
20653
20556
20654
20557
20655
20558
20656
20559
20657
20560
20658
20561
20659
20562
20660
20563
20661
20564
20662
20565
20663
20566
20664
20567
20665
20568
20666
20569
20667
20570
20668
20571
20669
20572
20670
20573
20671
20574
20672
20575
20673
20576
20674
20577
20675
20578
20676
20579
20677
20580
20678
20581
20679
20582
20680
20583
20681
20584
20682
20585
20683
20586
20684
20587
20685
20588
20686
20589
20687
20590
20688
20591
20689
20690
20593
20691
20594
20692
20595
20693
20596
20694
20597
20695
20598
20696
20599
20697
20600
20698
20601
20699
20602
20700
20603
20701
20604
20702
20605
20703
20606
20704
20607
20705
20608
20706
20609
20707
20610
20708
20611
20709
20612
20710
20613
20711
20614
20712
20615
20713
20616
20714
20617
20715
20618
20716
20619
20717
20620
20718
20621
20719
20622
20720
20623
20721
20624
20722
20625
20723
20626
20724
20627
20725
20628
20726
20629
20727
20630
20728
20631
20729
20632
20730
20633
20731
20634
20732
20635
20733
20636
20734
20637
20735
20638
20736
20639
20737
20640
20738
20641
20739
20642
20740
20643
20741
20644
20742
20645
20743
20646
20744
20647
20745
20648
20746
20649
20747
20650
20748
20651
20749
20652
20750
20653
20751
20654
20752
20655
20753
20656
20754
20657
20755
20658
20756
20659
20757
20660
20758
20661
20759
20662
20760
20663
20761
20664
20762
20665
20763
20666
20764
20667
20765
20668
20766
20669
20767
20670
20768
20671
20769
20672
20770
20673
20771
20674
20772
20675
20773
20676
20774
20677
20775
20678
20776
20679
20777
20680
20778
20681
20779
20682
20780
20683
20781
20684
20782
20685
20783
20686
20784
20687
20785
20688
20786
20689
20787
20690
20788
20789
20692
20790
20693
20791
20694
20792
20695
20793
20696
20794
20697
20795
20698
20796
20699
20797
20700
20798
20701
20799
20702
20800
20703
20801
20704
20802
20705
20803
20706
20804
20707
20805
20708
20806
20709
20807
20710
20808
20711
20809
20712
20810
20713
20811
20714
20812
20715
20813
20716
20814
20717
20815
20718
20816
20719
20817
20720
20818
20721
20819
20722
20820
20723
20821
20724
20822
20725
20823
20726
20824
20727
20825
20728
20826
20729
20827
20730
20828
20731
20829
20732
20830
20733
20831
20734
20832
20735
20833
20736
20834
20737
20835
20738
20836
20739
20837
20740
20838
20741
20839
20742
20840
20743
20841
20744
20842
20745
20843
20746
20844
20747
20845
20748
20846
20749
20847
20750
20848
20751
20849
20752
20850
20753
20851
20754
20852
20755
20853
20756
20854
20757
20855
20758
20856
20759
20857
20760
20858
20761
20859
20762
20860
20763
20861
20764
20862
20765
20863
20766
20864
20767
20865
20768
20866
20769
20867
20770
20868
20771
20869
20772
20870
20773
20871
20774
20872
20775
20873
20776
20874
20777
20875
20778
20876
20779
20877
20780
20878
20781
20879
20782
20880
20783
20881
20784
20882
20785
20883
20786
20884
20787
20885
20788
20886
20789
20887
20888
20791
20889
20792
20890
20793
20891
20794
20892
20795
20893
20796
20894
20797
20895
20798
20896
20799
20897
20800
20898
20801
20899
20802
20900
20803
20901
20804
20902
20805
20903
20806
20904
20807
20905
20808
20906
20809
20907
20810
20908
20811
20909
20812
20910
20813
20911
20814
20912
20815
20913
20816
20914
20817
20915
20818
20916
20819
20917
20820
20918
20821
20919
20822
20920
20823
20921
20824
20922
20825
20923
20826
20924
20827
20925
20828
20926
20829
20927
20830
20928
20831
20929
20832
20930
20833
20931
20834
20932
20835
20933
20836
20934
20837
20935
20838
20936
20839
20937
20840
20938
20841
20939
20842
20940
20843
20941
20844
20942
20845
20943
20846
20944
20847
20945
20848
20946
20849
20947
20850
20948
20851
20949
20852
20950
20853
20951
20854
20952
20855
20953
20856
20954
20857
20955
20858
20956
20859
20957
20860
20958
20861
20959
20862
20960
20863
20961
20864
20962
20865
20963
20866
20964
20867
20965
20868
20966
20869
20967
20870
20968
20871
20969
20872
20970
20873
20971
20874
20972
20875
20973
20876
20974
20877
20975
20878
20976
20879
20977
20880
20978
20881
20979
20882
20980
20883
20981
20884
20982
20885
20983
20886
20984
20887
20985
20888
20986
20987
20890
20988
20891
20989
20892
20990
20893
20991
20894
20992
20895
20993
20896
20994
20897
20995
20898
20996
20899
20997
20900
20998
20901
20999
20902
21000
20903
21001
20904
21002
20905
21003
20906
21004
20907
21005
20908
21006
20909
21007
20910
21008
20911
21009
20912
21010
20913
21011
20914
21012
20915
21013
20916
21014
20917
21015
20918
21016
20919
21017
20920
21018
20921
21019
20922
21020
20923
21021
20924
21022
20925
21023
20926
21024
20927
21025
20928
21026
20929
21027
20930
21028
20931
21029
20932
21030
20933
21031
20934
21032
20935
21033
20936
21034
20937
21035
20938
21036
20939
21037
20940
21038
20941
21039
20942
21040
20943
21041
20944
21042
20945
21043
20946
21044
20947
21045
20948
21046
20949
21047
20950
21048
20951
21049
20952
21050
20953
21051
20954
21052
20955
21053
20956
21054
20957
21055
20958
21056
20959
21057
20960
21058
20961
21059
20962
21060
20963
21061
20964
21062
20965
21063
20966
21064
20967
21065
20968
21066
20969
21067
20970
21068
20971
21069
20972
21070
20973
21071
20974
21072
20975
21073
20976
21074
20977
21075
20978
21076
20979
21077
20980
21078
20981
21079
20982
21080
20983
21081
20984
21082
20985
21083
20986
21084
20987
21085
21086
20989
21087
20990
21088
20991
21089
20992
21090
20993
21091
20994
21092
20995
21093
20996
21094
20997
21095
20998
21096
20999
21097
21000
21098
21001
21099
21002
21100
21003
21101
21004
21102
21005
21103
21006
21104
21007
21105
21008
21106
21009
21107
21010
21108
21011
21109
21012
21110
21013
21111
21014
21112
21015
21113
21016
21114
21017
21115
21018
21116
21019
21117
21020
21118
21021
21119
21022
21120
21023
21121
21024
21122
21025
21123
21026
21124
21027
21125
21028
21126
21029
21127
21030
21128
21031
21129
21032
21130
21033
21131
21034
21132
21035
21133
21036
21134
21037
21135
21038
21136
21039
21137
21040
21138
21041
21139
21042
21140
21043
21141
21044
21142
21045
21143
21046
21144
21047
21145
21048
21146
21049
21147
21050
21148
21051
21149
21052
21150
21053
21151
21054
21152
21055
21153
21056
21154
21057
21155
21058
21156
21059
21157
21060
21158
21061
21159
21062
21160
21063
21161
21064
21162
21065
21163
21066
21164
21067
21165
21068
21166
21069
21167
21070
21168
21071
21169
21072
21170
21073
21171
21074
21172
21075
21173
21076
21174
21077
21175
21078
21176
21079
21177
21080
21178
21081
21179
21082
21180
21083
21181
21084
21182
21085
21183
21086
21184
21185
21088
21186
21089
21187
21090
21188
21091
21189
21092
21190
21093
21191
21094
21192
21095
21193
21096
21194
21097
21195
21098
21196
21099
21197
21100
21198
21101
21199
21102
21200
21103
21201
21104
21202
21105
21203
21106
21204
21107
21205
21108
21206
21109
21207
21110
21208
21111
21209
21112
21210
21113
21211
21114
21212
21115
21213
21116
21214
21117
21215
21118
21216
21119
21217
21120
21218
21121
21219
21122
21220
21123
21221
21124
21222
21125
21223
21126
21224
21127
21225
21128
21226
21129
21227
21130
21228
21131
21229
21132
21230
21133
21231
21134
21232
21135
21233
21136
21234
21137
21235
21138
21236
21139
21237
21140
21238
21141
21239
21142
21240
21143
21241
21144
21242
21145
21243
21146
21244
21147
21245
21148
21246
21149
21247
21150
21248
21151
21249
21152
21250
21153
21251
21154
21252
21155
21253
21156
21254
21157
21255
21158
21256
21159
21257
21160
21258
21161
21259
21162
21260
21163
21261
21164
21262
21165
21263
21166
21264
21167
21265
21168
21266
21169
21267
21170
21268
21171
21269
21172
21270
21173
21271
21174
21272
21175
21273
21176
21274
21177
21275
21178
21276
21179
21277
21180
21278
21181
21279
21182
21280
21183
21281
21184
21282
21185
21283
21284
21187
21285
21188
21286
21189
21287
21190
21288
21191
21289
21192
21290
21193
21291
21194
21292
21195
21293
21196
21294
21197
21295
21198
21296
21199
21297
21200
21298
21201
21299
21202
21300
21203
21301
21204
21302
21205
21303
21206
21304
21207
21305
21208
21306
21209
21307
21210
21308
21211
21309
21212
21310
21213
21311
21214
21312
21215
21313
21216
21314
21217
21315
21218
21316
21219
21317
21220
21318
21221
21319
21222
21320
21223
21321
21224
21322
21225
21323
21226
21324
21227
21325
21228
21326
21229
21327
21230
21328
21231
21329
21232
21330
21233
21331
21234
21332
21235
21333
21236
21334
21237
21335
21238
21336
21239
21337
21240
21338
21241
21339
21242
21340
21243
21341
21244
21342
21245
21343
21246
21344
21247
21345
21248
21346
21249
21347
21250
21348
21251
21349
21252
21350
21253
21351
21254
21352
21255
21353
21256
21354
21257
21355
21258
21356
21259
21357
21260
21358
21261
21359
21262
21360
21263
21361
21264
21362
21265
21363
21266
21364
21267
21365
21268
21366
21269
21367
21270
21368
21271
21369
21272
21370
21273
21371
21274
21372
21275
21373
21276
21374
21277
21375
21278
21376
21279
21377
21280
21378
21281
21379
21282
21380
21283
21381
21284
21382
21383
21286
21384
21287
21385
21288
21386
21289
21387
21290
21388
21291
21389
21292
21390
21293
21391
21294
21392
21295
21393
21296
21394
21297
21395
21298
21396
21299
21397
21300
21398
21301
21399
21302
21400
21303
21401
21304
21402
21305
21403
21306
21404
21307
21405
21308
21406
21309
21407
21310
21408
21311
21409
21312
21410
21313
21411
21314
21412
21315
21413
21316
21414
21317
21415
21318
21416
21319
21417
21320
21418
21321
21419
21322
21420
21323
21421
21324
21422
21325
21423
21326
21424
21327
21425
21328
21426
21329
21427
21330
21428
21331
21429
21332
21430
21333
21431
21334
21432
21335
21433
21336
21434
21337
21435
21338
21436
21339
21437
21340
21438
21341
21439
21342
21440
21343
21441
21344
21442
21345
21443
21346
21444
21347
21445
21348
21446
21349
21447
21350
21448
21351
21449
21352
21450
21353
21451
21354
21452
21355
21453
21356
21454
21357
21455
21358
21456
21359
21457
21360
21458
21361
21459
21362
21460
21363
21461
21364
21462
21365
21463
21366
21464
21367
21465
21368
21466
21369
21467
21370
21468
21371
21469
21372
21470
21373
21471
21374
21472
21375
21473
21376
21474
21377
21475
21378
21476
21379
21477
21380
21478
21381
21479
21382
21480
21383
21481
21482
21385
21483
21386
21484
21387
21485
21388
21486
21389
21487
21390
21488
21391
21489
21392
21490
21393
21491
21394
21492
21395
21493
21396
21494
21397
21495
21398
21496
21399
21497
21400
21498
21401
21499
21402
21500
21403
21501
21404
21502
21405
21503
21406
21504
21407
21505
21408
21506
21409
21507
21410
21508
21411
21509
21412
21510
21413
21511
21414
21512
21415
21513
21416
21514
21417
21515
21418
21516
21419
21517
21420
21518
21421
21519
21422
21520
21423
21521
21424
21522
21425
21523
21426
21524
21427
21525
21428
21526
21429
21527
21430
21528
21431
21529
21432
21530
21433
21531
21434
21532
21435
21533
21436
21534
21437
21535
21438
21536
21439
21537
21440
21538
21441
21539
21442
21540
21443
21541
21444
21542
21445
21543
21446
21544
21447
21545
21448
21546
21449
21547
21450
21548
21451
21549
21452
21550
21453
21551
21454
21552
21455
21553
21456
21554
21457
21555
21458
21556
21459
21557
21460
21558
21461
21559
21462
21560
21463
21561
21464
21562
21465
21563
21466
21564
21467
21565
21468
21566
21469
21567
21470
21568
21471
21569
21472
21570
21473
21571
21474
21572
21475
21573
21476
21574
21477
21575
21478
21576
21479
21577
21480
21578
21481
21579
21482
21580
21581
21484
21582
21485
21583
21486
21584
21487
21585
21488
21586
21489
21587
21490
21588
21491
21589
21492
21590
21493
21591
21494
21592
21495
21593
21496
21594
21497
21595
21498
21596
21499
21597
21500
21598
21501
21599
21502
21600
21503
21601
21504
21602
21505
21603
21506
21604
21507
21605
21508
21606
21509
21607
21510
21608
21511
21609
21512
21610
21513
21611
21514
21612
21515
21613
21516
21614
21517
21615
21518
21616
21519
21617
21520
21618
21521
21619
21522
21620
21523
21621
21524
21622
21525
21623
21526
21624
21527
21625
21528
21626
21529
21627
21530
21628
21531
21629
21532
21630
21533
21631
21534
21632
21535
21633
21536
21634
21537
21635
21538
21636
21539
21637
21540
21638
21541
21639
21542
21640
21543
21641
21544
21642
21545
21643
21546
21644
21547
21645
21548
21646
21549
21647
21550
21648
21551
21649
21552
21650
21553
21651
21554
21652
21555
21653
21556
21654
21557
21655
21558
21656
21559
21657
21560
21658
21561
21659
21562
21660
21563
21661
21564
21662
21565
21663
21566
21664
21567
21665
21568
21666
21569
21667
21570
21668
21571
21669
21572
21670
21573
21671
21574
21672
21575
21673
21576
21674
21577
21675
21578
21676
21579
21677
21580
21678
21581
21679
21680
21583
21681
21584
21682
21585
21683
21586
21684
21587
21685
21588
21686
21589
21687
21590
21688
21591
21689
21592
21690
21593
21691
21594
21692
21595
21693
21596
21694
21597
21695
21598
21696
21599
21697
21600
21698
21601
21699
21602
21700
21603
21701
21604
21702
21605
21703
21606
21704
21607
21705
21608
21706
21609
21707
21610
21708
21611
21709
21612
21710
21613
21711
21614
21712
21615
21713
21616
21714
21617
21715
21618
21716
21619
21717
21620
21718
21621
21719
21622
21720
21623
21721
21624
21722
21625
21723
21626
21724
21627
21725
21628
21726
21629
21727
21630
21728
21631
21729
21632
21730
21633
21731
21634
21732
21635
21733
21636
21734
21637
21735
21638
21736
21639
21737
21640
21738
21641
21739
21642
21740
21643
21741
21644
21742
21645
21743
21646
21744
21647
21745
21648
21746
21649
21747
21650
21748
21651
21749
21652
21750
21653
21751
21654
21752
21655
21753
21656
21754
21657
21755
21658
21756
21659
21757
21660
21758
21661
21759
21662
21760
21663
21761
21664
21762
21665
21763
21666
21764
21667
21765
21668
21766
21669
21767
21670
21768
21671
21769
21672
21770
21673
21771
21674
21772
21675
21773
21676
21774
21677
21775
21678
21776
21679
21777
21680
21778
21779
21682
21780
21683
21781
21684
21782
21685
21783
21686
21784
21687
21785
21688
21786
21689
21787
21690
21788
21691
21789
21692
21790
21693
21791
21694
21792
21695
21793
21696
21794
21697
21795
21698
21796
21699
21797
21700
21798
21701
21799
21702
21800
21703
21801
21704
21802
21705
21803
21706
21804
21707
21805
21708
21806
21709
21807
21710
21808
21711
21809
21712
21810
21713
21811
21714
21812
21715
21813
21716
21814
21717
21815
21718
21816
21719
21817
21720
21818
21721
21819
21722
21820
21723
21821
21724
21822
21725
21823
21726
21824
21727
21825
21728
21826
21729
21827
21730
21828
21731
21829
21732
21830
21733
21831
21734
21832
21735
21833
21736
21834
21737
21835
21738
21836
21739
21837
21740
21838
21741
21839
21742
21840
21743
21841
21744
21842
21745
21843
21746
21844
21747
21845
21748
21846
21749
21847
21750
21848
21751
21849
21752
21850
21753
21851
21754
21852
21755
21853
21756
21854
21757
21855
21758
21856
21759
21857
21760
21858
21761
21859
21762
21860
21763
21861
21764
21862
21765
21863
21766
21864
21767
21865
21768
21866
21769
21867
21770
21868
21771
21869
21772
21870
21773
21871
21774
21872
21775
21873
21776
21874
21777
21875
21778
21876
21779
21877
21878
21781
21879
21782
21880
21783
21881
21784
21882
21785
21883
21786
21884
21787
21885
21788
21886
21789
21887
21790
21888
21791
21889
21792
21890
21793
21891
21794
21892
21795
21893
21796
21894
21797
21895
21798
21896
21799
21897
21800
21898
21801
21899
21802
21900
21803
21901
21804
21902
21805
21903
21806
21904
21807
21905
21808
21906
21809
21907
21810
21908
21811
21909
21812
21910
21813
21911
21814
21912
21815
21913
21816
21914
21817
21915
21818
21916
21819
21917
21820
21918
21821
21919
21822
21920
21823
21921
21824
21922
21825
21923
21826
21924
21827
21925
21828
21926
21829
21927
21830
21928
21831
21929
21832
21930
21833
21931
21834
21932
21835
21933
21836
21934
21837
21935
21838
21936
21839
21937
21840
21938
21841
21939
21842
21940
21843
21941
21844
21942
21845
21943
21846
21944
21847
21945
21848
21946
21849
21947
21850
21948
21851
21949
21852
21950
21853
21951
21854
21952
21855
21953
21856
21954
21857
21955
21858
21956
21859
21957
21860
21958
21861
21959
21862
21960
21863
21961
21864
21962
21865
21963
21866
21964
21867
21965
21868
21966
21869
21967
21870
21968
21871
21969
21872
21970
21873
21971
21874
21972
21875
21973
21876
21974
21877
21975
21878
21976
21977
21880
21978
21881
21979
21882
21980
21883
21981
21884
21982
21885
21983
21886
21984
21887
21985
21888
21986
21889
21987
21890
21988
21891
21989
21892
21990
21893
21991
21894
21992
21895
21993
21896
21994
21897
21995
21898
21996
21899
21997
21900
21998
21901
21999
21902
22000
21903
22001
21904
22002
21905
22003
21906
22004
21907
22005
21908
22006
21909
22007
21910
22008
21911
22009
21912
22010
21913
22011
21914
22012
21915
22013
21916
22014
21917
22015
21918
22016
21919
22017
21920
22018
21921
22019
21922
22020
21923
22021
21924
22022
21925
22023
21926
22024
21927
22025
21928
22026
21929
22027
21930
22028
21931
22029
21932
22030
21933
22031
21934
22032
21935
22033
21936
22034
21937
22035
21938
22036
21939
22037
21940
22038
21941
22039
21942
22040
21943
22041
21944
22042
21945
22043
21946
22044
21947
22045
21948
22046
21949
22047
21950
22048
21951
22049
21952
22050
21953
22051
21954
22052
21955
22053
21956
22054
21957
22055
21958
22056
21959
22057
21960
22058
21961
22059
21962
22060
21963
22061
21964
22062
21965
22063
21966
22064
21967
22065
21968
22066
21969
22067
21970
22068
21971
22069
21972
22070
21973
22071
21974
22072
21975
22073
21976
22074
21977
22075
22076
21979
22077
21980
22078
21981
22079
21982
22080
21983
22081
21984
22082
21985
22083
21986
22084
21987
22085
21988
22086
21989
22087
21990
22088
21991
22089
21992
22090
21993
22091
21994
22092
21995
22093
21996
22094
21997
22095
21998
22096
21999
22097
22000
22098
22001
22099
22002
22100
22003
22101
22004
22102
22005
22103
22006
22104
22007
22105
22008
22106
22009
22107
22010
22108
22011
22109
22012
22110
22013
22111
22014
22112
22015
22113
22016
22114
22017
22115
22018
22116
22019
22117
22020
22118
22021
22119
22022
22120
22023
22121
22024
22122
22025
22123
22026
22124
22027
22125
22028
22126
22029
22127
22030
22128
22031
22129
22032
22130
22033
22131
22034
22132
22035
22133
22036
22134
22037
22135
22038
22136
22039
22137
22040
22138
22041
22139
22042
22140
22043
22141
22044
22142
22045
22143
22046
22144
22047
22145
22048
22146
22049
22147
22050
22148
22051
22149
22052
22150
22053
22151
22054
22152
22055
22153
22056
22154
22057
22155
22058
22156
22059
22157
22060
22158
22061
22159
22062
22160
22063
22161
22064
22162
22065
22163
22066
22164
22067
22165
22068
22166
22069
22167
22070
22168
22071
22169
22072
22170
22073
22171
22074
22172
22075
22173
22076
22174
22175
22078
22176
22079
22177
22080
22178
22081
22179
22082
22180
22083
22181
22084
22182
22085
22183
22086
22184
22087
22185
22088
22186
22089
22187
22090
22188
22091
22189
22092
22190
22093
22191
22094
22192
22095
22193
22096
22194
22097
22195
22098
22196
22099
22197
22100
22198
22101
22199
22102
22200
22103
22201
22104
22202
22105
22203
22106
22204
22107
22205
22108
22206
22109
22207
22110
22208
22111
22209
22112
22210
22113
22211
22114
22212
22115
22213
22116
22214
22117
22215
22118
22216
22119
22217
22120
22218
22121
22219
22122
22220
22123
22221
22124
22222
22125
22223
22126
22224
22127
22225
22128
22226
22129
22227
22130
22228
22131
22229
22132
22230
22133
22231
22134
22232
22135
22233
22136
22234
22137
22235
22138
22236
22139
22237
22140
22238
22141
22239
22142
22240
22143
22241
22144
22242
22145
22243
22146
22244
22147
22245
22148
22246
22149
22247
22150
22248
22151
22249
22152
22250
22153
22251
22154
22252
22155
22253
22156
22254
22157
22255
22158
22256
22159
22257
22160
22258
22161
22259
22162
22260
22163
22261
22164
22262
22165
22263
22166
22264
22167
22265
22168
22266
22169
22267
22170
22268
22171
22269
22172
22270
22173
22271
22174
22272
22175
22273
22274
22177
22275
22178
22276
22179
22277
22180
22278
22181
22279
22182
22280
22183
22281
22184
22282
22185
22283
22186
22284
22187
22285
22188
22286
22189
22287
22190
22288
22191
22289
22192
22290
22193
22291
22194
22292
22195
22293
22196
22294
22197
22295
22198
22296
22199
22297
22200
22298
22201
22299
22202
22300
22203
22301
22204
22302
22205
22303
22206
22304
22207
22305
22208
22306
22209
22307
22210
22308
22211
22309
22212
22310
22213
22311
22214
22312
22215
22313
22216
22314
22217
22315
22218
22316
22219
22317
22220
22318
22221
22319
22222
22320
22223
22321
22224
22322
22225
22323
22226
22324
22227
22325
22228
22326
22229
22327
22230
22328
22231
22329
22232
22330
22233
22331
22234
22332
22235
22333
22236
22334
22237
22335
22238
22336
22239
22337
22240
22338
22241
22339
22242
22340
22243
22341
22244
22342
22245
22343
22246
22344
22247
22345
22248
22346
22249
22347
22250
22348
22251
22349
22252
22350
22253
22351
22254
22352
22255
22353
22256
22354
22257
22355
22258
22356
22259
22357
22260
22358
22261
22359
22262
22360
22263
22361
22264
22362
22265
22363
22266
22364
22267
22365
22268
22366
22269
22367
22270
22368
22271
22369
22272
22370
22273
22371
22274
22372
22373
22276
22374
22277
22375
22278
22376
22279
22377
22280
22378
22281
22379
22282
22380
22283
22381
22284
22382
22285
22383
22286
22384
22287
22385
22288
22386
22289
22387
22290
22388
22291
22389
22292
22390
22293
22391
22294
22392
22295
22393
22296
22394
22297
22395
22298
22396
22299
22397
22300
22398
22301
22399
22302
22400
22303
22401
22304
22402
22305
22403
22306
22404
22307
22405
22308
22406
22309
22407
22310
22408
22311
22409
22312
22410
22313
22411
22314
22412
22315
22413
22316
22414
22317
22415
22318
22416
22319
22417
22320
22418
22321
22419
22322
22420
22323
22421
22324
22422
22325
22423
22326
22424
22327
22425
22328
22426
22329
22427
22330
22428
22331
22429
22332
22430
22333
22431
22334
22432
22335
22433
22336
22434
22337
22435
22338
22436
22339
22437
22340
22438
22341
22439
22342
22440
22343
22441
22344
22442
22345
22443
22346
22444
22347
22445
22348
22446
22349
22447
22350
22448
22351
22449
22352
22450
22353
22451
22354
22452
22355
22453
22356
22454
22357
22455
22358
22456
22359
22457
22360
22458
22361
22459
22362
22460
22363
22461
22364
22462
22365
22463
22366
22464
22367
22465
22368
22466
22369
22467
22370
22468
22371
22469
22372
22470
22373
22471
22472
22375
22473
22376
22474
22377
22475
22378
22476
22379
22477
22380
22478
22381
22479
22382
22480
22383
22481
22384
22482
22385
22483
22386
22484
22387
22485
22388
22486
22389
22487
22390
22488
22391
22489
22392
22490
22393
22491
22394
22492
22395
22493
22396
22494
22397
22495
22398
22496
22399
22497
22400
22498
22401
22499
22402
22500
22403
22501
22404
22502
22405
22503
22406
22504
22407
22505
22408
22506
22409
22507
22410
22508
22411
22509
22412
22510
22413
22511
22414
22512
22415
22513
22416
22514
22417
22515
22418
22516
22419
22517
22420
22518
22421
22519
22422
22520
22423
22521
22424
22522
22425
22523
22426
22524
22427
22525
22428
22526
22429
22527
22430
22528
22431
22529
22432
22530
22433
22531
22434
22532
22435
22533
22436
22534
22437
22535
22438
22536
22439
22537
22440
22538
22441
22539
22442
22540
22443
22541
22444
22542
22445
22543
22446
22544
22447
22545
22448
22546
22449
22547
22450
22548
22451
22549
22452
22550
22453
22551
22454
22552
22455
22553
22456
22554
22457
22555
22458
22556
22459
22557
22460
22558
22461
22559
22462
22560
22463
22561
22464
22562
22465
22563
22466
22564
22467
22565
22468
22566
22469
22567
22470
22568
22471
22569
22472
22570
22571
22474
22572
22475
22573
22476
22574
22477
22575
22478
22576
22479
22577
22480
22578
22481
22579
22482
22580
22483
22581
22484
22582
22485
22583
22486
22584
22487
22585
22488
22586
22489
22587
22490
22588
22491
22589
22492
22590
22493
22591
22494
22592
22495
22593
22496
22594
22497
22595
22498
22596
22499
22597
22500
22598
22501
22599
22502
22600
22503
22601
22504
22602
22505
22603
22506
22604
22507
22605
22508
22606
22509
22607
22510
22608
22511
22609
22512
22610
22513
22611
22514
22612
22515
22613
22516
22614
22517
22615
22518
22616
22519
22617
22520
22618
22521
22619
22522
22620
22523
22621
22524
22622
22525
22623
22526
22624
22527
22625
22528
22626
22529
22627
22530
22628
22531
22629
22532
22630
22533
22631
22534
22632
22535
22633
22536
22634
22537
22635
22538
22636
22539
22637
22540
22638
22541
22639
22542
22640
22543
22641
22544
22642
22545
22643
22546
22644
22547
22645
22548
22646
22549
22647
22550
22648
22551
22649
22552
22650
22553
22651
22554
22652
22555
22653
22556
22654
22557
22655
22558
22656
22559
22657
22560
22658
22561
22659
22562
22660
22563
22661
22564
22662
22565
22663
22566
22664
22567
22665
22568
22666
22569
22667
22570
22668
22571
22669
22670
22573
22671
22574
22672
22575
22673
22576
22674
22577
22675
22578
22676
22579
22677
22580
22678
22581
22679
22582
22680
22583
22681
22584
22682
22585
22683
22586
22684
22587
22685
22588
22686
22589
22687
22590
22688
22591
22689
22592
22690
22593
22691
22594
22692
22595
22693
22596
22694
22597
22695
22598
22696
22599
22697
22600
22698
22601
22699
22602
22700
22603
22701
22604
22702
22605
22703
22606
22704
22607
22705
22608
22706
22609
22707
22610
22708
22611
22709
22612
22710
22613
22711
22614
22712
22615
22713
22616
22714
22617
22715
22618
22716
22619
22717
22620
22718
22621
22719
22622
22720
22623
22721
22624
22722
22625
22723
22626
22724
22627
22725
22628
22726
22629
22727
22630
22728
22631
22729
22632
22730
22633
22731
22634
22732
22635
22733
22636
22734
22637
22735
22638
22736
22639
22737
22640
22738
22641
22739
22642
22740
22643
22741
22644
22742
22645
22743
22646
22744
22647
22745
22648
22746
22649
22747
22650
22748
22651
22749
22652
22750
22653
22751
22654
22752
22655
22753
22656
22754
22657
22755
22658
22756
22659
22757
22660
22758
22661
22759
22662
22760
22663
22761
22664
22762
22665
22763
22666
22764
22667
22765
22668
22766
22669
22767
22670
22768
22769
22672
22770
22673
22771
22674
22772
22675
22773
22676
22774
22677
22775
22678
22776
22679
22777
22680
22778
22681
22779
22682
22780
22683
22781
22684
22782
22685
22783
22686
22784
22687
22785
22688
22786
22689
22787
22690
22788
22691
22789
22692
22790
22693
22791
22694
22792
22695
22793
22696
22794
22697
22795
22698
22796
22699
22797
22700
22798
22701
22799
22702
22800
22703
22801
22704
22802
22705
22803
22706
22804
22707
22805
22708
22806
22709
22807
22710
22808
22711
22809
22712
22810
22713
22811
22714
22812
22715
22813
22716
22814
22717
22815
22718
22816
22719
22817
22720
22818
22721
22819
22722
22820
22723
22821
22724
22822
22725
22823
22726
22824
22727
22825
22728
22826
22729
22827
22730
22828
22731
22829
22732
22830
22733
22831
22734
22832
22735
22833
22736
22834
22737
22835
22738
22836
22739
22837
22740
22838
22741
22839
22742
22840
22743
22841
22744
22842
22745
22843
22746
22844
22747
22845
22748
22846
22749
22847
22750
22848
22751
22849
22752
22850
22753
22851
22754
22852
22755
22853
22756
22854
22757
22855
22758
22856
22759
22857
22760
22858
22761
22859
22762
22860
22763
22861
22764
22862
22765
22863
22766
22864
22767
22865
22768
22866
22769
22867
22868
22771
22869
22772
22870
22773
22871
22774
22872
22775
22873
22776
22874
22777
22875
22778
22876
22779
22877
22780
22878
22781
22879
22782
22880
22783
22881
22784
22882
22785
22883
22786
22884
22787
22885
22788
22886
22789
22887
22790
22888
22791
22889
22792
22890
22793
22891
22794
22892
22795
22893
22796
22894
22797
22895
22798
22896
22799
22897
22800
22898
22801
22899
22802
22900
22803
22901
22804
22902
22805
22903
22806
22904
22807
22905
22808
22906
22809
22907
22810
22908
22811
22909
22812
22910
22813
22911
22814
22912
22815
22913
22816
22914
22817
22915
22818
22916
22819
22917
22820
22918
22821
22919
22822
22920
22823
22921
22824
22922
22825
22923
22826
22924
22827
22925
22828
22926
22829
22927
22830
22928
22831
22929
22832
22930
22833
22931
22834
22932
22835
22933
22836
22934
22837
22935
22838
22936
22839
22937
22840
22938
22841
22939
22842
22940
22843
22941
22844
22942
22845
22943
22846
22944
22847
22945
22848
22946
22849
22947
22850
22948
22851
22949
22852
22950
22853
22951
22854
22952
22855
22953
22856
22954
22857
22955
22858
22956
22859
22957
22860
22958
22861
22959
22862
22960
22863
22961
22864
22962
22865
22963
22866
22964
22867
22965
22868
22966
22967
22870
22968
22871
22969
22872
22970
22873
22971
22874
22972
22875
22973
22876
22974
22877
22975
22878
22976
22879
22977
22880
22978
22881
22979
22882
22980
22883
22981
22884
22982
22885
22983
22886
22984
22887
22985
22888
22986
22889
22987
22890
22988
22891
22989
22892
22990
22893
22991
22894
22992
22895
22993
22896
22994
22897
22995
22898
22996
22899
22997
22900
22998
22901
22999
22902
23000
22903
23001
22904
23002
22905
23003
22906
23004
22907
23005
22908
23006
22909
23007
22910
23008
22911
23009
22912
23010
22913
23011
22914
23012
22915
23013
22916
23014
22917
23015
22918
23016
22919
23017
22920
23018
22921
23019
22922
23020
22923
23021
22924
23022
22925
23023
22926
23024
22927
23025
22928
23026
22929
23027
22930
23028
22931
23029
22932
23030
22933
23031
22934
23032
22935
23033
22936
23034
22937
23035
22938
23036
22939
23037
22940
23038
22941
23039
22942
23040
22943
23041
22944
23042
22945
23043
22946
23044
22947
23045
22948
23046
22949
23047
22950
23048
22951
23049
22952
23050
22953
23051
22954
23052
22955
23053
22956
23054
22957
23055
22958
23056
22959
23057
22960
23058
22961
23059
22962
23060
22963
23061
22964
23062
22965
23063
22966
23064
22967
23065
23066
22969
23067
22970
23068
22971
23069
22972
23070
22973
23071
22974
23072
22975
23073
22976
23074
22977
23075
22978
23076
22979
23077
22980
23078
22981
23079
22982
23080
22983
23081
22984
23082
22985
23083
22986
23084
22987
23085
22988
23086
22989
23087
22990
23088
22991
23089
22992
23090
22993
23091
22994
23092
22995
23093
22996
23094
22997
23095
22998
23096
22999
23097
23000
23098
23001
23099
23002
23100
23003
23101
23004
23102
23005
23103
23006
23104
23007
23105
23008
23106
23009
23107
23010
23108
23011
23109
23012
23110
23013
23111
23014
23112
23015
23113
23016
23114
23017
23115
23018
23116
23019
23117
23020
23118
23021
23119
23022
23120
23023
23121
23024
23122
23025
23123
23026
23124
23027
23125
23028
23126
23029
23127
23030
23128
23031
23129
23032
23130
23033
23131
23034
23132
23035
23133
23036
23134
23037
23135
23038
23136
23039
23137
23040
23138
23041
23139
23042
23140
23043
23141
23044
23142
23045
23143
23046
23144
23047
23145
23048
23146
23049
23147
23050
23148
23051
23149
23052
23150
23053
23151
23054
23152
23055
23153
23056
23154
23057
23155
23058
23156
23059
23157
23060
23158
23061
23159
23062
23160
23063
23161
23064
23162
23065
23163
23066
23164
23165
23068
23166
23069
23167
23070
23168
23071
23169
23072
23170
23073
23171
23074
23172
23075
23173
23076
23174
23077
23175
23078
23176
23079
23177
23080
23178
23081
23179
23082
23180
23083
23181
23084
23182
23085
23183
23086
23184
23087
23185
23088
23186
23089
23187
23090
23188
23091
23189
23092
23190
23093
23191
23094
23192
23095
23193
23096
23194
23097
23195
23098
23196
23099
23197
23100
23198
23101
23199
23102
23200
23103
23201
23104
23202
23105
23203
23106
23204
23107
23205
23108
23206
23109
23207
23110
23208
23111
23209
23112
23210
23113
23211
23114
23212
23115
23213
23116
23214
23117
23215
23118
23216
23119
23217
23120
23218
23121
23219
23122
23220
23123
23221
23124
23222
23125
23223
23126
23224
23127
23225
23128
23226
23129
23227
23130
23228
23131
23229
23132
23230
23133
23231
23134
23232
23135
23233
23136
23234
23137
23235
23138
23236
23139
23237
23140
23238
23141
23239
23142
23240
23143
23241
23144
23242
23145
23243
23146
23244
23147
23245
23148
23246
23149
23247
23150
23248
23151
23249
23152
23250
23153
23251
23154
23252
23155
23253
23156
23254
23157
23255
23158
23256
23159
23257
23160
23258
23161
23259
23162
23260
23163
23261
23164
23262
23165
23263
23264
23167
23265
23168
23266
23169
23267
23170
23268
23171
23269
23172
23270
23173
23271
23174
23272
23175
23273
23176
23274
23177
23275
23178
23276
23179
23277
23180
23278
23181
23279
23182
23280
23183
23281
23184
23282
23185
23283
23186
23284
23187
23285
23188
23286
23189
23287
23190
23288
23191
23289
23192
23290
23193
23291
23194
23292
23195
23293
23196
23294
23197
23295
23198
23296
23199
23297
23200
23298
23201
23299
23202
23300
23203
23301
23204
23302
23205
23303
23206
23304
23207
23305
23208
23306
23209
23307
23210
23308
23211
23309
23212
23310
23213
23311
23214
23312
23215
23313
23216
23314
23217
23315
23218
23316
23219
23317
23220
23318
23221
23319
23222
23320
23223
23321
23224
23322
23225
23323
23226
23324
23227
23325
23228
23326
23229
23327
23230
23328
23231
23329
23232
23330
23233
23331
23234
23332
23235
23333
23236
23334
23237
23335
23238
23336
23239
23337
23240
23338
23241
23339
23242
23340
23243
23341
23244
23342
23245
23343
23246
23344
23247
23345
23248
23346
23249
23347
23250
23348
23251
23349
23252
23350
23253
23351
23254
23352
23255
23353
23256
23354
23257
23355
23258
23356
23259
23357
23260
23358
23261
23359
23262
23360
23263
23361
23264
23362
23363
23266
23364
23267
23365
23268
23366
23269
23367
23270
23368
23271
23369
23272
23370
23273
23371
23274
23372
23275
23373
23276
23374
23277
23375
23278
23376
23279
23377
23280
23378
23281
23379
23282
23380
23283
23381
23284
23382
23285
23383
23286
23384
23287
23385
23288
23386
23289
23387
23290
23388
23291
23389
23292
23390
23293
23391
23294
23392
23295
23393
23296
23394
23297
23395
23298
23396
23299
23397
23300
23398
23301
23399
23302
23400
23303
23401
23304
23402
23305
23403
23306
23404
23307
23405
23308
23406
23309
23407
23310
23408
23311
23409
23312
23410
23313
23411
23314
23412
23315
23413
23316
23414
23317
23415
23318
23416
23319
23417
23320
23418
23321
23419
23322
23420
23323
23421
23324
23422
23325
23423
23326
23424
23327
23425
23328
23426
23329
23427
23330
23428
23331
23429
23332
23430
23333
23431
23334
23432
23335
23433
23336
23434
23337
23435
23338
23436
23339
23437
23340
23438
23341
23439
23342
23440
23343
23441
23344
23442
23345
23443
23346
23444
23347
23445
23348
23446
23349
23447
23350
23448
23351
23449
23352
23450
23353
23451
23354
23452
23355
23453
23356
23454
23357
23455
23358
23456
23359
23457
23360
23458
23361
23459
23362
23460
23363
23461
23462
23365
23463
23366
23464
23367
23465
23368
23466
23369
23467
23370
23468
23371
23469
23372
23470
23373
23471
23374
23472
23375
23473
23376
23474
23377
23475
23378
23476
23379
23477
23380
23478
23381
23479
23382
23480
23383
23481
23384
23482
23385
23483
23386
23484
23387
23485
23388
23486
23389
23487
23390
23488
23391
23489
23392
23490
23393
23491
23394
23492
23395
23493
23396
23494
23397
23495
23398
23496
23399
23497
23400
23498
23401
23499
23402
23500
23403
23501
23404
23502
23405
23503
23406
23504
23407
23505
23408
23506
23409
23507
23410
23508
23411
23509
23412
23510
23413
23511
23414
23512
23415
23513
23416
23514
23417
23515
23418
23516
23419
23517
23420
23518
23421
23519
23422
23520
23423
23521
23424
23522
23425
23523
23426
23524
23427
23525
23428
23526
23429
23527
23430
23528
23431
23529
23432
23530
23433
23531
23434
23532
23435
23533
23436
23534
23437
23535
23438
23536
23439
23537
23440
23538
23441
23539
23442
23540
23443
23541
23444
23542
23445
23543
23446
23544
23447
23545
23448
23546
23449
23547
23450
23548
23451
23549
23452
23550
23453
23551
23454
23552
23455
23553
23456
23554
23457
23555
23458
23556
23459
23557
23460
23558
23461
23559
23462
23560
23561
23464
23562
23465
23563
23466
23564
23467
23565
23468
23566
23469
23567
23470
23568
23471
23569
23472
23570
23473
23571
23474
23572
23475
23573
23476
23574
23477
23575
23478
23576
23479
23577
23480
23578
23481
23579
23482
23580
23483
23581
23484
23582
23485
23583
23486
23584
23487
23585
23488
23586
23489
23587
23490
23588
23491
23589
23492
23590
23493
23591
23494
23592
23495
23593
23496
23594
23497
23595
23498
23596
23499
23597
23500
23598
23501
23599
23502
23600
23503
23601
23504
23602
23505
23603
23506
23604
23507
23605
23508
23606
23509
23607
23510
23608
23511
23609
23512
23610
23513
23611
23514
23612
23515
23613
23516
23614
23517
23615
23518
23616
23519
23617
23520
23618
23521
23619
23522
23620
23523
23621
23524
23622
23525
23623
23526
23624
23527
23625
23528
23626
23529
23627
23530
23628
23531
23629
23532
23630
23533
23631
23534
23632
23535
23633
23536
23634
23537
23635
23538
23636
23539
23637
23540
23638
23541
23639
23542
23640
23543
23641
23544
23642
23545
23643
23546
23644
23547
23645
23548
23646
23549
23647
23550
23648
23551
23649
23552
23650
23553
23651
23554
23652
23555
23653
23556
23654
23557
23655
23558
23656
23559
23657
23560
23658
23561
23659
23660
23563
23661
23564
23662
23565
23663
23566
23664
23567
23665
23568
23666
23569
23667
23570
23668
23571
23669
23572
23670
23573
23671
23574
23672
23575
23673
23576
23674
23577
23675
23578
23676
23579
23677
23580
23678
23581
23679
23582
23680
23583
23681
23584
23682
23585
23683
23586
23684
23587
23685
23588
23686
23589
23687
23590
23688
23591
23689
23592
23690
23593
23691
23594
23692
23595
23693
23596
23694
23597
23695
23598
23696
23599
23697
23600
23698
23601
23699
23602
23700
23603
23701
23604
23702
23605
23703
23606
23704
23607
23705
23608
23706
23609
23707
23610
23708
23611
23709
23612
23710
23613
23711
23614
23712
23615
23713
23616
23714
23617
23715
23618
23716
23619
23717
23620
23718
23621
23719
23622
23720
23623
23721
23624
23722
23625
23723
23626
23724
23627
23725
23628
23726
23629
23727
23630
23728
23631
23729
23632
23730
23633
23731
23634
23732
23635
23733
23636
23734
23637
23735
23638
23736
23639
23737
23640
23738
23641
23739
23642
23740
23643
23741
23644
23742
23645
23743
23646
23744
23647
23745
23648
23746
23649
23747
23650
23748
23651
23749
23652
23750
23653
23751
23654
23752
23655
23753
23656
23754
23657
23755
23658
23756
23659
23757
23660
23758
23759
23662
23760
23663
23761
23664
23762
23665
23763
23666
23764
23667
23765
23668
23766
23669
23767
23670
23768
23671
23769
23672
23770
23673
23771
23674
23772
23675
23773
23676
23774
23677
23775
23678
23776
23679
23777
23680
23778
23681
23779
23682
23780
23683
23781
23684
23782
23685
23783
23686
23784
23687
23785
23688
23786
23689
23787
23690
23788
23691
23789
23692
23790
23693
23791
23694
23792
23695
23793
23696
23794
23697
23795
23698
23796
23699
23797
23700
23798
23701
23799
23702
23800
23703
23801
23704
23802
23705
23803
23706
23804
23707
23805
23708
23806
23709
23807
23710
23808
23711
23809
23712
23810
23713
23811
23714
23812
23715
23813
23716
23814
23717
23815
23718
23816
23719
23817
23720
23818
23721
23819
23722
23820
23723
23821
23724
23822
23725
23823
23726
23824
23727
23825
23728
23826
23729
23827
23730
23828
23731
23829
23732
23830
23733
23831
23734
23832
23735
23833
23736
23834
23737
23835
23738
23836
23739
23837
23740
23838
23741
23839
23742
23840
23743
23841
23744
23842
23745
23843
23746
23844
23747
23845
23748
23846
23749
23847
23750
23848
23751
23849
23752
23850
23753
23851
23754
23852
23755
23853
23756
23854
23757
23855
23758
23856
23759
23857
23858
23761
23859
23762
23860
23763
23861
23764
23862
23765
23863
23766
23864
23767
23865
23768
23866
23769
23867
23770
23868
23771
23869
23772
23870
23773
23871
23774
23872
23775
23873
23776
23874
23777
23875
23778
23876
23779
23877
23780
23878
23781
23879
23782
23880
23783
23881
23784
23882
23785
23883
23786
23884
23787
23885
23788
23886
23789
23887
23790
23888
23791
23889
23792
23890
23793
23891
23794
23892
23795
23893
23796
23894
23797
23895
23798
23896
23799
23897
23800
23898
23801
23899
23802
23900
23803
23901
23804
23902
23805
23903
23806
23904
23807
23905
23808
23906
23809
23907
23810
23908
23811
23909
23812
23910
23813
23911
23814
23912
23815
23913
23816
23914
23817
23915
23818
23916
23819
23917
23820
23918
23821
23919
23822
23920
23823
23921
23824
23922
23825
23923
23826
23924
23827
23925
23828
23926
23829
23927
23830
23928
23831
23929
23832
23930
23833
23931
23834
23932
23835
23933
23836
23934
23837
23935
23838
23936
23839
23937
23840
23938
23841
23939
23842
23940
23843
23941
23844
23942
23845
23943
23846
23944
23847
23945
23848
23946
23849
23947
23850
23948
23851
23949
23852
23950
23853
23951
23854
23952
23855
23953
23856
23954
23857
23955
23858
23956
23957
23860
23958
23861
23959
23862
23960
23863
23961
23864
23962
23865
23963
23866
23964
23867
23965
23868
23966
23869
23967
23870
23968
23871
23969
23872
23970
23873
23971
23874
23972
23875
23973
23876
23974
23877
23975
23878
23976
23879
23977
23880
23978
23881
23979
23882
23980
23883
23981
23884
23982
23885
23983
23886
23984
23887
23985
23888
23986
23889
23987
23890
23988
23891
23989
23892
23990
23893
23991
23894
23992
23895
23993
23896
23994
23897
23995
23898
23996
23899
23997
23900
23998
23901
23999
23902
24000
23903
24001
23904
24002
23905
24003
23906
24004
23907
24005
23908
24006
23909
24007
23910
24008
23911
24009
23912
24010
23913
24011
23914
24012
23915
24013
23916
24014
23917
24015
23918
24016
23919
24017
23920
24018
23921
24019
23922
24020
23923
24021
23924
24022
23925
24023
23926
24024
23927
24025
23928
24026
23929
24027
23930
24028
23931
24029
23932
24030
23933
24031
23934
24032
23935
24033
23936
24034
23937
24035
23938
24036
23939
24037
23940
24038
23941
24039
23942
24040
23943
24041
23944
24042
23945
24043
23946
24044
23947
24045
23948
24046
23949
24047
23950
24048
23951
24049
23952
24050
23953
24051
23954
24052
23955
24053
23956
24054
23957
24055
24056
23959
24057
23960
24058
23961
24059
23962
24060
23963
24061
23964
24062
23965
24063
23966
24064
23967
24065
23968
24066
23969
24067
23970
24068
23971
24069
23972
24070
23973
24071
23974
24072
23975
24073
23976
24074
23977
24075
23978
24076
23979
24077
23980
24078
23981
24079
23982
24080
23983
24081
23984
24082
23985
24083
23986
24084
23987
24085
23988
24086
23989
24087
23990
24088
23991
24089
23992
24090
23993
24091
23994
24092
23995
24093
23996
24094
23997
24095
23998
24096
23999
24097
24000
24098
24001
24099
24002
24100
24003
24101
24004
24102
24005
24103
24006
24104
24007
24105
24008
24106
24009
24107
24010
24108
24011
24109
24012
24110
24013
24111
24014
24112
24015
24113
24016
24114
24017
24115
24018
24116
24019
24117
24020
24118
24021
24119
24022
24120
24023
24121
24024
24122
24025
24123
24026
24124
24027
24125
24028
24126
24029
24127
24030
24128
24031
24129
24032
24130
24033
24131
24034
24132
24035
24133
24036
24134
24037
24135
24038
24136
24039
24137
24040
24138
24041
24139
24042
24140
24043
24141
24044
24142
24045
24143
24046
24144
24047
24145
24048
24146
24049
24147
24050
24148
24051
24149
24052
24150
24053
24151
24054
24152
24055
24153
24056
24154
24155
24058
24156
24059
24157
24060
24158
24061
24159
24062
24160
24063
24161
24064
24162
24065
24163
24066
24164
24067
24165
24068
24166
24069
24167
24070
24168
24071
24169
24072
24170
24073
24171
24074
24172
24075
24173
24076
24174
24077
24175
24078
24176
24079
24177
24080
24178
24081
24179
24082
24180
24083
24181
24084
24182
24085
24183
24086
24184
24087
24185
24088
24186
24089
24187
24090
24188
24091
24189
24092
24190
24093
24191
24094
24192
24095
24193
24096
24194
24097
24195
24098
24196
24099
24197
24100
24198
24101
24199
24102
24200
24103
24201
24104
24202
24105
24203
24106
24204
24107
24205
24108
24206
24109
24207
24110
24208
24111
24209
24112
24210
24113
24211
24114
24212
24115
24213
24116
24214
24117
24215
24118
24216
24119
24217
24120
24218
24121
24219
24122
24220
24123
24221
24124
24222
24125
24223
24126
24224
24127
24225
24128
24226
24129
24227
24130
24228
24131
24229
24132
24230
24133
24231
24134
24232
24135
24233
24136
24234
24137
24235
24138
24236
24139
24237
24140
24238
24141
24239
24142
24240
24143
24241
24144
24242
24145
24243
24146
24244
24147
24245
24148
24246
24149
24247
24150
24248
24151
24249
24152
24250
24153
24251
24154
24252
24155
24253
24254
24157
24255
24158
24256
24159
24257
24160
24258
24161
24259
24162
24260
24163
24261
24164
24262
24165
24263
24166
24264
24167
24265
24168
24266
24169
24267
24170
24268
24171
24269
24172
24270
24173
24271
24174
24272
24175
24273
24176
24274
24177
24275
24178
24276
24179
24277
24180
24278
24181
24279
24182
24280
24183
24281
24184
24282
24185
24283
24186
24284
24187
24285
24188
24286
24189
24287
24190
24288
24191
24289
24192
24290
24193
24291
24194
24292
24195
24293
24196
24294
24197
24295
24198
24296
24199
24297
24200
24298
24201
24299
24202
24300
24203
24301
24204
24302
24205
24303
24206
24304
24207
24305
24208
24306
24209
24307
24210
24308
24211
24309
24212
24310
24213
24311
24214
24312
24215
24313
24216
24314
24217
24315
24218
24316
24219
24317
24220
24318
24221
24319
24222
24320
24223
24321
24224
24322
24225
24323
24226
24324
24227
24325
24228
24326
24229
24327
24230
24328
24231
24329
24232
24330
24233
24331
24234
24332
24235
24333
24236
24334
24237
24335
24238
24336
24239
24337
24240
24338
24241
24339
24242
24340
24243
24341
24244
24342
24245
24343
24246
24344
24247
24345
24248
24346
24249
24347
24250
24348
24251
24349
24252
24350
24253
24351
24254
24352
24353
24256
24354
24257
24355
24258
24356
24259
24357
24260
24358
24261
24359
24262
24360
24263
24361
24264
24362
24265
24363
24266
24364
24267
24365
24268
24366
24269
24367
24270
24368
24271
24369
24272
24370
24273
24371
24274
24372
24275
24373
24276
24374
24277
24375
24278
24376
24279
24377
24280
24378
24281
24379
24282
24380
24283
24381
24284
24382
24285
24383
24286
24384
24287
24385
24288
24386
24289
24387
24290
24388
24291
24389
24292
24390
24293
24391
24294
24392
24295
24393
24296
24394
24297
24395
24298
24396
24299
24397
24300
24398
24301
24399
24302
24400
24303
24401
24304
24402
24305
24403
24306
24404
24307
24405
24308
24406
24309
24407
24310
24408
24311
24409
24312
24410
24313
24411
24314
24412
24315
24413
24316
24414
24317
24415
24318
24416
24319
24417
24320
24418
24321
24419
24322
24420
24323
24421
24324
24422
24325
24423
24326
24424
24327
24425
24328
24426
24329
24427
24330
24428
24331
24429
24332
24430
24333
24431
24334
24432
24335
24433
24336
24434
24337
24435
24338
24436
24339
24437
24340
24438
24341
24439
24342
24440
24343
24441
24344
24442
24345
24443
24346
24444
24347
24445
24348
24446
24349
24447
24350
24448
24351
24449
24352
24450
24353
24451
24452
24355
24453
24356
24454
24357
24455
24358
24456
24359
24457
24360
24458
24361
24459
24362
24460
24363
24461
24364
24462
24365
24463
24366
24464
24367
24465
24368
24466
24369
24467
24370
24468
24371
24469
24372
24470
24373
24471
24374
24472
24375
24473
24376
24474
24377
24475
24378
24476
24379
24477
24380
24478
24381
24479
24382
24480
24383
24481
24384
24482
24385
24483
24386
24484
24387
24485
24388
24486
24389
24487
24390
24488
24391
24489
24392
24490
24393
24491
24394
24492
24395
24493
24396
24494
24397
24495
24398
24496
24399
24497
24400
24498
24401
24499
24402
24500
24403
24501
24404
24502
24405
24503
24406
24504
24407
24505
24408
24506
24409
24507
24410
24508
24411
24509
24412
24510
24413
24511
24414
24512
24415
24513
24416
24514
24417
24515
24418
24516
24419
24517
24420
24518
24421
24519
24422
24520
24423
24521
24424
24522
24425
24523
24426
24524
24427
24525
24428
24526
24429
24527
24430
24528
24431
24529
24432
24530
24433
24531
24434
24532
24435
24533
24436
24534
24437
24535
24438
24536
24439
24537
24440
24538
24441
24539
24442
24540
24443
24541
24444
24542
24445
24543
24446
24544
24447
24545
24448
24546
24449
24547
24450
24548
24451
24549
24452
24550
24551
24454
24552
24455
24553
24456
24554
24457
24555
24458
24556
24459
24557
24460
24558
24461
24559
24462
24560
24463
24561
24464
24562
24465
24563
24466
24564
24467
24565
24468
24566
24469
24567
24470
24568
24471
24569
24472
24570
24473
24571
24474
24572
24475
24573
24476
24574
24477
24575
24478
24576
24479
24577
24480
24578
24481
24579
24482
24580
24483
24581
24484
24582
24485
24583
24486
24584
24487
24585
24488
24586
24489
24587
24490
24588
24491
24589
24492
24590
24493
24591
24494
24592
24495
24593
24496
24594
24497
24595
24498
24596
24499
24597
24500
24598
24501
24599
24502
24600
24503
24601
24504
24602
24505
24603
24506
24604
24507
24605
24508
24606
24509
24607
24510
24608
24511
24609
24512
24610
24513
24611
24514
24612
24515
24613
24516
24614
24517
24615
24518
24616
24519
24617
24520
24618
24521
24619
24522
24620
24523
24621
24524
24622
24525
24623
24526
24624
24527
24625
24528
24626
24529
24627
24530
24628
24531
24629
24532
24630
24533
24631
24534
24632
24535
24633
24536
24634
24537
24635
24538
24636
24539
24637
24540
24638
24541
24639
24542
24640
24543
24641
24544
24642
24545
24643
24546
24644
24547
24645
24548
24646
24549
24647
24550
24648
24551
24649
24650
24553
24554
24555
24556
24557
24558
24559
24560
24561
24562
24563
24564
24565
24566
24567
24568
24569
24570
24571
24572
24573
24574
24575
24576
24577
24578
24579
24580
24581
24582
24583
24584
24585
24586
24587
24588
24589
24590
24591
24592
24593
24594
24595
24596
24597
24598
24599
24600
24601
24602
24603
24604
24605
24606
24607
24608
24609
24610
24611
24612
24613
24614
24615
24616
24617
24618
24619
24620
24621
24622
24623
24624
24625
24626
24627
24628
24629
24630
24631
24632
24633
24634
24635
24636
24637
24638
24639
24640
24641
24642
24643
24644
24645
24646
24647
24648
24649
24650
)


// ************************************************************************* //
